time_ms,q1,q2,q3,q4,v1,v2,v3,v4,e1,e2,e3,e4,fsr_raw,label
2003,3.1401,-0.9956,0.698,0.2961,0.0,0.0,0.0,0.0,0.0,-44.0,-54.0,-30.0,0,0
2003,3.1401,-0.9956,0.698,0.2961,0.0,0.0,0.0,0.0,0.0,-44.0,-54.0,-30.0,0,0
2004,3.1401,-0.9956,0.698,0.2961,0.0,0.0,0.0,0.0,0.0,-44.0,-54.0,-30.0,0,0
2004,3.1401,-0.9956,0.698,0.2961,0.0,0.0,0.0,0.0,0.0,-44.0,-54.0,-30.0,0,0
2004,3.1401,-0.9956,0.698,0.2961,0.0,0.0,0.0,0.0,0.0,-44.0,-54.0,-30.0,0,0
2004,3.1401,-0.9956,0.698,0.2961,0.0,0.0,0.0,0.0,0.0,-44.0,-54.0,-30.0,0,0
2004,3.1401,-0.9956,0.698,0.2961,0.0,0.0,0.0,0.0,0.0,-44.0,-54.0,-30.0,0,0
2004,3.1401,-0.9956,0.698,0.2961,0.0,0.0,0.0,0.0,0.0,-44.0,-54.0,-30.0,0,0
2004,3.1401,-0.9956,0.698,0.2961,0.0,0.0,0.0,0.0,0.0,-44.0,-54.0,-30.0,0,0
2004,3.1401,-0.9956,0.698,0.2961,0.0,0.0,0.0,0.0,0.0,-44.0,-54.0,-30.0,0,0
2004,3.1401,-0.9956,0.698,0.2961,0.0,0.0,0.0,0.0,0.0,-44.0,-54.0,-30.0,0,0
2004,3.1401,-0.9956,0.698,0.2961,0.0,0.0,0.0,0.0,0.0,-44.0,-54.0,-30.0,0,0
2004,3.1401,-0.9956,0.698,0.2961,0.0,0.0,0.0,0.0,0.0,-44.0,-54.0,-30.0,0,0
2004,3.1401,-0.9956,0.698,0.2961,0.0,0.0,0.0,0.0,0.0,-44.0,-54.0,-30.0,0,0
2004,3.1401,-0.9956,0.698,0.2961,0.0,0.0,0.0,0.0,0.0,-44.0,-54.0,-30.0,0,0
2004,3.1401,-0.9956,0.698,0.2961,0.0,0.0,0.0,0.0,0.0,-44.0,-54.0,-30.0,0,0
2004,3.1401,-0.9956,0.698,0.2961,0.0,0.0,0.0,0.0,0.0,-44.0,-54.0,-30.0,0,0
2004,3.1401,-0.9956,0.698,0.2961,0.0,0.0,0.0,0.0,0.0,-44.0,-54.0,-30.0,0,0
2004,3.1401,-0.9956,0.698,0.2961,0.0,0.0,0.0,0.0,0.0,-44.0,-54.0,-30.0,0,0
2004,3.1401,-0.9956,0.698,0.2961,0.0,0.0,0.0,0.0,0.0,-44.0,-54.0,-30.0,0,0
2005,3.1401,-0.9956,0.698,0.2961,0.0,0.0,0.0,0.0,0.0,-44.0,-54.0,-30.0,0,0
2005,3.1401,-0.9956,0.698,0.2961,0.0,0.0,0.0,0.0,0.0,-44.0,-54.0,-30.0,0,0
2005,3.1401,-0.9956,0.698,0.2961,0.0,0.0,0.0,0.0,0.0,-44.0,-54.0,-30.0,0,0
2005,3.1401,-0.9956,0.698,0.2961,0.0,0.0,0.0,0.0,0.0,-44.0,-54.0,-30.0,0,0
2005,3.1401,-0.9956,0.698,0.2961,0.0,0.0,0.0,0.0,0.0,-44.0,-54.0,-30.0,0,0
2005,3.1401,-0.9956,0.698,0.2961,0.0,0.0,0.0,0.0,0.0,-44.0,-54.0,-30.0,0,0
2005,3.1401,-0.9956,0.698,0.2961,0.0,0.0,0.0,0.0,0.0,-44.0,-54.0,-30.0,0,0
2005,3.1401,-0.9956,0.698,0.2961,0.0,0.0,0.0,0.0,0.0,-44.0,-54.0,-30.0,0,0
2005,3.1401,-0.9956,0.698,0.2961,0.0,0.0,0.0,0.0,0.0,-44.0,-54.0,-30.0,0,0
2005,3.1401,-0.9956,0.698,0.2961,0.0,0.0,0.0,0.0,0.0,-44.0,-54.0,-30.0,0,0
2005,3.1401,-0.9956,0.698,0.2961,0.0,0.0,0.0,0.0,0.0,-44.0,-54.0,-30.0,0,0
2005,3.1401,-0.9956,0.698,0.2961,0.0,0.0,0.0,0.0,0.0,-44.0,-54.0,-30.0,0,0
2005,3.1401,-0.9956,0.698,0.2961,0.0,0.0,0.0,0.0,0.0,-44.0,-54.0,-30.0,0,0
2005,3.1401,-0.9956,0.698,0.2961,0.0,0.0,0.0,0.0,0.0,-44.0,-54.0,-30.0,0,0
2005,3.1401,-0.9956,0.698,0.2961,0.0,0.0,0.0,0.0,0.0,-44.0,-54.0,-30.0,0,0
2005,3.1401,-0.9956,0.698,0.2961,0.0,0.0,0.0,0.0,0.0,-44.0,-54.0,-30.0,0,0
2005,3.1401,-0.9956,0.698,0.2961,0.0,0.0,0.0,0.0,0.0,-44.0,-54.0,-30.0,0,0
2005,3.1401,-0.9956,0.698,0.2961,0.0,0.0,0.0,0.0,0.0,-44.0,-54.0,-30.0,0,0
2005,3.1401,-0.9956,0.698,0.2961,0.0,0.0,0.0,0.0,0.0,-44.0,-54.0,-30.0,0,0
2005,3.1401,-0.9956,0.698,0.2961,0.0,0.0,0.0,0.0,0.0,-44.0,-54.0,-30.0,0,0
2005,3.1401,-0.9956,0.698,0.2961,0.0,0.0,0.0,0.0,0.0,-44.0,-54.0,-30.0,0,0
2006,3.1401,-0.9956,0.698,0.2961,0.0,0.0,0.0,0.0,0.0,-44.0,-54.0,-30.0,0,0
2006,3.1401,-0.9956,0.698,0.2961,0.0,0.0,0.0,0.0,0.0,-44.0,-54.0,-30.0,0,0
2006,3.1401,-0.9956,0.698,0.2961,0.0,0.0,0.0,0.0,0.0,-44.0,-54.0,-30.0,0,0
2006,3.1401,-0.9956,0.698,0.2961,0.0,0.0,0.0,0.0,0.0,-44.0,-54.0,-30.0,0,0
2006,3.1401,-0.9956,0.698,0.2961,0.0,0.0,0.0,0.0,0.0,-44.0,-54.0,-30.0,0,0
2006,3.1401,-0.9956,0.698,0.2961,0.0,0.0,0.0,0.0,0.0,-44.0,-54.0,-30.0,0,0
2006,3.1401,-0.9956,0.698,0.2961,0.0,0.0,0.0,0.0,0.0,-44.0,-54.0,-30.0,0,0
2006,3.1401,-0.9956,0.698,0.2961,0.0,0.0,0.0,0.0,0.0,-44.0,-54.0,-30.0,0,0
2006,3.1401,-0.9956,0.698,0.2961,0.0,0.0,0.0,0.0,0.0,-44.0,-54.0,-30.0,0,0
2006,3.1401,-0.9956,0.698,0.2961,0.0,0.0,0.0,0.0,0.0,-44.0,-54.0,-30.0,0,0
2006,3.1401,-0.9956,0.698,0.2961,0.0,0.0,0.0,0.0,0.0,-44.0,-54.0,-30.0,0,0
2006,3.1401,-0.9956,0.698,0.2961,0.0,0.0,0.0,0.0,0.0,-44.0,-54.0,-30.0,0,0
2006,3.1401,-0.9956,0.698,0.2961,0.0,0.0,0.0,0.0,0.0,-44.0,-54.0,-30.0,0,0
2006,3.1401,-0.9956,0.698,0.2961,0.0,0.0,0.0,0.0,0.0,-44.0,-54.0,-30.0,0,0
2018,3.1401,-0.9956,0.698,0.2961,0.0,0.0,0.0,0.0,0.0,-43.0,-53.0,-30.0,0,0
2026,3.1401,-0.9956,0.6964,0.2961,0.0,0.0,0.0,0.0,0.0,-43.0,-50.0,-30.0,0,0
2039,3.1401,-0.9956,0.698,0.2961,0.0,0.0,0.0,0.0,0.0,-44.0,-50.0,-30.0,0,0
2047,3.1401,-0.9956,0.698,0.2961,0.0,0.0,0.0,0.0,0.0,-43.0,-53.0,-32.0,0,0
2059,3.1401,-0.9956,0.698,0.2961,0.0,0.0,0.0,0.0,0.0,-44.0,-54.0,-30.0,0,0
2067,3.1401,-0.9956,0.698,0.2961,0.0,0.0,0.0,0.0,0.0,-43.0,-55.0,-30.0,0,0
2080,3.1401,-0.9956,0.698,0.2961,0.0,0.0,0.0,0.0,0.0,-44.0,-48.0,-30.0,0,0
2088,3.1401,-0.9956,0.698,0.2961,0.0,0.0,0.0,0.0,0.0,-44.0,-55.0,-30.0,0,0
2100,3.1401,-0.9956,0.698,0.2961,0.0,0.0,0.0,0.0,0.0,-44.0,-56.0,-30.0,0,0
2113,3.1401,-0.9956,0.698,0.2961,0.0,0.0,0.0,0.0,0.0,-44.0,-48.0,-30.0,0,0
2121,3.1401,-0.9956,0.698,0.2961,0.0,0.0,0.0,0.0,0.0,-44.0,-48.0,-30.0,0,0
2133,3.1401,-0.9956,0.698,0.2961,0.0,0.0,0.0,0.0,0.0,-43.0,-53.0,-30.0,0,0
2141,3.1401,-0.9956,0.698,0.2961,0.0,0.0,0.0,0.0,0.0,-43.0,-53.0,-30.0,0,0
2153,3.1401,-0.9956,0.698,0.2961,0.0,0.0,0.0,0.0,0.0,-43.0,-52.0,-30.0,0,0
2162,3.1401,-0.9956,0.698,0.2961,0.0,0.0,0.0,0.0,0.0,-43.0,-52.0,-30.0,0,0
2174,3.1401,-0.9956,0.698,0.2961,0.0,0.0,0.0,0.0,0.0,-43.0,-51.0,-30.0,0,0
2182,3.1401,-0.9956,0.698,0.2961,0.0,0.0,0.0,0.0,0.0,-44.0,-56.0,-30.0,0,0
2194,3.1401,-0.9956,0.6964,0.2961,0.0,0.0,0.0,0.0,0.0,-44.0,-52.0,-30.0,0,0
2203,3.1401,-0.9956,0.6964,0.2961,0.0,0.0,0.0,0.0,0.0,-44.0,-52.0,-30.0,0,0
2215,3.1401,-0.9956,0.698,0.2961,0.0,0.0,0.0,0.0,0.0,-44.0,-53.0,-30.0,0,0
2223,3.1401,-0.9956,0.698,0.2961,0.0,0.0,0.0,0.0,0.0,-44.0,-53.0,-30.0,0,0
2235,3.1401,-0.9956,0.698,0.2961,0.0,0.0,0.0,0.0,0.0,-44.0,-51.0,-30.0,0,0
2248,3.1401,-0.9956,0.698,0.2961,0.0,0.0,0.0,0.0,0.0,-44.0,-47.0,-29.0,0,0
2256,3.1401,-0.9956,0.698,0.2961,0.0,0.0,0.0,0.0,0.0,-43.0,-54.0,-30.0,0,0
2268,3.1401,-0.9956,0.698,0.2961,0.0,0.0,0.0,0.0,0.0,-43.0,-54.0,-31.0,0,0
2276,3.1401,-0.9956,0.698,0.2961,0.0,0.0,0.0,0.0,0.0,-43.0,-47.0,-30.0,0,0
2289,3.1401,-0.9956,0.698,0.2961,0.0,0.0,0.0,0.0,0.0,-43.0,-56.0,-30.0,0,0
2297,3.1401,-0.9956,0.698,0.2961,0.0,0.0,0.0,0.0,0.0,-44.0,-52.0,-30.0,0,0
2309,3.1401,-0.9956,0.698,0.2961,0.0,0.0,0.0,0.0,0.0,-43.0,-44.0,-30.0,0,0
2317,3.1401,-0.9956,0.698,0.2961,0.0,0.0,0.0,0.0,0.0,-43.0,-44.0,-30.0,0,0
2330,3.1401,-0.9956,0.698,0.2961,0.0,0.0,0.0,0.0,0.0,-44.0,-44.0,-30.0,0,0
2338,3.1401,-0.9956,0.698,0.2961,0.0,0.0,0.0,0.0,0.0,-43.0,-43.0,-35.0,0,0
2350,3.1401,-0.9956,0.698,0.2961,0.0,0.0,0.0,0.0,0.0,-43.0,-45.0,-30.0,0,0
2362,3.1401,-0.9956,0.6964,0.2961,0.0,0.0,0.0,0.0,0.0,-44.0,-45.0,-30.0,0,0
2371,3.1401,-0.9956,0.6964,0.2961,0.0,0.0,0.0,0.0,0.0,-44.0,-45.0,-30.0,0,0
2383,3.1401,-0.9956,0.698,0.2961,0.0,0.0,0.0,0.0,0.0,-44.0,-46.0,-31.0,0,0
2391,3.1401,-0.9956,0.698,0.2961,0.0,0.0,0.0,0.0,0.0,-44.0,-46.0,-31.0,0,0
2403,3.1401,-0.9956,0.698,0.2961,0.0,0.0,0.0,0.0,0.0,-43.0,-46.0,-30.0,0,0
2411,3.1401,-0.9956,0.698,0.2961,0.0,0.0,0.0,0.0,0.0,-43.0,-46.0,-30.0,0,0
2424,3.1401,-0.9956,0.698,0.2961,0.0,0.0,0.0,0.0,0.0,-44.0,-45.0,-30.0,0,0
2432,3.1401,-0.9956,0.698,0.2961,0.0,0.0,0.0,0.0,0.0,-44.0,-45.0,-30.0,0,0
2444,3.1401,-0.9956,0.698,0.2961,0.0,0.0,0.0,0.0,0.0,-44.0,-45.0,-30.0,0,0
2452,3.1401,-0.9956,0.698,0.2961,0.0,0.0,0.0,0.0,0.0,-43.0,-46.0,-30.0,0,0
2465,3.1401,-0.9956,0.698,0.2961,0.0,0.0,0.0,0.0,0.0,-43.0,-45.0,-30.0,0,0
2473,3.1401,-0.9956,0.698,0.2961,0.0,0.0,0.0,0.0,0.0,-43.0,-44.0,-30.0,0,0
2485,3.1401,-0.9956,0.698,0.2961,0.0,0.0,0.0,0.0,0.0,-43.0,-43.0,-30.0,0,0
2498,3.1401,-0.9956,0.698,0.2961,0.0,0.0,0.0,0.0,0.0,-44.0,-46.0,-30.0,0,0
2506,3.1401,-0.9956,0.698,0.2961,0.0,0.0,0.0,0.0,0.0,-44.0,-44.0,-31.0,0,0
2518,3.1401,-0.9956,0.698,0.2961,0.0,0.0,0.0,0.0,0.0,-43.0,-44.0,-30.0,0,0
2526,3.1401,-0.9956,0.698,0.2961,0.0,0.0,0.0,0.0,0.0,-44.0,-44.0,-31.0,0,0
2538,3.1385,-0.9956,0.698,0.2961,0.0,0.0,0.0,0.0,0.0,-43.0,-43.0,-31.0,0,0
2551,3.1401,-0.9956,0.698,0.2961,0.0,0.0,0.0,0.0,0.0,-44.0,-44.0,-30.0,0,0
2559,3.1401,-0.9956,0.6964,0.2961,0.0,0.0,0.0,0.0,0.0,-43.0,-45.0,-30.0,0,0
2571,3.1401,-0.9956,0.698,0.2961,0.0,0.0,0.0,0.0,0.0,-43.0,-44.0,-30.0,0,0
2579,3.1401,-0.9956,0.698,0.2961,0.0,0.0,0.0,0.0,0.0,-44.0,-45.0,-30.0,0,0
2592,3.1401,-0.9956,0.698,0.2961,0.0,0.0,0.0,0.0,0.0,-44.0,-45.0,-30.0,0,0
2600,3.1401,-0.9956,0.698,0.2961,0.0,0.0,0.0,0.0,0.0,-44.0,-45.0,-33.0,0,0
2612,3.1401,-0.9956,0.698,0.2961,0.0,0.0,0.0,0.0,0.0,-44.0,-44.0,-30.0,0,0
2620,3.1401,-0.9956,0.698,0.2961,0.0,0.0,0.0,0.0,0.0,-44.0,-44.0,-30.0,0,0
2633,3.1401,-0.9956,0.698,0.2961,0.0,0.0,0.0,0.0,0.0,-44.0,-45.0,-30.0,0,0
2645,3.1401,-0.9956,0.698,0.2961,0.0,0.0,0.0,0.0,0.0,-44.0,-45.0,-31.0,0,0
2653,3.1401,-0.9956,0.698,0.2961,0.0,0.0,0.0,0.0,0.0,-44.0,-45.0,-30.0,0,0
2665,3.1401,-0.9956,0.698,0.2961,0.0,0.0,0.0,0.0,0.0,-44.0,-44.0,-30.0,0,0
2674,3.1401,-0.9956,0.698,0.2961,0.0,0.0,0.0,0.0,0.0,-43.0,-44.0,-30.0,0,0
2686,3.1401,-0.9956,0.698,0.2961,0.0,0.0,0.0,0.0,0.0,-44.0,-45.0,-30.0,0,0
2694,3.1401,-0.9956,0.698,0.2961,0.0,0.0,0.0,0.0,0.0,-43.0,-45.0,-30.0,0,0
2706,3.1401,-0.9956,0.698,0.2961,0.0,0.0,0.0,0.0,0.0,-42.0,-44.0,-30.0,0,0
2715,3.1401,-0.9956,0.698,0.2961,0.0,0.0,0.0,0.0,0.0,-43.0,-45.0,-30.0,0,0
2727,3.1401,-0.9956,0.698,0.2961,0.0,0.0,0.0,0.0,0.0,-43.0,-43.0,-30.0,0,0
2739,3.1401,-0.9956,0.698,0.2961,0.0,0.0,0.0,0.0,0.0,-45.0,-45.0,-30.0,0,0
2747,3.1401,-0.9956,0.698,0.2961,0.0,0.0,0.0,0.0,0.0,-44.0,-44.0,-30.0,0,0
2760,3.1401,-0.9956,0.698,0.2961,0.0,0.0,0.0,0.0,0.0,-44.0,-44.0,-30.0,0,0
2768,3.1401,-0.9956,0.698,0.2961,0.0,0.0,0.0,0.0,0.0,-43.0,-45.0,-30.0,0,0
2780,3.1401,-0.9956,0.698,0.2961,0.0,0.0,0.0,0.0,0.0,-44.0,-46.0,-30.0,0,0
2788,3.1401,-0.9956,0.698,0.2961,0.0,0.0,0.0,0.0,0.0,-43.0,-45.0,-30.0,0,0
2801,3.1401,-0.9956,0.698,0.2961,0.0,0.0,0.0,0.0,0.0,-43.0,-44.0,-30.0,0,0
2809,3.1401,-0.9956,0.6964,0.2961,0.0,0.0,0.0,0.0,0.0,-43.0,-44.0,-30.0,0,0
2821,3.1401,-0.9956,0.698,0.2961,0.0,0.0,0.0,0.0,0.0,-43.0,-45.0,-30.0,0,0
2829,3.1401,-0.9956,0.698,0.2961,0.0,0.0,0.0,0.0,0.0,-44.0,-45.0,-30.0,0,0
2842,3.1401,-0.9956,0.698,0.2961,0.0,0.0,0.0,0.0,0.0,-44.0,-45.0,-30.0,0,0
2854,3.1401,-0.9956,0.698,0.2961,0.0,0.0,0.0,0.0,0.0,-43.0,-45.0,-30.0,0,0
2862,3.1401,-0.9956,0.698,0.2961,0.0,0.0,0.0,0.0,0.0,-43.0,-45.0,-30.0,0,0
2874,3.1401,-0.9956,0.698,0.2961,0.0,0.0,0.0,0.0,0.0,-44.0,-45.0,-30.0,0,0
2883,3.1401,-0.9956,0.698,0.2961,0.0,0.0,0.0,0.0,0.0,-43.0,-44.0,-30.0,0,0
2895,3.1401,-0.9956,0.698,0.2961,0.0,0.0,0.0,0.0,0.0,-44.0,-45.0,-30.0,0,0
2903,3.1401,-0.9956,0.698,0.2961,0.0,0.0,0.0,0.0,0.0,-44.0,-44.0,-30.0,0,0
2915,3.1401,-0.9956,0.698,0.2961,0.0,0.0,0.0,0.0,0.0,-44.0,-41.0,-30.0,0,0
2923,3.1401,-0.9956,0.698,0.2961,0.0,0.0,0.0,0.0,0.0,-44.0,-45.0,-30.0,0,0
2936,3.1401,-0.9956,0.698,0.2961,0.0,0.0,0.0,0.0,0.0,-43.0,-45.0,-30.0,0,0
2948,3.1401,-0.9956,0.6964,0.2961,0.0,0.0,0.0,0.0,0.0,-43.0,-45.0,-30.0,0,0
2956,3.1401,-0.9956,0.698,0.2961,0.0,0.0,0.0,0.0,0.0,-43.0,-44.0,-30.0,0,0
2969,3.1401,-0.9956,0.698,0.2961,0.0,0.0,0.0,0.0,0.0,-43.0,-45.0,-30.0,0,0
2977,3.1401,-0.9956,0.698,0.2961,0.0,0.0,0.0,0.0,0.0,-43.0,-43.0,-30.0,0,0
2989,3.1401,-0.9956,0.698,0.2961,0.0,0.0,0.0,0.0,0.0,-44.0,-44.0,-30.0,0,0
2997,3.1401,-0.9956,0.698,0.2961,0.0,0.0,0.0,0.0,0.0,-44.0,-42.0,-30.0,0,0
3010,3.1401,-0.9956,0.698,0.2961,0.0,0.0,0.0,0.0,0.0,-43.0,-43.0,-30.0,0,0
3018,3.1401,-0.9956,0.698,0.2961,0.0,0.0,0.0,0.0,0.0,-44.0,-44.0,-30.0,0,0
3030,3.1401,-0.9956,0.698,0.2961,0.0,0.0,0.0,0.0,0.0,-43.0,-44.0,-30.0,0,0
3042,3.1401,-0.9956,0.698,0.2961,0.0,0.0,0.0,0.0,0.0,-44.0,-46.0,-30.0,0,0
3050,3.1401,-0.9956,0.698,0.2961,0.0,0.0,0.0,0.0,2.0,-43.0,-44.0,-30.0,0,0
3063,3.1401,-0.9956,0.698,0.2961,0.0,0.0,0.0,0.0,0.0,-45.0,-44.0,-30.0,0,0
3071,3.1401,-0.9956,0.698,0.2961,0.0,0.0,0.0,0.0,0.0,-44.0,-44.0,-30.0,0,0
3083,3.1401,-0.9956,0.698,0.2961,0.0,0.0,0.0,0.0,0.0,-44.0,-44.0,-31.0,0,0
3091,3.1401,-0.9956,0.698,0.2961,0.0,0.0,0.0,0.0,0.0,-44.0,-44.0,-31.0,0,0
3104,3.1401,-0.9956,0.698,0.2961,0.0,0.0,0.0,0.0,0.0,-43.0,-45.0,-30.0,0,0
3112,3.1401,-0.9956,0.698,0.2961,0.0,0.0,0.0,0.0,0.0,-43.0,-45.0,-30.0,0,0
3124,3.1401,-0.9956,0.698,0.2961,0.0,0.0,0.0,0.0,0.0,-44.0,-44.0,-30.0,0,0
3136,3.1401,-0.9956,0.698,0.2961,0.0,0.0,0.0,0.0,0.0,-44.0,-46.0,-30.0,0,0
3145,3.1385,-0.9956,0.698,0.2961,0.0,0.0,0.0,0.0,0.0,-44.0,-45.0,-30.0,0,0
3157,3.1401,-0.9956,0.698,0.2961,0.0,0.0,0.0,0.0,0.0,-42.0,-45.0,-30.0,0,0
3165,3.1401,-0.9956,0.698,0.2961,0.0,0.0,0.0,0.0,0.0,-44.0,-45.0,-30.0,0,0
3177,3.1401,-0.9956,0.698,0.2961,0.0,0.0,0.0,0.0,0.0,-43.0,-45.0,-30.0,0,0
3186,3.1401,-0.9956,0.698,0.2961,0.0,0.0,0.0,0.0,0.0,-44.0,-45.0,-30.0,0,0
3198,3.1401,-0.9956,0.698,0.2961,0.0,0.0,0.0,0.0,0.0,-44.0,-49.0,-30.0,0,0
3206,3.1401,-0.9956,0.698,0.2961,0.0,0.0,0.0,0.0,0.0,-43.0,-46.0,-30.0,0,0
3218,3.1401,-0.9956,0.698,0.2961,0.0,0.0,0.0,0.0,0.0,-43.0,-44.0,-33.0,0,0
3231,3.1401,-0.9956,0.698,0.2961,0.0,0.0,0.0,0.0,0.0,-45.0,-44.0,-30.0,0,0
3239,3.1401,-0.9956,0.698,0.2961,0.0,0.0,0.0,0.0,0.0,-43.0,-44.0,-30.0,0,0
3251,3.1401,-0.9956,0.698,0.2961,0.0,0.0,0.0,0.0,3.0,-44.0,-44.0,-30.0,0,0
3259,3.1401,-0.9956,0.698,0.2961,0.0,0.0,0.0,0.0,0.0,-44.0,-44.0,-30.0,0,0
3272,3.1401,-0.9956,0.698,0.2961,0.0,0.0,0.0,0.0,0.0,-43.0,-44.0,-30.0,0,0
3280,3.1401,-0.9956,0.698,0.2961,0.0,0.0,0.0,0.0,0.0,-44.0,-45.0,-30.0,0,0
3292,3.1401,-0.9956,0.698,0.2976,0.0,0.0,0.0,0.0,0.0,-43.0,-44.0,-30.0,0,0
3300,3.1401,-0.9956,0.698,0.2961,0.0,0.0,0.0,0.0,0.0,-44.0,-45.0,-30.0,0,0
3313,3.1401,-0.9956,0.698,0.2961,0.0,0.0,0.0,0.0,0.0,-42.0,-43.0,-30.0,0,0
3321,3.1401,-0.9956,0.698,0.2961,0.0,0.0,0.0,0.0,0.0,-43.0,-43.0,-30.0,0,0
3333,3.1401,-0.9956,0.698,0.2961,0.0,0.0,0.0,0.0,0.0,-44.0,-44.0,-30.0,0,0
3345,3.1401,-0.9956,0.698,0.2961,0.0,0.0,0.0,0.0,0.0,-43.0,-43.0,-31.0,0,0
3354,3.1401,-0.9956,0.698,0.2961,0.0,0.0,0.0,0.0,0.0,-43.0,-45.0,-30.0,0,0
3366,3.1401,-0.9956,0.698,0.2961,0.0,0.0,0.0,0.0,0.0,-44.0,-45.0,-31.0,0,0
3374,3.1401,-0.9956,0.698,0.2961,0.0,0.0,0.0,0.0,0.0,-44.0,-45.0,-30.0,0,0
3386,3.1401,-0.9956,0.698,0.2961,0.0,0.0,0.0,0.0,0.0,-44.0,-45.0,-31.0,0,0
3395,3.1401,-0.9956,0.698,0.2961,0.0,0.0,0.0,0.0,0.0,-44.0,-43.0,-30.0,0,0
3407,3.1401,-0.9956,0.698,0.2961,0.0,0.0,0.0,0.0,0.0,-45.0,-45.0,-30.0,0,0
3415,3.1401,-0.9956,0.698,0.2976,0.0,0.0,0.0,0.0,0.0,-43.0,-45.0,-31.0,0,0
3427,3.1401,-0.9956,0.698,0.2961,0.0,0.0,0.0,0.0,0.0,-43.0,-45.0,-30.0,0,0
3440,3.1401,-0.9956,0.698,0.2961,0.0,0.0,0.0,0.0,0.0,-44.0,-44.0,-31.0,0,0
3448,3.1401,-0.9956,0.698,0.2961,0.0,0.0,0.0,0.0,0.0,-44.0,-44.0,-31.0,0,0
3460,3.1401,-0.9956,0.698,0.2961,0.0,0.0,0.0,0.0,0.0,-44.0,-44.0,-30.0,0,0
3468,3.1401,-0.9956,0.698,0.2961,0.0,0.0,0.0,0.0,0.0,-45.0,-45.0,-31.0,0,0
3481,3.1401,-0.9956,0.698,0.2961,0.0,0.0,0.0,0.0,0.0,-44.0,-45.0,-30.0,0,0
3489,3.1401,-0.9956,0.698,0.2961,0.0,0.0,0.0,0.0,0.0,-43.0,-46.0,-31.0,0,0
3501,3.1401,-0.9956,0.698,0.2961,0.0,0.0,0.0,0.0,0.0,-44.0,-45.0,-30.0,0,0
3509,3.1401,-0.9956,0.698,0.2961,0.0,0.0,0.0,0.0,0.0,-44.0,-44.0,-30.0,0,0
3521,3.1401,-0.9956,0.698,0.2961,0.0,0.0,0.0,0.0,0.0,-44.0,-44.0,-30.0,0,0
3534,3.1401,-0.9956,0.698,0.2961,0.0,0.0,0.0,0.0,0.0,-44.0,-44.0,-30.0,0,0
3542,3.1401,-0.9956,0.698,0.2961,0.0,0.0,0.0,0.0,0.0,-44.0,-44.0,-30.0,0,0
3554,3.1401,-0.9956,0.698,0.2961,0.0,0.0,0.0,0.0,0.0,-43.0,-44.0,-30.0,0,0
3562,3.1401,-0.9956,0.698,0.2961,0.0,0.0,0.0,0.0,0.0,-43.0,-44.0,-30.0,2,0
3575,3.1401,-0.9956,0.698,0.2961,0.0,0.0,0.0,0.0,0.0,-43.0,-46.0,-31.0,3,0
3583,3.1401,-0.9956,0.698,0.2961,0.0,0.0,0.0,0.0,0.0,-43.0,-46.0,-31.0,3,0
3595,3.1401,-0.9956,0.698,0.2961,0.0,0.0,0.0,0.0,0.0,-44.0,-45.0,-31.0,5,0
3603,3.1401,-0.9956,0.698,0.2961,0.0,0.0,0.0,0.0,0.0,-44.0,-45.0,-30.0,6,0
3616,3.1401,-0.9956,0.698,0.2961,0.0,0.0,0.0,0.0,0.0,-44.0,-44.0,-30.0,6,0
3628,3.1401,-0.9956,0.698,0.2961,0.0,0.0,0.0,0.0,0.0,-42.0,-42.0,-30.0,7,0
3636,3.1401,-0.9956,0.6964,0.2961,0.0,0.0,0.0,0.0,3.0,-43.0,-44.0,-31.0,7,0
3648,3.1401,-0.9956,0.698,0.2961,0.0,0.0,0.0,0.0,0.0,-43.0,-44.0,-31.0,7,0
3657,3.1401,-0.9956,0.698,0.2961,0.0,0.0,0.0,0.0,0.0,-44.0,-44.0,-31.0,7,0
3669,3.1401,-0.9956,0.698,0.2961,0.0,0.0,0.0,0.0,0.0,-43.0,-44.0,-31.0,6,0
3677,3.1401,-0.9956,0.698,0.2961,0.0,0.0,0.0,0.0,0.0,-43.0,-44.0,-36.0,3,0
3689,3.1401,-0.9956,0.698,0.2961,0.0,0.0,0.0,0.0,0.0,-44.0,-43.0,-30.0,3,0
3698,3.1401,-0.9956,0.698,0.2961,0.0,0.0,0.0,0.0,0.0,-43.0,-45.0,-30.0,4,0
3710,3.1401,-0.9956,0.698,0.2961,0.0,0.0,0.0,0.0,3.0,-44.0,-44.0,-30.0,4,0
3722,3.1401,-0.9956,0.698,0.2961,0.0,0.0,0.0,0.0,0.0,-44.0,-46.0,-30.0,5,0
3730,3.1401,-0.9956,0.698,0.2961,0.0,0.0,0.0,0.0,0.0,-44.0,-44.0,-31.0,6,0
3743,3.1401,-0.9956,0.698,0.2961,0.0,0.0,0.0,0.0,0.0,-44.0,-43.0,-31.0,7,0
3751,3.1401,-0.9956,0.698,0.2961,0.0,0.0,0.0,0.0,0.0,-44.0,-44.0,-31.0,7,0
3763,3.1401,-0.9956,0.698,0.2961,0.0,0.0,0.0,0.0,0.0,-44.0,-43.0,-31.0,7,0
3771,3.1401,-0.9956,0.698,0.2961,0.0,0.0,0.0,0.0,0.0,-44.0,-43.0,-31.0,7,0
3784,3.1401,-0.9956,0.698,0.2961,0.0,0.0,0.0,0.0,0.0,-43.0,-46.0,-31.0,5,0
3792,3.1401,-0.9956,0.698,0.2961,0.0,0.0,0.0,0.0,0.0,-43.0,-46.0,-31.0,3,0
3804,3.1401,-0.9956,0.698,0.2961,0.0,0.0,0.0,0.0,0.0,-43.0,-43.0,-31.0,1,0
3816,3.1401,-0.9956,0.6964,0.2961,0.0,0.0,0.0,0.0,0.0,-44.0,-45.0,-30.0,0,0
3825,3.1401,-0.9956,0.698,0.2961,0.0,0.0,0.0,0.0,0.0,-44.0,-44.0,-31.0,0,0
3837,3.1401,-0.9956,0.698,0.2961,0.0,0.0,0.0,0.0,0.0,-44.0,-43.0,-31.0,0,0
3845,3.1401,-0.9956,0.698,0.2961,0.0,0.0,0.0,0.0,0.0,-43.0,-44.0,-31.0,0,0
3857,3.1401,-0.9956,0.698,0.2961,0.0,0.0,0.0,0.0,0.0,-44.0,-43.0,-31.0,0,0
3866,3.1401,-0.9956,0.698,0.2961,0.0,0.0,0.0,0.0,0.0,-44.0,-44.0,-31.0,0,0
3878,3.1401,-0.9956,0.698,0.2961,0.0,0.0,0.0,0.0,0.0,-44.0,-46.0,-30.0,0,0
3886,3.1401,-0.9956,0.698,0.2961,0.0,0.0,0.0,0.0,0.0,-44.0,-44.0,-30.0,0,0
3898,3.1401,-0.9956,0.698,0.2961,0.0,0.0,0.0,0.0,0.0,-44.0,-42.0,-30.0,0,0
3907,3.1401,-0.9956,0.698,0.2961,0.0,0.0,0.0,0.0,0.0,-44.0,-45.0,-31.0,0,0
3919,3.1401,-0.9956,0.698,0.2961,0.0,0.0,0.0,0.0,0.0,-43.0,-45.0,-31.0,0,0
3931,3.1401,-0.9956,0.698,0.2961,0.0,0.0,0.0,0.0,0.0,-43.0,-43.0,-31.0,0,0
3939,3.1401,-0.9956,0.698,0.2961,0.0,0.0,0.0,0.0,0.0,-42.0,-44.0,-31.0,0,0
3952,3.1401,-0.9956,0.698,0.2961,0.0,0.0,0.0,0.0,0.0,-43.0,-42.0,-33.0,0,0
3960,3.1401,-0.9956,0.698,0.2961,0.0,0.0,0.0,0.0,0.0,-43.0,-44.0,-31.0,0,0
3972,3.1401,-0.9956,0.698,0.2961,0.0,0.0,0.0,0.0,0.0,-43.0,-41.0,-30.0,0,0
3980,3.1401,-0.9956,0.698,0.2961,0.0,0.0,0.0,0.0,0.0,-44.0,-45.0,-31.0,0,0
3993,3.1401,-0.9956,0.698,0.2961,0.0,0.0,0.0,0.0,0.0,-45.0,-45.0,-31.0,0,0
4001,3.1401,-0.9956,0.698,0.2961,0.0,0.0,0.0,0.0,0.0,-44.0,-46.0,-31.0,0,0
4013,3.1401,-0.9956,0.698,0.2961,0.0,0.0,0.0,0.0,0.0,-44.0,-43.0,-30.0,0,0
4025,3.1401,-0.9956,0.698,0.2961,0.0,0.0,0.0,0.0,0.0,-43.0,-46.0,-31.0,0,0
4033,3.1401,-0.9956,0.698,0.2961,0.0,0.0,0.0,0.0,0.0,-43.0,-45.0,-31.0,0,0
4046,3.1401,-0.9956,0.698,0.2961,0.0,0.0,0.0,0.0,1.0,-43.0,-46.0,-31.0,0,0
4054,3.1401,-0.9956,0.698,0.2961,0.0,0.0,0.0,0.0,0.0,-43.0,-42.0,-31.0,0,0
4066,3.1401,-0.9956,0.698,0.2961,0.0,0.0,0.0,0.0,0.0,-43.0,-44.0,-31.0,0,0
4074,3.1401,-0.9956,0.6964,0.2961,0.0,0.0,0.0,0.0,0.0,-43.0,-46.0,-31.0,0,0
4087,3.1401,-0.9956,0.698,0.2961,0.0,0.0,0.0,0.0,0.0,-44.0,-42.0,-30.0,0,0
4095,3.1401,-0.9956,0.698,0.2961,0.0,0.0,0.0,0.0,0.0,-44.0,-44.0,-31.0,0,0
4107,3.1401,-0.9956,0.698,0.2961,0.0,0.0,0.0,0.0,0.0,-42.0,-43.0,-30.0,0,0
4119,3.1401,-0.9956,0.698,0.2961,0.0,0.0,0.0,0.0,0.0,-43.0,-45.0,-31.0,0,0
4128,3.1401,-0.9956,0.698,0.2961,0.0,0.0,0.0,0.0,0.0,-41.0,-46.0,-31.0,0,0
4140,3.1401,-0.9956,0.698,0.2961,0.0,0.0,0.0,0.0,0.0,-43.0,-43.0,-31.0,0,0
4148,3.1401,-0.9956,0.698,0.2961,0.0,0.0,0.0,0.0,0.0,-44.0,-42.0,-30.0,0,0
4160,3.1401,-0.9956,0.698,0.2961,0.0,0.0,0.0,0.0,0.0,-44.0,-43.0,-30.0,0,0
4169,3.1401,-0.9956,0.698,0.2961,0.0,0.0,0.0,0.0,0.0,-45.0,-46.0,-30.0,0,0
4181,3.1401,-0.9956,0.698,0.2961,0.0,0.0,0.0,0.0,0.0,-41.0,-45.0,-30.0,0,0
4189,3.1401,-0.9956,0.698,0.2961,0.0,0.0,0.0,0.0,0.0,-43.0,-44.0,-30.0,0,0
4201,3.1401,-0.9956,0.698,0.2961,0.0,0.0,0.0,0.0,0.0,-44.0,-45.0,-31.0,0,0
4214,3.1401,-0.9956,0.6964,0.2961,0.0,0.0,0.0,0.0,0.0,-43.0,-42.0,-30.0,0,0
4222,3.1401,-0.9956,0.6964,0.2961,0.0,0.0,0.0,0.0,0.0,-43.0,-42.0,-30.0,0,0
4234,3.1401,-0.9956,0.698,0.2961,0.0,0.0,0.0,0.0,0.0,-42.0,-46.0,-31.0,0,0
4242,3.1401,-0.9956,0.698,0.2961,0.0,0.0,0.0,0.0,0.0,-42.0,-46.0,-31.0,0,0
4255,3.1401,-0.9956,0.698,0.2961,0.0,0.0,0.0,0.0,0.0,-43.0,-43.0,-30.0,0,0
4263,3.1401,-0.9956,0.698,0.2961,0.0,0.0,0.0,0.0,0.0,-43.0,-43.0,-30.0,0,0
4275,3.1401,-0.9956,0.698,0.2961,0.0,0.0,0.0,0.0,0.0,-44.0,-44.0,-31.0,0,0
4283,3.1401,-0.9956,0.698,0.2961,0.0,0.0,0.0,0.0,0.0,-42.0,-45.0,-31.0,0,0
4296,3.1401,-0.9956,0.698,0.2961,0.0,0.0,0.0,0.0,0.0,-45.0,-41.0,-30.0,0,0
4308,3.1401,-0.9956,0.698,0.2961,0.0,0.0,0.0,0.0,0.0,-43.0,-42.0,-31.0,0,0
4316,3.1401,-0.9956,0.698,0.2961,0.0,0.0,0.0,0.0,0.0,-45.0,-44.0,-31.0,0,0
4328,3.1401,-0.9956,0.698,0.2961,0.0,0.0,0.0,0.0,0.0,-44.0,-44.0,-30.0,0,0
4337,3.1401,-0.9956,0.698,0.2961,0.0,0.0,0.0,0.0,0.0,-43.0,-45.0,-31.0,0,0
4349,3.1401,-0.9956,0.698,0.2961,0.0,0.0,0.0,0.0,0.0,-42.0,-43.0,-30.0,0,0
4357,3.1401,-0.9956,0.698,0.2961,0.0,0.0,0.0,0.0,0.0,-42.0,-44.0,-31.0,0,0
4369,3.1401,-0.9956,0.698,0.2961,0.0,0.0,0.0,0.0,0.0,-43.0,-46.0,-30.0,0,0
4378,3.1401,-0.9956,0.698,0.2961,0.0,0.0,0.0,0.0,0.0,-42.0,-43.0,-31.0,0,0
4390,3.1401,-0.9956,0.698,0.2961,0.0,0.0,0.0,0.0,0.0,-43.0,-45.0,-31.0,0,0
4402,3.1401,-0.9956,0.698,0.2961,0.0,0.0,0.0,0.0,0.0,-43.0,-45.0,-30.0,0,0
4410,3.1401,-0.9956,0.6964,0.2961,0.0,0.0,0.0,0.0,0.0,-43.0,-44.0,-31.0,0,0
4423,3.1401,-0.9956,0.698,0.2961,0.0,0.0,0.0,0.0,0.0,-43.0,-46.0,-31.0,1,0
4431,3.1401,-0.9956,0.698,0.2961,0.0,0.0,0.0,0.0,0.0,-44.0,-46.0,-30.0,1,0
4443,3.1401,-0.9956,0.698,0.2961,0.0,0.0,0.0,0.0,0.0,-44.0,-46.0,-31.0,0,0
4451,3.1401,-0.9956,0.698,0.2961,0.0,0.0,0.0,0.0,0.0,-44.0,-45.0,-31.0,4,0
4464,3.1416,-0.9956,0.698,0.2961,0.0,0.0,0.0,0.0,0.0,-44.0,-43.0,-30.0,2,0
4472,3.1416,-0.9956,0.698,0.2961,0.0,0.0,0.0,0.0,0.0,-44.0,-43.0,-30.0,3,0
4484,3.1416,-0.9956,0.698,0.2961,0.024,0.0,0.0,0.0,-1.0,-44.0,-43.0,-30.0,4,0
4496,3.1431,-0.9956,0.698,0.2961,0.024,0.0,0.0,0.0,0.0,-44.0,-45.0,-30.0,7,0
4505,3.1431,-0.9956,0.698,0.2961,0.024,0.0,0.0,0.0,0.0,-44.0,-44.0,-31.0,8,0
4517,3.1431,-0.9956,0.698,0.2961,0.024,0.0,0.0,0.0,0.0,-43.0,-46.0,-30.0,11,1
4529,3.1416,-0.9956,0.698,0.2961,0.024,0.0,0.0,0.0,-2.0,-43.0,-46.0,-30.0,11,1
4537,3.1416,-0.9956,0.698,0.2961,0.024,0.0,0.0,0.0,-2.0,-43.0,-44.0,-31.0,8,0
4550,3.1416,-0.9956,0.698,0.2961,0.0,0.0,0.0,0.0,-4.0,-44.0,-40.0,-31.0,9,0
4562,3.1431,-0.9956,0.698,0.2961,0.0,0.0,0.0,0.0,-1.0,-44.0,-46.0,-30.0,13,1
4570,3.1416,-0.9956,0.698,0.2961,0.0,0.0,0.0,0.0,-5.0,-43.0,-43.0,-30.0,20,1
4582,3.1416,-0.9956,0.698,0.2961,0.0,0.0,0.0,0.0,-3.0,-44.0,-45.0,-30.0,21,1
4595,3.1416,-0.9956,0.698,0.2961,0.0,0.0,0.0,0.0,0.0,-43.0,-45.0,-31.0,23,1
4607,3.1416,-0.9956,0.698,0.2961,0.0,0.0,0.0,0.0,-1.0,-44.0,-42.0,-31.0,26,1
4619,3.1416,-0.9956,0.698,0.2961,0.0,0.0,0.0,0.0,0.0,-43.0,-45.0,-30.0,26,1
4627,3.1416,-0.9956,0.698,0.2961,0.0,0.0,0.0,0.0,0.0,-43.0,-45.0,-30.0,27,1
4640,3.1401,-0.9956,0.698,0.2961,0.0,0.0,0.0,0.0,0.0,-45.0,-44.0,-30.0,28,1
4652,3.1401,-0.9956,0.698,0.2961,0.0,0.0,0.0,0.0,0.0,-44.0,-45.0,-30.0,34,1
4664,3.1401,-0.9956,0.698,0.2961,-0.024,0.0,0.0,0.0,0.0,-45.0,-43.0,-30.0,36,1
4672,3.1401,-0.9956,0.698,0.2961,-0.024,0.0,0.0,0.0,0.0,-45.0,-43.0,-30.0,35,1
4685,3.1385,-0.9956,0.698,0.2961,-0.024,0.0,0.0,0.0,0.0,-45.0,-45.0,-30.0,39,1
4697,3.137,-0.9956,0.698,0.2961,-0.024,0.0,0.0,0.0,5.0,-43.0,-44.0,-30.0,43,1
4709,3.137,-0.9956,0.698,0.2961,-0.024,0.0,0.0,0.0,7.0,-42.0,-45.0,-31.0,44,1
4722,3.137,-0.9956,0.698,0.2961,-0.024,0.0,0.0,0.0,5.0,-44.0,-45.0,-30.0,45,1
4730,3.137,-0.9956,0.698,0.2961,-0.024,0.0,0.0,0.0,4.0,-44.0,-44.0,-31.0,44,1
4742,3.1385,-0.9956,0.698,0.2961,-0.024,0.0,0.0,0.0,3.0,-45.0,-46.0,-31.0,42,1
4754,3.1385,-0.9956,0.698,0.2961,0.0,0.0,0.0,0.0,0.0,-43.0,-50.0,-30.0,35,1
4767,3.1385,-0.9956,0.6995,0.2961,0.0,0.0,0.0,0.0,0.0,-44.0,-47.0,-31.0,28,1
4779,3.1385,-0.9956,0.698,0.2961,0.0,0.0,0.0,0.0,0.0,-43.0,-45.0,-31.0,18,1
4787,3.1401,-0.9956,0.698,0.2961,0.0,0.0,0.0,0.0,3.0,-42.0,-44.0,-33.0,13,1
4799,3.1385,-0.9956,0.698,0.2961,0.0,0.0,0.0,0.0,0.0,-38.0,-43.0,-30.0,7,0
4812,3.1401,-0.9956,0.698,0.2961,0.0,0.0,0.0,0.0,4.0,-26.0,-44.0,-31.0,4,0
4820,3.1385,-0.9971,0.698,0.2961,0.0,0.0,0.0,0.0,1.0,-24.0,-43.0,-30.0,0,0
4832,3.1401,-0.9971,0.698,0.2961,0.0,0.0,0.0,0.0,0.0,-23.0,-44.0,-30.0,0,0
4840,3.1401,-0.9971,0.698,0.2961,0.0,0.0,0.0,0.0,0.0,-24.0,-47.0,-30.0,0,0
4853,3.1401,-0.9971,0.698,0.2961,0.0,0.0,0.0,0.0,0.0,-29.0,-44.0,-30.0,0,0
4861,3.1401,-0.9971,0.698,0.2961,0.0,0.0,0.0,0.0,0.0,-30.0,-46.0,-30.0,0,0
4873,3.1401,-0.9971,0.698,0.2961,0.0,0.0,0.0,0.0,0.0,-27.0,-44.0,-31.0,0,0
4881,3.1401,-0.9971,0.698,0.2961,0.0,0.0,0.0,0.0,0.0,-27.0,-44.0,-31.0,0,0
4894,3.1416,-0.9971,0.698,0.2961,0.0,0.0,0.0,0.0,0.0,-25.0,-43.0,-31.0,0,0
4902,3.1416,-0.9971,0.698,0.2961,0.0,0.0,0.0,0.0,0.0,-25.0,-43.0,-31.0,0,0
4914,3.1416,-0.9971,0.698,0.2961,0.0,0.0,0.0,0.0,0.0,-30.0,-47.0,-30.0,0,0
4922,3.1416,-0.9971,0.698,0.2961,0.0,0.0,0.0,0.0,0.0,-30.0,-47.0,-30.0,0,0
4935,3.1401,-0.9971,0.698,0.2961,0.0,0.0,0.0,0.0,0.0,-28.0,-44.0,-31.0,0,0
4947,3.1401,-0.9971,0.698,0.2961,0.0,0.0,0.0,0.0,0.0,-28.0,-44.0,-31.0,0,0
4955,3.1401,-0.9986,0.698,0.2961,0.0,0.0,0.0,0.0,0.0,-23.0,-43.0,-31.0,0,0
4967,3.1401,-0.9971,0.698,0.2961,0.0,0.0,0.0,0.0,0.0,-30.0,-48.0,-31.0,0,0
4976,3.1401,-0.9971,0.698,0.2961,0.0,0.0,0.0,0.0,0.0,-28.0,-44.0,-31.0,0,0
4988,3.1401,-0.9971,0.698,0.2961,0.0,0.0,0.0,0.0,0.0,-28.0,-49.0,-30.0,0,0
4996,3.1401,-0.9971,0.698,0.2961,0.0,0.0,0.0,0.0,0.0,-27.0,-44.0,-31.0,0,0
5008,3.1401,-0.9971,0.6995,0.2961,0.0,0.0,0.0,0.0,0.0,-30.0,-46.0,-30.0,0,0
5016,3.1401,-0.9971,0.698,0.2961,0.0,0.0,0.0,0.0,0.0,-27.0,-50.0,-30.0,0,0
5029,3.1401,-0.9971,0.698,0.2961,0.0,0.0,0.0,0.0,0.0,-26.0,-46.0,-30.0,0,0
5037,3.1401,-0.9971,0.698,0.2961,0.0,0.0,0.0,0.0,0.0,-25.0,-45.0,-31.0,0,0
5049,3.1401,-0.9971,0.698,0.2961,0.0,0.0,0.0,0.0,0.0,-25.0,-43.0,-30.0,0,0
5057,3.1401,-0.9971,0.698,0.2961,0.0,0.0,0.0,0.0,0.0,-28.0,-43.0,-31.0,0,0
5070,3.1401,-0.9971,0.698,0.2961,0.0,0.0,0.0,0.0,0.0,-27.0,-46.0,-30.0,0,0
5082,3.1401,-0.9971,0.698,0.2961,0.0,0.0,0.0,0.0,0.0,-32.0,-44.0,-30.0,0,0
5090,3.1401,-0.9971,0.698,0.2961,0.0,0.0,0.0,0.0,0.0,-27.0,-46.0,-30.0,0,0
5102,3.1401,-0.9971,0.698,0.2961,0.0,0.0,0.0,0.0,0.0,-27.0,-50.0,-31.0,0,0
5111,3.1401,-0.9971,0.698,0.2961,0.0,0.0,0.0,0.0,0.0,-28.0,-45.0,-31.0,0,0
5123,3.1401,-0.9971,0.698,0.2961,0.0,0.0,0.0,0.0,0.0,-28.0,-43.0,-31.0,0,0
5131,3.1401,-0.9971,0.698,0.2961,0.0,0.0,0.0,0.0,0.0,-23.0,-43.0,-30.0,0,0
5143,3.1401,-0.9971,0.698,0.2961,0.0,0.0,0.0,0.0,0.0,-27.0,-47.0,-31.0,0,0
5152,3.1401,-0.9971,0.698,0.2961,0.0,0.0,0.0,0.0,0.0,-27.0,-47.0,-31.0,0,0
5164,3.1401,-0.9971,0.698,0.2961,0.0,0.0,0.0,0.0,0.0,-30.0,-46.0,-30.0,0,0
5172,3.1401,-0.9971,0.698,0.2961,0.0,0.0,0.0,0.0,0.0,-30.0,-46.0,-30.0,0,0
5184,3.1401,-0.9986,0.698,0.2961,0.0,0.0,0.0,0.0,0.0,-29.0,-45.0,-30.0,0,0
5197,3.1401,-0.9971,0.698,0.2961,0.0,0.0,0.0,0.0,0.0,-25.0,-44.0,-30.0,0,0
5205,3.1401,-0.9971,0.698,0.2961,0.0,0.0,0.0,0.0,0.0,-27.0,-45.0,-30.0,0,0
5217,3.1401,-0.9971,0.698,0.2961,0.0,0.0,0.0,0.0,0.0,-25.0,-45.0,-29.0,0,0
5225,3.1416,-0.9971,0.698,0.2961,0.0,0.0,0.0,0.0,0.0,-26.0,-43.0,-30.0,5,0
5238,3.1416,-0.9971,0.698,0.2961,0.0,0.0,0.0,0.0,-7.0,-26.0,-45.0,-30.0,7,0
5246,3.1431,-0.9971,0.698,0.2961,0.024,0.0,0.0,0.0,0.0,-29.0,-49.0,-30.0,8,0
5258,3.1431,-0.9956,0.698,0.2961,0.024,0.0,0.0,0.0,-14.0,-30.0,-51.0,-30.0,12,1
5270,3.1447,-0.9971,0.6995,0.2961,0.024,0.0,0.0,0.0,-4.0,-35.0,-51.0,-30.0,15,1
5283,3.1431,-0.9956,0.6995,0.2961,0.0479,0.0,0.0,0.0,-2.0,-38.0,-44.0,-30.0,17,1
5291,3.1431,-0.9956,0.698,0.2961,0.0479,0.0,0.0,0.0,-4.0,-38.0,-45.0,-31.0,20,1
5303,3.1416,-0.9956,0.698,0.2961,0.0,0.0,0.0,0.0,0.0,-35.0,-46.0,-31.0,23,1
5315,3.1416,-0.9956,0.6995,0.2961,0.0,0.0,0.0,0.0,0.0,-37.0,-45.0,-30.0,23,1
5328,3.1416,-0.9956,0.698,0.2961,0.0,0.0,0.0,0.0,0.0,-34.0,-46.0,-31.0,24,1
5340,3.1416,-0.9956,0.698,0.2961,0.0,0.0,0.0,0.0,0.0,-33.0,-45.0,-31.0,22,1
5348,3.1401,-0.9956,0.698,0.2961,0.0,0.0,0.0,0.0,0.0,-33.0,-46.0,-31.0,23,1
5361,3.1416,-0.9956,0.698,0.2961,-0.024,0.0,0.0,0.0,0.0,-33.0,-44.0,-31.0,22,1
5373,3.1401,-0.9956,0.698,0.2961,-0.024,0.0,0.0,0.0,0.0,-35.0,-43.0,-30.0,22,1
5385,3.1401,-0.9956,0.698,0.2961,-0.024,0.0,0.0,0.0,0.0,-41.0,-45.0,-30.0,22,1
5397,3.1401,-0.9956,0.698,0.2961,-0.024,0.0,0.0,0.0,0.0,-42.0,-43.0,-30.0,21,1
5406,3.1401,-0.9956,0.6995,0.2961,-0.024,0.0,0.0,0.0,0.0,-34.0,-44.0,-31.0,21,1
5418,3.1385,-0.9956,0.6995,0.2961,-0.024,0.0,0.0,0.0,0.0,-41.0,-44.0,-31.0,21,1
5430,3.137,-0.9956,0.698,0.2961,-0.024,0.0,0.0,0.0,0.0,-43.0,-45.0,-31.0,20,1
5442,3.137,-0.9956,0.698,0.2961,-0.024,0.0,0.0,0.0,5.0,-34.0,-48.0,-30.0,16,1
5455,3.1385,-0.9956,0.698,0.2961,-0.024,0.0,0.0,0.0,-1.0,-42.0,-46.0,-30.0,11,1
5463,3.1385,-0.9956,0.698,0.2961,-0.024,0.0,0.0,0.0,-1.0,-42.0,-46.0,-30.0,10,0
5475,3.1385,-0.9956,0.698,0.2961,-0.024,0.0,0.0,0.0,0.0,-35.0,-44.0,-30.0,8,0
5483,3.1385,-0.9956,0.698,0.2961,0.0,0.0,0.0,0.0,0.0,-35.0,-44.0,-30.0,7,0
5496,3.1385,-0.9956,0.698,0.2961,0.0,0.0,0.0,0.0,0.0,-33.0,-45.0,-31.0,7,0
5504,3.1385,-0.9956,0.698,0.2961,0.0,0.0,0.0,0.0,0.0,-37.0,-49.0,-30.0,5,0
5516,3.1385,-0.9956,0.698,0.2961,0.0,0.0,0.0,0.0,0.0,-33.0,-45.0,-31.0,0,0
5528,3.1385,-0.9956,0.698,0.2961,0.0,0.0,0.0,0.0,0.0,-33.0,-46.0,-31.0,0,0
5537,3.1385,-0.9956,0.6995,0.2961,0.0,0.0,0.0,0.0,0.0,-37.0,-44.0,-30.0,0,0
5549,3.1385,-0.9971,0.698,0.2961,0.0,0.0,0.0,0.0,0.0,-30.0,-45.0,-30.0,0,0
5557,3.1401,-0.9971,0.698,0.2961,0.0,0.0,0.0,0.0,0.0,-31.0,-44.0,-30.0,0,0
5569,3.1401,-0.9971,0.698,0.2961,0.0,0.0,0.0,0.0,0.0,-30.0,-48.0,-30.0,0,0
5578,3.1401,-0.9971,0.6995,0.2961,0.0,0.0,0.0,0.0,0.0,-39.0,-43.0,-30.0,0,0
5590,3.1385,-0.9956,0.6995,0.2961,0.0,0.0,0.0,0.0,0.0,-35.0,-44.0,-30.0,0,0
5598,3.1401,-0.9956,0.698,0.2961,0.0,0.0,0.0,0.0,0.0,-33.0,-50.0,-30.0,0,0
5610,3.1401,-0.9971,0.698,0.2961,0.0,0.0,0.0,0.0,0.0,-35.0,-45.0,-30.0,0,0
5619,3.1401,-0.9971,0.698,0.2961,0.0,0.0,0.0,0.0,0.0,-29.0,-46.0,-30.0,0,0
5631,3.1385,-0.9956,0.698,0.2961,0.0,0.0,0.0,0.0,0.0,-34.0,-46.0,-31.0,0,0
5643,3.1385,-0.9956,0.698,0.2961,0.0,0.0,0.0,0.0,0.0,-34.0,-44.0,-30.0,0,0
5651,3.1385,-0.9956,0.698,0.2961,0.0,0.0,0.0,0.0,0.0,-34.0,-44.0,-30.0,0,0
5664,3.1401,-0.9971,0.698,0.2961,0.0,0.0,0.0,0.0,0.0,-30.0,-50.0,-30.0,0,0
5672,3.1401,-0.9971,0.698,0.2961,0.0,0.0,0.0,0.0,0.0,-30.0,-50.0,-30.0,0,0
5684,3.1401,-0.9971,0.698,0.2961,0.0,0.0,0.0,0.0,0.0,-32.0,-45.0,-31.0,0,0
5692,3.1401,-0.9971,0.698,0.2961,0.0,0.0,0.0,0.0,0.0,-32.0,-45.0,-31.0,0,0
5705,3.1401,-0.9956,0.698,0.2961,0.0,0.0,0.0,0.0,0.0,-33.0,-43.0,-31.0,0,0
5713,3.1401,-0.9956,0.698,0.2961,0.0,0.0,0.0,0.0,0.0,-33.0,-43.0,-31.0,0,0
5725,3.1401,-0.9956,0.698,0.2961,0.0,0.0,0.0,0.0,0.0,-30.0,-44.0,-31.0,0,0
5733,3.1401,-0.9956,0.698,0.2961,0.0,0.0,0.0,0.0,0.0,-35.0,-43.0,-30.0,0,0
5746,3.1401,-0.9971,0.698,0.2961,0.0,0.0,0.0,0.0,0.0,-32.0,-46.0,-30.0,0,0
5754,3.1401,-0.9971,0.698,0.2961,0.0,0.0,0.0,0.0,0.0,-33.0,-46.0,-31.0,0,0
5766,3.1385,-0.9971,0.698,0.2961,0.0,0.0,0.0,0.0,0.0,-36.0,-46.0,-30.0,0,0
5778,3.1385,-0.9956,0.698,0.2961,0.0,0.0,0.0,0.0,0.0,-29.0,-45.0,-30.0,0,0
5787,3.1401,-0.9971,0.698,0.2961,0.0,0.0,0.0,0.0,0.0,-36.0,-45.0,-31.0,0,0
5799,3.1401,-0.9956,0.698,0.2961,0.0,0.0,0.0,0.0,2.0,-37.0,-47.0,-30.0,0,0
5807,3.1385,-0.9971,0.698,0.2961,0.0,0.0,0.0,0.0,0.0,-31.0,-44.0,-31.0,0,0
5819,3.1401,-0.9956,0.698,0.2961,0.0,0.0,0.0,0.0,2.0,-31.0,-45.0,-30.0,0,0
5827,3.1401,-0.9971,0.698,0.2961,0.0,0.0,0.0,0.0,0.0,-27.0,-47.0,-30.0,0,0
5840,3.1401,-0.9971,0.698,0.2961,0.0,0.0,0.0,0.0,0.0,-40.0,-44.0,-30.0,0,0
5848,3.1401,-0.9956,0.698,0.2961,0.0,0.0,0.0,0.0,4.0,-35.0,-47.0,-31.0,0,0
5860,3.1401,-0.9956,0.698,0.2961,0.0,0.0,0.0,0.0,0.0,-28.0,-44.0,-31.0,0,0
5868,3.1385,-0.9971,0.698,0.2961,0.0,0.0,0.0,0.0,3.0,-29.0,-44.0,-30.0,0,0
5881,3.1385,-0.9971,0.698,0.2961,0.0,0.0,0.0,0.0,0.0,-33.0,-44.0,-30.0,0,0
5889,3.1401,-0.9971,0.6995,0.2961,0.0,0.0,0.0,0.0,0.0,-34.0,-45.0,-31.0,0,0
5901,3.1401,-0.9971,0.698,0.2961,0.0,0.0,0.0,0.0,0.0,-30.0,-50.0,-30.0,0,0
5913,3.1401,-0.9956,0.698,0.2961,0.0,0.0,0.0,0.0,0.0,-30.0,-43.0,-31.0,0,0
5922,3.1401,-0.9956,0.698,0.2961,0.0,0.0,0.0,0.0,0.0,-30.0,-43.0,-31.0,0,0
5934,3.1401,-0.9971,0.6995,0.2961,0.0,0.0,0.0,0.0,0.0,-39.0,-54.0,-31.0,0,0
5942,3.1401,-0.9971,0.6995,0.2961,0.0,0.0,0.0,0.0,0.0,-39.0,-54.0,-31.0,0,0
5954,3.1416,-0.9956,0.701,0.2961,0.0,0.0,0.0,0.0,0.0,-36.0,-80.0,-31.0,2,0
5963,3.1416,-0.9956,0.701,0.2961,0.0,0.0,0.0,0.0,0.0,-36.0,-80.0,-31.0,2,0
5975,3.1416,-0.9971,0.7026,0.2961,0.0,0.0,0.024,0.0,0.0,-38.0,-85.0,-30.0,3,0
5983,3.1416,-0.9971,0.7026,0.2961,0.0,0.0,0.0479,0.0,-2.0,-33.0,-89.0,-30.0,3,0
5995,3.1431,-0.9956,0.7041,0.2961,0.024,0.0,0.0479,0.0,-1.0,-37.0,-84.0,-30.0,10,0
6008,3.1431,-0.9971,0.7041,0.2961,0.024,0.0,0.0479,0.0,0.0,-31.0,-80.0,-30.0,18,1
6020,3.1431,-0.9971,0.7041,0.2961,0.024,0.0,0.0479,0.0,0.0,-33.0,-79.0,-31.0,24,1
6032,3.1431,-0.9971,0.7041,0.2961,0.024,0.0,0.0479,0.0,0.0,-29.0,-88.0,-31.0,24,1
6040,3.1416,-0.9956,0.7056,0.2961,0.024,0.0,0.0479,0.0,1.0,-33.0,-75.0,-30.0,25,1
6053,3.1416,-0.9956,0.7056,0.2961,0.0,0.0,0.0479,0.0,0.0,-34.0,-82.0,-30.0,27,1
6065,3.1401,-0.9956,0.7056,0.2961,0.0,0.0,0.024,0.0,0.0,-33.0,-84.0,-30.0,28,1
6077,3.1401,-0.9971,0.7056,0.2961,-0.024,0.0,0.024,0.0,0.0,-30.0,-78.0,-30.0,28,1
6090,3.1401,-0.9971,0.7041,0.2961,-0.024,0.0,0.0,0.0,0.0,-34.0,-77.0,-30.0,27,1
6098,3.1401,-0.9956,0.7041,0.2961,-0.024,0.0,0.0,0.0,0.0,-25.0,-79.0,-30.0,25,1
6110,3.1401,-0.9956,0.7041,0.2961,-0.024,0.0,0.0,0.0,0.0,-34.0,-75.0,-30.0,20,1
6122,3.1401,-0.9956,0.7041,0.2961,-0.024,0.0,0.0,0.0,0.0,-30.0,-75.0,-30.0,8,0
6131,3.1401,-0.9971,0.7041,0.2961,-0.024,0.0,0.0,0.0,0.0,-27.0,-74.0,-30.0,2,0
6143,3.1385,-0.9971,0.7041,0.2961,0.0,0.0,0.0,0.0,0.0,-27.0,-75.0,-30.0,1,0
6151,3.1385,-0.9971,0.7041,0.2961,0.0,0.0,0.0,0.0,0.0,-24.0,-77.0,-31.0,0,0
6163,3.137,-0.9971,0.7041,0.2961,-0.024,0.0,0.0,0.0,10.0,-25.0,-75.0,-31.0,0,0
6172,3.137,-0.9971,0.7041,0.2961,-0.024,0.0,0.0,0.0,10.0,-25.0,-75.0,-31.0,0,0
6184,3.1385,-0.9971,0.7041,0.2961,-0.024,0.0,0.0,0.0,-2.0,-29.0,-77.0,-30.0,0,0
6192,3.1385,-0.9971,0.7041,0.2961,-0.024,0.0,0.0,0.0,-2.0,-29.0,-77.0,-30.0,0,0
6204,3.1416,-0.9971,0.7041,0.2961,0.0,0.0,0.0,0.0,0.0,-29.0,-82.0,-32.0,0,0
6217,3.1431,-0.9971,0.7041,0.2961,0.0,0.0,0.0,0.0,-7.0,-24.0,-77.0,-31.0,0,0
6225,3.1431,-0.9971,0.7041,0.2961,0.024,0.0,0.0,0.0,-2.0,-27.0,-77.0,-30.0,0,0
6237,3.1431,-0.9971,0.7041,0.2961,0.0479,0.0,0.0,0.0,0.0,-28.0,-76.0,-30.0,0,0
6245,3.1416,-0.9971,0.7041,0.2961,0.0479,0.0,0.0,0.0,1.0,-25.0,-76.0,-31.0,0,0
6258,3.1416,-0.9971,0.7041,0.2961,0.0479,0.0,0.0,0.0,0.0,-27.0,-76.0,-30.0,0,0
6266,3.1401,-0.9971,0.7041,0.2961,0.024,0.0,0.0,0.0,0.0,-30.0,-78.0,-31.0,0,0
6278,3.1401,-0.9971,0.7041,0.2961,0.0,0.0,0.0,0.0,0.0,-22.0,-78.0,-30.0,0,0
6286,3.1385,-0.9971,0.7041,0.2961,0.0,0.0,0.0,0.0,0.0,-30.0,-78.0,-31.0,0,0
6298,3.1385,-0.9971,0.7041,0.2961,-0.024,0.0,0.0,0.0,4.0,-28.0,-79.0,-31.0,0,0
6307,3.137,-0.9971,0.7041,0.2961,-0.0479,0.0,0.0,0.0,0.0,-30.0,-78.0,-30.0,0,0
6319,3.1385,-0.9971,0.7041,0.2961,-0.0479,0.0,0.0,0.0,0.0,-27.0,-78.0,-31.0,0,0
6327,3.1385,-0.9971,0.7041,0.2961,-0.024,0.0,0.0,0.0,0.0,-27.0,-78.0,-30.0,0,0
6339,3.1401,-0.9971,0.7041,0.2961,-0.024,0.0,0.0,0.0,0.0,-29.0,-78.0,-30.0,0,0
6352,3.1401,-0.9971,0.7041,0.2961,0.0,0.0,0.0,0.0,0.0,-22.0,-79.0,-31.0,0,0
6360,3.1385,-0.9971,0.7041,0.2961,0.0,0.0,0.0,0.0,0.0,-30.0,-79.0,-31.0,0,0
6372,3.1385,-0.9971,0.7041,0.2961,0.0,0.0,0.0,0.0,0.0,-22.0,-78.0,-31.0,0,0
6380,3.1401,-0.9956,0.7041,0.2961,0.0,0.0,0.0,0.0,0.0,-28.0,-79.0,-31.0,0,0
6393,3.1385,-0.9971,0.7041,0.2961,0.0,0.0,0.0,0.0,0.0,-26.0,-79.0,-31.0,0,0
6401,3.1385,-0.9971,0.7041,0.2961,0.0,0.0,0.0,0.0,0.0,-26.0,-80.0,-30.0,0,0
6413,3.1385,-0.9971,0.7041,0.2961,0.0,0.0,0.0,0.0,0.0,-31.0,-80.0,-30.0,0,0
6421,3.1385,-0.9971,0.7041,0.2961,0.0,0.0,0.0,0.0,0.0,-31.0,-80.0,-30.0,0,0
6434,3.1385,-0.9971,0.7041,0.2961,0.0,0.0,0.0,0.0,0.0,-19.0,-79.0,-30.0,0,0
6442,3.1385,-0.9971,0.7041,0.2961,0.0,0.0,0.0,0.0,0.0,-19.0,-79.0,-30.0,0,0
6454,3.1385,-0.9971,0.7041,0.2961,0.0,0.0,0.0,0.0,3.0,-31.0,-81.0,-31.0,0,0
6462,3.1385,-0.9971,0.7041,0.2961,0.0,0.0,0.0,0.0,3.0,-31.0,-81.0,-31.0,0,0
6475,3.1401,-0.9971,0.7041,0.2961,0.0,0.0,0.0,0.0,-1.0,-33.0,-80.0,-31.0,0,0
6487,3.1401,-0.9971,0.7041,0.2961,0.0,0.0,0.0,0.0,0.0,-20.0,-78.0,-31.0,0,0
6495,3.1401,-0.9971,0.7041,0.2961,0.0,0.0,0.0,0.0,2.0,-31.0,-80.0,-31.0,0,0
6507,3.1401,-0.9971,0.7041,0.2961,0.0,0.0,0.0,0.0,0.0,-20.0,-81.0,-30.0,0,0
6516,3.1401,-0.9971,0.7041,0.2961,0.0,0.0,0.0,0.0,0.0,-22.0,-81.0,-31.0,0,0
6528,3.1401,-0.9971,0.7041,0.2961,0.0,0.0,0.0,0.0,0.0,-33.0,-83.0,-30.0,0,0
6536,3.1401,-0.9971,0.7041,0.2961,0.0,0.0,0.0,0.0,0.0,-26.0,-84.0,-30.0,0,0
6548,3.1401,-0.9971,0.7041,0.2961,0.0,0.0,0.0,0.0,0.0,-23.0,-81.0,-30.0,0,0
6557,3.1401,-0.9971,0.7041,0.2961,0.0,0.0,0.0,0.0,0.0,-27.0,-81.0,-31.0,0,0
6569,3.1401,-0.9971,0.7041,0.2961,0.0,0.0,0.0,0.0,0.0,-19.0,-82.0,-31.0,0,0
6577,3.1401,-0.9971,0.7041,0.2961,0.0,0.0,0.0,0.0,0.0,-29.0,-82.0,-30.0,0,0
6589,3.1385,-0.9971,0.7041,0.2961,0.0,0.0,0.0,0.0,0.0,-20.0,-81.0,-30.0,0,0
6602,3.1401,-0.9971,0.7041,0.2961,0.0,0.0,0.0,0.0,0.0,-27.0,-81.0,-30.0,0,0
6610,3.1401,-0.9971,0.7041,0.2961,0.0,0.0,0.0,0.0,3.0,-33.0,-84.0,-31.0,0,0
6622,3.1401,-0.9971,0.7041,0.2961,0.0,0.0,0.0,0.0,0.0,-33.0,-82.0,-31.0,0,0
6630,3.1401,-0.9956,0.7041,0.2961,0.0,0.0,0.0,0.0,0.0,-21.0,-80.0,-30.0,0,0
6643,3.1401,-0.9971,0.7041,0.2961,0.0,0.0,0.0,0.0,0.0,-21.0,-81.0,-31.0,0,0
6651,3.1401,-0.9971,0.7041,0.2961,0.0,0.0,0.0,0.0,0.0,-21.0,-81.0,-31.0,0,0
6663,3.1431,-0.9956,0.7041,0.2961,0.0,0.0,0.0,0.0,-6.0,-37.0,-78.0,-26.0,0,0
6671,3.1431,-0.9956,0.7041,0.2961,0.0,0.0,0.0,0.0,-6.0,-37.0,-78.0,-26.0,0,0
6684,3.1431,-0.994,0.7026,0.2945,0.0479,0.0,0.0,0.0,0.0,-74.0,-73.0,-25.0,0,0
6696,3.1431,-0.9925,0.7041,0.2945,0.0479,0.024,0.0,0.0,-1.0,-79.0,-84.0,-27.0,22,1
6704,3.1431,-0.991,0.7041,0.2961,0.0479,0.0479,0.0,0.0,-9.0,-87.0,-87.0,-27.0,43,1
6716,3.1431,-0.9894,0.7041,0.2945,0.0479,0.0719,0.0,0.0,-11.0,-93.0,-84.0,-25.0,44,1
6729,3.1431,-0.9879,0.7041,0.2961,0.024,0.0959,0.0,0.0,-9.0,-106.0,-84.0,-24.0,46,1
6741,3.1431,-0.9863,0.7026,0.2961,0.0,0.0959,0.0,0.0,-9.0,-108.0,-83.0,-28.0,45,1
6753,3.1431,-0.9848,0.7041,0.2961,0.0,0.1198,0.0,0.0,-10.0,-87.0,-82.0,-23.0,46,1
6761,3.1431,-0.9848,0.7041,0.2961,0.0,0.1198,0.0,0.0,-10.0,-87.0,-82.0,-23.0,49,1
6774,3.1416,-0.9848,0.7026,0.2945,0.0,0.0959,0.0,0.0,0.0,-87.0,-80.0,-26.0,51,1
6786,3.1401,-0.9848,0.7041,0.2945,0.0,0.0959,0.0,0.0,0.0,-88.0,-83.0,-23.0,53,1
6798,3.1385,-0.9848,0.7041,0.2945,-0.024,0.0479,0.0,0.0,0.0,-86.0,-81.0,-22.0,57,1
6810,3.137,-0.9848,0.7041,0.2961,-0.0479,0.024,0.0,0.0,14.0,-86.0,-85.0,-23.0,59,1
6819,3.137,-0.9848,0.7041,0.2945,-0.0719,0.024,0.0,0.0,11.0,-86.0,-82.0,-25.0,60,1
6831,3.137,-0.9848,0.7041,0.2945,-0.0719,0.0,0.0,0.0,6.0,-89.0,-82.0,-26.0,60,1
6843,3.1385,-0.9863,0.7041,0.2945,-0.0479,0.0,0.0,0.0,3.0,-85.0,-83.0,-25.0,59,1
6856,3.1385,-0.9863,0.7041,0.2945,-0.024,0.0,0.0,0.0,0.0,-82.0,-83.0,-24.0,58,1
6868,3.1385,-0.9879,0.7041,0.2945,-0.024,0.0,0.0,0.0,0.0,-41.0,-85.0,-27.0,54,1
6876,3.1385,-0.991,0.7041,0.2945,0.0,-0.024,0.0,0.0,1.0,-18.0,-81.0,-22.0,48,1
6888,3.137,-0.994,0.7026,0.2945,0.0,-0.0719,0.0,0.0,2.0,-2.0,-75.0,-25.0,41,1
6901,3.1385,-0.9956,0.7026,0.2945,0.0,-0.0959,0.0,0.0,1.0,0.0,-76.0,-23.0,26,1
6913,3.1385,-0.9971,0.7026,0.2945,0.0,-0.1198,0.0,0.0,0.0,1.0,-77.0,-22.0,14,1
6921,3.1385,-0.9986,0.7026,0.2945,0.0,-0.1438,0.0,0.0,0.0,-13.0,-79.0,-24.0,5,0
6933,3.1401,-0.9986,0.7041,0.2945,0.0,-0.1438,0.0,0.0,0.0,-29.0,-81.0,-23.0,0,0
6942,3.1401,-0.9986,0.7041,0.2945,0.0,-0.1438,0.0,0.0,0.0,-29.0,-81.0,-23.0,0,0
6954,3.1416,-0.9986,0.7041,0.2961,0.024,-0.0959,0.0,0.0,0.0,-32.0,-84.0,-25.0,0,0
6962,3.1416,-0.9986,0.7041,0.2961,0.024,-0.0959,0.0,0.0,0.0,-32.0,-84.0,-25.0,0,0
6974,3.1416,-0.9986,0.7041,0.2945,0.024,-0.0479,0.0,0.0,0.0,-33.0,-82.0,-23.0,0,0
6987,3.1416,-0.9986,0.7041,0.2961,0.024,-0.024,0.0,0.0,0.0,-33.0,-81.0,-23.0,0,0
6995,3.1416,-0.9986,0.7026,0.2945,0.024,0.0,0.0,0.0,0.0,-33.0,-83.0,-26.0,0,0
7007,3.1401,-0.9986,0.7026,0.2945,0.0,0.0,0.0,0.0,0.0,-33.0,-81.0,-23.0,0,0
7015,3.1401,-0.9986,0.7026,0.2945,0.0,0.0,0.0,0.0,0.0,-30.0,-79.0,-22.0,0,0
7028,3.1401,-0.9986,0.7026,0.2945,0.0,0.0,0.0,0.0,0.0,-30.0,-82.0,-24.0,0,0
7036,3.1401,-0.9986,0.7026,0.2961,0.0,0.0,0.0,0.0,0.0,-28.0,-82.0,-23.0,0,0
7048,3.1401,-0.9986,0.7041,0.2945,0.0,0.0,0.0,0.0,0.0,-30.0,-80.0,-25.0,0,0
7056,3.1401,-0.9986,0.7026,0.2945,0.0,0.0,0.0,0.0,0.0,-30.0,-83.0,-24.0,0,0
7069,3.1401,-0.9986,0.7026,0.2945,0.0,0.0,0.0,0.0,0.0,-31.0,-83.0,-24.0,0,0
7077,3.1401,-0.9986,0.7041,0.2945,0.0,0.0,0.0,0.0,0.0,-32.0,-82.0,-22.0,0,0
7089,3.1401,-0.9986,0.7026,0.2945,0.0,0.0,0.0,0.0,0.0,-30.0,-83.0,-23.0,0,0
7097,3.1401,-0.9986,0.7041,0.2945,0.0,0.0,0.0,0.0,0.0,-31.0,-82.0,-22.0,0,0
7109,3.1401,-0.9986,0.7026,0.2945,0.0,0.0,0.0,0.0,0.0,-30.0,-86.0,-22.0,0,0
7122,3.1401,-0.9986,0.7041,0.2945,0.0,0.0,0.0,0.0,0.0,-30.0,-82.0,-17.0,0,0
7130,3.1401,-0.9986,0.7026,0.2945,0.0,0.0,0.0,0.0,0.0,-31.0,-83.0,-17.0,0,0
7142,3.1401,-0.9986,0.7041,0.2945,0.0,0.0,0.0,0.0,0.0,-31.0,-84.0,-17.0,0,0
7150,3.1401,-0.9986,0.7026,0.2945,0.0,0.0,0.0,0.0,0.0,-30.0,-84.0,-17.0,0,0
7163,3.1401,-0.9986,0.7026,0.2945,0.0,0.0,0.0,0.0,0.0,-32.0,-85.0,-18.0,0,0
7171,3.1401,-0.9986,0.7026,0.2945,0.0,0.0,0.0,0.0,0.0,-32.0,-85.0,-18.0,0,0
7183,3.1385,-0.9986,0.7026,0.2945,0.0,0.0,0.0,0.0,0.0,-31.0,-83.0,-18.0,0,0
7192,3.1385,-0.9986,0.7026,0.2945,0.0,0.0,0.0,0.0,0.0,-31.0,-83.0,-18.0,0,0
7204,3.1401,-0.9986,0.7041,0.2945,0.0,0.0,0.0,0.0,0.0,-22.0,-84.0,-16.0,0,0
7212,3.1401,-0.9986,0.7041,0.2945,0.0,0.0,0.0,0.0,0.0,-22.0,-84.0,-16.0,0,0
7224,3.1401,-0.9986,0.7041,0.2961,0.0,0.0,0.0,0.0,0.0,-21.0,-87.0,-18.0,0,0
7236,3.1401,-0.9986,0.7026,0.2945,0.0,0.0,0.0,0.0,0.0,-21.0,-85.0,-16.0,0,0
7245,3.1401,-0.9986,0.7026,0.2945,0.0,0.0,0.0,0.0,0.0,-22.0,-82.0,-21.0,0,0
7257,3.1385,-0.9986,0.7026,0.2945,0.0,0.0,0.0,0.0,0.0,-22.0,-83.0,-18.0,0,0
7265,3.1401,-0.9986,0.7026,0.2945,0.0,0.0,0.0,0.0,0.0,-21.0,-84.0,-20.0,0,0
7277,3.1401,-0.9986,0.7026,0.2961,0.0,0.0,0.0,0.0,0.0,-22.0,-86.0,-21.0,0,0
7286,3.1401,-0.9986,0.7026,0.2961,0.0,0.0,0.0,0.0,0.0,-23.0,-82.0,-18.0,0,0
7298,3.1416,-0.9986,0.7026,0.2961,0.0,0.0,0.0,0.0,-4.0,-22.0,-82.0,-16.0,0,0
7306,3.1447,-0.9986,0.7041,0.2945,0.024,0.0,0.0,0.0,-19.0,-21.0,-85.0,-21.0,0,0
7318,3.1462,-0.9986,0.7026,0.2945,0.0479,0.0,0.0,0.0,-39.0,-22.0,-84.0,-16.0,0,0
7327,3.1493,-0.9986,0.7026,0.2945,0.0719,0.0,0.0,0.0,-78.0,-21.0,-87.0,-16.0,0,0
7339,3.1493,-0.9986,0.7026,0.2945,0.0959,0.0,0.0,0.0,-81.0,-22.0,-89.0,-18.0,0,0
7347,3.1508,-0.9986,0.7041,0.2961,0.1198,0.0,0.0,0.0,-71.0,-26.0,-87.0,-16.0,0,0
7359,3.1523,-0.9986,0.7041,0.2945,0.1438,0.0,0.0,0.0,-82.0,-25.0,-89.0,-16.0,3,0
7372,3.1523,-0.9971,0.7041,0.2945,0.1438,0.0,0.0,0.0,-89.0,-30.0,-89.0,-17.0,24,1
7384,3.1554,-0.9971,0.7041,0.2945,0.1198,0.0,0.0,0.0,-93.0,-20.0,-90.0,-21.0,37,1
7392,3.1554,-0.9971,0.7041,0.2945,0.1198,0.0,0.0,0.0,-93.0,-20.0,-90.0,-21.0,45,1
7404,3.1569,-0.9971,0.7041,0.2945,0.0959,0.0,0.0,0.0,-105.0,-33.0,-84.0,-20.0,50,1
7417,3.1569,-0.9971,0.7041,0.2945,0.0959,0.0,0.0,0.0,-94.0,-23.0,-84.0,-22.0,55,1
7429,3.1569,-0.9971,0.7026,0.2945,0.0719,0.0,0.0,0.0,-88.0,-20.0,-88.0,-16.0,61,1
7441,3.1569,-0.9971,0.7041,0.2945,0.0719,0.0,0.0,0.0,-87.0,-27.0,-86.0,-18.0,64,1
7449,3.1554,-0.9971,0.7026,0.2945,0.0479,0.0,0.0,0.0,-87.0,-22.0,-89.0,-18.0,64,1
7462,3.1569,-0.9971,0.7026,0.2945,0.024,0.0,0.0,0.0,-88.0,-21.0,-90.0,-23.0,64,1
7474,3.1569,-0.9971,0.7041,0.2945,0.0,0.0,0.0,0.0,-85.0,-18.0,-88.0,-18.0,64,1
7486,3.1554,-0.9971,0.7041,0.2945,0.0,0.0,0.0,0.0,-75.0,-19.0,-90.0,-20.0,62,1
7499,3.1539,-0.9971,0.7026,0.2945,0.0,0.0,0.0,0.0,-57.0,-32.0,-86.0,-17.0,53,1
7507,3.1523,-0.9971,0.7041,0.2945,-0.024,0.0,0.0,0.0,-39.0,-28.0,-86.0,-16.0,45,1
7519,3.1508,-0.9971,0.7041,0.2945,-0.0479,0.0,0.0,0.0,-25.0,-16.0,-86.0,-19.0,38,1
7531,3.1493,-0.9971,0.7041,0.2961,-0.0719,0.0,0.0,0.0,-13.0,-26.0,-85.0,-22.0,33,1
7544,3.1431,-0.9971,0.7026,0.2945,-0.1198,0.0,0.0,0.0,0.0,-24.0,-90.0,-21.0,24,1
7556,3.1416,-0.9971,0.7026,0.2945,-0.1438,0.0,0.0,0.0,5.0,-18.0,-84.0,-18.0,12,1
7564,3.1401,-0.9986,0.7026,0.2945,-0.1678,0.0,0.0,0.0,9.0,-20.0,-84.0,-17.0,3,0
7576,3.1385,-0.9986,0.7026,0.2961,-0.1678,0.0,0.0,0.0,0.0,-21.0,-84.0,-20.0,1,0
7585,3.1385,-0.9986,0.7026,0.2945,-0.1678,0.0,0.0,0.0,0.0,-17.0,-90.0,-19.0,1,0
7597,3.1385,-0.9986,0.7041,0.2945,-0.1678,0.0,0.0,0.0,0.0,-20.0,-89.0,-21.0,0,0
7605,3.1401,-0.9971,0.7041,0.2945,-0.1438,0.0,0.0,0.0,0.0,-20.0,-93.0,-18.0,0,0
7617,3.1401,-0.9986,0.7041,0.2945,-0.0959,0.0,0.0,0.0,0.0,-15.0,-92.0,-20.0,0,0
7626,3.1401,-0.9971,0.7041,0.2945,-0.0719,0.0,0.0,0.0,0.0,-17.0,-87.0,-20.0,1,0
7638,3.1401,-0.9986,0.7041,0.2945,-0.024,0.0,0.0,0.0,0.0,-21.0,-91.0,-18.0,0,0
7646,3.1401,-0.9986,0.7041,0.2961,0.0,0.0,0.0,0.0,0.0,-17.0,-85.0,-18.0,0,0
7658,3.1385,-0.9986,0.7026,0.2945,0.0,0.0,0.0,0.0,0.0,-24.0,-89.0,-17.0,0,0
7667,3.1401,-0.9971,0.7026,0.2945,0.0,0.0,0.0,0.0,0.0,-15.0,-87.0,-17.0,0,0
7679,3.1385,-0.9971,0.7026,0.2945,0.0,0.0,0.0,0.0,0.0,-19.0,-86.0,-16.0,0,0
7691,3.1401,-0.9986,0.7026,0.2945,0.0,0.0,0.0,0.0,0.0,-20.0,-89.0,-19.0,0,0
7699,3.1401,-0.9986,0.7026,0.2945,0.0,0.0,0.0,0.0,0.0,-24.0,-91.0,-18.0,0,0
7712,3.1401,-0.9971,0.7026,0.2945,0.0,0.0,0.0,0.0,0.0,-18.0,-87.0,-18.0,0,0
7720,3.1401,-0.9986,0.7041,0.2945,0.0,0.0,0.0,0.0,0.0,-17.0,-89.0,-18.0,0,0
7732,3.1401,-0.9971,0.7026,0.2945,0.0,0.0,0.0,0.0,0.0,-24.0,-93.0,-21.0,0,0
7740,3.1401,-0.9986,0.7026,0.2945,0.0,0.0,0.0,0.0,0.0,-19.0,-93.0,-21.0,0,0
7753,3.1401,-0.9986,0.7041,0.2945,0.0,0.0,0.0,0.0,0.0,-19.0,-91.0,-20.0,0,0
7761,3.1401,-0.9986,0.7041,0.2945,0.0,0.0,0.0,0.0,0.0,-19.0,-91.0,-20.0,0,0
7773,3.1401,-0.9986,0.7026,0.2945,0.0,0.0,0.0,0.0,0.0,-16.0,-93.0,-17.0,0,0
7781,3.1401,-0.9986,0.7026,0.2945,0.0,0.0,0.0,0.0,0.0,-16.0,-93.0,-17.0,0,0
7793,3.1385,-0.9986,0.7026,0.2945,0.0,0.0,0.0,0.0,0.0,-16.0,-91.0,-17.0,0,0
7802,3.1385,-0.9986,0.7026,0.2945,0.0,0.0,0.0,0.0,0.0,-16.0,-91.0,-17.0,0,0
7814,3.1401,-0.9986,0.7041,0.2945,0.0,0.0,0.0,0.0,0.0,-16.0,-92.0,-20.0,0,0
7826,3.1401,-0.9986,0.7041,0.2945,0.0,0.0,0.0,0.0,0.0,-15.0,-92.0,-20.0,0,0
7834,3.1401,-0.9986,0.7026,0.2945,0.0,0.0,0.0,0.0,0.0,-16.0,-94.0,-19.0,0,0
7847,3.1401,-0.9986,0.7041,0.2945,0.0,0.0,0.0,0.0,0.0,-19.0,-90.0,-17.0,0,0
7855,3.1401,-0.9971,0.7026,0.2945,0.0,0.0,0.0,0.0,0.0,-22.0,-90.0,-19.0,0,0
7867,3.1401,-0.9986,0.7041,0.2961,0.0,0.0,0.0,0.0,0.0,-20.0,-90.0,-19.0,0,0
7875,3.1401,-0.9986,0.7026,0.2945,0.0,0.0,0.0,0.0,0.0,-21.0,-91.0,-19.0,0,0
7888,3.1401,-0.9986,0.7026,0.2945,0.0,0.0,0.0,0.0,0.0,-14.0,-91.0,-20.0,0,0
7896,3.1401,-0.9986,0.7026,0.2961,0.0,0.0,0.0,0.0,0.0,-12.0,-93.0,-18.0,0,0
7908,3.1401,-0.9986,0.7026,0.2961,0.0,0.0,0.0,0.0,0.0,-12.0,-90.0,-20.0,0,0
7916,3.1401,-0.9986,0.7026,0.2945,0.0,0.0,0.0,0.0,0.0,-15.0,-91.0,-19.0,0,0
7929,3.1401,-0.9971,0.7041,0.2945,0.0,0.0,0.0,0.0,0.0,-18.0,-91.0,-18.0,0,0
7941,3.1401,-0.9986,0.7041,0.2945,0.0,0.0,0.0,0.0,0.0,-11.0,-91.0,-20.0,0,0
7949,3.1401,-0.9986,0.7026,0.2961,0.0,0.0,0.0,0.0,0.0,-19.0,-92.0,-18.0,0,0
7961,3.1401,-0.9971,0.7041,0.2945,0.0,0.0,0.0,0.0,0.0,-18.0,-91.0,-20.0,0,0
7970,3.1401,-0.9986,0.7026,0.2945,0.0,0.0,0.0,0.0,0.0,-15.0,-91.0,-16.0,0,0
7982,3.1401,-0.9986,0.7026,0.2945,0.0,0.0,0.0,0.0,0.0,-21.0,-92.0,-20.0,0,0
7990,3.1401,-0.9986,0.7041,0.2961,0.0,0.0,0.0,0.0,0.0,-15.0,-91.0,-21.0,0,0
8002,3.1401,-0.9986,0.7026,0.2945,0.0,0.0,0.0,0.0,0.0,-18.0,-93.0,-18.0,0,0
8011,3.1416,-0.9986,0.7041,0.2945,0.0,0.0,0.0,0.0,-5.0,-12.0,-95.0,-16.0,0,0
8023,3.1431,-0.9971,0.7041,0.2945,0.024,0.0,0.0,0.0,-48.0,-28.0,-96.0,-16.0,0,0
8031,3.1431,-0.9971,0.7041,0.2945,0.024,0.0,0.0,0.0,-48.0,-28.0,-96.0,-16.0,0,0
8043,3.1355,-0.9971,0.7041,0.2945,0.0,0.0,0.0,0.0,10.0,-41.0,-99.0,-17.0,0,0
8052,3.1355,-0.9971,0.7041,0.2945,0.0,0.0,0.0,0.0,10.0,-41.0,-99.0,-17.0,0,0
8064,3.1385,-0.9956,0.7056,0.2945,-0.024,0.0,0.0,0.0,0.0,-35.0,-114.0,-21.0,16,1
8077,3.1416,-0.9956,0.7056,0.2945,-0.024,0.024,0.0,0.0,-5.0,-28.0,-119.0,-17.0,36,1
8088,3.1431,-0.9956,0.7056,0.2945,0.0,0.024,0.0,0.0,-31.0,-25.0,-123.0,-18.0,36,1
8101,3.1431,-0.9956,0.7056,0.2945,0.0,0.024,0.0,0.0,-32.0,-24.0,-124.0,-16.0,38,1
8109,3.1431,-0.9956,0.7056,0.2961,0.024,0.024,0.0,0.0,-32.0,-29.0,-123.0,-16.0,44,1
8121,3.1416,-0.9971,0.7056,0.2945,0.0479,0.024,0.0,0.0,-24.0,-25.0,-124.0,-16.0,48,1
8133,3.1431,-0.9956,0.7056,0.2945,0.0479,0.0,0.0,0.0,-7.0,-24.0,-126.0,-16.0,52,1
8146,3.1416,-0.9956,0.7056,0.2945,0.024,0.0,0.0,0.0,-6.0,-28.0,-126.0,-16.0,52,1
8158,3.1416,-0.9956,0.7056,0.2945,0.0,0.0,0.0,0.0,-1.0,-23.0,-124.0,-16.0,52,1
8166,3.1401,-0.9956,0.7056,0.2945,0.0,0.0,0.0,0.0,0.0,-31.0,-100.0,-16.0,47,1
8178,3.1401,-0.9956,0.7041,0.2945,-0.024,0.0,0.0,0.0,0.0,-30.0,-101.0,-18.0,43,1
8191,3.1416,-0.9956,0.7041,0.2945,-0.024,0.0,0.0,0.0,-1.0,-30.0,-98.0,-16.0,38,1
8203,3.1401,-0.9956,0.7041,0.2945,0.0,0.0,0.0,0.0,-2.0,-27.0,-100.0,-17.0,32,1
8215,3.1401,-0.9971,0.7041,0.2961,0.0,0.0,0.0,0.0,0.0,-32.0,-100.0,-18.0,24,1
8224,3.1401,-0.9971,0.7041,0.2945,0.0,0.0,0.0,0.0,0.0,-28.0,-99.0,-19.0,17,1
8236,3.1401,-0.9956,0.7041,0.2945,0.0,0.0,0.0,0.0,-3.0,-27.0,-98.0,-21.0,10,0
8248,3.1401,-0.9971,0.7041,0.2961,0.0,0.0,0.0,0.0,-1.0,-32.0,-100.0,-16.0,0,0
8256,3.1401,-0.9971,0.7041,0.2945,0.0,0.0,0.0,0.0,0.0,-30.0,-100.0,-16.0,0,0
8269,3.1401,-0.9956,0.7041,0.2945,0.0,0.0,0.0,0.0,0.0,-27.0,-100.0,-19.0,0,0
8277,3.1385,-0.9971,0.7041,0.2945,0.0,0.0,0.0,0.0,0.0,-24.0,-99.0,-21.0,0,0
8289,3.1385,-0.9956,0.7041,0.2945,0.0,0.0,0.0,0.0,4.0,-28.0,-100.0,-17.0,0,0
8297,3.137,-0.9971,0.7041,0.2945,-0.024,0.0,0.0,0.0,0.0,-31.0,-100.0,-19.0,0,0
8310,3.137,-0.9971,0.7041,0.2945,-0.024,0.0,0.0,0.0,9.0,-27.0,-100.0,-20.0,0,0
8322,3.1355,-0.9956,0.7041,0.2945,-0.0479,0.0,0.0,0.0,8.0,-29.0,-101.0,-20.0,0,0
8330,3.1355,-0.9956,0.7041,0.2945,-0.0479,0.0,0.0,0.0,0.0,-30.0,-100.0,-19.0,0,0
8342,3.1385,-0.9971,0.7041,0.2945,-0.024,0.0,0.0,0.0,0.0,-30.0,-101.0,-16.0,0,0
8351,3.1401,-0.9956,0.7041,0.2945,-0.024,0.0,0.0,0.0,0.0,-28.0,-101.0,-20.0,0,0
8363,3.1401,-0.9971,0.7041,0.2945,0.0,0.0,0.0,0.0,0.0,-25.0,-102.0,-21.0,0,0
8371,3.1401,-0.9971,0.7041,0.2945,0.0,0.0,0.0,0.0,0.0,-25.0,-102.0,-21.0,0,0
8383,3.1401,-0.9956,0.7041,0.2945,0.0479,0.0,0.0,0.0,0.0,-28.0,-102.0,-21.0,0,0
8391,3.1401,-0.9956,0.7041,0.2945,0.0479,0.0,0.0,0.0,0.0,-28.0,-102.0,-21.0,0,0
8404,3.1401,-0.9971,0.7041,0.2945,0.024,0.0,0.0,0.0,0.0,-33.0,-102.0,-21.0,0,0
8412,3.1401,-0.9971,0.7041,0.2945,0.024,0.0,0.0,0.0,0.0,-33.0,-102.0,-21.0,0,0
8424,3.1401,-0.9971,0.7041,0.2945,0.0,0.0,0.0,0.0,0.0,-30.0,-101.0,-19.0,0,0
8432,3.1401,-0.9971,0.7041,0.2945,0.0,0.0,0.0,0.0,0.0,-30.0,-101.0,-19.0,0,0
8445,3.1401,-0.9956,0.7041,0.2945,0.0,0.0,0.0,0.0,0.0,-28.0,-102.0,-19.0,0,0
8457,3.1401,-0.9956,0.7041,0.2945,0.0,0.0,0.0,0.0,0.0,-31.0,-102.0,-21.0,0,0
8465,3.1401,-0.9971,0.7041,0.2945,0.0,0.0,0.0,0.0,0.0,-27.0,-102.0,-19.0,0,0
8477,3.1401,-0.9956,0.7041,0.2945,0.0,0.0,0.0,0.0,0.0,-29.0,-102.0,-15.0,0,0
8486,3.1401,-0.9956,0.7041,0.2945,0.0,0.0,0.0,0.0,0.0,-29.0,-103.0,-14.0,0,0
8498,3.1401,-0.9971,0.7041,0.2945,0.0,0.0,0.0,0.0,0.0,-28.0,-103.0,-20.0,0,0
8506,3.1401,-0.9971,0.7041,0.2961,0.0,0.0,0.0,0.0,0.0,-29.0,-103.0,-22.0,0,0
8518,3.1401,-0.9971,0.7041,0.2945,0.0,0.0,0.0,0.0,0.0,-25.0,-103.0,-18.0,0,0
8527,3.1401,-0.9971,0.7041,0.2945,0.0,0.0,0.0,0.0,0.0,-27.0,-103.0,-15.0,0,0
8539,3.1401,-0.9971,0.7041,0.2945,0.0,0.0,0.0,0.0,0.0,-29.0,-103.0,-20.0,0,0
8547,3.1401,-0.9956,0.7041,0.2945,0.0,0.0,0.0,0.0,0.0,-32.0,-103.0,-17.0,0,0
8559,3.1401,-0.9971,0.7041,0.2961,0.0,0.0,0.0,0.0,0.0,-28.0,-103.0,-22.0,0,0
8568,3.1401,-0.9971,0.7041,0.2961,0.0,0.0,0.0,0.0,0.0,-31.0,-103.0,-22.0,0,0
8580,3.1401,-0.9971,0.7041,0.2945,0.0,0.0,0.0,0.0,0.0,-30.0,-103.0,-15.0,0,0
8592,3.1401,-0.9971,0.7041,0.2945,0.0,0.0,0.0,0.0,0.0,-30.0,-103.0,-26.0,0,0
8600,3.1401,-0.9956,0.7041,0.2945,0.0,0.0,0.0,0.0,0.0,-26.0,-103.0,-21.0,0,0
8613,3.1401,-0.9971,0.7041,0.2945,0.0,0.0,0.0,0.0,0.0,-30.0,-105.0,-19.0,0,0
8621,3.1401,-0.9971,0.7041,0.2945,0.0,0.0,0.0,0.0,0.0,-30.0,-105.0,-19.0,0,0
8633,3.1401,-0.9956,0.7041,0.2961,0.0,0.0,0.0,0.0,0.0,-32.0,-105.0,-15.0,0,0
8641,3.1401,-0.9956,0.7041,0.2961,0.0,0.0,0.0,0.0,0.0,-32.0,-105.0,-15.0,0,0
8654,3.1401,-0.9956,0.7041,0.2945,0.0,0.0,0.0,0.0,0.0,-23.0,-105.0,-21.0,0,0
8662,3.1401,-0.9956,0.7041,0.2945,0.0,0.0,0.0,0.0,0.0,-23.0,-105.0,-21.0,0,0
8674,3.1401,-0.9971,0.7041,0.2945,0.0,0.0,0.0,0.0,0.0,-25.0,-104.0,-22.0,0,0
8682,3.1401,-0.9971,0.7041,0.2945,0.0,0.0,0.0,0.0,0.0,-25.0,-104.0,-22.0,0,0
8695,3.1401,-0.9956,0.7041,0.2945,0.0,0.0,0.0,0.0,0.0,-24.0,-106.0,-18.0,0,0
8707,3.1401,-0.9956,0.7041,0.2961,0.0,0.0,0.0,0.0,0.0,-29.0,-106.0,-21.0,0,0
8715,3.1401,-0.9956,0.7041,0.2945,0.0,0.0,0.0,0.0,0.0,-27.0,-106.0,-14.0,0,0
8727,3.1401,-0.9956,0.7041,0.2961,0.0,0.0,0.0,0.0,0.0,-29.0,-105.0,-17.0,0,0
8736,3.1401,-0.9971,0.7041,0.2945,0.0,0.0,0.0,0.0,0.0,-28.0,-105.0,-18.0,0,0
8748,3.1401,-0.9971,0.7041,0.2945,0.0,0.0,0.0,0.0,0.0,-27.0,-105.0,-17.0,0,0
8756,3.1401,-0.9956,0.7041,0.2945,0.0,0.0,0.0,0.0,0.0,-28.0,-105.0,-17.0,0,0
8768,3.1401,-0.9956,0.7041,0.2945,0.0,0.0,0.0,0.0,0.0,-24.0,-105.0,-14.0,0,0
8776,3.1401,-0.9971,0.7041,0.2945,0.0,0.0,0.0,0.0,0.0,-26.0,-106.0,-19.0,0,0
8789,3.1401,-0.9956,0.7041,0.2945,0.0,0.0,0.0,0.0,0.0,-29.0,-107.0,-14.0,0,0
8797,3.1401,-0.9971,0.7041,0.2961,0.0,0.0,0.0,0.0,0.0,-30.0,-106.0,-14.0,0,0
8809,3.1401,-0.9956,0.7041,0.2945,0.0,0.0,0.0,0.0,0.0,-31.0,-106.0,-20.0,0,0
8817,3.1401,-0.9956,0.7041,0.2945,0.0,0.0,0.0,0.0,0.0,-30.0,-107.0,-21.0,0,0
8830,3.1401,-0.9971,0.7041,0.2945,0.0,0.0,0.0,0.0,0.0,-23.0,-106.0,-14.0,0,0
8842,3.1401,-0.9971,0.7041,0.2945,0.0,0.0,0.0,0.0,0.0,-28.0,-105.0,-16.0,0,0
8850,3.1401,-0.9971,0.7041,0.2945,0.0,0.0,0.0,0.0,0.0,-27.0,-106.0,-14.0,0,0
8863,3.1401,-0.9956,0.7041,0.2945,0.0,0.0,0.0,0.0,0.0,-28.0,-108.0,-14.0,0,0
8871,3.1401,-0.9956,0.7041,0.2945,0.0,0.0,0.0,0.0,0.0,-28.0,-108.0,-14.0,0,0
8883,3.1401,-0.9956,0.7041,0.2945,0.0,0.0,0.0,0.0,0.0,-29.0,-108.0,-16.0,0,0
8891,3.1401,-0.9956,0.7041,0.2945,0.0,0.0,0.0,0.0,0.0,-29.0,-108.0,-16.0,0,0
8903,3.1401,-0.9956,0.7041,0.2961,0.0,0.0,0.0,0.0,0.0,-31.0,-108.0,-18.0,0,0
8912,3.1401,-0.9956,0.7041,0.2961,0.0,0.0,0.0,0.0,0.0,-31.0,-108.0,-18.0,0,0
8924,3.1401,-0.9971,0.7041,0.2945,0.0,0.0,0.0,0.0,0.0,-29.0,-109.0,-14.0,0,0
8932,3.1401,-0.9971,0.7041,0.2945,0.0,0.0,0.0,0.0,0.0,-29.0,-109.0,-14.0,0,0
8944,3.1401,-0.9956,0.7041,0.2945,0.0,0.0,0.0,0.0,0.0,-25.0,-107.0,-14.0,0,0
8957,3.1401,-0.9956,0.7041,0.2945,0.0,0.0,0.0,0.0,0.0,-29.0,-110.0,-15.0,0,0
8965,3.1401,-0.9971,0.7041,0.2945,0.0,0.0,0.0,0.0,0.0,-25.0,-106.0,-18.0,0,0
8977,3.1401,-0.9956,0.7041,0.2945,0.0,0.0,0.0,0.0,0.0,-29.0,-109.0,-14.0,0,0
8985,3.1401,-0.9971,0.7041,0.2945,0.0,0.0,0.0,0.0,0.0,-25.0,-108.0,-17.0,0,0
8998,3.1401,-0.9971,0.7041,0.2961,0.0,0.0,0.0,0.0,0.0,-26.0,-108.0,-17.0,0,0
9006,3.1401,-0.9971,0.7041,0.2945,0.0,0.0,0.0,0.0,0.0,-29.0,-109.0,-16.0,0,0
9018,3.1401,-0.9956,0.7041,0.2945,0.0,0.0,0.0,0.0,0.0,-27.0,-109.0,-14.0,0,0
9026,3.1401,-0.9971,0.7041,0.2945,0.0,0.0,0.0,0.0,0.0,-26.0,-108.0,-17.0,0,0
9039,3.1401,-0.9971,0.7041,0.2961,0.0,0.0,0.0,0.0,0.0,-27.0,-110.0,-16.0,0,0
9047,3.1401,-0.9956,0.7041,0.2945,0.0,0.0,0.0,0.0,0.0,-27.0,-109.0,-14.0,0,0
9059,3.1401,-0.9971,0.7041,0.2945,0.0,0.0,0.0,0.0,0.0,-26.0,-111.0,-18.0,0,0
9067,3.1401,-0.9971,0.7041,0.2961,0.0,0.0,0.0,0.0,0.0,-27.0,-108.0,-14.0,0,0
9080,3.1401,-0.9971,0.7041,0.2945,0.0,0.0,0.0,0.0,0.0,-24.0,-108.0,-17.0,0,0
9092,3.1401,-0.9956,0.7041,0.2945,0.0,0.0,0.0,0.0,0.0,-24.0,-109.0,-14.0,0,0
9100,3.1401,-0.9971,0.7041,0.2945,0.0,0.0,0.0,0.0,0.0,-26.0,-108.0,-14.0,0,0
9112,3.1401,-0.9971,0.7041,0.2945,0.0,0.0,0.0,0.0,0.0,-26.0,-111.0,-14.0,0,0
9121,3.1401,-0.9971,0.7041,0.2945,0.0,0.0,0.0,0.0,0.0,-28.0,-112.0,-17.0,0,0
9133,3.1401,-0.9956,0.7041,0.2945,0.0,0.0,0.0,0.0,0.0,-28.0,-111.0,-16.0,0,0
9141,3.1401,-0.9956,0.7041,0.2945,0.0,0.0,0.0,0.0,0.0,-28.0,-111.0,-16.0,0,0
9153,3.1401,-0.9971,0.7041,0.2961,0.0,0.0,0.0,0.0,0.0,-27.0,-110.0,-16.0,0,0
9162,3.1401,-0.9971,0.7041,0.2961,0.0,0.0,0.0,0.0,0.0,-27.0,-110.0,-16.0,0,0
9174,3.1401,-0.9971,0.7041,0.2945,0.0,0.0,0.0,0.0,0.0,-27.0,-109.0,-14.0,0,0
9182,3.1401,-0.9971,0.7041,0.2945,0.0,0.0,0.0,0.0,0.0,-27.0,-109.0,-14.0,0,0
9194,3.1401,-0.9971,0.7041,0.2945,0.0,0.0,0.0,0.0,0.0,-29.0,-112.0,-14.0,0,0
9202,3.1401,-0.9971,0.7041,0.2945,0.0,0.0,0.0,0.0,0.0,-29.0,-112.0,-14.0,0,0
9215,3.1401,-0.9956,0.7041,0.2945,0.0,0.0,0.0,0.0,0.0,-27.0,-112.0,-14.0,0,0
9227,3.1401,-0.9971,0.7041,0.2945,0.0,0.0,0.0,0.0,0.0,-25.0,-112.0,-13.0,0,0
9235,3.1401,-0.9956,0.7041,0.2945,0.0,0.0,0.0,0.0,0.0,-24.0,-112.0,-15.0,0,0
9248,3.1401,-0.9971,0.7041,0.2945,0.0,0.0,0.0,0.0,0.0,-26.0,-112.0,-15.0,0,0
9256,3.1401,-0.9956,0.7041,0.2945,0.0,0.0,0.0,0.0,0.0,-30.0,-112.0,-15.0,0,0
9268,3.1401,-0.9956,0.7041,0.2945,0.0,0.0,0.0,0.0,0.0,-22.0,-113.0,-14.0,0,0
9276,3.1401,-0.9956,0.7041,0.2945,0.0,0.0,0.0,0.0,0.0,-22.0,-111.0,-14.0,0,0
9288,3.1401,-0.9971,0.7041,0.2945,0.0,0.0,0.0,0.0,0.0,-27.0,-113.0,-14.0,0,0
9297,3.1401,-0.9971,0.7041,0.2945,0.0,0.0,0.0,0.0,0.0,-22.0,-112.0,-18.0,0,0
9309,3.1401,-0.9956,0.7041,0.2945,0.0,0.0,0.0,0.0,0.0,-23.0,-111.0,-16.0,0,0
9317,3.1401,-0.9956,0.7041,0.2945,0.0,0.0,0.0,0.0,0.0,-22.0,-109.0,-16.0,0,0
9329,3.1401,-0.9956,0.7041,0.2961,0.0,0.0,0.0,0.0,0.0,-25.0,-109.0,-16.0,0,0
9342,3.1401,-0.9971,0.7041,0.2945,0.0,0.0,0.0,0.0,0.0,-21.0,-112.0,-18.0,0,0
9350,3.1401,-0.9956,0.7041,0.2945,0.0,0.0,0.0,0.0,0.0,-23.0,-114.0,-17.0,0,0
9362,3.1401,-0.9971,0.7041,0.2945,0.0,0.0,0.0,0.0,0.0,-22.0,-111.0,-14.0,0,0
9370,3.1401,-0.9956,0.7041,0.2945,0.0,0.0,0.0,0.0,0.0,-24.0,-109.0,-15.0,0,0
9383,3.1401,-0.9956,0.7041,0.2961,0.0,0.0,0.0,0.0,0.0,-22.0,-113.0,-16.0,0,0
9391,3.1401,-0.9956,0.7041,0.2961,0.0,0.0,0.0,0.0,0.0,-22.0,-113.0,-16.0,0,0
9403,3.1401,-0.9971,0.7026,0.2961,0.0,0.0,0.0,0.0,0.0,-25.0,-110.0,-14.0,0,0
9411,3.1401,-0.9971,0.7026,0.2961,0.0,0.0,0.0,0.0,0.0,-25.0,-110.0,-14.0,0,0
9424,3.1401,-0.9971,0.7026,0.2945,0.0,0.0,0.0,0.0,0.0,-19.0,-113.0,-14.0,0,0
9432,3.1401,-0.9971,0.7026,0.2945,0.0,0.0,0.0,0.0,0.0,-19.0,-113.0,-14.0,0,0
9444,3.1401,-0.9956,0.7041,0.2961,0.0,0.0,0.0,0.0,0.0,-22.0,-112.0,-14.0,0,0
9452,3.1401,-0.9956,0.7041,0.2961,0.0,0.0,0.0,0.0,0.0,-22.0,-112.0,-14.0,0,0
9465,3.1401,-0.9956,0.7041,0.2945,0.0,0.0,0.0,0.0,0.0,-24.0,-115.0,-15.0,0,0
9477,3.1401,-0.9971,0.7041,0.2945,0.0,0.0,0.0,0.0,0.0,-24.0,-114.0,-14.0,0,0
9485,3.1385,-0.9971,0.7041,0.2945,0.0,0.0,0.0,0.0,0.0,-25.0,-112.0,-17.0,0,0
9497,3.137,-0.9956,0.7041,0.2945,0.0,0.0,0.0,0.0,1.0,-18.0,-112.0,-14.0,0,0
9506,3.137,-0.9971,0.7026,0.2945,0.0,0.0,0.0,0.0,1.0,-21.0,-113.0,-14.0,0,0
9518,3.1355,-0.9956,0.7041,0.2945,-0.024,0.0,0.0,0.0,13.0,-22.0,-114.0,-14.0,0,0
9526,3.1355,-0.9956,0.7041,0.2945,-0.0479,0.0,0.0,0.0,13.0,-24.0,-114.0,-14.0,0,0
9538,3.1355,-0.9971,0.7041,0.2961,-0.0479,0.0,0.0,0.0,15.0,-24.0,-114.0,-14.0,0,0
9547,3.1355,-0.9971,0.7041,0.2945,-0.0479,0.0,0.0,0.0,16.0,-21.0,-111.0,-14.0,0,0
9559,3.1355,-0.9956,0.7026,0.2945,-0.0479,0.0,0.0,0.0,17.0,-20.0,-113.0,-14.0,0,0
9567,3.1355,-0.9971,0.7041,0.2945,-0.0479,0.0,0.0,0.0,21.0,-22.0,-108.0,-14.0,1,0
9579,3.1355,-0.9956,0.7026,0.2961,-0.024,0.0,0.0,0.0,21.0,-24.0,-112.0,-14.0,3,0
9592,3.1355,-0.9956,0.7026,0.2945,0.0,0.0,0.0,0.0,18.0,-26.0,-115.0,-14.0,17,1
9604,3.1355,-0.9956,0.7041,0.2945,0.0,0.0,0.0,0.0,23.0,-28.0,-115.0,-14.0,28,1
9612,3.1355,-0.9956,0.7041,0.2945,0.0,0.0,0.0,0.0,23.0,-28.0,-115.0,-14.0,33,1
9624,3.1355,-0.9956,0.7041,0.2945,0.0,0.0,0.0,0.0,21.0,-18.0,-113.0,-14.0,36,1
9637,3.1355,-0.9956,0.7026,0.2945,0.0,0.0,0.0,0.0,20.0,-23.0,-116.0,-14.0,38,1
9649,3.1355,-0.9956,0.7041,0.2945,0.0,0.0,0.0,0.0,11.0,-26.0,-115.0,-14.0,39,1
9661,3.137,-0.9971,0.7041,0.2945,0.0,0.0,0.0,0.0,8.0,-23.0,-109.0,-14.0,38,1
9669,3.137,-0.9971,0.7026,0.2945,0.0,0.0,0.0,0.0,6.0,-24.0,-96.0,-14.0,29,1
9682,3.1385,-0.9971,0.701,0.2945,0.024,0.0,0.0,0.0,1.0,-21.0,-89.0,-14.0,16,1
9694,3.1385,-0.9971,0.701,0.2961,0.024,0.0,-0.024,0.0,0.0,-22.0,-104.0,-14.0,8,0
9702,3.1385,-0.9971,0.701,0.2961,0.024,0.0,-0.024,0.0,0.0,-22.0,-104.0,-14.0,0,0
9714,3.1385,-0.9971,0.701,0.2961,0.024,0.0,-0.024,0.0,0.0,-23.0,-104.0,-14.0,0,0
9723,3.1401,-0.9971,0.701,0.2945,0.024,0.0,-0.024,0.0,0.0,-22.0,-104.0,-14.0,0,0
9735,3.1401,-0.9971,0.701,0.2945,0.024,0.0,-0.024,0.0,0.0,-23.0,-105.0,-14.0,0,0
9743,3.1401,-0.9971,0.701,0.2945,0.024,0.0,0.0,0.0,0.0,-22.0,-106.0,-14.0,0,0
9755,3.1401,-0.9971,0.701,0.2961,0.024,0.0,0.0,0.0,0.0,-18.0,-106.0,-14.0,0,0
9764,3.1401,-0.9956,0.701,0.2945,0.024,0.0,0.0,0.0,0.0,-21.0,-106.0,-14.0,0,0
9776,3.1401,-0.9971,0.701,0.2945,0.024,0.0,0.0,0.0,0.0,-24.0,-106.0,-14.0,0,0
9788,3.1401,-0.9971,0.701,0.2945,0.0,0.0,0.0,0.0,0.0,-18.0,-105.0,-15.0,0,0
9796,3.1401,-0.9971,0.701,0.2945,0.0,0.0,0.0,0.0,0.0,-22.0,-106.0,-14.0,0,0
9809,3.1385,-0.9956,0.701,0.2945,0.0,0.0,0.0,0.0,0.0,-17.0,-105.0,-14.0,0,0
9817,3.1401,-0.9971,0.701,0.2945,0.0,0.0,0.0,0.0,0.0,-18.0,-107.0,-14.0,0,0
9829,3.1401,-0.9971,0.701,0.2945,0.0,0.0,0.0,0.0,0.0,-22.0,-105.0,-14.0,0,0
9837,3.1401,-0.9971,0.701,0.2945,0.0,0.0,0.0,0.0,0.0,-16.0,-105.0,-14.0,0,0
9850,3.1401,-0.9971,0.701,0.2945,0.0,0.0,0.0,0.0,0.0,-16.0,-106.0,-14.0,0,0
9858,3.1401,-0.9971,0.701,0.2945,0.0,0.0,0.0,0.0,0.0,-16.0,-105.0,-14.0,0,0
9870,3.1401,-0.9971,0.701,0.2961,0.0,0.0,0.0,0.0,0.0,-14.0,-106.0,-14.0,0,0
9878,3.1401,-0.9971,0.701,0.2961,0.0,0.0,0.0,0.0,0.0,-17.0,-106.0,-14.0,0,0
9891,3.1401,-0.9971,0.701,0.2945,0.0,0.0,0.0,0.0,0.0,-17.0,-105.0,-12.0,0,0
9899,3.1401,-0.9971,0.701,0.2945,0.0,0.0,0.0,0.0,0.0,-17.0,-106.0,-10.0,0,0
9911,3.1401,-0.9971,0.701,0.2945,0.0,0.0,0.0,0.0,0.0,-17.0,-106.0,-11.0,0,0
9923,3.1401,-0.9971,0.701,0.2945,0.0,0.0,0.0,0.0,0.0,-20.0,-106.0,-10.0,0,0
9932,3.1401,-0.9971,0.701,0.2945,0.0,0.0,0.0,0.0,0.0,-20.0,-106.0,-10.0,0,0
9944,3.1401,-0.9971,0.701,0.2945,0.0,0.0,0.0,0.0,0.0,-19.0,-106.0,-9.0,0,0
9952,3.1401,-0.9971,0.701,0.2945,0.0,0.0,0.0,0.0,0.0,-19.0,-106.0,-9.0,0,0
9964,3.1401,-0.9971,0.701,0.2945,0.0,0.0,0.0,0.0,0.0,-19.0,-107.0,-12.0,0,0
9972,3.1401,-0.9971,0.701,0.2945,0.0,0.0,0.0,0.0,0.0,-19.0,-107.0,-12.0,0,0
9985,3.1401,-0.9971,0.701,0.2961,0.0,0.0,0.0,0.0,0.0,-19.0,-107.0,-12.0,0,0
9993,3.1401,-0.9956,0.701,0.2945,0.0,0.0,0.0,0.0,0.0,-19.0,-107.0,-10.0,0,0
10005,3.1401,-0.9971,0.701,0.2945,0.0,0.0,0.0,0.0,0.0,-19.0,-106.0,-10.0,0,0
10013,3.1401,-0.9956,0.701,0.2945,0.0,0.0,0.0,0.0,0.0,-20.0,-107.0,-9.0,0,0
10026,3.1401,-0.9971,0.701,0.2945,0.0,0.0,0.0,0.0,0.0,-19.0,-107.0,-10.0,0,0
10034,3.1401,-0.9971,0.701,0.2945,0.0,0.0,0.0,0.0,0.0,-16.0,-107.0,-11.0,0,0
10046,3.1401,-0.9971,0.701,0.2945,0.0,0.0,0.0,0.0,0.0,-16.0,-106.0,-10.0,0,0
10058,3.1401,-0.9971,0.701,0.2961,0.0,0.0,0.0,0.0,0.0,-16.0,-107.0,-10.0,0,0
10067,3.1401,-0.9971,0.701,0.2961,0.0,0.0,0.0,0.0,0.0,-22.0,-108.0,-11.0,0,0
10079,3.1401,-0.9971,0.701,0.2945,0.0,0.0,0.0,0.0,0.0,-15.0,-109.0,-12.0,0,0
10087,3.1401,-0.9971,0.701,0.2961,0.0,0.0,0.0,0.0,0.0,-18.0,-109.0,-11.0,0,0
10099,3.1401,-0.9971,0.701,0.2961,0.0,0.0,0.0,0.0,0.0,-20.0,-108.0,-12.0,0,0
10108,3.1401,-0.9971,0.701,0.2945,0.0,0.0,0.0,0.0,0.0,-19.0,-107.0,-9.0,0,0
10120,3.1401,-0.9956,0.701,0.2945,0.0,0.0,0.0,0.0,0.0,-18.0,-107.0,-9.0,0,0
10128,3.1401,-0.9971,0.701,0.2961,0.0,0.0,0.0,0.0,0.0,-20.0,-106.0,-9.0,0,0
10140,3.1401,-0.9971,0.701,0.2961,0.0,0.0,0.0,0.0,0.0,-16.0,-108.0,-9.0,0,0
10149,3.1401,-0.9971,0.701,0.2945,0.0,0.0,0.0,0.0,0.0,-18.0,-106.0,-10.0,0,0
10161,3.1401,-0.9971,0.701,0.2945,0.0,0.0,0.0,0.0,0.0,-18.0,-107.0,-12.0,0,0
10173,3.1401,-0.9956,0.701,0.2945,0.0,0.0,0.0,0.0,0.0,-18.0,-108.0,-12.0,0,0
10181,3.1401,-0.9956,0.701,0.2945,0.0,0.0,0.0,0.0,0.0,-18.0,-108.0,-12.0,0,0
10194,3.1401,-0.9971,0.701,0.2945,0.0,0.0,0.0,0.0,0.0,-16.0,-107.0,-9.0,0,0
10202,3.1401,-0.9971,0.701,0.2945,0.0,0.0,0.0,0.0,0.0,-16.0,-107.0,-9.0,0,0
10214,3.1401,-0.9956,0.701,0.2945,0.0,0.0,0.0,0.0,0.0,-17.0,-107.0,-10.0,0,0
10222,3.1401,-0.9956,0.701,0.2945,0.0,0.0,0.0,0.0,0.0,-17.0,-107.0,-10.0,0,0
10235,3.1401,-0.9956,0.701,0.2945,0.0,0.0,0.0,0.0,0.0,-14.0,-108.0,-9.0,0,0
10243,3.1401,-0.9971,0.701,0.2945,0.0,0.0,0.0,0.0,0.0,-17.0,-112.0,-10.0,0,0
10255,3.1401,-0.9956,0.701,0.2945,0.0,0.0,0.0,0.0,0.0,-15.0,-110.0,-10.0,0,0
10263,3.1401,-0.9971,0.701,0.2945,0.0,0.0,0.0,0.0,0.0,-14.0,-109.0,-12.0,0,0
10276,3.1401,-0.9971,0.701,0.2961,0.0,0.0,0.0,0.0,0.0,-13.0,-108.0,-14.0,0,0
10284,3.1401,-0.9971,0.701,0.2945,0.0,0.0,0.0,0.0,0.0,-16.0,-107.0,-9.0,0,0
10296,3.1401,-0.9971,0.701,0.2945,0.0,0.0,0.0,0.0,0.0,-15.0,-108.0,-13.0,0,0
10308,3.1401,-0.9971,0.701,0.2945,0.0,0.0,0.0,0.0,0.0,-14.0,-108.0,-6.0,0,0
10317,3.1401,-0.9971,0.701,0.2961,0.0,0.0,0.0,0.0,0.0,-12.0,-110.0,-10.0,0,0
10329,3.1401,-0.9971,0.701,0.2945,0.0,0.0,0.0,0.0,0.0,-11.0,-108.0,-11.0,0,0
10337,3.1401,-0.9971,0.701,0.2961,0.0,0.0,0.0,0.0,0.0,-12.0,-108.0,-11.0,0,0
10349,3.1385,-0.9971,0.701,0.2961,0.0,0.0,0.0,0.0,0.0,-11.0,-108.0,-11.0,0,0
10357,3.1401,-0.9971,0.701,0.2961,0.0,0.0,0.0,0.0,0.0,-12.0,-107.0,-9.0,0,0
10370,3.1401,-0.9971,0.701,0.2961,0.0,0.0,0.0,0.0,0.0,-10.0,-110.0,-10.0,0,0
10378,3.1401,-0.9971,0.701,0.2945,0.0,0.0,0.0,0.0,0.0,-15.0,-108.0,-11.0,0,0
10390,3.1385,-0.9971,0.701,0.2945,0.0,0.0,0.0,0.0,0.0,-12.0,-108.0,-13.0,0,0
10398,3.1401,-0.9971,0.701,0.2945,0.0,0.0,0.0,0.0,0.0,-12.0,-111.0,-14.0,0,0
10411,3.1385,-0.9971,0.701,0.2961,0.0,0.0,0.0,0.0,0.0,-11.0,-108.0,-6.0,0,0
10419,3.1385,-0.9971,0.701,0.2945,0.0,0.0,0.0,0.0,0.0,-11.0,-112.0,-5.0,0,0
10431,3.1385,-0.9971,0.7026,0.2945,0.0,0.0,0.0,0.0,0.0,-16.0,-119.0,-9.0,0,0
10444,3.1416,-0.9956,0.7041,0.2961,0.0,0.0,0.024,0.0,-7.0,-42.0,-159.0,-14.0,1,0
10452,3.1416,-0.9956,0.7041,0.2961,0.0,0.0,0.024,0.0,-7.0,-42.0,-159.0,-14.0,9,0
10464,3.1447,-0.994,0.7087,0.2961,0.024,0.024,0.0719,0.0,-21.0,-51.0,-170.0,-16.0,25,1
10476,3.1431,-0.994,0.7102,0.2961,0.0479,0.024,0.0959,0.0,-8.0,-54.0,-166.0,-16.0,46,1
10489,3.1416,-0.9925,0.7102,0.2961,0.0479,0.0479,0.0959,0.0,0.0,-45.0,-176.0,-16.0,65,1
10497,3.1401,-0.9925,0.7102,0.2961,0.0479,0.0479,0.0959,0.0,8.0,-43.0,-175.0,-16.0,70,1
10509,3.1401,-0.994,0.7102,0.2961,0.024,0.0479,0.0959,0.0,0.0,-42.0,-175.0,-13.0,64,1
10521,3.1385,-0.994,0.7087,0.2961,0.0,0.024,0.0719,0.0,0.0,-42.0,-146.0,-13.0,64,1
10534,3.1401,-0.994,0.7056,0.2961,-0.0479,0.0,0.0,0.0,0.0,-32.0,-101.0,-14.0,73,1
10542,3.1401,-0.994,0.7056,0.2961,-0.0479,0.0,0.0,0.0,0.0,-32.0,-101.0,-14.0,72,1
10554,3.1401,-0.9956,0.7026,0.2961,-0.024,0.0,-0.0479,0.0,0.0,-6.0,-96.0,-15.0,60,1
10566,3.1401,-0.9971,0.701,0.2961,-0.024,-0.024,-0.0719,0.0,0.0,0.0,-89.0,-16.0,47,1
10579,3.1385,-0.9971,0.701,0.2961,0.0,-0.024,-0.0959,0.0,0.0,-8.0,-81.0,-13.0,24,1
10591,3.1385,-0.9971,0.698,0.2961,0.0,-0.0479,-0.1198,0.0,0.0,-11.0,-91.0,-13.0,10,0
10599,3.1385,-0.9971,0.6995,0.2961,0.0,-0.0479,-0.1198,0.0,0.0,-11.0,-97.0,-16.0,0,0
10611,3.1385,-0.9971,0.698,0.2961,0.0,-0.0479,-0.1198,0.0,0.0,-11.0,-104.0,-16.0,1,0
10620,3.1385,-0.9971,0.6995,0.2961,0.0,-0.024,-0.0959,0.0,4.0,-11.0,-103.0,-15.0,1,0
10632,3.1385,-0.9971,0.6995,0.2961,0.0,-0.024,-0.0719,0.0,0.0,-11.0,-105.0,-15.0,1,0
10640,3.1385,-0.9971,0.6995,0.2961,0.0,0.0,-0.0479,0.0,0.0,-11.0,-105.0,-16.0,1,0
10652,3.1385,-0.9971,0.698,0.2961,0.0,0.0,-0.024,0.0,0.0,-11.0,-98.0,-15.0,1,0
10661,3.1401,-0.9971,0.6995,0.2961,0.0,0.0,0.0,0.0,0.0,-12.0,-101.0,-15.0,1,0
10673,3.1401,-0.9971,0.698,0.2961,0.0,0.0,0.0,0.0,0.0,-10.0,-106.0,-12.0,1,0
10685,3.1385,-0.9971,0.698,0.2961,0.0,0.0,0.0,0.0,0.0,-13.0,-100.0,-16.0,1,0
10693,3.1401,-0.9971,0.698,0.2961,0.0,0.0,0.0,0.0,0.0,-11.0,-100.0,-16.0,1,0
10706,3.1385,-0.9971,0.698,0.2961,0.0,0.0,0.0,0.0,0.0,-11.0,-103.0,-15.0,1,0
10714,3.1385,-0.9971,0.698,0.2961,0.0,0.0,0.0,0.0,0.0,-11.0,-99.0,-16.0,1,0
10726,3.1385,-0.9971,0.6995,0.2961,0.0,0.0,0.0,0.0,0.0,-11.0,-102.0,-15.0,0,0
10734,3.1385,-0.9971,0.698,0.2961,0.0,0.0,0.0,0.0,0.0,-12.0,-106.0,-16.0,0,0
10747,3.1385,-0.9971,0.6995,0.2961,0.0,0.0,0.0,0.0,0.0,-11.0,-105.0,-16.0,0,0
10755,3.1385,-0.9971,0.6995,0.2961,0.0,0.0,0.0,0.0,0.0,-13.0,-106.0,-15.0,0,0
10767,3.1385,-0.9971,0.698,0.2961,0.0,0.0,0.0,0.0,0.0,-12.0,-101.0,-16.0,0,0
10775,3.1385,-0.9971,0.698,0.2961,0.0,0.0,0.0,0.0,0.0,-12.0,-103.0,-16.0,0,0
10788,3.1385,-0.9971,0.698,0.2961,0.0,0.0,0.0,0.0,0.0,-11.0,-103.0,-16.0,0,0
10796,3.1385,-0.9971,0.698,0.2945,0.0,0.0,0.0,0.0,0.0,-11.0,-100.0,-16.0,1,0
10808,3.1385,-0.9971,0.6995,0.2961,0.0,0.0,0.0,0.0,3.0,-11.0,-102.0,-13.0,0,0
10820,3.1385,-0.9971,0.6995,0.2961,0.0,0.0,0.0,0.0,0.0,-11.0,-100.0,-15.0,1,0
10829,3.1385,-0.9971,0.698,0.2961,0.0,0.0,0.0,0.0,0.0,-11.0,-102.0,-16.0,1,0
10841,3.1385,-0.9971,0.698,0.2961,0.0,0.0,0.0,0.0,0.0,-11.0,-103.0,-15.0,0,0
10849,3.1385,-0.9971,0.698,0.2961,0.0,0.0,0.0,0.0,0.0,-12.0,-101.0,-16.0,0,0
10861,3.1385,-0.9971,0.698,0.2961,0.0,0.0,0.0,0.0,0.0,-12.0,-104.0,-16.0,0,0
10869,3.1385,-0.9971,0.6995,0.2961,0.0,0.0,0.0,0.0,0.0,-13.0,-105.0,-14.0,0,0
10882,3.1385,-0.9971,0.698,0.2961,0.0,0.0,0.0,0.0,0.0,-12.0,-101.0,-16.0,0,0
10890,3.1385,-0.9971,0.698,0.2961,0.0,0.0,0.0,0.0,0.0,-12.0,-104.0,-15.0,0,0
10903,3.1385,-0.9971,0.6995,0.2961,0.0,0.0,0.0,0.0,0.0,-12.0,-102.0,-16.0,0,0
10910,3.1385,-0.9971,0.6995,0.2961,0.0,0.0,0.0,0.0,0.0,-12.0,-100.0,-15.0,0,0
10923,3.1385,-0.9971,0.6995,0.2961,0.0,0.0,0.0,0.0,0.0,-11.0,-99.0,-15.0,0,0
10935,3.1385,-0.9971,0.698,0.2961,0.0,0.0,0.0,0.0,0.0,-12.0,-104.0,-13.0,0,0
10943,3.1385,-0.9971,0.698,0.2961,0.0,0.0,0.0,0.0,0.0,-12.0,-103.0,-16.0,0,0
10955,3.1385,-0.9971,0.6995,0.2961,0.0,0.0,0.0,0.0,0.0,-12.0,-102.0,-16.0,0,0
10964,3.1385,-0.9971,0.698,0.2961,0.0,0.0,0.0,0.0,0.0,-12.0,-101.0,-16.0,0,0
10976,3.1385,-0.9971,0.6995,0.2961,0.0,0.0,0.0,0.0,0.0,-12.0,-99.0,-16.0,0,0
10984,3.1385,-0.9971,0.698,0.2961,0.0,0.0,0.0,0.0,0.0,-13.0,-107.0,-16.0,0,0
10996,3.1385,-0.9971,0.6995,0.2961,0.0,0.0,0.0,0.0,0.0,-13.0,-101.0,-11.0,0,0
11005,3.1385,-0.9971,0.6995,0.2961,0.0,0.0,0.0,0.0,0.0,-12.0,-101.0,-14.0,0,0
11017,3.1385,-0.9971,0.698,0.2961,0.0,0.0,0.0,0.0,0.0,-13.0,-101.0,-16.0,0,0
11025,3.1385,-0.9971,0.698,0.2961,0.0,0.0,0.0,0.0,0.0,-12.0,-103.0,-16.0,0,0
11037,3.1385,-0.9971,0.6995,0.2961,0.0,0.0,0.0,0.0,0.0,-13.0,-104.0,-16.0,0,0
11046,3.1385,-0.9971,0.698,0.2961,0.0,0.0,0.0,0.0,0.0,-11.0,-101.0,-16.0,0,0
11058,3.1385,-0.9971,0.698,0.2961,0.0,0.0,0.0,0.0,0.0,-12.0,-105.0,-14.0,0,0
11070,3.1385,-0.9971,0.6995,0.2961,0.0,0.0,0.0,0.0,0.0,-11.0,-105.0,-16.0,0,0
11078,3.1385,-0.9971,0.6995,0.2961,0.0,0.0,0.0,0.0,0.0,-13.0,-105.0,-16.0,0,0
11091,3.1385,-0.9971,0.698,0.2961,0.0,0.0,0.0,0.0,0.0,-12.0,-103.0,-13.0,0,0
11099,3.1385,-0.9971,0.6995,0.2961,0.0,0.0,0.0,0.0,0.0,-12.0,-103.0,-16.0,0,0
11111,3.1385,-0.9971,0.698,0.2961,0.0,0.0,0.0,0.0,0.0,-13.0,-99.0,-16.0,0,0
11119,3.1385,-0.9971,0.698,0.2961,0.0,0.0,0.0,0.0,0.0,-13.0,-102.0,-16.0,0,0
11132,3.1385,-0.9971,0.698,0.2961,0.0,0.0,0.0,0.0,0.0,-17.0,-103.0,-16.0,0,0
11140,3.1385,-0.9971,0.698,0.2961,0.0,0.0,0.0,0.0,0.0,-13.0,-104.0,-16.0,0,0
11152,3.1385,-0.9971,0.6995,0.2961,0.0,0.0,0.0,0.0,0.0,-13.0,-102.0,-14.0,0,0
11160,3.1385,-0.9971,0.698,0.2961,0.0,0.0,0.0,0.0,0.0,-11.0,-102.0,-16.0,0,0
11173,3.1385,-0.9971,0.6995,0.2961,0.0,0.0,0.0,0.0,0.0,-13.0,-103.0,-14.0,0,0
11181,3.1385,-0.9971,0.6995,0.2961,0.0,0.0,0.0,0.0,0.0,-13.0,-103.0,-14.0,0,0
11193,3.1385,-0.9971,0.6995,0.2961,0.0,0.0,0.0,0.0,0.0,-12.0,-106.0,-15.0,0,0
11205,3.1385,-0.9971,0.6995,0.2961,0.0,0.0,0.0,0.0,0.0,-11.0,-101.0,-14.0,0,0
11214,3.1385,-0.9971,0.698,0.2961,0.0,0.0,0.0,0.0,0.0,-12.0,-102.0,-15.0,0,0
11226,3.1401,-0.9971,0.698,0.2961,0.0,0.0,0.0,0.0,-1.0,-21.0,-87.0,-16.0,0,0
11234,3.1416,-0.9956,0.6964,0.2945,0.0,0.0,0.0,0.0,-9.0,-52.0,-62.0,-11.0,0,0
11246,3.1416,-0.994,0.6949,0.2961,0.024,0.0,-0.024,0.0,-6.0,-53.0,-76.0,-15.0,0,0
11254,3.1416,-0.9925,0.6964,0.2961,0.024,0.024,-0.024,0.0,-8.0,-76.0,-92.0,-15.0,1,0
11267,3.1431,-0.9894,0.6964,0.2961,0.024,0.0479,-0.024,0.0,-13.0,-88.0,-93.0,-16.0,23,1
11279,3.1416,-0.9879,0.6964,0.2961,0.0479,0.0719,-0.024,0.0,-11.0,-103.0,-110.0,-14.0,49,1
11291,3.1416,-0.9863,0.6964,0.2961,0.024,0.1198,-0.024,0.0,-8.0,-97.0,-110.0,-16.0,54,1
11300,3.1416,-0.9863,0.6964,0.2961,0.024,0.1198,0.0,0.0,-9.0,-92.0,-112.0,-16.0,58,1
11312,3.1416,-0.9863,0.6964,0.2961,0.0,0.1438,0.0,0.0,-7.0,-73.0,-109.0,-16.0,75,1
11324,3.1401,-0.9863,0.6949,0.2961,0.0,0.0959,0.0,0.0,0.0,-70.0,-111.0,-16.0,82,1
11336,3.1401,-0.9894,0.6949,0.2961,0.0,0.0719,0.0,0.0,0.0,-26.0,-87.0,-16.0,81,1
11349,3.1385,-0.9925,0.6949,0.2961,0.0,0.024,0.0,0.0,0.0,0.0,-80.0,-14.0,71,1
11357,3.1385,-0.9956,0.6949,0.2945,-0.024,-0.024,0.0,0.0,0.0,4.0,-66.0,-10.0,59,1
11369,3.137,-0.9986,0.6934,0.2961,-0.024,-0.0959,-0.024,0.0,12.0,11.0,-67.0,-15.0,45,1
11381,3.137,-0.9986,0.6934,0.2961,-0.0479,-0.1198,-0.024,0.0,4.0,3.0,-81.0,-14.0,30,1
11394,3.137,-0.9986,0.6934,0.2961,-0.0479,-0.1678,-0.024,0.0,1.0,-4.0,-79.0,-15.0,7,0
11402,3.137,-0.9986,0.6934,0.2961,-0.0479,-0.1678,-0.024,0.0,1.0,-4.0,-79.0,-15.0,6,0
11414,3.1401,-0.9986,0.6934,0.2961,0.0,-0.1198,-0.024,0.0,0.0,-2.0,-81.0,-16.0,4,0
11422,3.1401,-0.9986,0.6934,0.2961,0.0,-0.1198,-0.024,0.0,0.0,-2.0,-81.0,-16.0,5,0
11435,3.1416,-0.9971,0.6934,0.2961,0.024,-0.024,0.0,0.0,-3.0,-11.0,-78.0,-16.0,4,0
11443,3.1416,-0.9971,0.6934,0.2961,0.024,0.0,0.0,0.0,0.0,-10.0,-82.0,-16.0,3,0
11455,3.1416,-0.9971,0.6934,0.2961,0.0479,0.0,0.0,0.0,0.0,-12.0,-80.0,-16.0,2,0
11463,3.1401,-0.9971,0.6934,0.2961,0.0479,0.0,0.0,0.0,4.0,-14.0,-79.0,-16.0,2,0
11476,3.1401,-0.9971,0.6934,0.2961,0.024,0.0,0.0,0.0,0.0,-11.0,-80.0,-16.0,1,0
11484,3.1401,-0.9986,0.6934,0.2961,0.0,0.0,0.0,0.0,0.0,-10.0,-80.0,-16.0,1,0
11496,3.1401,-0.9971,0.6934,0.2961,0.0,0.0,0.0,0.0,0.0,-9.0,-81.0,-16.0,1,0
11504,3.1385,-0.9971,0.6934,0.2961,0.0,0.0,0.0,0.0,0.0,-9.0,-81.0,-16.0,0,0
11517,3.137,-0.9986,0.6934,0.2961,-0.024,0.0,0.0,0.0,7.0,-8.0,-80.0,-16.0,0,0
11529,3.137,-0.9971,0.6934,0.2961,-0.0479,0.0,0.0,0.0,4.0,-9.0,-79.0,-16.0,0,0
11537,3.1385,-0.9971,0.6934,0.2961,-0.0479,0.0,0.0,0.0,2.0,-8.0,-81.0,-16.0,0,0
11549,3.1385,-0.9986,0.6934,0.2961,-0.024,0.0,0.0,0.0,0.0,-9.0,-80.0,-16.0,0,0
11558,3.1401,-0.9986,0.6934,0.2961,-0.024,0.0,0.0,0.0,0.0,-10.0,-79.0,-15.0,0,0
11570,3.1401,-0.9986,0.6934,0.2961,0.0,0.0,0.0,0.0,0.0,-12.0,-81.0,-14.0,0,0
11578,3.1401,-0.9971,0.6934,0.2961,0.0,0.0,0.0,0.0,0.0,-10.0,-80.0,-15.0,0,0
11590,3.1401,-0.9971,0.6934,0.2961,0.024,0.0,0.0,0.0,0.0,-10.0,-80.0,-16.0,0,0
11599,3.1416,-0.9971,0.6934,0.2961,0.024,0.0,0.0,0.0,0.0,-10.0,-80.0,-16.0,0,0
11611,3.1416,-0.9986,0.6934,0.2961,0.0479,0.0,0.0,0.0,0.0,-10.0,-79.0,-16.0,0,0
11623,3.1401,-0.9971,0.6934,0.2961,0.024,0.0,0.0,0.0,0.0,-9.0,-79.0,-15.0,0,0
11635,3.1385,-0.9971,0.6934,0.2961,0.0,0.0,0.0,0.0,0.0,-8.0,-78.0,-16.0,0,0
11648,3.1385,-0.9986,0.6934,0.2961,0.0,0.0,0.0,0.0,0.0,-11.0,-78.0,-14.0,0,0
11656,3.137,-0.9971,0.6934,0.2961,0.0,0.0,0.0,0.0,13.0,-9.0,-78.0,-16.0,0,0
11668,3.1385,-0.9986,0.6934,0.2961,-0.024,0.0,0.0,0.0,4.0,-9.0,-78.0,-16.0,0,0
11680,3.1385,-0.9986,0.6934,0.2961,-0.0479,0.0,0.0,0.0,0.0,-11.0,-79.0,-16.0,0,0
11693,3.1401,-0.9986,0.6934,0.2961,-0.024,0.0,0.0,0.0,0.0,-8.0,-78.0,-15.0,0,0
11705,3.1401,-0.9971,0.6934,0.2961,0.0,0.0,0.0,0.0,0.0,-10.0,-77.0,-14.0,0,0
11713,3.1401,-0.9971,0.6934,0.2961,0.0,0.0,0.0,0.0,0.0,-9.0,-78.0,-14.0,0,0
11726,3.1401,-0.9971,0.6934,0.2961,0.0,0.0,0.0,0.0,0.0,-6.0,-77.0,-14.0,0,0
11738,3.1401,-0.9986,0.6934,0.2961,0.024,0.0,0.0,0.0,0.0,-8.0,-77.0,-16.0,0,0
11750,3.1401,-0.9971,0.6934,0.2961,0.024,0.0,0.0,0.0,-1.0,-6.0,-77.0,-16.0,0,0
11758,3.1401,-0.9971,0.6934,0.2961,0.024,0.0,0.0,0.0,0.0,-6.0,-77.0,-16.0,0,0
11771,3.1401,-0.9971,0.6934,0.2961,0.0,0.0,0.0,0.0,0.0,-5.0,-77.0,-16.0,0,0
11783,3.1401,-0.9986,0.6934,0.2961,0.0,0.0,0.0,0.0,0.0,-7.0,-77.0,-16.0,0,0
11795,3.1401,-0.9971,0.6934,0.2961,0.0,0.0,0.0,0.0,0.0,-10.0,-77.0,-16.0,0,0
11807,3.1416,-0.9971,0.6934,0.2961,0.0,0.0,0.0,0.0,-1.0,-7.0,-77.0,-14.0,0,0
11816,3.1416,-0.9971,0.6934,0.2945,0.0,0.0,0.0,0.0,-6.0,-5.0,-77.0,-16.0,0,0
11828,3.1431,-0.9971,0.6934,0.2961,0.024,0.0,0.0,0.0,-30.0,-5.0,-77.0,-16.0,0,0
11840,3.1447,-0.9971,0.6934,0.2961,0.024,0.0,0.0,0.0,-49.0,-9.0,-76.0,-15.0,0,0
11852,3.1462,-0.9971,0.6934,0.2961,0.0479,0.0,0.0,0.0,-58.0,-7.0,-76.0,-12.0,0,0
11865,3.1493,-0.9971,0.6934,0.2961,0.0959,0.0,0.0,0.0,-77.0,-13.0,-76.0,-14.0,0,0
11873,3.1493,-0.9971,0.6934,0.2961,0.1198,0.0,0.0,0.0,-88.0,-17.0,-80.0,-16.0,0,0
11885,3.1508,-0.9971,0.6949,0.2961,0.1198,0.0,0.0,0.0,-79.0,-18.0,-79.0,-16.0,15,1
11902,3.1523,-0.9971,0.6949,0.2961,0.1198,0.0,0.0,0.0,-91.0,-13.0,-76.0,-15.0,22,1
11914,3.1539,-0.9971,0.6949,0.2961,0.0959,0.0,0.0,0.0,-106.0,-12.0,-76.0,-16.0,40,1
11926,3.1539,-0.9971,0.6934,0.2961,0.0959,0.0,0.0,0.0,-96.0,-10.0,-76.0,-16.0,51,1
11939,3.1554,-0.9971,0.6934,0.2961,0.0959,0.0,0.0,0.0,-102.0,-9.0,-76.0,-15.0,59,1
11951,3.1569,-0.9971,0.6934,0.2961,0.0959,0.0,0.0,0.0,-101.0,-8.0,-75.0,-16.0,62,1
11963,3.1569,-0.9971,0.6934,0.2961,0.0719,0.0,0.0,0.0,-99.0,-13.0,-74.0,-16.0,65,1
11975,3.1569,-0.9971,0.6934,0.2961,0.0719,0.0,0.0,0.0,-95.0,-13.0,-75.0,-16.0,64,1
11988,3.1569,-0.9971,0.6934,0.2961,0.0479,0.0,0.0,0.0,-92.0,-10.0,-75.0,-16.0,66,1
12000,3.1569,-0.9971,0.6934,0.2961,0.024,0.0,0.0,0.0,-92.0,-13.0,-74.0,-16.0,64,1
12012,3.1569,-0.9971,0.6934,0.2961,0.024,0.0,0.0,0.0,-91.0,-11.0,-74.0,-16.0,83,1
12025,3.1569,-0.9971,0.6934,0.2961,0.0,0.0,0.0,0.0,-87.0,-9.0,-74.0,-16.0,77,1
12037,3.1554,-0.9971,0.6934,0.2961,0.0,0.0,0.0,0.0,-73.0,-10.0,-74.0,-16.0,67,1
12049,3.1539,-0.9971,0.6934,0.2961,0.0,0.0,0.0,0.0,-43.0,-16.0,-74.0,-16.0,56,1
12061,3.1508,-0.9971,0.6934,0.2961,-0.024,0.0,0.0,0.0,-10.0,-9.0,-73.0,-16.0,50,1
12074,3.1416,-0.9971,0.6934,0.2961,-0.1198,0.0,0.0,0.0,11.0,-10.0,-74.0,-14.0,33,1
12086,3.1401,-0.9971,0.6934,0.2961,-0.1678,0.0,0.0,0.0,7.0,-13.0,-72.0,-15.0,21,1
12098,3.1401,-0.9971,0.6934,0.2961,-0.2157,0.0,0.0,0.0,0.0,-14.0,-74.0,-16.0,19,1
12111,3.1416,-0.9971,0.6934,0.2961,-0.2157,0.0,0.0,0.0,0.0,-14.0,-73.0,-16.0,10,0
12123,3.1416,-0.9971,0.6934,0.2961,-0.1678,0.0,0.0,0.0,0.0,-13.0,-72.0,-16.0,0,0
12135,3.1401,-0.9971,0.6934,0.2961,-0.1198,0.0,0.0,0.0,2.0,-13.0,-72.0,-15.0,0,0
12147,3.137,-0.9971,0.6934,0.2961,-0.0719,0.0,0.0,0.0,5.0,-10.0,-73.0,-16.0,0,0
12160,3.137,-0.9971,0.6934,0.2961,-0.0479,0.0,0.0,0.0,4.0,-10.0,-72.0,-16.0,0,0
12168,3.1355,-0.9971,0.6934,0.2961,-0.0479,0.0,0.0,0.0,3.0,-10.0,-73.0,-13.0,0,0
12180,3.137,-0.9971,0.6934,0.2961,-0.0719,0.0,0.0,0.0,-2.0,-10.0,-72.0,-16.0,0,0
12192,3.137,-0.9971,0.6934,0.2961,-0.0479,0.0,0.0,0.0,0.0,-8.0,-71.0,-16.0,0,0
12205,3.1401,-0.9971,0.6934,0.2961,-0.024,0.0,0.0,0.0,0.0,-10.0,-73.0,-16.0,0,0
12217,3.1401,-0.9971,0.6934,0.2961,0.0,0.0,0.0,0.0,0.0,-11.0,-73.0,-15.0,0,0
12225,3.1401,-0.9971,0.6934,0.2961,0.024,0.0,0.0,0.0,0.0,-12.0,-73.0,-16.0,0,0
12237,3.1401,-0.9971,0.6934,0.2961,0.024,0.0,0.0,0.0,0.0,-13.0,-71.0,-16.0,0,0
12250,3.1401,-0.9971,0.6934,0.2961,0.024,0.0,0.0,0.0,0.0,-9.0,-73.0,-16.0,0,0
12262,3.1401,-0.9971,0.6934,0.2961,0.024,0.0,0.0,0.0,0.0,-9.0,-76.0,-16.0,0,0
12274,3.1401,-0.9971,0.6934,0.2961,0.0,0.0,0.0,0.0,0.0,-9.0,-72.0,-14.0,0,0
12283,3.1385,-0.9971,0.6934,0.2961,0.0,0.0,0.0,0.0,0.0,-12.0,-70.0,-15.0,0,0
12295,3.1385,-0.9971,0.6934,0.2961,0.0,0.0,0.0,0.0,0.0,-12.0,-72.0,-16.0,0,0
12307,3.1385,-0.9971,0.6934,0.2961,0.0,0.0,0.0,0.0,0.0,-9.0,-70.0,-16.0,0,0
12319,3.1385,-0.9971,0.6934,0.2961,0.0,0.0,0.0,0.0,0.0,-8.0,-71.0,-14.0,0,0
12328,3.1385,-0.9971,0.6934,0.2961,0.0,0.0,0.0,0.0,0.0,-9.0,-70.0,-16.0,0,0
12340,3.1401,-0.9971,0.6934,0.2961,0.0,0.0,0.0,0.0,0.0,-9.0,-70.0,-16.0,0,0
12352,3.1385,-0.9971,0.6934,0.2961,0.0,0.0,0.0,0.0,-1.0,-11.0,-70.0,-15.0,0,0
12364,3.1385,-0.9971,0.6934,0.2961,0.0,0.0,0.0,0.0,0.0,-9.0,-72.0,-16.0,0,0
12377,3.1385,-0.9971,0.6934,0.2961,0.0,0.0,0.0,0.0,0.0,-9.0,-71.0,-15.0,0,0
12385,3.1401,-0.9971,0.6934,0.2961,0.0,0.0,0.0,0.0,0.0,-8.0,-71.0,-16.0,0,0
12397,3.1385,-0.9971,0.6934,0.2961,0.0,0.0,0.0,0.0,0.0,-11.0,-72.0,-16.0,0,0
12410,3.1385,-0.9971,0.6934,0.2961,0.0,0.0,0.0,0.0,0.0,-8.0,-69.0,-16.0,0,0
12422,3.1385,-0.9971,0.6934,0.2961,0.0,0.0,0.0,0.0,0.0,-8.0,-72.0,-13.0,0,0
12434,3.1385,-0.9971,0.6934,0.2961,0.0,0.0,0.0,0.0,0.0,-9.0,-72.0,-15.0,0,0
12442,3.1385,-0.9971,0.6934,0.2961,0.0,0.0,0.0,0.0,0.0,-9.0,-72.0,-15.0,0,0
12455,3.1385,-0.9971,0.6934,0.2961,0.0,0.0,0.0,0.0,-1.0,-11.0,-69.0,-16.0,0,0
12467,3.1401,-0.9971,0.6934,0.2961,0.0,0.0,0.0,0.0,0.0,-11.0,-69.0,-16.0,0,0
12479,3.1401,-0.9971,0.6934,0.2961,0.0,0.0,0.0,0.0,0.0,-8.0,-71.0,-16.0,0,0
12491,3.1385,-0.9971,0.6934,0.2961,0.0,0.0,0.0,0.0,0.0,-8.0,-72.0,-15.0,0,0
12500,3.1385,-0.9971,0.6934,0.2961,0.0,0.0,0.0,0.0,0.0,-9.0,-70.0,-13.0,0,0
12512,3.1385,-0.9956,0.6934,0.2961,0.0,0.0,0.0,0.0,0.0,-9.0,-68.0,-16.0,0,0
12524,3.1385,-0.9971,0.6934,0.2961,0.0,0.0,0.0,0.0,0.0,-13.0,-71.0,-16.0,0,0
12536,3.1385,-0.9956,0.6934,0.2961,0.0,0.0,0.0,0.0,0.0,-9.0,-68.0,-16.0,0,0
12549,3.1385,-0.9971,0.6934,0.2961,0.0,0.0,0.0,0.0,0.0,-8.0,-69.0,-16.0,0,0
12557,3.1385,-0.9971,0.6934,0.2961,0.0,0.0,0.0,0.0,0.0,-9.0,-68.0,-16.0,0,0
12569,3.1385,-0.9971,0.6934,0.2961,0.0,0.0,0.0,0.0,0.0,-9.0,-69.0,-15.0,0,0
12582,3.1385,-0.9971,0.6934,0.2961,0.0,0.0,0.0,0.0,0.0,-8.0,-69.0,-16.0,0,0
12594,3.1401,-0.9971,0.6934,0.2961,0.0,0.0,0.0,0.0,0.0,-12.0,-71.0,-16.0,0,0
12606,3.1385,-0.9971,0.6934,0.2961,0.0,0.0,0.0,0.0,0.0,-10.0,-70.0,-16.0,0,0
12614,3.1401,-0.9971,0.6934,0.2961,0.0,0.0,0.0,0.0,0.0,-12.0,-68.0,-16.0,0,0
12627,3.1385,-0.9971,0.6934,0.2961,0.0,0.0,0.0,0.0,0.0,-10.0,-72.0,-14.0,0,0
12639,3.1385,-0.9971,0.6934,0.2961,0.0,0.0,0.0,0.0,0.0,-10.0,-71.0,-16.0,0,0
12651,3.1385,-0.9971,0.6934,0.2961,0.0,0.0,0.0,0.0,0.0,-10.0,-71.0,-16.0,0,0
12663,3.1401,-0.9971,0.6934,0.2945,0.0,0.0,0.0,0.0,0.0,-10.0,-71.0,-16.0,0,0
12672,3.1401,-0.9971,0.6934,0.2945,0.0,0.0,0.0,0.0,0.0,-10.0,-71.0,-16.0,0,0
12684,3.1401,-0.9971,0.6949,0.2869,0.0,0.0,0.0,-0.024,0.0,-11.0,-91.0,17.0,0,0
12696,3.1401,-0.9971,0.6964,0.2945,0.0,0.0,0.0,-0.0479,0.0,-11.0,-105.0,-13.0,0,0
12709,3.137,-0.9971,0.698,0.2961,0.0,0.0,0.024,-0.024,4.0,-13.0,-127.0,-16.0,0,0
12721,3.1355,-0.9956,0.701,0.2961,0.0,0.0,0.0479,0.0,19.0,-29.0,-157.0,-22.0,0,0
12729,3.1355,-0.994,0.7041,0.2961,-0.024,0.0,0.0959,0.0,17.0,-52.0,-170.0,-21.0,0,0
12741,3.1355,-0.9925,0.7072,0.2961,-0.024,0.024,0.1438,0.0,1.0,-59.0,-195.0,-23.0,1,0
12754,3.1385,-0.991,0.7133,0.2961,-0.024,0.0479,0.2157,0.0479,0.0,-53.0,-197.0,-26.0,3,0
12766,3.137,-0.991,0.7133,0.2961,-0.024,0.0719,0.2397,0.0479,0.0,-43.0,-183.0,-24.0,2,0
12774,3.137,-0.9925,0.7133,0.2961,-0.024,0.0719,0.2397,0.024,0.0,-43.0,-159.0,-21.0,2,0
12786,3.137,-0.9925,0.7133,0.2976,0.0,0.0479,0.2157,0.0,4.0,-41.0,-150.0,-19.0,3,0
12799,3.137,-0.9925,0.7118,0.2961,0.0,0.0479,0.1678,0.0,0.0,-32.0,-114.0,-19.0,3,0
12811,3.137,-0.9925,0.7087,0.2961,0.0,0.024,0.0959,0.0,0.0,-26.0,-86.0,-16.0,2,0
12823,3.1385,-0.9956,0.7041,0.2961,0.0,0.0,-0.024,0.0,0.0,0.0,-74.0,-18.0,2,0
12831,3.1385,-0.9956,0.7041,0.2961,0.0,0.0,-0.024,0.0,0.0,0.0,-74.0,-18.0,2,0
12844,3.1385,-0.9971,0.6995,0.2961,0.0,-0.0479,-0.1438,0.0,0.0,-4.0,-78.0,-17.0,0,0
12856,3.1385,-0.9971,0.6995,0.2961,0.0,-0.0479,-0.1678,0.0,0.0,-9.0,-84.0,-16.0,0,0
12868,3.1385,-0.9971,0.6995,0.2961,0.0,-0.0479,-0.1678,0.0,0.0,-10.0,-97.0,-18.0,0,0
12881,3.137,-0.9971,0.6995,0.2976,0.0,-0.0479,-0.1438,0.0,0.0,-9.0,-97.0,-16.0,0,0
12889,3.137,-0.9971,0.6995,0.2961,0.0,-0.0479,-0.1198,0.0,0.0,-11.0,-96.0,-20.0,0,0
12901,3.137,-0.9956,0.6995,0.2976,0.0,-0.024,-0.0959,0.0,0.0,-9.0,-98.0,-18.0,0,0
12913,3.1385,-0.9971,0.6995,0.2961,0.0,0.0,-0.024,0.0,0.0,-10.0,-97.0,-17.0,0,0
12926,3.1385,-0.9971,0.6995,0.2976,0.0,0.0,0.0,0.0,0.0,-11.0,-97.0,-16.0,0,0
12938,3.1401,-0.9956,0.6995,0.2961,0.0,0.0,0.0,0.0,-3.0,-13.0,-97.0,-17.0,0,0
12946,3.1401,-0.9971,0.6995,0.2961,0.0,0.0,0.0,0.0,0.0,-10.0,-96.0,-17.0,0,0
12958,3.1401,-0.9971,0.6995,0.2961,0.024,0.0,0.0,0.0,0.0,-13.0,-96.0,-17.0,0,0
12971,3.1385,-0.9956,0.6995,0.2961,0.024,0.0,0.0,0.0,0.0,-9.0,-98.0,-17.0,0,0
12983,3.1385,-0.9971,0.6995,0.2961,0.0,0.0,0.0,0.0,0.0,-13.0,-97.0,-20.0,0,0
12995,3.1385,-0.9971,0.6995,0.2961,0.0,0.0,0.0,0.0,0.0,-12.0,-96.0,-20.0,0,0
13003,3.1385,-0.9971,0.6995,0.2961,0.0,0.0,0.0,0.0,0.0,-11.0,-98.0,-19.0,0,0
13016,3.1385,-0.9971,0.6995,0.2961,0.0,0.0,0.0,0.0,0.0,-12.0,-98.0,-19.0,0,0
13028,3.1385,-0.9971,0.6995,0.2961,0.0,0.0,0.0,0.0,0.0,-10.0,-96.0,-17.0,0,0
13040,3.1385,-0.9971,0.6995,0.2961,0.0,0.0,0.0,0.0,0.0,-10.0,-96.0,-20.0,0,0
13053,3.1385,-0.9971,0.6995,0.2961,0.0,0.0,0.0,0.0,0.0,-9.0,-97.0,-17.0,0,0
13061,3.1385,-0.9971,0.6995,0.2961,0.0,0.0,0.0,0.0,0.0,-9.0,-97.0,-17.0,0,0
13073,3.1385,-0.9971,0.6995,0.2961,0.0,0.0,0.0,0.0,0.0,-11.0,-98.0,-16.0,0,0
13085,3.1385,-0.9971,0.6995,0.2976,0.0,0.0,0.0,0.0,0.0,-11.0,-96.0,-17.0,0,0
13098,3.1385,-0.9971,0.6995,0.2976,0.0,0.0,0.0,0.0,0.0,-13.0,-97.0,-16.0,0,0
13110,3.1385,-0.9971,0.6995,0.2961,0.0,0.0,0.0,0.0,0.0,-11.0,-97.0,-21.0,0,0
13118,3.1385,-0.9971,0.6995,0.2976,0.0,0.0,0.0,0.0,2.0,-11.0,-98.0,-24.0,0,0
13130,3.1385,-0.9971,0.6995,0.2961,0.0,0.0,0.0,0.0,2.0,-13.0,-96.0,-17.0,0,0
13143,3.1385,-0.9971,0.6995,0.2961,0.0,0.0,0.0,0.0,0.0,-12.0,-98.0,-18.0,0,0
13155,3.1385,-0.9971,0.6995,0.2961,0.0,0.0,0.0,0.0,0.0,-11.0,-97.0,-21.0,0,0
13163,3.1385,-0.9971,0.6995,0.2961,0.0,0.0,0.0,0.0,0.0,-13.0,-99.0,-18.0,0,0
13175,3.1401,-0.9971,0.6995,0.2961,0.0,0.0,0.0,0.0,0.0,-10.0,-99.0,-17.0,0,0
13188,3.1401,-0.9956,0.6995,0.2961,0.0,0.0,0.0,0.0,0.0,-9.0,-98.0,-22.0,0,0
13200,3.1401,-0.9971,0.6995,0.2976,0.0,0.0,0.0,0.0,0.0,-12.0,-97.0,-18.0,0,0
13212,3.1401,-0.9971,0.6995,0.2961,0.0,0.0,0.0,0.0,0.0,-10.0,-98.0,-21.0,0,0
13221,3.1401,-0.9971,0.6995,0.2961,0.0,0.0,0.0,0.0,0.0,-11.0,-99.0,-17.0,0,0
13233,3.1401,-0.9971,0.6995,0.2961,0.0,0.0,0.0,0.0,0.0,-13.0,-98.0,-19.0,0,0
13245,3.1401,-0.9971,0.6995,0.2961,0.0,0.0,0.0,0.0,0.0,-10.0,-98.0,-16.0,0,0
13257,3.1401,-0.9971,0.6995,0.2961,0.0,0.0,0.0,0.0,0.0,-11.0,-99.0,-19.0,0,0
13270,3.1401,-0.9971,0.6995,0.2961,0.0,0.0,0.0,0.0,0.0,-11.0,-99.0,-19.0,0,0
13278,3.1401,-0.9971,0.6995,0.2976,0.0,0.0,0.0,0.0,-2.0,-12.0,-97.0,-18.0,0,0
13290,3.1401,-0.9971,0.6995,0.2961,0.0,0.0,0.0,0.0,0.0,-13.0,-98.0,-16.0,0,0
13302,3.1401,-0.9971,0.6995,0.2961,0.0,0.0,0.0,0.0,0.0,-12.0,-99.0,-17.0,0,0
13315,3.1401,-0.9971,0.6995,0.2961,0.0,0.0,0.0,0.0,0.0,-15.0,-99.0,-17.0,0,0
13327,3.1401,-0.9971,0.6995,0.2961,0.0,0.0,0.0,0.0,0.0,-14.0,-98.0,-22.0,0,0
13335,3.1401,-0.9971,0.6995,0.2961,0.0,0.0,0.0,0.0,0.0,-11.0,-99.0,-22.0,0,0
13347,3.1401,-0.9971,0.6995,0.2961,0.0,0.0,0.0,0.0,0.0,-16.0,-98.0,-22.0,0,0
13360,3.1401,-0.9971,0.6995,0.2961,0.0,0.0,0.0,0.0,0.0,-13.0,-99.0,-16.0,0,0
13372,3.1401,-0.9971,0.6995,0.2961,0.0,0.0,0.0,0.0,0.0,-13.0,-99.0,-16.0,0,0
13384,3.1401,-0.9971,0.6995,0.2961,0.0,0.0,0.0,0.0,0.0,-12.0,-99.0,-17.0,0,0
13393,3.1385,-0.9971,0.6995,0.2961,0.0,0.0,0.0,0.0,0.0,-14.0,-98.0,-17.0,0,0
13405,3.1401,-0.9971,0.6995,0.2961,0.0,0.0,0.0,0.0,0.0,-15.0,-98.0,-16.0,0,0
13417,3.1401,-0.9971,0.6995,0.2961,0.0,0.0,0.0,0.0,0.0,-14.0,-98.0,-17.0,0,0
13429,3.1385,-0.9971,0.6995,0.2961,0.0,0.0,0.0,0.0,0.0,-12.0,-98.0,-16.0,0,0
13442,3.1401,-0.9971,0.6995,0.2961,0.0,0.0,0.0,0.0,0.0,-15.0,-97.0,-20.0,0,0
13450,3.1401,-0.9971,0.6995,0.2961,0.0,0.0,0.0,0.0,0.0,-13.0,-99.0,-18.0,0,0
13462,3.1401,-0.9971,0.6995,0.2961,0.0,0.0,0.0,0.0,0.0,-13.0,-99.0,-17.0,0,0
13474,3.1401,-0.9971,0.6995,0.2961,0.0,0.0,0.0,0.0,0.0,-15.0,-99.0,-18.0,0,0
13487,3.1385,-0.9956,0.6995,0.2961,0.0,0.0,0.0,0.0,0.0,-15.0,-100.0,-17.0,0,0
13499,3.1401,-0.9971,0.6995,0.2961,0.0,0.0,0.0,0.0,0.0,-16.0,-99.0,-16.0,0,0
13507,3.1401,-0.9971,0.6995,0.2961,0.0,0.0,0.0,0.0,0.0,-16.0,-99.0,-16.0,0,0
13520,3.1401,-0.9971,0.6995,0.2961,0.0,0.0,0.0,0.0,0.0,-14.0,-100.0,-18.0,0,0
13532,3.1401,-0.9971,0.6995,0.2961,0.0,0.0,0.0,0.0,0.0,-12.0,-100.0,-17.0,0,0
13544,3.1385,-0.9971,0.6995,0.2961,0.0,0.0,0.0,0.0,0.0,-14.0,-100.0,-17.0,0,0
13556,3.1385,-0.9971,0.6995,0.2961,0.0,0.0,0.0,0.0,0.0,-13.0,-99.0,-18.0,0,0
13565,3.1385,-0.9971,0.6995,0.2961,0.0,0.0,0.0,0.0,0.0,-14.0,-98.0,-18.0,0,0
13577,3.1401,-0.9971,0.6995,0.2961,0.0,0.0,0.0,0.0,0.0,-14.0,-99.0,-18.0,0,0
13589,3.1401,-0.9971,0.6995,0.2961,0.0,0.0,0.0,0.0,0.0,-15.0,-99.0,-18.0,0,0
13601,3.1401,-0.9971,0.6995,0.2961,0.0,0.0,0.0,0.0,0.0,-16.0,-99.0,-17.0,0,0
13610,3.1401,-0.9971,0.6995,0.2961,0.0,0.0,0.0,0.0,0.0,-15.0,-99.0,-16.0,0,0
13622,3.1385,-0.9971,0.6995,0.2976,0.0,0.0,0.0,0.0,0.0,-15.0,-100.0,-16.0,0,0
13634,3.1401,-0.9971,0.6995,0.2961,0.0,0.0,0.0,0.0,0.0,-15.0,-99.0,-21.0,0,0
13646,3.1401,-0.9971,0.6995,0.2961,0.0,0.0,0.0,0.0,0.0,-14.0,-99.0,-18.0,0,0
13659,3.1401,-0.9971,0.6995,0.2976,0.0,0.0,0.0,0.0,0.0,-13.0,-99.0,-16.0,0,0
13667,3.1401,-0.9971,0.6995,0.2961,0.0,0.0,0.0,0.0,0.0,-13.0,-100.0,-16.0,0,0
13679,3.1385,-0.9971,0.6995,0.2961,0.0,0.0,0.0,0.0,0.0,-12.0,-99.0,-16.0,0,0
13692,3.1385,-0.9956,0.6995,0.2961,0.0,0.0,0.0,0.0,0.0,-12.0,-100.0,-16.0,0,0
13704,3.1401,-0.9971,0.6995,0.2961,0.0,0.0,0.0,0.0,0.0,-10.0,-99.0,-16.0,0,0
13716,3.1401,-0.9971,0.6995,0.2961,0.0,0.0,0.0,0.0,0.0,-8.0,-100.0,-17.0,0,0
13724,3.1401,-0.9971,0.6995,0.2976,0.0,0.0,0.0,0.0,0.0,-8.0,-99.0,-16.0,0,0
13737,3.1385,-0.9971,0.6995,0.2961,0.0,0.0,0.0,0.0,0.0,-9.0,-97.0,-20.0,0,0
13749,3.1401,-0.9971,0.6995,0.2961,0.0,0.0,0.0,0.0,0.0,-10.0,-100.0,-16.0,0,0
13761,3.1385,-0.9971,0.6995,0.2961,0.0,0.0,0.0,0.0,0.0,-10.0,-100.0,-16.0,0,0
13773,3.1401,-0.9971,0.6995,0.2976,0.0,0.0,0.0,0.0,0.0,-7.0,-100.0,-18.0,0,0
13782,3.1401,-0.9971,0.6995,0.2976,0.0,0.0,0.0,0.0,0.0,-7.0,-100.0,-18.0,0,0
13794,3.1385,-0.994,0.6964,0.2961,0.0,0.0,0.0,0.0,0.0,-57.0,-47.0,-13.0,0,0
13806,3.137,-0.9894,0.6949,0.2961,0.0,0.024,-0.024,0.0,6.0,-104.0,-60.0,-13.0,0,0
13819,3.137,-0.9863,0.6949,0.2961,0.0,0.0719,-0.0479,0.0,5.0,-134.0,-80.0,-16.0,0,0
13831,3.1385,-0.9833,0.6964,0.2961,0.0,0.1198,-0.0479,0.0,-2.0,-140.0,-90.0,-16.0,3,0
13843,3.1401,-0.9756,0.6964,0.2961,0.0,0.2157,-0.0479,0.0,0.0,-172.0,-88.0,-16.0,49,1
13855,3.1416,-0.9741,0.6964,0.2961,0.0,0.2637,-0.024,0.0,-6.0,-172.0,-85.0,-16.0,49,1
13868,3.1431,-0.971,0.6964,0.2961,0.0,0.2876,0.0,0.0,-7.0,-166.0,-86.0,-16.0,64,1
13880,3.1431,-0.971,0.6964,0.2961,0.0479,0.2876,0.0,0.0,-16.0,-149.0,-86.0,-16.0,63,1
13892,3.1431,-0.971,0.6964,0.2961,0.0719,0.2637,0.0,0.0,-17.0,-135.0,-86.0,-16.0,66,1
13905,3.1431,-0.971,0.6949,0.2961,0.0479,0.1678,0.0,0.0,-21.0,-135.0,-74.0,-16.0,70,1
13917,3.1431,-0.971,0.6949,0.2961,0.0479,0.1198,0.0,0.0,-17.0,-138.0,-66.0,-16.0,73,1
13929,3.1416,-0.971,0.6934,0.2961,0.024,0.0719,0.0,0.0,-6.0,-139.0,-68.0,-16.0,71,1
13941,3.1416,-0.9725,0.6949,0.2961,0.0,0.0479,-0.024,0.0,0.0,-139.0,-77.0,-16.0,71,1
13954,3.1385,-0.971,0.6949,0.2961,-0.024,0.0,-0.024,0.0,0.0,-140.0,-81.0,-16.0,69,1
13966,3.137,-0.971,0.6949,0.2976,-0.024,0.0,0.0,0.0,7.0,-140.0,-85.0,-16.0,70,1
13978,3.137,-0.971,0.6949,0.2961,-0.0479,0.0,0.0,0.0,9.0,-140.0,-84.0,-16.0,72,1
13991,3.137,-0.971,0.6949,0.2961,-0.0719,0.0,0.0,0.0,6.0,-141.0,-81.0,-18.0,72,1
14003,3.137,-0.9725,0.6949,0.2961,-0.0719,0.0,0.0,0.0,5.0,-135.0,-79.0,-16.0,72,1
14015,3.137,-0.9725,0.6949,0.2961,-0.0479,0.0,0.0,0.0,12.0,-116.0,-79.0,-17.0,70,1
14027,3.137,-0.9756,0.6949,0.2961,-0.0479,-0.024,0.0,0.0,6.0,-75.0,-79.0,-16.0,67,1
14040,3.1385,-0.9787,0.6949,0.2961,-0.024,-0.0479,0.0,0.0,0.0,-42.0,-78.0,-16.0,63,1
14052,3.137,-0.9833,0.6949,0.2961,0.0,-0.0719,0.0,0.0,3.0,-13.0,-78.0,-16.0,54,1
14068,3.1385,-0.9925,0.6949,0.2961,0.0,-0.1918,0.0,0.0,1.0,6.0,-78.0,-16.0,39,1
14081,3.1385,-0.994,0.6949,0.2961,0.0,-0.2397,0.0,0.0,0.0,0.0,-74.0,-16.0,26,1
14089,3.1401,-0.994,0.6949,0.2961,0.0,-0.2876,0.0,0.0,0.0,-12.0,-80.0,-16.0,6,0
14101,3.1401,-0.9956,0.6949,0.2961,0.024,-0.2876,0.0,0.0,0.0,-16.0,-75.0,-16.0,1,0
14113,3.1416,-0.9971,0.6949,0.2961,0.024,-0.2397,0.0,0.0,0.0,-33.0,-81.0,-16.0,0,0
14126,3.1416,-0.9971,0.6949,0.2961,0.0479,-0.1678,0.0,0.0,0.0,-32.0,-81.0,-16.0,0,0
14138,3.1401,-0.9956,0.6949,0.2961,0.0479,-0.1198,0.0,0.0,0.0,-24.0,-80.0,-16.0,0,0
14146,3.1401,-0.9956,0.6949,0.2961,0.024,-0.0719,0.0,0.0,1.0,-31.0,-79.0,-15.0,0,0
14158,3.1401,-0.9971,0.6949,0.2961,0.0,-0.0479,0.0,0.0,0.0,-31.0,-77.0,-16.0,0,0
14171,3.1385,-0.9956,0.6949,0.2961,0.0,-0.024,0.0,0.0,0.0,-31.0,-78.0,-16.0,0,0
14183,3.1385,-0.9971,0.6949,0.2961,-0.024,0.0,0.0,0.0,1.0,-22.0,-77.0,-16.0,0,0
14195,3.137,-0.9971,0.6949,0.2961,-0.024,0.0,0.0,0.0,0.0,-30.0,-78.0,-16.0,0,0
14204,3.1385,-0.9971,0.6949,0.2961,-0.024,0.0,0.0,0.0,-2.0,-19.0,-78.0,-16.0,0,0
14216,3.1385,-0.9971,0.6949,0.2961,-0.024,0.0,0.0,0.0,0.0,-23.0,-78.0,-16.0,0,0
14228,3.1385,-0.9971,0.6949,0.2961,-0.024,0.0,0.0,0.0,0.0,-35.0,-78.0,-18.0,0,0
14240,3.1385,-0.9971,0.6949,0.2961,0.0,0.0,0.0,0.0,0.0,-25.0,-78.0,-16.0,0,0
14253,3.1385,-0.9971,0.6949,0.2961,0.0,0.0,0.0,0.0,0.0,-30.0,-78.0,-16.0,0,0
14261,3.1385,-0.9971,0.6949,0.2961,0.0,0.0,0.0,0.0,0.0,-30.0,-78.0,-16.0,0,0
14273,3.1385,-0.9971,0.6949,0.2961,0.0,0.0,0.0,0.0,0.0,-33.0,-78.0,-16.0,0,0
14285,3.1401,-0.9971,0.6949,0.2961,0.0,0.0,0.0,0.0,0.0,-35.0,-78.0,-16.0,0,0
14298,3.1401,-0.9971,0.6949,0.2961,0.0,0.0,0.0,0.0,0.0,-28.0,-78.0,-16.0,0,0
14306,3.1401,-0.9971,0.6949,0.2961,0.0,0.0,0.0,0.0,0.0,-26.0,-78.0,-16.0,0,0
14318,3.1401,-0.9971,0.6949,0.2961,0.0,0.0,0.0,0.0,0.0,-31.0,-77.0,-16.0,0,0
14330,3.1401,-0.9971,0.6949,0.2961,0.0,0.0,0.0,0.0,0.0,-31.0,-77.0,-16.0,0,0
14343,3.1385,-0.9971,0.6949,0.2961,0.0,0.0,0.0,0.0,0.0,-30.0,-77.0,-17.0,0,0
14355,3.1385,-0.9971,0.6949,0.2961,0.0,0.0,0.0,0.0,0.0,-31.0,-77.0,-16.0,0,0
14363,3.1385,-0.9971,0.6949,0.2961,0.0,0.0,0.0,0.0,0.0,-30.0,-77.0,-16.0,0,0
14376,3.1385,-0.9971,0.6949,0.2961,0.0,0.0,0.0,0.0,0.0,-30.0,-77.0,-16.0,0,0
14388,3.1385,-0.9971,0.6949,0.2961,0.0,0.0,0.0,0.0,0.0,-31.0,-77.0,-17.0,0,0
14400,3.1385,-0.9971,0.6949,0.2961,0.0,0.0,0.0,0.0,0.0,-30.0,-77.0,-16.0,0,0
14412,3.1385,-0.9971,0.6949,0.2961,0.0,0.0,0.0,0.0,0.0,-30.0,-77.0,-16.0,0,0
14421,3.1385,-0.9971,0.6949,0.2961,0.0,0.0,0.0,0.0,0.0,-31.0,-77.0,-16.0,0,0
14433,3.1385,-0.9971,0.6949,0.2961,0.0,0.0,0.0,0.0,0.0,-32.0,-77.0,-16.0,0,0
14445,3.1385,-0.9971,0.6949,0.2961,0.0,0.0,0.0,0.0,0.0,-31.0,-76.0,-16.0,0,0
14457,3.1401,-0.9971,0.6949,0.2961,0.0,0.0,0.0,0.0,0.0,-31.0,-77.0,-16.0,0,0
14470,3.1385,-0.9971,0.6949,0.2961,0.0,0.0,0.0,0.0,0.0,-32.0,-77.0,-16.0,0,0
14478,3.1385,-0.9971,0.6949,0.2961,0.0,0.0,0.0,0.0,0.0,-30.0,-76.0,-15.0,0,0
14490,3.1385,-0.9971,0.6949,0.2961,0.0,0.0,0.0,0.0,0.0,-27.0,-76.0,-16.0,0,0
14503,3.1385,-0.9971,0.6949,0.2961,0.0,0.0,0.0,0.0,0.0,-24.0,-77.0,-16.0,0,0
14515,3.1401,-0.9971,0.6949,0.2961,0.0,0.0,0.0,0.0,0.0,-28.0,-76.0,-16.0,0,0
14527,3.1385,-0.9971,0.6949,0.2961,0.0,0.0,0.0,0.0,0.0,-25.0,-76.0,-16.0,0,0
14535,3.1385,-0.9971,0.6949,0.2961,0.0,0.0,0.0,0.0,0.0,-30.0,-76.0,-16.0,0,0
14548,3.1385,-0.9971,0.6949,0.2961,0.0,0.0,0.0,0.0,0.0,-30.0,-76.0,-16.0,0,0
14560,3.1385,-0.9971,0.6949,0.2961,0.0,0.0,0.0,0.0,0.0,-30.0,-76.0,-16.0,0,0
14572,3.1385,-0.9971,0.6949,0.2961,0.0,0.0,0.0,0.0,0.0,-30.0,-75.0,-16.0,0,0
14584,3.1385,-0.9971,0.6949,0.2961,0.0,0.0,0.0,0.0,0.0,-30.0,-75.0,-16.0,0,0
14593,3.1385,-0.9971,0.6949,0.2961,0.0,0.0,0.0,0.0,0.0,-30.0,-75.0,-16.0,0,0
14605,3.1385,-0.9971,0.6949,0.2961,0.0,0.0,0.0,0.0,0.0,-29.0,-75.0,-16.0,0,0
14617,3.1385,-0.9971,0.6949,0.2961,0.0,0.0,0.0,0.0,0.0,-30.0,-75.0,-16.0,0,0
14629,3.1385,-0.9971,0.6949,0.2961,0.0,0.0,0.0,0.0,0.0,-30.0,-76.0,-16.0,0,0
14642,3.1385,-0.9971,0.6949,0.2961,0.0,0.0,0.0,0.0,0.0,-25.0,-76.0,-16.0,0,0
14650,3.1385,-0.9971,0.6949,0.2961,0.0,0.0,0.0,0.0,0.0,-26.0,-75.0,-16.0,0,0
14662,3.1385,-0.9971,0.6949,0.2961,0.0,0.0,0.0,0.0,0.0,-20.0,-74.0,-16.0,0,0
14675,3.1385,-0.9971,0.6949,0.2961,0.0,0.0,0.0,0.0,0.0,-18.0,-74.0,-16.0,0,0
14687,3.1385,-0.9971,0.6949,0.2961,0.0,0.0,0.0,0.0,0.0,-17.0,-74.0,-16.0,0,0
14699,3.1385,-0.9971,0.6949,0.2961,0.0,0.0,0.0,0.0,0.0,-17.0,-74.0,-16.0,0,0
14707,3.1385,-0.9971,0.6949,0.2961,0.0,0.0,0.0,0.0,0.0,-16.0,-74.0,-16.0,0,0
14720,3.1385,-0.9971,0.6949,0.2961,0.0,0.0,0.0,0.0,0.0,-16.0,-74.0,-13.0,0,0
14732,3.1385,-0.9971,0.6949,0.2961,0.0,0.0,0.0,0.0,0.0,-17.0,-74.0,-16.0,0,0
14744,3.1401,-0.9971,0.6964,0.2915,0.0,0.0,0.0,0.0,0.0,-16.0,-84.0,0.0,0,0
14752,3.1401,-0.9971,0.6964,0.2915,0.0,0.0,0.0,0.0,0.0,-16.0,-84.0,0.0,0,0
14765,3.1385,-0.9971,0.6995,0.2961,0.0,0.0,0.024,0.0,0.0,-21.0,-126.0,-16.0,0,0
14777,3.1355,-0.9971,0.7026,0.2976,0.0,0.0,0.0479,0.0,19.0,-19.0,-153.0,-16.0,0,0
14789,3.1355,-0.9971,0.7041,0.2961,0.0,0.0,0.0719,0.0,15.0,-33.0,-169.0,-16.0,0,0
14802,3.1401,-0.9956,0.7072,0.2961,0.0,0.0,0.1198,0.0,-6.0,-38.0,-189.0,-16.0,6,0
14814,3.1416,-0.994,0.7118,0.2961,0.0,0.024,0.1918,0.024,0.0,-39.0,-184.0,-16.0,19,1
14826,3.1416,-0.994,0.7133,0.2961,0.0,0.024,0.2157,0.024,0.0,-41.0,-194.0,-16.0,18,1
14838,3.1401,-0.994,0.7133,0.2961,0.024,0.024,0.2157,0.0,0.0,-33.0,-179.0,-16.0,29,1
14851,3.1401,-0.9956,0.7133,0.2961,0.0479,0.024,0.2157,0.0,0.0,-33.0,-161.0,-16.0,34,1
14863,3.137,-0.994,0.7133,0.2961,0.0,0.024,0.1438,0.0,8.0,-33.0,-159.0,-16.0,35,1
14875,3.1355,-0.994,0.7133,0.2961,-0.024,0.0,0.0959,0.0,13.0,-32.0,-160.0,-16.0,37,1
14888,3.137,-0.994,0.7133,0.2961,-0.0479,0.0,0.0719,0.0,8.0,-38.0,-159.0,-16.0,41,1
14900,3.137,-0.994,0.7133,0.2961,-0.0479,0.0,0.024,0.0,0.0,-37.0,-159.0,-16.0,41,1
14912,3.1385,-0.994,0.7118,0.2945,-0.0479,0.0,0.0,0.0,-4.0,-30.0,-150.0,-16.0,41,1
14924,3.1401,-0.9956,0.7118,0.2961,0.0,0.0,0.0,0.0,0.0,-32.0,-122.0,-15.0,41,1
14937,3.1416,-0.9956,0.7102,0.2961,0.0,0.0,-0.024,0.0,-3.0,-34.0,-111.0,-16.0,40,1
14949,3.1431,-0.9956,0.7087,0.2945,0.0479,0.0,-0.0479,0.0,-2.0,-31.0,-99.0,-16.0,34,1
14961,3.1431,-0.9956,0.7072,0.2961,0.0719,0.0,-0.0719,0.0,-1.0,-30.0,-95.0,-16.0,18,1
14974,3.1401,-0.9956,0.7041,0.2961,0.0479,0.0,-0.1198,0.0,4.0,-23.0,-88.0,-16.0,1,0
14986,3.1385,-0.9956,0.7026,0.2961,0.024,0.0,-0.1438,0.0,0.0,-29.0,-93.0,-16.0,0,0
14998,3.1355,-0.9956,0.7026,0.2961,0.0,0.0,-0.1438,0.0,16.0,-29.0,-101.0,-16.0,0,0
15006,3.1355,-0.9956,0.701,0.2961,-0.024,0.0,-0.1198,0.0,14.0,-23.0,-109.0,-16.0,0,0
15019,3.137,-0.9956,0.701,0.2961,-0.0479,0.0,-0.1198,0.0,8.0,-21.0,-105.0,-16.0,0,0
15031,3.1385,-0.9956,0.7026,0.2961,-0.0719,0.0,-0.0959,0.0,-2.0,-20.0,-111.0,-16.0,0,0
15043,3.1401,-0.9956,0.701,0.2961,-0.024,0.0,-0.0479,0.0,-2.0,-31.0,-110.0,-16.0,0,0
15055,3.1416,-0.9956,0.7026,0.2961,0.0,0.0,-0.024,0.0,-2.0,-30.0,-107.0,-16.0,0,0
15064,3.1416,-0.9956,0.701,0.2961,0.024,0.0,0.0,0.0,0.0,-30.0,-110.0,-16.0,0,0
15076,3.1416,-0.9956,0.701,0.2961,0.0479,0.0,0.0,0.0,0.0,-31.0,-110.0,-16.0,0,0
15088,3.1416,-0.9956,0.7026,0.2961,0.0479,0.0,0.0,0.0,0.0,-16.0,-108.0,-18.0,0,0
15101,3.1401,-0.9956,0.701,0.2961,0.024,0.0,0.0,0.0,0.0,-17.0,-109.0,-16.0,0,0
15113,3.1385,-0.9956,0.701,0.2961,0.0,0.0,0.0,0.0,0.0,-16.0,-110.0,-16.0,0,0
15121,3.1385,-0.9956,0.701,0.2961,0.0,0.0,0.0,0.0,0.0,-16.0,-110.0,-16.0,0,0
15133,3.137,-0.9956,0.7026,0.2961,-0.024,0.0,0.0,0.0,10.0,-16.0,-110.0,-16.0,0,0
15146,3.137,-0.9956,0.701,0.2961,-0.0479,0.0,0.0,0.0,6.0,-29.0,-108.0,-16.0,0,0
15158,3.137,-0.9956,0.7026,0.2961,-0.0479,0.0,0.0,0.0,5.0,-22.0,-108.0,-16.0,0,0
15170,3.1401,-0.9956,0.7026,0.2961,-0.024,0.0,0.0,0.0,-2.0,-28.0,-109.0,-16.0,0,0
15178,3.1401,-0.9956,0.701,0.2961,-0.024,0.0,0.0,0.0,0.0,-21.0,-110.0,-16.0,0,0
15191,3.1401,-0.9956,0.7026,0.2961,0.0,0.0,0.0,0.0,0.0,-30.0,-110.0,-16.0,0,0
15203,3.1401,-0.9956,0.701,0.2961,0.024,0.0,0.0,0.0,0.0,-18.0,-109.0,-15.0,0,0
15215,3.1401,-0.9956,0.701,0.2961,0.024,0.0,0.0,0.0,0.0,-18.0,-109.0,-15.0,0,0
15227,3.1401,-0.9956,0.701,0.2961,0.024,0.0,0.0,0.0,0.0,-31.0,-113.0,-16.0,0,0
15236,3.1401,-0.9956,0.701,0.2961,0.024,0.0,0.0,0.0,-3.0,-26.0,-111.0,-16.0,0,0
15248,3.1416,-0.9956,0.701,0.2961,0.024,0.0,0.0,0.0,-1.0,-21.0,-112.0,-16.0,0,0
15260,3.1416,-0.9956,0.701,0.2961,0.024,0.0,0.0,0.0,0.0,-31.0,-109.0,-16.0,0,0
15273,3.1401,-0.9956,0.701,0.2961,0.0,0.0,0.0,0.0,0.0,-27.0,-109.0,-16.0,0,0
15285,3.1401,-0.9956,0.701,0.2961,0.0,0.0,0.0,0.0,0.0,-22.0,-110.0,-16.0,0,0
15293,3.1401,-0.9956,0.7026,0.2961,0.0,0.0,0.0,0.0,0.0,-28.0,-111.0,-16.0,0,0
15305,3.1401,-0.9956,0.701,0.2961,0.0,0.0,0.0,0.0,0.0,-22.0,-111.0,-16.0,0,0
15318,3.1401,-0.9956,0.701,0.2961,0.0,0.0,0.0,0.0,0.0,-27.0,-111.0,-16.0,0,0
15330,3.1401,-0.9956,0.7026,0.2961,0.0,0.0,0.0,0.0,0.0,-21.0,-110.0,-16.0,0,0
15343,3.1401,-0.9956,0.701,0.2961,0.0,0.0,0.0,0.0,0.0,-28.0,-112.0,-16.0,0,0
15350,3.1401,-0.9956,0.701,0.2961,0.0,0.0,0.0,0.0,0.0,-28.0,-112.0,-16.0,0,0
15363,3.1401,-0.9956,0.701,0.2961,0.0,0.0,0.0,0.0,0.0,-21.0,-109.0,-16.0,0,0
15375,3.1401,-0.9956,0.701,0.2961,0.0,0.0,0.0,0.0,0.0,-23.0,-112.0,-16.0,0,0
15387,3.1401,-0.9956,0.7026,0.2961,0.0,0.0,0.0,0.0,0.0,-18.0,-112.0,-16.0,0,0
15395,3.1401,-0.9956,0.701,0.2961,0.0,0.0,0.0,0.0,0.0,-31.0,-111.0,-16.0,0,0
15408,3.1401,-0.9956,0.7026,0.2961,0.0,0.0,0.0,0.0,0.0,-22.0,-111.0,-16.0,0,0
15420,3.1401,-0.9956,0.701,0.2961,0.0,0.0,0.0,0.0,0.0,-27.0,-110.0,-16.0,0,0
15433,3.1401,-0.9956,0.701,0.2961,0.0,0.0,0.0,0.0,0.0,-29.0,-108.0,-16.0,0,0
15445,3.1401,-0.9956,0.701,0.2961,0.0,0.0,0.0,0.0,0.0,-25.0,-111.0,-16.0,0,0
15453,3.1401,-0.9956,0.7026,0.2961,0.0,0.0,0.0,0.0,0.0,-24.0,-112.0,-16.0,0,0
15465,3.1401,-0.9956,0.701,0.2961,0.0,0.0,0.0,0.0,0.0,-20.0,-113.0,-16.0,0,0
15477,3.1401,-0.9956,0.701,0.2961,0.0,0.0,0.0,0.0,0.0,-18.0,-115.0,-16.0,0,0
15490,3.1401,-0.9956,0.7026,0.2961,0.0,0.0,0.0,0.0,0.0,-31.0,-110.0,-16.0,0,0
15502,3.1401,-0.9956,0.7026,0.2961,0.0,0.0,0.0,0.0,0.0,-24.0,-113.0,-16.0,0,0
15510,3.1401,-0.9956,0.701,0.2961,0.0,0.0,0.0,0.0,0.0,-28.0,-110.0,-16.0,0,0
15523,3.1401,-0.9956,0.7026,0.2961,0.0,0.0,0.0,0.0,0.0,-27.0,-111.0,-16.0,0,0
15535,3.1401,-0.9956,0.701,0.2961,0.0,0.0,0.0,0.0,0.0,-31.0,-111.0,-16.0,0,0
15547,3.1401,-0.9956,0.701,0.2961,0.0,0.0,0.0,0.0,0.0,-31.0,-112.0,-16.0,0,0
15559,3.1401,-0.9956,0.701,0.2961,0.0,0.0,0.0,0.0,0.0,-32.0,-112.0,-16.0,0,0
15567,3.1401,-0.9956,0.701,0.2961,0.0,0.0,0.0,0.0,0.0,-19.0,-110.0,-16.0,0,0
15580,3.1401,-0.9956,0.701,0.2961,0.0,0.0,0.0,0.0,0.0,-31.0,-108.0,-16.0,0,0
15592,3.1401,-0.9956,0.701,0.2961,0.0,0.0,0.0,0.0,0.0,-17.0,-115.0,-16.0,0,0
15604,3.1401,-0.9956,0.701,0.2961,0.0,0.0,0.0,0.0,0.0,-24.0,-114.0,-16.0,0,0
15617,3.1401,-0.9956,0.7026,0.2961,0.0,0.0,0.0,0.0,0.0,-28.0,-113.0,-16.0,0,0
15625,3.1401,-0.9956,0.7026,0.2961,0.0,0.0,0.0,0.0,0.0,-32.0,-112.0,-16.0,0,0
15637,3.1401,-0.9956,0.7026,0.2961,0.0,0.0,0.0,0.0,0.0,-25.0,-111.0,-16.0,0,0
15649,3.1401,-0.9956,0.7026,0.2961,0.0,0.0,0.0,0.0,0.0,-23.0,-113.0,-16.0,0,0
15662,3.1401,-0.9956,0.7026,0.2961,0.0,0.0,0.0,0.0,0.0,-25.0,-112.0,-16.0,0,0
15674,3.1416,-0.9956,0.7026,0.2961,0.0,0.0,0.0,0.0,-7.0,-24.0,-113.0,-16.0,0,0
15683,3.1416,-0.9956,0.701,0.2961,0.0,0.0,0.0,0.0,-5.0,-31.0,-114.0,-16.0,0,0
15694,3.1416,-0.9956,0.701,0.2961,0.0,0.0,0.0,0.0,-1.0,-24.0,-114.0,-16.0,0,0
15707,3.1416,-0.9956,0.7026,0.2961,0.0,0.0,0.0,0.0,-6.0,-31.0,-113.0,-16.0,0,0
15719,3.1416,-0.9956,0.701,0.2961,0.0,0.0,0.0,0.0,-8.0,-31.0,-110.0,-16.0,0,0
15731,3.1416,-0.9956,0.7026,0.2961,0.0,0.0,0.0,0.0,-6.0,-24.0,-114.0,-16.0,0,0
15739,3.1401,-0.9956,0.701,0.2961,0.0,0.0,0.0,0.0,-2.0,-31.0,-113.0,-16.0,0,0
15752,3.1401,-0.9956,0.701,0.2961,0.0,0.0,0.0,0.0,0.0,-31.0,-113.0,-16.0,0,0
15764,3.1385,-0.9956,0.701,0.2961,-0.024,0.0,0.0,0.0,0.0,-31.0,-114.0,-16.0,0,0
15776,3.1385,-0.9956,0.7026,0.2961,-0.024,0.0,0.0,0.0,0.0,-31.0,-113.0,-16.0,0,0
15789,3.1401,-0.9956,0.701,0.2961,-0.024,0.0,0.0,0.0,0.0,-32.0,-110.0,-16.0,0,0
15797,3.1401,-0.9956,0.701,0.2961,-0.024,0.0,0.0,0.0,0.0,-18.0,-117.0,-16.0,0,0
15809,3.1401,-0.9956,0.701,0.2961,-0.024,0.0,0.0,0.0,0.0,-17.0,-114.0,-16.0,0,0
15821,3.1401,-0.9956,0.701,0.2961,0.0,0.0,0.0,0.0,0.0,-31.0,-114.0,-16.0,0,0
15834,3.1401,-0.9956,0.701,0.2961,0.0,0.0,0.0,0.0,0.0,-31.0,-113.0,-16.0,0,0
15842,3.1401,-0.9956,0.701,0.2961,0.0,0.0,0.0,0.0,0.0,-31.0,-113.0,-16.0,0,0
15854,3.1401,-0.9956,0.701,0.2961,0.0,0.0,0.0,0.0,0.0,-31.0,-103.0,-16.0,0,0
15866,3.1416,-0.9956,0.698,0.2961,0.0,0.0,0.0,0.0,-7.0,-31.0,-70.0,-15.0,0,0
15879,3.1401,-0.9956,0.6964,0.2961,0.0,0.0,-0.024,0.0,0.0,-20.0,-49.0,-15.0,0,0
15891,3.1385,-0.9956,0.6934,0.2961,0.0,0.0,-0.0479,0.0,0.0,-18.0,-36.0,-16.0,0,0
15899,3.1385,-0.9956,0.6903,0.2961,0.0,0.0,-0.0719,0.0,0.0,-31.0,-19.0,-16.0,8,0
15916,3.1401,-0.9956,0.6811,0.2961,0.0,0.0,-0.1918,0.0,-4.0,-22.0,17.0,-16.0,31,1
15928,3.1401,-0.9956,0.6765,0.2961,0.0,0.0,-0.2397,0.0,-6.0,-29.0,34.0,-16.0,25,1
15941,3.1401,-0.9956,0.6734,0.2961,0.0,0.0,-0.2876,0.0,-1.0,-30.0,43.0,-16.0,32,1
15953,3.1401,-0.9956,0.6703,0.2961,0.0,0.0,-0.3356,0.0,-6.0,-29.0,49.0,-16.0,35,1
15965,3.1416,-0.9956,0.6703,0.2961,0.0,0.0,-0.3116,0.0,-6.0,-26.0,51.0,-18.0,33,1
15977,3.1416,-0.9956,0.6703,0.2961,0.0,0.0,-0.2876,0.0,-3.0,-29.0,53.0,-16.0,39,1
15989,3.1401,-0.9956,0.6688,0.2961,0.0,0.0,-0.2397,0.0,0.0,-30.0,52.0,-16.0,48,1
16002,3.1401,-0.9956,0.6688,0.2961,0.0,0.0,-0.1678,0.0,0.0,-20.0,49.0,-16.0,52,1
16014,3.1355,-0.9956,0.6703,0.2961,-0.024,0.0,-0.0959,0.0,15.0,-31.0,40.0,-16.0,55,1
16026,3.137,-0.9956,0.6703,0.2961,-0.0479,0.0,-0.0479,0.0,7.0,-29.0,37.0,-16.0,59,1
16038,3.137,-0.9956,0.6734,0.2961,-0.0479,0.0,0.0,0.0,5.0,-22.0,12.0,-16.0,60,1
16051,3.1401,-0.9956,0.678,0.2961,-0.0479,0.0,0.024,0.0,-1.0,-25.0,-13.0,-16.0,60,1
16063,3.1416,-0.9956,0.6826,0.2961,0.0,0.0,0.1198,0.0,-1.0,-18.0,-37.0,-15.0,60,1
16075,3.1416,-0.9956,0.6842,0.2961,0.024,0.0,0.1678,0.0,-5.0,-28.0,-54.0,-16.0,58,1
16088,3.1416,-0.9956,0.6857,0.2961,0.0479,0.0,0.1918,0.0,0.0,-17.0,-54.0,-16.0,54,1
16100,3.1416,-0.9956,0.6872,0.2961,0.0479,0.0,0.2157,0.0,1.0,-32.0,-61.0,-16.0,47,1
16113,3.1401,-0.9956,0.6888,0.2961,0.024,0.0,0.1918,0.0,0.0,-27.0,-60.0,-16.0,38,1
16124,3.137,-0.9956,0.6872,0.2961,0.0,0.0,0.1438,0.0,14.0,-17.0,-56.0,-16.0,29,1
16137,3.1355,-0.9956,0.6888,0.2961,-0.024,0.0,0.1198,0.0,14.0,-27.0,-53.0,-16.0,17,1
16149,3.1355,-0.9956,0.6888,0.2961,-0.0479,0.0,0.0959,0.0,15.0,-29.0,-56.0,-16.0,8,0
16161,3.137,-0.9956,0.6888,0.2945,-0.0719,0.0,0.0719,0.0,4.0,-21.0,-54.0,-16.0,0,0
16174,3.1416,-0.9956,0.6888,0.2961,-0.024,0.0,0.024,0.0,-5.0,-31.0,-57.0,-15.0,0,0
16186,3.1416,-0.9956,0.6888,0.2961,0.0,0.0,0.0,0.0,0.0,-25.0,-51.0,-16.0,0,0
16194,3.1431,-0.9956,0.6872,0.2961,0.024,0.0,0.0,0.0,-2.0,-21.0,-52.0,-16.0,0,0
16206,3.1416,-0.9956,0.6872,0.2961,0.0479,0.0,0.0,0.0,0.0,-18.0,-56.0,-16.0,0,0
16219,3.1416,-0.9956,0.6888,0.2961,0.0719,0.0,0.0,0.0,1.0,-19.0,-55.0,-16.0,0,0
16231,3.1401,-0.9956,0.6872,0.2961,0.0479,0.0,0.0,0.0,1.0,-26.0,-56.0,-16.0,0,0
16243,3.1385,-0.9956,0.6872,0.2961,0.0,0.0,0.0,0.0,0.0,-22.0,-52.0,-16.0,0,0
16251,3.1385,-0.9956,0.6872,0.2961,0.0,0.0,0.0,0.0,0.0,-22.0,-52.0,-16.0,0,0
16264,3.137,-0.9956,0.6888,0.2961,-0.0479,0.0,0.0,0.0,6.0,-27.0,-52.0,-16.0,0,0
16276,3.1355,-0.9956,0.6888,0.2961,-0.0479,0.0,0.0,0.0,5.0,-28.0,-52.0,-16.0,0,0
16288,3.1385,-0.9956,0.6872,0.2961,-0.0479,0.0,0.0,0.0,-3.0,-29.0,-57.0,-16.0,0,0
16301,3.1385,-0.9956,0.6888,0.2961,-0.024,0.0,0.0,0.0,-2.0,-27.0,-51.0,-16.0,0,0
16309,3.1401,-0.9956,0.6888,0.2961,-0.024,0.0,0.0,0.0,0.0,-24.0,-54.0,-16.0,0,0
16321,3.1401,-0.9956,0.6888,0.2961,0.0,0.0,0.0,0.0,0.0,-22.0,-54.0,-16.0,0,0
16333,3.1401,-0.9956,0.6888,0.2961,0.024,0.0,0.0,0.0,0.0,-30.0,-55.0,-16.0,0,0
16346,3.1401,-0.9956,0.6888,0.2961,0.024,0.0,0.0,0.0,0.0,-27.0,-54.0,-16.0,0,0
16358,3.1401,-0.9956,0.6888,0.2961,0.024,0.0,0.0,0.0,0.0,-31.0,-52.0,-16.0,0,0
16366,3.1401,-0.9956,0.6888,0.2961,0.024,0.0,0.0,0.0,-1.0,-21.0,-49.0,-16.0,0,0
16378,3.1401,-0.9956,0.6872,0.2961,0.0,0.0,0.0,0.0,0.0,-30.0,-47.0,-16.0,0,0
16391,3.1401,-0.9956,0.6872,0.2961,0.0,0.0,0.0,0.0,0.0,-30.0,-50.0,-16.0,0,0
16403,3.1401,-0.9956,0.6872,0.2961,0.0,0.0,0.0,0.0,0.0,-30.0,-43.0,-16.0,0,0
16411,3.1401,-0.9956,0.6872,0.2961,0.0,0.0,0.0,0.0,0.0,-30.0,-43.0,-16.0,0,0
16423,3.1401,-0.9956,0.6888,0.2961,0.0,0.0,0.0,0.0,0.0,-22.0,-43.0,-16.0,0,0
16436,3.1401,-0.9956,0.6888,0.2961,0.0,0.0,0.0,0.0,0.0,-30.0,-38.0,-16.0,0,0
16448,3.1401,-0.9956,0.6888,0.2961,0.0,0.0,0.0,0.0,-1.0,-24.0,-41.0,-16.0,0,0
16460,3.1401,-0.9956,0.6872,0.2961,0.0,0.0,0.0,0.0,0.0,-20.0,-42.0,-16.0,0,0
16469,3.1401,-0.9956,0.6888,0.2961,0.0,0.0,0.0,0.0,0.0,-20.0,-43.0,-17.0,0,0
16481,3.1416,-0.9956,0.6888,0.2961,0.0,0.0,0.0,0.0,0.0,-17.0,-45.0,-16.0,0,0
16493,3.1401,-0.9956,0.6888,0.2961,0.0,0.0,0.0,0.0,0.0,-25.0,-40.0,-16.0,0,0
16505,3.1401,-0.9956,0.6888,0.2961,0.0,0.0,0.0,0.0,0.0,-16.0,-40.0,-16.0,0,0
16518,3.1401,-0.9956,0.6888,0.2961,0.0,0.0,0.0,0.0,0.0,-24.0,-34.0,-16.0,0,0
16526,3.1401,-0.9956,0.6888,0.2961,0.0,0.0,0.0,0.0,0.0,-25.0,-43.0,-16.0,0,0
16538,3.1401,-0.9956,0.6888,0.2961,0.0,0.0,0.0,0.0,0.0,-31.0,-44.0,-16.0,0,0
16550,3.1401,-0.9956,0.6872,0.2976,0.0,0.0,0.0,0.0,0.0,-31.0,-43.0,-16.0,0,0
16563,3.1401,-0.9956,0.6872,0.2961,0.0,0.0,0.0,0.0,0.0,-22.0,-35.0,-16.0,0,0
16575,3.1401,-0.9956,0.6888,0.2961,0.0,0.0,0.0,0.0,0.0,-31.0,-36.0,-16.0,0,0
16583,3.1416,-0.9956,0.6888,0.2961,0.0,0.0,0.0,0.0,0.0,-18.0,-33.0,-16.0,0,0
16596,3.1401,-0.9956,0.6872,0.2961,0.0,0.0,0.0,0.0,0.0,-19.0,-43.0,-16.0,0,0
16608,3.1401,-0.9956,0.6872,0.2961,0.0,0.0,0.0,0.0,0.0,-22.0,-41.0,-16.0,0,0
16620,3.1401,-0.9956,0.6888,0.2961,0.0,0.0,0.0,0.0,0.0,-24.0,-36.0,-16.0,0,0
16632,3.1401,-0.9956,0.6888,0.2961,0.0,0.0,0.0,0.0,0.0,-24.0,-40.0,-16.0,0,0
16641,3.1401,-0.9956,0.6888,0.2961,0.0,0.0,0.0,0.0,0.0,-24.0,-40.0,-16.0,0,0
16653,3.1401,-0.9956,0.6888,0.2961,0.0,0.0,0.0,0.0,0.0,-21.0,-37.0,-16.0,0,0
16665,3.1401,-0.9956,0.6888,0.2961,0.0,0.0,0.0,0.0,0.0,-17.0,-36.0,-16.0,0,0
16677,3.1401,-0.9956,0.6888,0.2961,0.0,0.0,0.0,0.0,0.0,-31.0,-38.0,-15.0,0,0
16690,3.1401,-0.9956,0.6888,0.2961,0.0,0.0,0.0,0.0,0.0,-17.0,-38.0,-16.0,0,0
16698,3.1401,-0.9956,0.6888,0.2961,0.0,0.0,0.0,0.0,0.0,-16.0,-39.0,-16.0,0,0
16710,3.1401,-0.9956,0.6888,0.2961,0.0,0.0,0.0,0.0,0.0,-16.0,-39.0,-16.0,0,0
16723,3.1401,-0.9956,0.6888,0.2961,0.0,0.0,0.0,0.0,0.0,-17.0,-32.0,-16.0,0,0
16735,3.1401,-0.9956,0.6888,0.2961,0.0,0.0,0.0,0.0,0.0,-16.0,-33.0,-16.0,0,0
16747,3.1401,-0.9956,0.6888,0.2961,0.0,0.0,0.0,0.0,0.0,-17.0,-34.0,-16.0,0,0
16755,3.1401,-0.9956,0.6888,0.2961,0.0,0.0,0.0,0.0,0.0,-17.0,-33.0,-16.0,0,0
16768,3.1401,-0.9956,0.6872,0.2961,0.0,0.0,0.0,0.0,0.0,-17.0,-33.0,-16.0,0,0
16780,3.1401,-0.9956,0.6888,0.2961,0.0,0.0,0.0,0.0,0.0,-17.0,-28.0,-15.0,0,0
16792,3.1401,-0.9956,0.6888,0.2961,0.0,0.0,0.0,0.0,0.0,-17.0,-31.0,-15.0,0,0
16804,3.1401,-0.9956,0.6888,0.2961,0.0,0.0,0.0,0.0,0.0,-17.0,-32.0,-16.0,0,0
16813,3.1401,-0.9956,0.6888,0.2961,0.0,0.0,0.0,0.0,0.0,-17.0,-33.0,-16.0,0,0
16825,3.1401,-0.9956,0.6888,0.2961,0.0,0.0,0.0,0.0,0.0,-17.0,-35.0,-16.0,0,0
16837,3.1401,-0.9956,0.6888,0.2961,0.0,0.0,0.0,0.0,0.0,-17.0,-39.0,-16.0,0,0
16849,3.1401,-0.9956,0.6888,0.2961,0.0,0.0,0.0,0.0,0.0,-16.0,-39.0,-16.0,0,0
16858,3.1416,-0.9956,0.6903,0.2961,0.0,0.0,0.0,0.0,-2.0,-17.0,-38.0,-16.0,0,0
16870,3.1416,-0.9956,0.6903,0.2961,0.0,0.0,0.0,0.0,-1.0,-17.0,-49.0,-15.0,0,0
16882,3.1416,-0.9956,0.6903,0.2961,0.0,0.0,0.0,0.0,-2.0,-30.0,-52.0,-16.0,0,0
16895,3.1431,-0.9956,0.6903,0.2961,0.0,0.0,0.0,0.0,-11.0,-17.0,-51.0,-17.0,0,0
16907,3.1431,-0.9956,0.6903,0.2961,0.024,0.0,0.0,0.0,-17.0,-16.0,-50.0,-16.0,0,0
16915,3.1431,-0.9956,0.6903,0.2961,0.024,0.0,0.0,0.0,-20.0,-31.0,-49.0,-16.0,0,0
16927,3.1431,-0.9956,0.6903,0.2961,0.024,0.0,0.0,0.0,-27.0,-31.0,-48.0,-16.0,0,0
16940,3.1447,-0.9956,0.6903,0.2961,0.024,0.0,0.0,0.0,-50.0,-31.0,-47.0,-16.0,0,0
16952,3.1477,-0.994,0.6903,0.2961,0.024,0.0,0.0,0.0,-64.0,-24.0,-48.0,-16.0,1,0
16964,3.1508,-0.994,0.6918,0.2961,0.0719,0.0,0.0,0.0,-90.0,-25.0,-64.0,-17.0,2,0
16972,3.1508,-0.994,0.6934,0.2961,0.0959,0.0,0.0,0.0,-88.0,-27.0,-69.0,-19.0,9,0
16985,3.1523,-0.9956,0.6934,0.2961,0.0959,0.0,0.024,0.0,-81.0,-20.0,-65.0,-16.0,30,1
17001,3.1523,-0.9956,0.6934,0.2961,0.1198,0.0,0.024,0.0,-80.0,-25.0,-52.0,-16.0,32,1
17013,3.1539,-0.9956,0.6934,0.2961,0.0959,0.0,0.024,0.0,-76.0,-14.0,-52.0,-16.0,41,1
17026,3.1539,-0.9956,0.6934,0.2961,0.0959,0.0,0.024,0.0,-78.0,-10.0,-52.0,-16.0,46,1
17038,3.1539,-0.9956,0.6934,0.2961,0.0719,0.0,0.024,0.0,-99.0,-24.0,-55.0,-16.0,52,1
17050,3.1539,-0.9956,0.6934,0.2961,0.0479,0.0,0.0,0.0,-90.0,-26.0,-53.0,-16.0,63,1
17062,3.1569,-0.9956,0.6934,0.2961,0.0479,0.0,0.0,0.0,-110.0,-27.0,-51.0,-16.0,59,1
17075,3.1569,-0.9956,0.6934,0.2961,0.0479,0.0,0.0,0.0,-120.0,-28.0,-55.0,-16.0,60,1
17087,3.1585,-0.9956,0.6934,0.2961,0.0479,0.0,0.0,0.0,-123.0,-28.0,-55.0,-16.0,60,1
17099,3.1585,-0.9956,0.6934,0.2961,0.0479,0.0,0.0,0.0,-118.0,-32.0,-55.0,-16.0,61,1
17112,3.1585,-0.9956,0.6934,0.2961,0.0719,0.0,0.0,0.0,-114.0,-32.0,-52.0,-16.0,75,1
17124,3.1585,-0.9956,0.6934,0.2961,0.0719,0.0,0.0,0.0,-127.0,-34.0,-49.0,-15.0,74,1
17136,3.1585,-0.9956,0.6934,0.2961,0.0479,0.0,0.0,0.0,-100.0,-34.0,-51.0,-15.0,80,1
17148,3.1585,-0.9956,0.6934,0.2961,0.024,0.0,0.0,0.0,-81.0,-24.0,-51.0,-16.0,76,1
17161,3.1569,-0.9956,0.6934,0.2961,0.0,0.0,0.0,0.0,-60.0,-21.0,-54.0,-16.0,74,1
17173,3.1508,-0.9956,0.6934,0.2961,-0.0479,0.0,0.0,0.0,-15.0,-29.0,-49.0,-16.0,70,1
17185,3.1477,-0.9956,0.6934,0.2961,-0.0959,0.0,0.0,0.0,-2.0,-21.0,-52.0,-16.0,63,1
17198,3.1447,-0.9956,0.6934,0.2961,-0.1438,0.0,0.0,0.0,0.0,-34.0,-50.0,-16.0,56,1
17210,3.1431,-0.9956,0.6934,0.2961,-0.1678,0.0,0.0,0.0,-2.0,-31.0,-51.0,-16.0,47,1
17223,3.1401,-0.9956,0.6934,0.2961,-0.1918,0.0,0.0,0.0,-3.0,-29.0,-50.0,-16.0,31,1
17234,3.1401,-0.9956,0.6934,0.2961,-0.1918,0.0,0.0,0.0,0.0,-31.0,-50.0,-16.0,13,1
17247,3.1401,-0.9956,0.6934,0.2961,-0.1678,0.0,0.0,0.0,2.0,-26.0,-50.0,-16.0,0,0
17259,3.1385,-0.9971,0.6934,0.2961,-0.1678,0.0,0.0,0.0,5.0,-27.0,-48.0,-16.0,0,0
17271,3.1355,-0.9971,0.6934,0.2961,-0.1438,0.0,0.0,0.0,19.0,-29.0,-48.0,-17.0,0,0
17284,3.1339,-0.9956,0.6934,0.2961,-0.1198,0.0,0.0,0.0,10.0,-30.0,-47.0,-16.0,0,0
17292,3.1339,-0.9956,0.6934,0.2961,-0.1198,0.0,0.0,0.0,10.0,-30.0,-47.0,-16.0,0,0
17304,3.1385,-0.9956,0.6934,0.2961,-0.0719,0.0,0.0,0.0,-5.0,-28.0,-55.0,-16.0,0,0
17316,3.1401,-0.9956,0.6934,0.2961,-0.0479,0.0,0.0,0.0,-5.0,-23.0,-54.0,-16.0,0,0
17329,3.1401,-0.9956,0.6934,0.2961,0.0,0.0,0.0,0.0,0.0,-28.0,-54.0,-16.0,0,0
17341,3.1401,-0.9956,0.6934,0.2961,0.0,0.0,0.0,0.0,0.0,-23.0,-53.0,-16.0,0,0
17349,3.1401,-0.9971,0.6934,0.2961,0.0479,0.0,0.0,0.0,0.0,-22.0,-56.0,-16.0,0,0
17361,3.1385,-0.9956,0.6934,0.2961,0.0479,0.0,0.0,0.0,0.0,-24.0,-57.0,-19.0,0,0
17374,3.137,-0.9956,0.6934,0.2961,0.024,0.0,0.0,0.0,0.0,-17.0,-54.0,-16.0,0,0
17386,3.137,-0.9956,0.6934,0.2961,0.0,0.0,0.0,0.0,6.0,-23.0,-54.0,-16.0,0,0
17398,3.1355,-0.9956,0.6934,0.2961,-0.024,0.0,0.0,0.0,8.0,-20.0,-55.0,-16.0,0,0
17406,3.1355,-0.9956,0.6934,0.2961,-0.0479,0.0,0.0,0.0,3.0,-24.0,-55.0,-16.0,0,0
17419,3.1355,-0.9971,0.6934,0.2961,-0.0479,0.0,0.0,0.0,-6.0,-23.0,-54.0,-16.0,0,0
17431,3.137,-0.9956,0.6934,0.2961,-0.024,0.0,0.0,0.0,-1.0,-20.0,-54.0,-16.0,0,0
17443,3.1385,-0.9956,0.6934,0.2961,0.0,0.0,0.0,0.0,0.0,-30.0,-55.0,-16.0,0,0
17456,3.1385,-0.9956,0.6934,0.2961,0.0,0.0,0.0,0.0,0.0,-18.0,-55.0,-16.0,0,0
17464,3.1385,-0.9971,0.6934,0.2961,0.024,0.0,0.0,0.0,0.0,-25.0,-57.0,-16.0,0,0
17476,3.1385,-0.9956,0.6934,0.2961,0.024,0.0,0.0,0.0,0.0,-29.0,-56.0,-15.0,0,0
17488,3.1385,-0.9956,0.6934,0.2976,0.024,0.0,0.0,0.0,0.0,-24.0,-57.0,-15.0,0,0
17501,3.1385,-0.9956,0.6934,0.2961,0.024,0.0,0.0,0.0,0.0,-25.0,-56.0,-16.0,0,0
17513,3.1385,-0.9956,0.6934,0.2961,0.0,0.0,0.0,0.0,0.0,-29.0,-56.0,-17.0,0,0
17521,3.1385,-0.9956,0.6934,0.2961,0.0,0.0,0.0,0.0,0.0,-29.0,-56.0,-17.0,0,0
17533,3.1401,-0.9971,0.6934,0.2961,0.0,0.0,0.0,0.0,0.0,-28.0,-55.0,-16.0,0,0
17546,3.1385,-0.9971,0.6934,0.2961,0.0,0.0,0.0,0.0,0.0,-25.0,-54.0,-16.0,0,0
17558,3.1385,-0.9971,0.6934,0.2961,0.0,0.0,0.0,0.0,0.0,-26.0,-55.0,-16.0,0,0
17570,3.1385,-0.9956,0.6934,0.2961,0.0,0.0,0.0,0.0,0.0,-28.0,-54.0,-16.0,0,0
17579,3.1385,-0.9956,0.6934,0.2961,0.0,0.0,0.0,0.0,0.0,-28.0,-56.0,-16.0,0,0
17591,3.1385,-0.9956,0.6934,0.2961,0.0,0.0,0.0,0.0,0.0,-20.0,-56.0,-16.0,0,0
17603,3.1385,-0.9956,0.6934,0.2961,0.0,0.0,0.0,0.0,0.0,-29.0,-54.0,-16.0,0,0
17615,3.1385,-0.9956,0.6934,0.2961,0.0,0.0,0.0,0.0,0.0,-28.0,-54.0,-15.0,0,0
17624,3.1385,-0.9971,0.6934,0.2961,0.0,0.0,0.0,0.0,0.0,-23.0,-55.0,-16.0,0,0
17636,3.1385,-0.9956,0.6934,0.2961,0.0,0.0,0.0,0.0,0.0,-26.0,-53.0,-16.0,0,0
17648,3.1385,-0.9956,0.6934,0.2961,0.0,0.0,0.0,0.0,-1.0,-21.0,-53.0,-16.0,0,0
17660,3.1385,-0.9971,0.6934,0.2961,0.0,0.0,0.0,0.0,0.0,-24.0,-55.0,-16.0,0,0
17673,3.1385,-0.9971,0.6934,0.2961,0.0,0.0,0.0,0.0,0.0,-24.0,-53.0,-16.0,0,0
17681,3.1385,-0.9971,0.6934,0.2961,0.0,0.0,0.0,0.0,0.0,-24.0,-53.0,-16.0,0,0
17693,3.1385,-0.9971,0.6934,0.2961,0.0,0.0,0.0,0.0,0.0,-22.0,-54.0,-16.0,0,0
17705,3.1385,-0.9956,0.6934,0.2961,0.0,0.0,0.0,0.0,-1.0,-23.0,-54.0,-16.0,0,0
17718,3.1385,-0.9971,0.6934,0.2961,0.0,0.0,0.0,0.0,0.0,-26.0,-54.0,-16.0,0,0
17730,3.1385,-0.9956,0.6934,0.2961,0.0,0.0,0.0,0.0,0.0,-18.0,-53.0,-16.0,0,0
17738,3.1401,-0.9971,0.6934,0.2961,0.0,0.0,0.0,0.0,0.0,-22.0,-54.0,-16.0,0,0
17751,3.1401,-0.9956,0.6934,0.2961,0.0,0.0,0.0,0.0,0.0,-23.0,-54.0,-16.0,0,0
17763,3.1385,-0.9956,0.6934,0.2961,0.0,0.0,0.0,0.0,0.0,-23.0,-55.0,-16.0,0,0
17775,3.1385,-0.9971,0.6934,0.2961,0.0,0.0,0.0,0.0,0.0,-22.0,-53.0,-16.0,0,0
17787,3.1385,-0.9956,0.6934,0.2961,0.0,0.0,0.0,0.0,0.0,-26.0,-55.0,-16.0,0,0
17796,3.1385,-0.9971,0.6934,0.2961,0.0,0.0,0.0,0.0,0.0,-27.0,-55.0,-16.0,0,0
17808,3.1385,-0.9956,0.6934,0.2961,0.0,0.0,0.0,0.0,0.0,-30.0,-53.0,-15.0,0,0
17820,3.1385,-0.9956,0.6934,0.2961,0.0,0.0,0.0,0.0,0.0,-28.0,-53.0,-16.0,0,0
17832,3.1385,-0.9956,0.6934,0.2961,0.0,0.0,0.0,0.0,0.0,-22.0,-53.0,-16.0,0,0
17845,3.1385,-0.9971,0.6934,0.2961,0.0,0.0,0.0,0.0,0.0,-26.0,-52.0,-16.0,0,0
17853,3.1385,-0.9956,0.6934,0.2961,0.0,0.0,0.0,0.0,0.0,-24.0,-53.0,-16.0,0,0
17865,3.1385,-0.9956,0.6934,0.2961,0.0,0.0,0.0,0.0,0.0,-29.0,-54.0,-16.0,0,0
17878,3.1385,-0.9971,0.6934,0.2961,0.0,0.0,0.0,0.0,0.0,-23.0,-56.0,-16.0,0,0
17890,3.1385,-0.9956,0.6934,0.2961,0.0,0.0,0.0,0.0,0.0,-28.0,-52.0,-16.0,0,0
17902,3.1385,-0.9956,0.6934,0.2961,0.0,0.0,0.0,0.0,0.0,-26.0,-54.0,-16.0,0,0
17910,3.137,-0.9956,0.6934,0.2961,0.0,0.0,0.0,0.0,0.0,-25.0,-54.0,-16.0,0,0
17923,3.1355,-0.9956,0.6934,0.2961,-0.024,0.0,0.0,0.0,18.0,-16.0,-53.0,-16.0,0,0
17935,3.1355,-0.9956,0.6934,0.2961,-0.024,0.0,0.0,0.0,15.0,-19.0,-52.0,-16.0,0,0
17947,3.1355,-0.9971,0.6934,0.2961,-0.024,0.0,0.0,0.0,13.0,-25.0,-52.0,-16.0,0,0
17959,3.1355,-0.9971,0.6934,0.2961,-0.024,0.0,0.0,0.0,18.0,-28.0,-52.0,-16.0,3,0
17968,3.1355,-0.9971,0.6934,0.2961,-0.024,0.0,0.0,0.0,13.0,-26.0,-53.0,-16.0,8,0
17980,3.1355,-0.9971,0.6934,0.2961,-0.024,0.0,0.0,0.0,12.0,-22.0,-49.0,-16.0,10,0
17993,3.1339,-0.9956,0.6934,0.2961,0.0,0.0,0.0,0.0,29.0,-30.0,-53.0,-16.0,13,1
18004,3.1339,-0.9956,0.6934,0.2961,0.0,0.0,0.0,0.0,48.0,-30.0,-52.0,-16.0,13,1
18021,3.1309,-0.9971,0.6934,0.2961,-0.024,0.0,0.0,0.0,63.0,-22.0,-54.0,-16.0,13,1
18033,3.1309,-0.9956,0.6934,0.2961,-0.0479,0.0,0.0,0.0,55.0,-23.0,-54.0,-16.0,11,1
18041,3.1309,-0.9956,0.6934,0.2961,-0.0479,0.0,0.0,0.0,55.0,-23.0,-54.0,-16.0,7,0
18054,3.1278,-0.9956,0.6934,0.2961,-0.0719,0.0,0.0,0.0,71.0,-30.0,-49.0,-16.0,9,0
18066,3.1263,-0.9956,0.6934,0.2961,-0.0959,0.0,0.0,0.0,94.0,-34.0,-51.0,-16.0,13,1
18078,3.1247,-0.9956,0.6934,0.2961,-0.0959,0.0,0.0,0.0,111.0,-34.0,-49.0,-16.0,17,1
18090,3.1217,-0.9956,0.6934,0.2961,-0.0959,0.0,0.0,0.0,142.0,-23.0,-52.0,-18.0,17,1
18103,3.1186,-0.9956,0.6934,0.2961,-0.1438,0.0,0.0,0.0,123.0,-28.0,-50.0,-16.0,17,1
18115,3.117,-0.9956,0.6949,0.2961,-0.1438,0.0,0.0,0.0,122.0,-26.0,-56.0,-16.0,20,1
18127,3.117,-0.994,0.6949,0.2961,-0.1438,0.0,0.0,0.0,113.0,-35.0,-50.0,-16.0,23,1
18140,3.117,-0.994,0.6949,0.2961,-0.1438,0.0,0.0,0.0,115.0,-35.0,-46.0,-16.0,26,1
18156,3.117,-0.994,0.6934,0.2961,-0.0959,0.0,0.0,0.0,134.0,-33.0,-47.0,-16.0,31,1
18168,3.117,-0.994,0.6949,0.2961,-0.0719,0.0,0.0,0.0,133.0,-32.0,-46.0,-16.0,35,1
18181,3.117,-0.994,0.6949,0.2961,-0.0479,0.0,0.0,0.0,135.0,-32.0,-44.0,-15.0,39,1
18193,3.117,-0.994,0.6949,0.2961,0.0,0.0,0.0,0.0,133.0,-33.0,-41.0,-15.0,44,1
18205,3.1186,-0.9956,0.6949,0.2961,0.0,0.0,0.0,0.0,132.0,-33.0,-44.0,-16.0,46,1
18217,3.1186,-0.9956,0.6949,0.2961,0.0,0.0,0.0,0.0,106.0,-33.0,-45.0,-16.0,56,1
18230,3.1186,-0.994,0.6949,0.2961,0.0,0.0,0.0,0.0,105.0,-33.0,-44.0,-16.0,57,1
18242,3.1186,-0.994,0.6949,0.2961,0.0,0.0,0.0,0.0,101.0,-32.0,-43.0,-15.0,59,1
18254,3.1217,-0.994,0.6949,0.2961,0.024,0.0,0.0,0.0,74.0,-31.0,-46.0,-16.0,59,1
18267,3.1232,-0.9956,0.6949,0.2961,0.0479,0.0,0.0,0.0,54.0,-18.0,-45.0,-16.0,57,1
18279,3.1263,-0.9956,0.6949,0.2961,0.0719,0.0,0.0,0.0,41.0,-29.0,-44.0,-16.0,52,1
18291,3.1278,-0.9956,0.6949,0.2961,0.0959,0.0,0.0,0.0,21.0,-15.0,-45.0,-16.0,46,1
18303,3.1339,-0.9971,0.6949,0.2961,0.1438,-0.024,0.0,0.0,1.0,-18.0,-39.0,-16.0,37,1
18316,3.1355,-0.9971,0.6949,0.2961,0.1918,-0.024,0.0,0.0,1.0,-22.0,-47.0,-16.0,25,1
18328,3.137,-0.9971,0.6949,0.2961,0.1918,-0.024,0.0,0.0,0.0,-23.0,-45.0,-16.0,11,1
18340,3.1385,-0.9971,0.6949,0.2961,0.2157,-0.024,0.0,0.0,0.0,-24.0,-48.0,-16.0,3,0
18353,3.1401,-0.9971,0.6949,0.2961,0.2157,-0.024,0.0,0.0,-3.0,-25.0,-51.0,-16.0,3,0
18365,3.1431,-0.9971,0.6964,0.2961,0.1918,0.0,0.0,0.0,-2.0,-23.0,-65.0,-16.0,2,0
18373,3.1431,-0.9971,0.6964,0.2961,0.1678,0.0,0.0,0.0,0.0,-23.0,-59.0,-16.0,0,0
18385,3.1431,-0.9971,0.6964,0.2961,0.1438,0.0,0.0,0.0,0.0,-22.0,-54.0,-16.0,1,0
18398,3.1416,-0.9971,0.6964,0.2961,0.0959,0.0,0.0,0.0,1.0,-25.0,-53.0,-16.0,0,0
18410,3.1416,-0.9971,0.6964,0.2961,0.0719,0.0,0.0,0.0,0.0,-24.0,-51.0,-16.0,0,0
18422,3.1401,-0.9971,0.6964,0.2961,0.024,0.0,0.0,0.0,0.0,-25.0,-53.0,-16.0,0,0
18430,3.1385,-0.9971,0.6949,0.2961,0.0,0.0,0.0,0.0,6.0,-24.0,-53.0,-16.0,1,0
18443,3.1385,-0.9971,0.6964,0.2961,-0.024,0.0,0.0,0.0,6.0,-18.0,-55.0,-16.0,1,0
18455,3.1401,-0.9971,0.6964,0.2961,-0.0479,0.0,0.0,0.0,4.0,-17.0,-53.0,-16.0,0,0
18467,3.1401,-0.9971,0.6964,0.2961,-0.024,0.0,0.0,0.0,0.0,-17.0,-54.0,-16.0,0,0
18480,3.1401,-0.9971,0.6964,0.2961,-0.024,0.0,0.0,0.0,0.0,-17.0,-57.0,-16.0,0,0
18488,3.1416,-0.9971,0.6964,0.2961,0.0,0.0,0.0,0.0,0.0,-17.0,-55.0,-16.0,0,0
18500,3.1416,-0.9971,0.6964,0.2961,0.0,0.0,0.0,0.0,0.0,-17.0,-53.0,-16.0,0,0
18512,3.1416,-0.9971,0.6964,0.2961,0.024,0.0,0.0,0.0,0.0,-17.0,-54.0,-16.0,0,0
18525,3.1416,-0.9971,0.6964,0.2961,0.024,0.0,0.0,0.0,0.0,-17.0,-52.0,-16.0,0,0
18537,3.1416,-0.9971,0.6964,0.2961,0.024,0.0,0.0,0.0,0.0,-17.0,-53.0,-16.0,0,0
18545,3.1416,-0.9971,0.6964,0.2961,0.024,0.0,0.0,0.0,0.0,-17.0,-55.0,-16.0,0,0
18557,3.1416,-0.9971,0.6964,0.2961,0.0,0.0,0.0,0.0,0.0,-17.0,-55.0,-16.0,0,0
18570,3.1401,-0.9971,0.6964,0.2961,0.0,0.0,0.0,0.0,0.0,-17.0,-56.0,-16.0,0,0
18582,3.1401,-0.9971,0.6964,0.2961,0.0,0.0,0.0,0.0,0.0,-17.0,-54.0,-16.0,0,0
18594,3.1401,-0.9971,0.6964,0.2961,0.0,0.0,0.0,0.0,0.0,-17.0,-55.0,-16.0,0,0
18602,3.1401,-0.9971,0.6964,0.2961,0.0,0.0,0.0,0.0,0.0,-17.0,-55.0,-16.0,0,0
18615,3.1401,-0.9971,0.6964,0.2961,0.0,0.0,0.0,0.0,0.0,-17.0,-53.0,-16.0,0,0
18627,3.1401,-0.9971,0.6964,0.2961,0.0,0.0,0.0,0.0,0.0,-17.0,-54.0,-16.0,0,0
18639,3.1401,-0.9971,0.6964,0.2961,0.0,0.0,0.0,0.0,0.0,-14.0,-52.0,-16.0,0,0
18648,3.1401,-0.9971,0.6964,0.2961,0.0,0.0,0.0,0.0,0.0,-17.0,-54.0,-16.0,0,0
18660,3.1401,-0.9971,0.6964,0.2961,0.0,0.0,0.0,0.0,0.0,-17.0,-55.0,-16.0,0,0
18672,3.1401,-0.9971,0.6964,0.2961,0.0,0.0,0.0,0.0,0.0,-17.0,-54.0,-15.0,0,0
18684,3.1401,-0.9971,0.6964,0.2961,0.0,0.0,0.0,0.0,0.0,-16.0,-54.0,-16.0,0,0
18697,3.1401,-0.9971,0.6964,0.2961,0.0,0.0,0.0,0.0,0.0,-17.0,-53.0,-16.0,0,0
18705,3.1401,-0.9971,0.6964,0.2961,0.0,0.0,0.0,0.0,0.0,-16.0,-50.0,-16.0,0,0
18717,3.1401,-0.9971,0.6964,0.2961,0.0,0.0,0.0,0.0,0.0,-17.0,-54.0,-16.0,0,0
18729,3.1401,-0.9971,0.6964,0.2961,0.0,0.0,0.0,0.0,0.0,-17.0,-51.0,-16.0,0,0
18742,3.1401,-0.9971,0.6964,0.2961,0.0,0.0,0.0,0.0,0.0,-16.0,-53.0,-16.0,0,0
18754,3.1401,-0.9971,0.6964,0.2961,0.0,0.0,0.0,0.0,0.0,-15.0,-54.0,-16.0,0,0
18762,3.1401,-0.9971,0.6964,0.2961,0.0,0.0,0.0,0.0,0.0,-15.0,-54.0,-16.0,0,0
18775,3.1401,-0.9971,0.6964,0.2961,0.0,0.0,0.0,0.0,0.0,-11.0,-52.0,-16.0,0,0
18787,3.1401,-0.9971,0.6964,0.2961,0.0,0.0,0.0,0.0,0.0,-11.0,-51.0,-16.0,0,0
18799,3.1401,-0.9971,0.6964,0.2961,0.0,0.0,0.0,0.0,0.0,-11.0,-55.0,-16.0,0,0
18811,3.1401,-0.9971,0.6964,0.2961,0.0,0.0,0.0,0.0,0.0,-12.0,-53.0,-16.0,0,0
18820,3.1401,-0.9971,0.6964,0.2961,0.0,0.0,0.0,0.0,0.0,-12.0,-54.0,-16.0,0,0
18832,3.1401,-0.9971,0.6964,0.2961,0.0,0.0,0.0,0.0,0.0,-12.0,-56.0,-16.0,0,0
18844,3.1401,-0.9971,0.6964,0.2961,0.0,0.0,0.0,0.0,0.0,-11.0,-53.0,-16.0,0,0
18856,3.1401,-0.9971,0.6964,0.2961,0.0,0.0,0.0,0.0,0.0,-11.0,-55.0,-16.0,0,0
18869,3.1401,-0.9971,0.6964,0.2961,0.0,0.0,0.0,0.0,0.0,-10.0,-52.0,-16.0,0,0
18877,3.1401,-0.9971,0.6964,0.2961,0.0,0.0,0.0,0.0,0.0,-12.0,-52.0,-16.0,0,0
18889,3.1401,-0.9971,0.6964,0.2961,0.0,0.0,0.0,0.0,0.0,-12.0,-54.0,-16.0,0,0
18901,3.1401,-0.9971,0.6964,0.2961,0.0,0.0,0.0,0.0,0.0,-10.0,-52.0,-16.0,0,0
18914,3.1401,-0.9971,0.6964,0.2961,0.0,0.0,0.0,0.0,0.0,-11.0,-55.0,-15.0,0,0
18926,3.1401,-0.9971,0.6964,0.2961,0.0,0.0,0.0,0.0,0.0,-12.0,-52.0,-16.0,0,0
18934,3.1401,-0.9971,0.6964,0.2961,0.0,0.0,0.0,0.0,0.0,-11.0,-53.0,-16.0,0,0
18947,3.1401,-0.9971,0.6964,0.2961,0.0,0.0,0.0,0.0,0.0,-12.0,-49.0,-16.0,0,0
18959,3.1401,-0.9971,0.6964,0.2961,0.0,0.0,0.0,0.0,0.0,-11.0,-49.0,-16.0,0,0
18971,3.1401,-0.9971,0.6964,0.2961,0.0,0.0,0.0,0.0,0.0,-12.0,-49.0,-16.0,0,0
18983,3.1401,-0.9971,0.6964,0.2961,0.0,0.0,0.0,0.0,0.0,-13.0,-51.0,-16.0,0,0
18992,3.1401,-0.9971,0.6964,0.2961,0.0,0.0,0.0,0.0,0.0,-13.0,-51.0,-16.0,0,0
19004,3.1401,-0.9971,0.6964,0.2961,0.0,0.0,0.0,0.0,0.0,-10.0,-50.0,-16.0,0,0
19017,3.1401,-0.9971,0.6964,0.2961,0.0,0.0,0.0,0.0,0.0,-12.0,-49.0,-16.0,0,0
19028,3.1401,-0.9971,0.6964,0.2961,0.0,0.0,0.0,0.0,0.0,-11.0,-50.0,-16.0,0,0
19041,3.1401,-0.9971,0.6964,0.2961,0.0,0.0,0.0,0.0,0.0,-11.0,-49.0,-16.0,0,0
19049,3.1401,-0.9971,0.6964,0.2961,0.0,0.0,0.0,0.0,0.0,-11.0,-51.0,-15.0,0,0
19061,3.1401,-0.9971,0.6964,0.2961,0.0,0.0,0.0,0.0,0.0,-11.0,-50.0,-16.0,0,0
19074,3.1401,-0.9971,0.6964,0.2961,0.0,0.0,0.0,0.0,0.0,-12.0,-51.0,-16.0,0,0
19086,3.1401,-0.9971,0.6964,0.2961,0.0,0.0,0.0,0.0,0.0,-9.0,-49.0,-16.0,0,0
19094,3.1401,-0.9971,0.6964,0.2961,0.0,0.0,0.0,0.0,0.0,-11.0,-49.0,-16.0,0,0
19106,3.1401,-0.9971,0.6964,0.2961,0.0,0.0,0.0,0.0,0.0,-13.0,-49.0,-16.0,0,0
19119,3.1401,-0.9971,0.6964,0.2961,0.0,0.0,0.0,0.0,0.0,-13.0,-50.0,-17.0,0,0
19131,3.1401,-0.9971,0.6964,0.2961,0.0,0.0,0.0,0.0,0.0,-11.0,-52.0,-16.0,0,0
19143,3.1401,-0.9971,0.6964,0.2961,0.0,0.0,0.0,0.0,0.0,-12.0,-52.0,-16.0,0,0
19151,3.1401,-0.9971,0.6964,0.2961,0.0,0.0,0.0,0.0,0.0,-12.0,-52.0,-16.0,0,0
19164,3.1401,-0.9971,0.6964,0.2961,0.0,0.0,0.0,0.0,0.0,-12.0,-51.0,-11.0,0,0
19176,3.1431,-0.9971,0.6964,0.2961,0.0,0.0,0.0,0.0,-5.0,-11.0,-69.0,-5.0,0,0
19188,3.1462,-0.9971,0.6995,0.2961,0.024,0.0,0.0,0.0,-14.0,-13.0,-98.0,-3.0,0,0
19200,3.1431,-0.9971,0.7026,0.2961,0.0479,0.0,0.024,0.0,0.0,-12.0,-123.0,-13.0,0,0
19209,3.1401,-0.9971,0.7056,0.2945,0.024,0.0,0.0479,0.0,1.0,-15.0,-152.0,-11.0,0,0
19221,3.1385,-0.9971,0.7102,0.2961,0.0,0.0,0.0959,0.0,6.0,-26.0,-177.0,-15.0,5,0
19233,3.1401,-0.9956,0.7148,0.2961,0.0,0.0,0.2157,0.0,-4.0,-37.0,-190.0,-16.0,36,1
19246,3.1416,-0.9956,0.7164,0.2961,0.0,0.0,0.2397,0.0,0.0,-34.0,-183.0,-17.0,39,1
19258,3.1416,-0.994,0.7179,0.2961,-0.024,0.0,0.2637,0.0,0.0,-24.0,-159.0,-16.0,39,1
19270,3.1416,-0.994,0.7179,0.2961,-0.024,0.024,0.2637,0.0,0.0,-28.0,-149.0,-16.0,42,1
19282,3.1401,-0.9956,0.7164,0.2961,0.0,0.024,0.2397,0.0,4.0,-24.0,-147.0,-13.0,45,1
19299,3.1401,-0.9956,0.7148,0.2961,0.0,0.0,0.1198,0.0,4.0,-17.0,-129.0,-14.0,47,1
19311,3.1416,-0.9956,0.7133,0.2961,0.0,0.0,0.0719,0.0,0.0,-17.0,-107.0,-11.0,46,1
19323,3.1431,-0.9956,0.7118,0.2961,0.0,0.0,-0.024,0.0,0.0,-18.0,-96.0,-13.0,44,1
19336,3.1447,-0.9971,0.7102,0.2961,0.0,0.0,-0.0719,0.0,-1.0,-12.0,-93.0,-16.0,35,1
19348,3.1431,-0.9971,0.7102,0.2961,0.024,0.0,-0.0719,0.0,-4.0,-12.0,-101.0,-15.0,23,1
19361,3.1447,-0.9956,0.7102,0.2961,0.0479,0.0,-0.0959,0.0,-11.0,-20.0,-102.0,-16.0,11,1
19373,3.1447,-0.9971,0.7087,0.2961,0.0479,0.0,-0.0959,0.0,-4.0,-15.0,-105.0,-14.0,0,0
19381,3.1431,-0.9971,0.7102,0.2961,0.0479,0.0,-0.0959,0.0,0.0,-19.0,-112.0,-15.0,0,0
19393,3.1416,-0.9956,0.7102,0.2961,0.0,0.0,-0.0719,0.0,5.0,-20.0,-115.0,-15.0,0,0
19405,3.137,-0.9971,0.7102,0.2961,-0.024,0.0,-0.024,0.0,20.0,-19.0,-113.0,-15.0,0,0
19418,3.137,-0.9971,0.7087,0.2961,-0.0719,0.0,0.0,0.0,25.0,-16.0,-108.0,-16.0,0,0
19430,3.1385,-0.9971,0.7087,0.2945,-0.0959,0.0,0.0,0.0,3.0,-17.0,-107.0,-14.0,0,0
19438,3.1401,-0.9971,0.7087,0.2961,-0.0719,0.0,0.0,0.0,-5.0,-18.0,-107.0,-15.0,0,0
19451,3.1416,-0.9971,0.7072,0.2961,-0.0479,0.0,0.0,0.0,-5.0,-18.0,-110.0,-16.0,0,0
19463,3.1431,-0.9971,0.7087,0.2961,0.0,0.0,0.0,0.0,-2.0,-19.0,-110.0,-13.0,0,0
19475,3.1431,-0.9971,0.7087,0.2961,0.0479,0.0,0.0,0.0,-4.0,-17.0,-111.0,-16.0,0,0
19487,3.1431,-0.9971,0.7087,0.2961,0.0719,0.0,0.0,0.0,0.0,-19.0,-111.0,-15.0,0,0
19495,3.1431,-0.9971,0.7087,0.2961,0.0719,0.0,0.0,0.0,2.0,-15.0,-111.0,-13.0,0,0
19508,3.1416,-0.9956,0.7087,0.2961,0.0479,0.0,0.0,0.0,0.0,-22.0,-115.0,-15.0,0,0
19520,3.1401,-0.9971,0.7087,0.2961,0.0,0.0,0.0,0.0,0.0,-14.0,-112.0,-16.0,0,0
19532,3.137,-0.9971,0.7087,0.2961,0.0,0.0,0.0,0.0,13.0,-17.0,-113.0,-16.0,0,0
19541,3.137,-0.9971,0.7087,0.2961,-0.0479,0.0,0.0,0.0,8.0,-19.0,-114.0,-15.0,0,0
19553,3.137,-0.9971,0.7087,0.2961,-0.0719,0.0,0.0,0.0,10.0,-17.0,-112.0,-14.0,0,0
19565,3.1416,-0.9971,0.7072,0.2945,-0.0479,0.0,0.0,0.0,-2.0,-13.0,-111.0,-14.0,0,0
19578,3.1416,-0.9956,0.7087,0.2961,-0.024,0.0,0.0,0.0,0.0,-22.0,-114.0,-15.0,0,0
19590,3.1431,-0.9956,0.7072,0.2961,0.0,0.0,0.0,0.0,-2.0,-20.0,-114.0,-14.0,0,0
19598,3.1431,-0.9971,0.7087,0.2961,0.024,0.0,0.0,0.0,-2.0,-12.0,-113.0,-16.0,0,0
19610,3.1431,-0.9956,0.7087,0.2961,0.0479,0.0,0.0,0.0,-1.0,-11.0,-112.0,-16.0,0,0
19622,3.1431,-0.9956,0.7087,0.2961,0.0719,0.0,0.0,0.0,2.0,-20.0,-114.0,-16.0,0,0
19635,3.1431,-0.9971,0.7087,0.2961,0.024,0.0,0.0,0.0,-4.0,-21.0,-112.0,-15.0,0,0
19647,3.1416,-0.9971,0.7087,0.2961,0.0,0.0,0.0,0.0,-1.0,-15.0,-114.0,-14.0,0,0
19656,3.1416,-0.9971,0.7087,0.2961,0.0,0.0,0.0,0.0,0.0,-22.0,-114.0,-13.0,0,0
19667,3.1401,-0.9971,0.7087,0.2961,0.0,0.0,0.0,0.0,0.0,-17.0,-114.0,-15.0,0,0
19680,3.1401,-0.9971,0.7087,0.2961,0.0,0.0,0.0,0.0,0.0,-23.0,-113.0,-15.0,0,0
19692,3.1401,-0.9971,0.7087,0.2961,-0.024,0.0,0.0,0.0,0.0,-25.0,-112.0,-15.0,0,0
19704,3.1401,-0.9956,0.7087,0.2961,0.0,0.0,0.0,0.0,0.0,-21.0,-113.0,-15.0,0,0
19712,3.1401,-0.9956,0.7087,0.2961,0.0,0.0,0.0,0.0,0.0,-21.0,-113.0,-15.0,0,0
19725,3.1416,-0.9956,0.7087,0.2961,0.0,0.0,0.0,0.0,0.0,-22.0,-116.0,-15.0,0,0
19737,3.1416,-0.9971,0.7087,0.2961,0.0,0.0,0.0,0.0,0.0,-19.0,-116.0,-11.0,0,0
19749,3.1416,-0.9971,0.7087,0.2961,0.0,0.0,0.0,0.0,0.0,-13.0,-116.0,-13.0,0,0
19762,3.1416,-0.9971,0.7087,0.2961,0.0,0.0,0.0,0.0,0.0,-25.0,-113.0,-12.0,0,0
19770,3.1416,-0.9971,0.7072,0.2961,0.0,0.0,0.0,0.0,0.0,-19.0,-117.0,-15.0,0,0
19782,3.1416,-0.9971,0.7087,0.2961,0.0,0.0,0.0,0.0,0.0,-20.0,-115.0,-14.0,0,0
19794,3.1416,-0.9971,0.7072,0.2945,0.0,0.0,0.0,0.0,0.0,-13.0,-116.0,-15.0,0,0
19807,3.1416,-0.9971,0.7072,0.2961,0.0,0.0,0.0,0.0,0.0,-17.0,-118.0,-16.0,0,0
19819,3.1416,-0.9971,0.7072,0.2961,0.0,0.0,0.0,0.0,0.0,-17.0,-113.0,-16.0,0,0
19827,3.1416,-0.9956,0.7087,0.2961,0.0,0.0,0.0,0.0,0.0,-18.0,-118.0,-14.0,0,0
19839,3.1416,-0.9971,0.7087,0.2961,0.0,0.0,0.0,0.0,0.0,-30.0,-115.0,-15.0,0,0
19852,3.1416,-0.9971,0.7087,0.2961,0.0,0.0,0.0,0.0,0.0,-14.0,-118.0,-15.0,0,0
19864,3.1401,-0.9956,0.7087,0.2961,0.0,0.0,0.0,0.0,0.0,-23.0,-120.0,-16.0,0,0
19876,3.1416,-0.9971,0.7087,0.2961,0.0,0.0,0.0,0.0,0.0,-18.0,-118.0,-15.0,0,0
19884,3.1416,-0.9971,0.7072,0.2961,0.0,0.0,0.0,0.0,0.0,-15.0,-120.0,-16.0,0,0
19897,3.1416,-0.9971,0.7072,0.2961,0.0,0.0,0.0,0.0,0.0,-11.0,-119.0,-14.0,0,0
19909,3.1416,-0.9971,0.7087,0.2961,0.0,0.0,0.0,0.0,0.0,-21.0,-118.0,-14.0,0,0
19921,3.1416,-0.9971,0.7087,0.2961,0.0,0.0,0.0,0.0,0.0,-18.0,-121.0,-16.0,0,0
19934,3.1416,-0.9971,0.7087,0.2961,0.0,0.0,0.0,0.0,0.0,-16.0,-120.0,-15.0,0,0
19942,3.1416,-0.9971,0.7087,0.2961,0.0,0.0,0.0,0.0,0.0,-16.0,-120.0,-15.0,0,0
19954,3.1416,-0.9971,0.7087,0.2961,0.0,0.0,0.0,0.0,0.0,-14.0,-118.0,-14.0,0,0
19966,3.1416,-0.9956,0.7087,0.2961,0.0,0.0,0.0,0.0,0.0,-20.0,-122.0,-14.0,0,0
19979,3.1416,-0.9971,0.7087,0.2961,0.0,0.0,0.0,0.0,0.0,-20.0,-121.0,-16.0,0,0
19987,3.1416,-0.9956,0.7087,0.2961,0.0,0.0,0.0,0.0,0.0,-11.0,-118.0,-16.0,0,0
19999,3.1401,-0.9971,0.7072,0.2961,0.0,0.0,0.0,0.0,0.0,-18.0,-120.0,-14.0,0,0
20011,3.1416,-0.9971,0.7072,0.2961,0.0,0.0,0.0,0.0,0.0,-20.0,-123.0,-13.0,0,0
20024,3.1416,-0.9956,0.7087,0.2961,0.0,0.0,0.0,0.0,0.0,-17.0,-124.0,-15.0,0,0
20036,3.1416,-0.9956,0.7087,0.2961,0.0,0.0,0.0,0.0,0.0,-22.0,-123.0,-13.0,0,0
20044,3.1416,-0.9971,0.7087,0.2961,0.0,0.0,0.0,0.0,0.0,-23.0,-122.0,-16.0,0,0
20056,3.1416,-0.9971,0.7087,0.2961,0.0,0.0,0.0,0.0,0.0,-11.0,-124.0,-16.0,0,0
20069,3.1401,-0.9956,0.7087,0.2961,0.0,0.0,0.0,0.0,0.0,-18.0,-123.0,-16.0,0,0
20081,3.1401,-0.9971,0.7087,0.2961,0.0,0.0,0.0,0.0,0.0,-20.0,-124.0,-16.0,0,0
20093,3.1401,-0.9956,0.7087,0.2961,0.0,0.0,0.0,0.0,0.0,-15.0,-121.0,-15.0,0,0
20102,3.1401,-0.9956,0.7087,0.2961,0.0,0.0,0.0,0.0,0.0,-15.0,-121.0,-15.0,0,0
20114,3.1416,-0.9971,0.7072,0.2961,0.0,0.0,0.0,0.0,0.0,-13.0,-123.0,-16.0,0,0
20126,3.1416,-0.9971,0.7087,0.2945,0.0,0.0,0.0,0.0,0.0,-20.0,-124.0,-15.0,0,0
20138,3.1401,-0.9971,0.7087,0.2961,0.0,0.0,0.0,0.0,0.0,-12.0,-124.0,-12.0,0,0
20151,3.1416,-0.9971,0.7072,0.2961,0.0,0.0,0.0,0.0,0.0,-15.0,-123.0,-16.0,0,0
20159,3.1416,-0.9971,0.7087,0.2961,0.0,0.0,0.0,0.0,0.0,-14.0,-122.0,-16.0,0,0
20171,3.1416,-0.9971,0.7087,0.2961,0.0,0.0,0.0,0.0,0.0,-17.0,-126.0,-16.0,0,0
20183,3.1416,-0.9971,0.7072,0.2961,0.0,0.0,0.0,0.0,0.0,-14.0,-124.0,-13.0,0,0
20196,3.1431,-0.9971,0.7087,0.2961,0.0,0.0,0.0,0.0,-4.0,-14.0,-122.0,-15.0,0,0
20208,3.1431,-0.9971,0.7087,0.2961,0.0,0.0,0.0,0.0,-3.0,-18.0,-126.0,-16.0,0,0
20216,3.1431,-0.9956,0.7087,0.2961,0.0,0.0,0.0,0.0,-2.0,-18.0,-123.0,-15.0,0,0
20229,3.1416,-0.9971,0.7087,0.2961,0.0,0.0,0.0,0.0,0.0,-13.0,-122.0,-15.0,0,0
20241,3.1401,-0.9956,0.7087,0.2961,0.0,0.0,0.0,0.0,0.0,-21.0,-125.0,-14.0,0,0
20253,3.1401,-0.9956,0.7072,0.2961,0.0,0.0,0.0,0.0,0.0,-16.0,-126.0,-16.0,0,0
20265,3.1401,-0.9971,0.7087,0.2945,0.0,0.0,0.0,0.0,0.0,-10.0,-127.0,-14.0,0,0
20274,3.1416,-0.9971,0.7087,0.2961,0.0,0.0,0.0,0.0,0.0,-18.0,-122.0,-16.0,0,0
20286,3.1416,-0.9956,0.7072,0.2961,0.0,0.0,0.0,0.0,0.0,-10.0,-125.0,-16.0,0,0
20298,3.1416,-0.9971,0.7072,0.2961,0.0,0.0,0.0,0.0,0.0,-18.0,-125.0,-13.0,0,0
20310,3.1401,-0.9956,0.7087,0.2961,0.0,0.0,0.0,0.0,0.0,-12.0,-124.0,-16.0,0,0
20323,3.1416,-0.9971,0.7087,0.2961,0.0,0.0,0.0,0.0,0.0,-9.0,-122.0,-13.0,0,0
20331,3.1401,-0.9971,0.7072,0.2961,0.0,0.0,0.0,0.0,0.0,-13.0,-124.0,-16.0,0,0
20343,3.1401,-0.9971,0.7087,0.2961,0.0,0.0,0.0,0.0,0.0,-14.0,-124.0,-14.0,0,0
20356,3.1416,-0.9971,0.7087,0.2961,0.0,0.0,0.0,0.0,0.0,-17.0,-127.0,-13.0,0,0
20368,3.1401,-0.9971,0.7072,0.2961,0.0,0.0,0.0,0.0,0.0,-12.0,-124.0,-15.0,0,0
20380,3.1401,-0.9971,0.7087,0.2961,0.0,0.0,0.0,0.0,0.0,-28.0,-125.0,-16.0,0,0
20388,3.1416,-0.9971,0.7072,0.2961,0.0,0.0,0.0,0.0,0.0,-16.0,-127.0,-16.0,0,0
20401,3.1416,-0.9971,0.7072,0.2961,0.0,0.0,0.0,0.0,0.0,-16.0,-124.0,-16.0,0,0
20413,3.1401,-0.9971,0.7072,0.2961,0.0,0.0,0.0,0.0,0.0,-11.0,-127.0,-16.0,0,0
20425,3.1416,-0.9971,0.7072,0.2961,0.0,0.0,0.0,0.0,0.0,-21.0,-127.0,-16.0,0,0
20433,3.1416,-0.9971,0.7072,0.2961,0.0,0.0,0.0,0.0,0.0,-19.0,-126.0,-15.0,0,0
20446,3.1416,-0.9956,0.7072,0.2961,0.0,0.0,0.0,0.0,0.0,-10.0,-123.0,-16.0,0,0
20458,3.1416,-0.9971,0.7072,0.2961,0.0,0.0,0.0,0.0,0.0,-13.0,-126.0,-16.0,0,0
20470,3.1416,-0.9971,0.7072,0.2961,0.0,0.0,0.0,0.0,0.0,-18.0,-126.0,-13.0,0,0
20482,3.1416,-0.9971,0.7072,0.2961,0.0,0.0,0.0,0.0,0.0,-10.0,-128.0,-15.0,0,0
20491,3.1401,-0.9971,0.7072,0.2961,0.0,0.0,0.0,0.0,0.0,-15.0,-126.0,-15.0,0,0
20503,3.1416,-0.9956,0.7072,0.2961,0.0,0.0,0.0,0.0,0.0,-23.0,-126.0,-13.0,0,0
20515,3.1416,-0.9971,0.7056,0.2961,0.0,0.0,0.0,0.0,-7.0,-17.0,-85.0,-16.0,0,0
20528,3.1416,-0.9956,0.701,0.2961,0.0,0.0,-0.024,0.0,-10.0,-23.0,-42.0,-16.0,0,0
20540,3.1416,-0.9971,0.6964,0.2961,0.0,0.0,-0.0479,0.0,0.0,-22.0,-3.0,-16.0,0,0
20548,3.1401,-0.9971,0.6888,0.2961,0.0,0.0,-0.1198,0.0,0.0,-25.0,13.0,-16.0,0,0
20560,3.1401,-0.9956,0.6826,0.2961,0.0,0.0,-0.2157,0.0,0.0,-23.0,33.0,-16.0,0,0
20573,3.1385,-0.9956,0.678,0.2961,0.0,0.0,-0.2876,0.0,8.0,-25.0,56.0,-14.0,28,1
20585,3.137,-0.9971,0.6719,0.2945,-0.0479,0.0,-0.4314,0.0,4.0,-9.0,78.0,-11.0,31,1
20597,3.1401,-0.9986,0.6703,0.2961,-0.0479,0.0,-0.4314,0.0,-1.0,2.0,75.0,-5.0,34,1
20609,3.1416,-1.0002,0.6688,0.2961,-0.024,0.0,-0.4314,0.0,-1.0,0.0,61.0,-1.0,36,1
20622,3.1431,-1.0002,0.6703,0.2945,0.0,-0.024,-0.3835,0.0,-4.0,0.0,61.0,-4.0,33,1
20638,3.1431,-1.0002,0.6703,0.2961,0.024,-0.0479,-0.2157,0.0,0.0,0.0,52.0,-11.0,27,1
20651,3.1416,-0.9986,0.6734,0.2961,0.0479,-0.0479,-0.1198,0.0,5.0,-1.0,26.0,-8.0,28,1
20663,3.1401,-0.9971,0.6765,0.2945,0.0479,-0.024,-0.0479,0.0,0.0,-8.0,7.0,-6.0,26,1
20675,3.1401,-0.9971,0.6842,0.2961,0.0,0.0,0.0959,0.0,0.0,-8.0,-47.0,-15.0,25,1
20687,3.1416,-0.9971,0.6872,0.2961,0.0,0.024,0.1678,0.0,0.0,-8.0,-73.0,-16.0,24,1
20700,3.1431,-0.9971,0.6903,0.2961,0.0,0.024,0.2157,0.0,-7.0,-9.0,-82.0,-16.0,22,1
20712,3.1431,-0.9971,0.6903,0.2961,0.0,0.024,0.2397,0.0,-5.0,-9.0,-67.0,-16.0,15,1
20724,3.1401,-0.9971,0.6918,0.2945,0.0,0.0,0.2397,0.0,0.0,-9.0,-56.0,-13.0,2,0
20732,3.1401,-0.9971,0.6918,0.2945,0.0,0.0,0.2397,0.0,0.0,-9.0,-56.0,-13.0,0,0
20745,3.1385,-0.9971,0.6918,0.2961,0.0,0.0,0.1678,0.0,9.0,-9.0,-57.0,-14.0,0,0
20757,3.137,-0.9971,0.6918,0.2961,-0.024,0.0,0.1198,0.0,9.0,-8.0,-50.0,-15.0,0,0
20769,3.1385,-0.9971,0.6918,0.2961,-0.0479,0.0,0.0719,0.0,2.0,-9.0,-52.0,-11.0,0,0
20781,3.1401,-0.9971,0.6903,0.2961,-0.0479,0.0,0.0479,0.0,0.0,-9.0,-56.0,-11.0,0,0
20790,3.1385,-0.9971,0.6918,0.2961,-0.0479,0.0,0.024,0.0,-2.0,-9.0,-53.0,-12.0,0,0
20802,3.1401,-0.9971,0.6918,0.2961,-0.024,0.0,0.0,0.0,0.0,-9.0,-51.0,-16.0,0,0
20814,3.1416,-0.9971,0.6918,0.2961,0.024,0.0,0.0,0.0,0.0,-9.0,-54.0,-15.0,0,0
20827,3.1431,-0.9971,0.6918,0.2945,0.024,0.0,0.0,0.0,-4.0,-9.0,-52.0,-15.0,0,0
20839,3.1431,-0.9971,0.6918,0.2961,0.0479,0.0,0.0,0.0,0.0,-8.0,-53.0,-12.0,0,0
20847,3.1416,-0.9971,0.6918,0.2961,0.0479,0.0,0.0,0.0,0.0,-11.0,-56.0,-11.0,0,0
20859,3.1416,-0.9971,0.6918,0.2945,0.024,0.0,0.0,0.0,3.0,-12.0,-52.0,-16.0,0,0
20872,3.1401,-0.9971,0.6918,0.2961,0.024,0.0,0.0,0.0,0.0,-12.0,-52.0,-12.0,0,0
20884,3.1401,-0.9971,0.6918,0.2961,0.0,0.0,0.0,0.0,0.0,-8.0,-53.0,-13.0,0,0
20896,3.1401,-0.9971,0.6918,0.2961,0.0,0.0,0.0,0.0,0.0,-11.0,-52.0,-16.0,0,0
20904,3.1401,-0.9971,0.6918,0.2961,-0.024,0.0,0.0,0.0,0.0,-9.0,-51.0,-15.0,0,0
20917,3.1401,-0.9971,0.6918,0.2961,-0.024,0.0,0.0,0.0,0.0,-9.0,-53.0,-14.0,0,0
20929,3.1385,-0.9971,0.6918,0.2961,-0.024,0.0,0.0,0.0,0.0,-9.0,-51.0,-15.0,0,0
20941,3.1401,-0.9971,0.6918,0.2961,-0.024,0.0,0.0,0.0,1.0,-12.0,-53.0,-16.0,0,0
20954,3.1401,-0.9971,0.6918,0.2945,0.0,0.0,0.0,0.0,0.0,-12.0,-50.0,-14.0,0,0
20962,3.1401,-0.9971,0.6918,0.2945,0.0,0.0,0.0,0.0,0.0,-12.0,-50.0,-14.0,0,0
20974,3.1401,-0.9971,0.6918,0.2961,0.0,0.0,0.0,0.0,0.0,-11.0,-48.0,-12.0,0,0
20986,3.1401,-0.9971,0.6903,0.2961,0.0,0.0,0.0,0.0,0.0,-9.0,-51.0,-13.0,0,0
20999,3.1401,-0.9971,0.6918,0.2961,0.0,0.0,0.0,0.0,0.0,-7.0,-49.0,-15.0,0,0
21007,3.1401,-0.9971,0.6918,0.2961,0.0,0.0,0.0,0.0,0.0,-11.0,-45.0,-14.0,0,0
21019,3.1401,-0.9971,0.6918,0.2961,0.0,0.0,0.0,0.0,0.0,-8.0,-48.0,-16.0,0,0
21031,3.1401,-0.9971,0.6918,0.2961,0.0,0.0,0.0,0.0,0.0,-9.0,-47.0,-13.0,0,0
21044,3.1401,-0.9971,0.6918,0.2961,0.0,0.0,0.0,0.0,0.0,-11.0,-48.0,-13.0,0,0
21056,3.1401,-0.9971,0.6918,0.2961,0.0,0.0,0.0,0.0,0.0,-11.0,-50.0,-16.0,0,0
21064,3.1401,-0.9971,0.6918,0.2961,0.0,0.0,0.0,0.0,0.0,-12.0,-47.0,-15.0,0,0
21076,3.1401,-0.9971,0.6918,0.2961,0.0,0.0,0.0,0.0,0.0,-12.0,-48.0,-11.0,0,0
21089,3.1401,-0.9971,0.6918,0.2961,0.0,0.0,0.0,0.0,0.0,-9.0,-45.0,-12.0,0,0
21101,3.1401,-0.9971,0.6918,0.2961,0.0,0.0,0.0,0.0,0.0,-9.0,-45.0,-12.0,0,0
21113,3.1401,-0.9971,0.6918,0.2961,0.0,0.0,0.0,0.0,0.0,-8.0,-45.0,-14.0,0,0
21121,3.1401,-0.9971,0.6918,0.2961,0.0,0.0,0.0,0.0,0.0,-8.0,-45.0,-14.0,0,0
21134,3.1401,-0.9971,0.6918,0.2961,0.0,0.0,0.0,0.0,0.0,-8.0,-47.0,-13.0,0,0
21146,3.1401,-0.9971,0.6918,0.2961,0.0,0.0,0.0,0.0,0.0,-8.0,-46.0,-16.0,0,0
21158,3.1401,-0.9971,0.6918,0.2961,0.0,0.0,0.0,0.0,0.0,-10.0,-47.0,-14.0,0,0
21171,3.1401,-0.9971,0.6918,0.2961,0.0,0.0,0.0,0.0,0.0,-12.0,-44.0,-14.0,0,0
21179,3.1401,-0.9971,0.6918,0.2961,0.0,0.0,0.0,0.0,0.0,-13.0,-45.0,-16.0,0,0
21191,3.1401,-0.9971,0.6918,0.2961,0.0,0.0,0.0,0.0,1.0,-11.0,-44.0,-15.0,0,0
21203,3.1401,-0.9971,0.6918,0.2961,0.0,0.0,0.0,0.0,0.0,-16.0,-43.0,-16.0,0,0
21216,3.1401,-0.9971,0.6918,0.2961,0.0,0.0,0.0,0.0,0.0,-16.0,-45.0,-16.0,0,0
21228,3.1401,-0.9971,0.6918,0.2961,0.0,0.0,0.0,0.0,3.0,-16.0,-44.0,-14.0,0,0
21236,3.1401,-0.9971,0.6918,0.2961,0.0,0.0,0.0,0.0,0.0,-16.0,-44.0,-15.0,0,0
21248,3.1401,-0.9971,0.6918,0.2961,0.0,0.0,0.0,0.0,0.0,-16.0,-47.0,-15.0,0,0
21261,3.1401,-0.9971,0.6918,0.2961,0.0,0.0,0.0,0.0,0.0,-16.0,-47.0,-15.0,0,0
21273,3.1401,-0.9971,0.6918,0.2961,0.0,0.0,0.0,0.0,0.0,-16.0,-48.0,-16.0,0,0
21285,3.1401,-0.9971,0.6918,0.2961,0.0,0.0,0.0,0.0,0.0,-14.0,-47.0,-16.0,0,0
21293,3.1401,-0.9971,0.6918,0.2961,0.0,0.0,0.0,0.0,0.0,-15.0,-47.0,-16.0,0,0
21306,3.1401,-0.9971,0.6918,0.2961,0.0,0.0,0.0,0.0,0.0,-15.0,-46.0,-14.0,0,0
21318,3.1401,-0.9971,0.6918,0.2961,0.0,0.0,0.0,0.0,0.0,-12.0,-47.0,-15.0,0,0
21330,3.1401,-0.9971,0.6918,0.2961,0.0,0.0,0.0,0.0,0.0,-12.0,-45.0,-14.0,0,0
21343,3.1401,-0.9971,0.6918,0.2961,0.0,0.0,0.0,0.0,0.0,-15.0,-45.0,-15.0,0,0
21351,3.1401,-0.9971,0.6918,0.2961,0.0,0.0,0.0,0.0,1.0,-15.0,-45.0,-13.0,0,0
21363,3.1401,-0.9971,0.6918,0.2961,0.0,0.0,0.0,0.0,0.0,-14.0,-43.0,-14.0,0,0
21375,3.1401,-0.9971,0.6918,0.2961,0.0,0.0,0.0,0.0,0.0,-15.0,-46.0,-16.0,0,0
21388,3.1401,-0.9971,0.6918,0.2961,0.0,0.0,0.0,0.0,0.0,-15.0,-44.0,-12.0,0,0
21400,3.1416,-0.9971,0.6918,0.2961,0.0,0.0,0.0,0.0,0.0,-16.0,-45.0,-15.0,0,0
21408,3.1447,-0.9971,0.6918,0.2961,0.0,0.0,0.0,0.0,-25.0,-14.0,-43.0,-16.0,0,0
21420,3.1477,-0.9956,0.6903,0.2961,0.0479,0.0,0.0,0.0,-51.0,-34.0,-39.0,-12.0,0,0
21433,3.1477,-0.994,0.6903,0.2945,0.0719,0.0,0.0,0.0,-41.0,-60.0,-36.0,-10.0,0,0
21445,3.1477,-0.9879,0.6918,0.2961,0.0959,0.0719,0.0,0.0,-49.0,-117.0,-52.0,-11.0,0,0
21453,3.1477,-0.9848,0.6934,0.2961,0.0959,0.0959,0.0,0.0,-57.0,-129.0,-71.0,-16.0,0,0
21470,3.1477,-0.9817,0.6949,0.2961,0.0959,0.1438,0.0,0.0,-49.0,-135.0,-88.0,-17.0,41,1
21482,3.1493,-0.9787,0.6964,0.2961,0.0719,0.1918,0.024,0.0,-47.0,-142.0,-83.0,-13.0,44,1
21494,3.1477,-0.9771,0.698,0.2961,0.024,0.2157,0.0719,0.0,-46.0,-118.0,-77.0,-14.0,56,1
21506,3.1477,-0.9771,0.698,0.2961,0.024,0.2157,0.0719,0.0,-37.0,-108.0,-69.0,-16.0,63,1
21519,3.1462,-0.9787,0.6964,0.2961,0.0,0.1918,0.0719,0.0,-15.0,-104.0,-65.0,-16.0,67,1
21531,3.1447,-0.9787,0.6964,0.2945,0.0,0.1438,0.0479,0.0,-8.0,-99.0,-66.0,-13.0,69,1
21543,3.1416,-0.9817,0.6964,0.2961,-0.0479,0.024,0.024,0.0,4.0,-46.0,-62.0,-15.0,68,1
21556,3.1401,-0.9833,0.6964,0.2961,-0.0719,0.0,0.0,0.0,0.0,-27.0,-65.0,-12.0,66,1
21568,3.1385,-0.9863,0.6964,0.2961,-0.0959,-0.0479,0.0,0.0,0.0,-18.0,-66.0,-15.0,56,1
21580,3.137,-0.9894,0.6964,0.2961,-0.0959,-0.0959,0.0,0.0,5.0,-11.0,-65.0,-16.0,41,1
21592,3.137,-0.991,0.6964,0.2961,-0.1198,-0.1438,0.0,0.0,7.0,-23.0,-65.0,-15.0,19,1
21605,3.1385,-0.9925,0.6964,0.2961,-0.0959,-0.1678,0.0,0.0,0.0,-41.0,-64.0,-12.0,0,0
21617,3.1401,-0.9925,0.6964,0.2961,-0.0479,-0.1678,0.0,0.0,0.0,-43.0,-64.0,-14.0,0,0
21625,3.1401,-0.9925,0.6964,0.2961,-0.024,-0.1438,0.0,0.0,0.0,-43.0,-65.0,-15.0,0,0
21638,3.1401,-0.991,0.6964,0.2961,0.0,-0.1198,0.0,0.0,0.0,-40.0,-64.0,-15.0,0,0
21650,3.1416,-0.9925,0.6964,0.2961,0.0,-0.0719,0.0,0.0,-1.0,-42.0,-65.0,-14.0,0,0
21662,3.1416,-0.9925,0.6964,0.2961,0.024,-0.0479,0.0,0.0,0.0,-46.0,-64.0,-15.0,0,0
21674,3.1401,-0.9925,0.6964,0.2961,0.024,0.0,0.0,0.0,-1.0,-40.0,-63.0,-12.0,0,0
21683,3.1401,-0.9925,0.6964,0.2961,0.024,0.0,0.0,0.0,-1.0,-40.0,-63.0,-12.0,0,0
21695,3.1401,-0.9925,0.6964,0.2961,0.0,0.0,0.0,0.0,0.0,-37.0,-64.0,-14.0,0,0
21707,3.1401,-0.9925,0.6964,0.2961,0.0,0.0,0.0,0.0,0.0,-42.0,-63.0,-14.0,0,0
21719,3.1401,-0.9925,0.6964,0.2961,0.0,0.0,0.0,0.0,0.0,-47.0,-65.0,-12.0,0,0
21732,3.1401,-0.9925,0.6964,0.2961,0.0,0.0,0.0,0.0,0.0,-44.0,-64.0,-14.0,0,0
21740,3.1401,-0.9925,0.6964,0.2961,0.0,0.0,0.0,0.0,0.0,-47.0,-64.0,-14.0,0,0
21752,3.1401,-0.9925,0.6964,0.2961,0.0,0.0,0.0,0.0,0.0,-44.0,-63.0,-14.0,0,0
21764,3.1401,-0.9925,0.6964,0.2961,0.0,0.0,0.0,0.0,0.0,-47.0,-63.0,-14.0,0,0
21777,3.1401,-0.9925,0.6964,0.2961,0.0,0.0,0.0,0.0,0.0,-47.0,-65.0,-12.0,0,0
21789,3.1401,-0.9925,0.6964,0.2961,0.0,0.0,0.0,0.0,0.0,-48.0,-63.0,-14.0,0,0
21797,3.1401,-0.9925,0.6964,0.2961,0.0,0.0,0.0,0.0,0.0,-44.0,-65.0,-14.0,0,0
21810,3.1401,-0.9925,0.6964,0.2961,0.0,0.0,0.0,0.0,0.0,-44.0,-63.0,-13.0,0,0
21822,3.1401,-0.9925,0.6964,0.2961,0.0,0.0,0.0,0.0,0.0,-43.0,-65.0,-12.0,0,0
21834,3.1401,-0.9925,0.6964,0.2961,0.0,0.0,0.0,0.0,0.0,-42.0,-64.0,-14.0,0,0
21846,3.1401,-0.9925,0.6964,0.2961,0.0,0.0,0.0,0.0,0.0,-46.0,-63.0,-14.0,0,0
21855,3.1401,-0.9925,0.6964,0.2961,0.0,0.0,0.0,0.0,0.0,-44.0,-65.0,-14.0,0,0
21867,3.1401,-0.9925,0.6964,0.2961,0.0,0.0,0.0,0.0,0.0,-47.0,-65.0,-13.0,0,0
21879,3.1416,-0.9925,0.6964,0.2945,0.0,0.0,0.0,0.0,0.0,-44.0,-65.0,-14.0,0,0
21891,3.1401,-0.9925,0.6964,0.2961,0.0,0.0,0.0,0.0,0.0,-44.0,-63.0,-13.0,0,0
21900,3.1401,-0.9925,0.6964,0.2961,0.0,0.0,0.0,0.0,0.0,-44.0,-62.0,-11.0,0,0
21912,3.1401,-0.9925,0.6964,0.2961,0.0,0.0,0.0,0.0,0.0,-45.0,-62.0,-14.0,0,0
21924,3.1401,-0.994,0.6964,0.2961,0.0,0.0,0.0,0.0,0.0,-41.0,-63.0,-14.0,0,0
21937,3.1401,-0.994,0.6964,0.2961,0.0,0.0,0.0,0.0,0.0,-44.0,-63.0,-14.0,0,0
21949,3.1401,-0.9925,0.6964,0.2961,0.0,0.0,0.0,0.0,0.0,-43.0,-62.0,-14.0,0,0
21957,3.1401,-0.9925,0.6964,0.2961,0.0,0.0,0.0,0.0,0.0,-44.0,-63.0,-14.0,0,0
21969,3.1401,-0.9925,0.6964,0.2945,0.0,0.0,0.0,0.0,0.0,-44.0,-63.0,-14.0,0,0
21982,3.1401,-0.9925,0.6964,0.2961,0.0,0.0,0.0,0.0,0.0,-42.0,-63.0,-13.0,0,0
21994,3.1401,-0.9925,0.6964,0.2961,0.0,0.0,0.0,0.0,0.0,-43.0,-63.0,-10.0,0,0
22006,3.1401,-0.994,0.6964,0.2961,0.0,0.0,0.0,0.0,0.0,-41.0,-63.0,-14.0,0,0
22014,3.1401,-0.9925,0.6964,0.2961,0.0,0.0,0.0,0.0,0.0,-43.0,-63.0,-14.0,0,0
22027,3.1401,-0.9925,0.6964,0.2961,0.0,0.0,0.0,0.0,0.0,-43.0,-63.0,-14.0,0,0
22039,3.1401,-0.9925,0.6964,0.2945,0.0,0.0,0.0,0.0,0.0,-43.0,-62.0,-14.0,0,0
22051,3.1401,-0.9925,0.6964,0.2961,0.0,0.0,0.0,0.0,0.0,-44.0,-63.0,-14.0,0,0
22063,3.1401,-0.9925,0.6964,0.2961,0.0,0.0,0.0,0.0,0.0,-43.0,-62.0,-12.0,0,0
22072,3.1401,-0.9925,0.6964,0.2961,0.0,0.0,0.0,0.0,0.0,-43.0,-62.0,-12.0,0,0
22084,3.1401,-0.9925,0.6964,0.2961,0.0,0.0,0.0,0.0,0.0,-45.0,-63.0,-14.0,0,0
22096,3.1401,-0.9925,0.6964,0.2961,0.0,0.0,0.0,0.0,0.0,-44.0,-63.0,-14.0,0,0
22109,3.1401,-0.9925,0.6964,0.2961,0.0,0.0,0.0,0.0,0.0,-41.0,-62.0,-14.0,0,0
22121,3.1401,-0.9925,0.6964,0.2961,0.0,0.0,0.0,0.0,0.0,-45.0,-62.0,-14.0,0,0
22129,3.1401,-0.9925,0.6964,0.2961,0.0,0.0,0.0,0.0,0.0,-45.0,-64.0,-13.0,0,0
22141,3.1401,-0.9925,0.6964,0.2961,0.0,0.0,0.0,0.0,0.0,-43.0,-62.0,-14.0,0,0
22154,3.1401,-0.9925,0.6964,0.2961,0.0,0.0,0.0,0.0,0.0,-43.0,-63.0,-12.0,0,0
22166,3.1401,-0.9925,0.6964,0.2961,0.0,0.0,0.0,0.0,0.0,-43.0,-63.0,-14.0,0,0
22178,3.1401,-0.9925,0.6964,0.2961,0.0,0.0,0.0,0.0,0.0,-42.0,-62.0,-14.0,0,0
22186,3.1401,-0.994,0.6964,0.2961,0.0,0.0,0.0,0.0,0.0,-44.0,-62.0,-14.0,0,0
22199,3.1401,-0.9925,0.6964,0.2961,0.0,0.0,0.0,0.0,0.0,-44.0,-62.0,-13.0,0,0
22211,3.1401,-0.994,0.6964,0.2961,0.0,0.0,0.0,0.0,0.0,-42.0,-63.0,-12.0,0,0
22223,3.1401,-0.994,0.6964,0.2961,0.0,0.0,0.0,0.0,0.0,-45.0,-61.0,-14.0,0,0
22236,3.1401,-0.9925,0.6964,0.2961,0.0,0.0,0.0,0.0,0.0,-43.0,-61.0,-14.0,0,0
22244,3.1401,-0.9925,0.6964,0.2961,0.0,0.0,0.0,0.0,0.0,-41.0,-61.0,-14.0,0,0
22256,3.1447,-0.994,0.6964,0.2961,0.0,0.0,0.0,0.0,-30.0,-23.0,-61.0,-14.0,0,0
22268,3.1447,-0.994,0.6964,0.2961,0.024,0.0,0.0,0.0,-46.0,-32.0,-61.0,-14.0,0,0
22281,3.1447,-0.994,0.6964,0.2961,0.0479,0.0,0.0,0.0,-31.0,-39.0,-61.0,-14.0,0,0
22293,3.1447,-0.994,0.6964,0.2961,0.0479,0.0,0.0,0.0,-37.0,-40.0,-61.0,-14.0,0,0
22301,3.1447,-0.994,0.6964,0.2961,0.0479,0.0,0.0,0.0,-37.0,-40.0,-61.0,-14.0,0,0
22313,3.1477,-0.994,0.698,0.2961,0.0719,0.0,0.0,0.0,-55.0,-40.0,-69.0,-14.0,34,1
22326,3.1477,-0.994,0.6964,0.2961,0.0719,0.0,0.0,0.0,-40.0,-40.0,-70.0,-14.0,36,1
22338,3.1477,-0.994,0.6964,0.2961,0.0479,0.0,0.0,0.0,-35.0,-39.0,-65.0,-14.0,39,1
22350,3.1462,-0.994,0.6964,0.2961,0.024,0.0,0.0,0.0,-39.0,-40.0,-60.0,-14.0,41,1
22367,3.1462,-0.9956,0.6964,0.2961,0.024,0.0,0.0,0.0,-37.0,-19.0,-61.0,-13.0,42,1
22379,3.1447,-0.9956,0.6964,0.2961,0.0,0.0,0.0,0.0,-17.0,-14.0,-61.0,-14.0,39,1
22391,3.1447,-0.9956,0.698,0.2961,0.0,0.0,0.0,0.0,-4.0,-15.0,-61.0,-14.0,22,1
22399,3.1416,-0.9971,0.6964,0.2961,-0.024,-0.024,0.0,0.0,0.0,-20.0,-61.0,-14.0,9,0
22412,3.1416,-0.9956,0.6964,0.2961,-0.024,-0.024,0.0,0.0,0.0,-25.0,-64.0,-12.0,4,0
22424,3.1401,-0.9971,0.6964,0.2961,-0.0719,-0.024,0.0,0.0,0.0,-24.0,-61.0,-14.0,2,0
22436,3.1401,-0.9971,0.6964,0.2961,-0.0719,-0.024,0.0,0.0,0.0,-26.0,-62.0,-14.0,0,0
22448,3.1401,-0.9971,0.6964,0.2961,-0.0719,-0.024,0.0,0.0,0.0,-23.0,-62.0,-12.0,0,0
22457,3.1385,-0.9971,0.6964,0.2961,-0.0719,0.0,0.0,0.0,0.0,-24.0,-62.0,-14.0,0,0
22469,3.1385,-0.9971,0.6964,0.2961,-0.0719,0.0,0.0,0.0,0.0,-24.0,-61.0,-14.0,0,0
22481,3.137,-0.9971,0.6964,0.2961,-0.0479,0.0,0.0,0.0,2.0,-21.0,-61.0,-13.0,0,0
22494,3.1385,-0.9971,0.6964,0.2961,-0.0479,0.0,0.0,0.0,-3.0,-23.0,-62.0,-13.0,0,0
22506,3.1385,-0.9971,0.6964,0.2961,-0.024,0.0,0.0,0.0,0.0,-23.0,-62.0,-13.0,0,0
22514,3.1401,-0.9971,0.6964,0.2961,-0.024,0.0,0.0,0.0,0.0,-25.0,-64.0,-13.0,0,0
22526,3.1401,-0.9971,0.6964,0.2961,0.0,0.0,0.0,0.0,0.0,-26.0,-61.0,-12.0,0,0
22539,3.1401,-0.9971,0.6964,0.2961,0.0,0.0,0.0,0.0,0.0,-22.0,-62.0,-14.0,0,0
22551,3.1401,-0.9971,0.6964,0.2961,0.0,0.0,0.0,0.0,0.0,-21.0,-63.0,-13.0,0,0
22563,3.1401,-0.9971,0.6964,0.2945,0.024,0.0,0.0,0.0,0.0,-18.0,-62.0,-14.0,0,0
22571,3.1401,-0.9971,0.6964,0.2945,0.024,0.0,0.0,0.0,0.0,-18.0,-62.0,-14.0,0,0
22584,3.1401,-0.9971,0.6964,0.2961,0.0,0.0,0.0,0.0,0.0,-18.0,-60.0,-14.0,0,0
22596,3.1401,-0.9971,0.6964,0.2945,0.0,0.0,0.0,0.0,0.0,-17.0,-59.0,-15.0,0,0
22608,3.1401,-0.9971,0.6964,0.2961,0.0,0.0,0.0,0.0,0.0,-17.0,-59.0,-14.0,0,0
22621,3.1401,-0.9971,0.6964,0.2961,0.0,0.0,0.0,0.0,0.0,-21.0,-59.0,-14.0,0,0
22629,3.1401,-0.9971,0.6964,0.2961,0.0,0.0,0.0,0.0,0.0,-16.0,-59.0,-13.0,0,0
22641,3.1401,-0.9971,0.6964,0.2961,0.0,0.0,0.0,0.0,0.0,-15.0,-63.0,-14.0,0,0
22653,3.1401,-0.9971,0.6964,0.2961,0.0,0.0,0.0,0.0,0.0,-15.0,-61.0,-12.0,0,0
22666,3.1401,-0.9971,0.6964,0.2961,0.0,0.0,0.0,0.0,0.0,-17.0,-63.0,-14.0,0,0
22678,3.1401,-0.9971,0.6964,0.2961,0.0,0.0,0.0,0.0,0.0,-22.0,-60.0,-14.0,0,0
22686,3.1401,-0.9971,0.698,0.2961,0.0,0.0,0.0,0.0,0.0,-18.0,-60.0,-14.0,0,0
22698,3.1401,-0.9956,0.698,0.2961,0.0,0.0,0.0,0.0,0.0,-16.0,-61.0,-12.0,0,0
22711,3.1401,-0.9971,0.6964,0.2961,0.0,0.0,0.0,0.0,0.0,-20.0,-65.0,-14.0,0,0
22723,3.1401,-0.9971,0.6964,0.2961,0.0,0.0,0.0,0.0,0.0,-19.0,-60.0,-14.0,0,0
22731,3.1401,-0.9971,0.6964,0.2961,0.0,0.0,0.0,0.0,0.0,-19.0,-60.0,-14.0,0,0
22743,3.1401,-0.9971,0.6964,0.2961,0.0,0.0,0.0,0.0,0.0,-16.0,-59.0,-14.0,0,0
22756,3.1401,-0.9971,0.6964,0.2961,0.0,0.0,0.0,0.0,0.0,-16.0,-59.0,-13.0,0,0
22768,3.1401,-0.9971,0.6964,0.2961,0.0,0.0,0.0,0.0,0.0,-15.0,-60.0,-14.0,0,0
22780,3.1401,-0.9971,0.6964,0.2961,0.0,0.0,0.0,0.0,0.0,-16.0,-59.0,-14.0,0,0
22788,3.1401,-0.9956,0.6964,0.2961,0.0,0.0,0.0,0.0,0.0,-16.0,-61.0,-12.0,0,0
22801,3.1401,-0.9971,0.6964,0.2961,0.0,0.0,0.0,0.0,0.0,-18.0,-60.0,-14.0,0,0
22813,3.1401,-0.9971,0.6964,0.2961,0.0,0.0,0.0,0.0,0.0,-18.0,-59.0,-14.0,0,0
22825,3.1401,-0.9971,0.6964,0.2961,0.0,0.0,0.0,0.0,0.0,-19.0,-63.0,-14.0,0,0
22838,3.1401,-0.9971,0.698,0.2961,0.0,0.0,0.0,0.0,0.0,-17.0,-59.0,-14.0,0,0
22846,3.1401,-0.9971,0.6964,0.2961,0.0,0.0,0.0,0.0,0.0,-16.0,-59.0,-14.0,0,0
22858,3.1401,-0.9971,0.698,0.2961,0.0,0.0,0.0,0.0,0.0,-19.0,-60.0,-14.0,0,0
22870,3.1401,-0.9971,0.6964,0.2945,0.0,0.0,0.0,0.0,0.0,-16.0,-59.0,-14.0,0,0
22883,3.1401,-0.9971,0.6964,0.2961,0.0,0.0,0.0,0.0,0.0,-20.0,-59.0,-14.0,0,0
22895,3.1401,-0.9971,0.6964,0.2961,0.0,0.0,0.0,0.0,0.0,-17.0,-63.0,-14.0,0,0
22903,3.1401,-0.9971,0.6964,0.2961,0.0,0.0,0.0,0.0,0.0,-18.0,-62.0,-14.0,0,0
22915,3.1401,-0.9956,0.6964,0.2961,0.0,0.0,0.0,0.0,0.0,-8.0,-60.0,-14.0,0,0
22928,3.1401,-0.9971,0.6964,0.2961,0.0,0.0,0.0,0.0,0.0,-8.0,-60.0,-14.0,0,0
22940,3.1401,-0.9971,0.6964,0.2961,0.0,0.0,0.0,0.0,0.0,-11.0,-58.0,-12.0,0,0
22952,3.1401,-0.9971,0.6964,0.2961,0.0,0.0,0.0,0.0,0.0,-12.0,-59.0,-14.0,0,0
22960,3.1401,-0.9971,0.6964,0.2961,0.0,0.0,0.0,0.0,0.0,-12.0,-59.0,-14.0,0,0
22973,3.1401,-0.9971,0.6964,0.2961,0.0,0.0,0.0,0.0,0.0,-13.0,-59.0,-13.0,0,0
22985,3.1401,-0.9971,0.6964,0.2961,0.0,0.0,0.0,0.0,0.0,-15.0,-59.0,-13.0,0,0
22997,3.1401,-0.9971,0.6964,0.2961,0.0,0.0,0.0,0.0,0.0,-13.0,-61.0,-14.0,0,0
23010,3.1401,-0.9971,0.6964,0.2961,0.0,0.0,0.0,0.0,0.0,-14.0,-59.0,-14.0,0,0
23018,3.1401,-0.9971,0.6964,0.2961,0.0,0.0,0.0,0.0,0.0,-10.0,-59.0,-12.0,0,0
23030,3.1401,-0.9971,0.698,0.2961,0.0,0.0,0.0,0.0,0.0,-13.0,-59.0,-12.0,0,0
23042,3.1401,-0.9971,0.6964,0.2961,0.0,0.0,0.0,0.0,0.0,-13.0,-59.0,-14.0,0,0
23055,3.1401,-0.9971,0.6964,0.2961,0.0,0.0,0.0,0.0,0.0,-11.0,-60.0,-14.0,0,0
23067,3.1401,-0.9971,0.6964,0.2961,0.0,0.0,0.0,0.0,0.0,-11.0,-58.0,-13.0,0,0
23075,3.1401,-0.9971,0.6964,0.2961,0.0,0.0,0.0,0.0,0.0,-15.0,-59.0,-12.0,0,0
23087,3.1401,-0.9971,0.6964,0.2961,0.0,0.0,0.0,0.0,0.0,-16.0,-59.0,-14.0,0,0
23100,3.1401,-0.9971,0.6964,0.2961,0.0,0.0,0.0,0.0,0.0,-14.0,-60.0,-14.0,0,0
23112,3.1401,-0.9971,0.6964,0.2961,0.0,0.0,0.0,0.0,0.0,-14.0,-60.0,-14.0,0,0
23124,3.1401,-0.9971,0.6964,0.2961,0.0,0.0,0.0,0.0,0.0,-13.0,-59.0,-14.0,0,0
23133,3.1401,-0.9971,0.6964,0.2961,0.0,0.0,0.0,0.0,0.0,-12.0,-59.0,-13.0,0,0
23145,3.1401,-0.9971,0.6964,0.2961,0.0,0.0,0.0,0.0,0.0,-13.0,-58.0,-14.0,0,0
23157,3.1401,-0.9971,0.6964,0.2961,0.0,0.0,0.0,0.0,0.0,-13.0,-59.0,-14.0,0,0
23169,3.1401,-0.9971,0.6964,0.2961,0.0,0.0,0.0,0.0,0.0,-17.0,-59.0,-14.0,0,0
23178,3.1401,-0.9971,0.6964,0.2961,0.0,0.0,0.0,0.0,0.0,-8.0,-60.0,-12.0,0,0
23190,3.1401,-0.9971,0.6964,0.2961,0.0,0.0,0.0,0.0,0.0,-20.0,-59.0,-13.0,0,0
23202,3.1401,-0.9956,0.6964,0.2961,0.0,0.0,0.0,0.0,0.0,-17.0,-61.0,-14.0,0,0
23214,3.1401,-0.9971,0.6964,0.2961,0.0,0.0,0.0,0.0,0.0,-14.0,-59.0,-14.0,0,0
23227,3.1401,-0.9971,0.6964,0.2961,0.0,0.0,0.0,0.0,0.0,-9.0,-59.0,-14.0,0,0
23235,3.1401,-0.9971,0.6964,0.2961,0.0,0.0,0.0,0.0,0.0,-13.0,-59.0,-14.0,0,0
23247,3.1401,-0.9971,0.6964,0.2961,0.0,0.0,0.0,0.0,0.0,-12.0,-59.0,-13.0,0,0
23259,3.1416,-0.9971,0.6964,0.2961,0.0,0.0,0.0,0.0,-9.0,-10.0,-58.0,-14.0,0,0
23272,3.1416,-0.9956,0.6964,0.2961,0.0,0.0,0.0,0.0,-14.0,-35.0,-58.0,-10.0,0,0
23284,3.1416,-0.994,0.6964,0.2961,0.0,0.024,0.0,0.0,0.0,-62.0,-62.0,-11.0,0,0
23292,3.1416,-0.994,0.6964,0.2961,0.0,0.024,0.0,0.0,0.0,-62.0,-62.0,-11.0,0,0
23305,3.1416,-0.9894,0.698,0.2961,0.0,0.0479,0.0,0.0,-6.0,-94.0,-63.0,-14.0,6,0
23317,3.1416,-0.9863,0.6964,0.2961,0.0,0.0719,0.0,0.0,-2.0,-114.0,-62.0,-14.0,30,1
23329,3.1401,-0.9848,0.6964,0.2961,0.0,0.1198,0.0,0.0,0.0,-134.0,-65.0,-14.0,33,1
23341,3.1401,-0.9833,0.6964,0.2961,0.0,0.1438,0.0,0.0,0.0,-121.0,-61.0,-14.0,42,1
23354,3.1401,-0.9817,0.698,0.2961,0.0,0.1678,0.0,0.0,-1.0,-105.0,-62.0,-13.0,53,1
23366,3.1401,-0.9817,0.6964,0.2961,0.0,0.1678,0.0,0.0,-1.0,-94.0,-62.0,-14.0,61,1
23382,3.1401,-0.9817,0.6964,0.2961,0.0,0.1438,0.0,0.0,-3.0,-99.0,-60.0,-14.0,64,1
23395,3.1416,-0.9817,0.6964,0.2961,0.0,0.0959,0.0,0.0,-4.0,-98.0,-60.0,-12.0,67,1
23407,3.1401,-0.9817,0.698,0.2961,0.0,0.0479,0.0,0.0,-6.0,-96.0,-59.0,-14.0,69,1
23419,3.1401,-0.9817,0.698,0.2961,0.0,0.024,0.0,0.0,-5.0,-96.0,-59.0,-13.0,69,1
23432,3.1401,-0.9802,0.6964,0.2961,0.0,0.0,0.0,0.0,0.0,-100.0,-63.0,-14.0,70,1
23444,3.1401,-0.9817,0.698,0.2961,0.0,0.0,0.0,0.0,0.0,-98.0,-63.0,-14.0,70,1
23456,3.1401,-0.9817,0.6964,0.2961,0.0,0.0,0.0,0.0,0.0,-96.0,-60.0,-14.0,71,1
23468,3.1401,-0.9817,0.6964,0.2961,0.0,0.0,0.0,0.0,0.0,-95.0,-64.0,-14.0,69,1
23481,3.1401,-0.9817,0.6964,0.2961,0.0,0.0,0.0,0.0,0.0,-95.0,-59.0,-14.0,64,1
23493,3.1385,-0.9848,0.6964,0.2961,0.0,0.0,0.0,0.0,0.0,-58.0,-59.0,-14.0,56,1
23505,3.1385,-0.9863,0.6964,0.2961,0.0,-0.024,0.0,0.0,0.0,-43.0,-61.0,-13.0,42,1
23518,3.1385,-0.9894,0.6964,0.2961,0.0,-0.0479,0.0,0.0,4.0,-27.0,-61.0,-14.0,36,1
23530,3.137,-0.991,0.6964,0.2961,-0.024,-0.0719,0.0,0.0,7.0,-23.0,-60.0,-14.0,28,1
23542,3.137,-0.9925,0.6964,0.2961,-0.024,-0.0959,0.0,0.0,6.0,-20.0,-60.0,-14.0,17,1
23554,3.1385,-0.994,0.6964,0.2961,-0.024,-0.1198,0.0,0.0,-1.0,-37.0,-60.0,-14.0,14,1
23567,3.1401,-0.994,0.6964,0.2961,0.0,-0.1198,0.0,0.0,0.0,-41.0,-60.0,-14.0,10,0
23579,3.1401,-0.994,0.6964,0.2961,0.0,-0.1198,0.0,0.0,0.0,-46.0,-60.0,-14.0,3,0
23591,3.1401,-0.994,0.698,0.2961,0.0,-0.0959,0.0,0.0,0.0,-45.0,-62.0,-14.0,1,0
23604,3.1401,-0.994,0.6964,0.2961,0.024,-0.0479,0.0,0.0,0.0,-47.0,-60.0,-14.0,1,0
23612,3.1401,-0.994,0.6964,0.2961,0.024,-0.0479,0.0,0.0,0.0,-47.0,-60.0,-14.0,1,0
23624,3.1401,-0.994,0.6964,0.2961,0.024,-0.024,0.0,0.0,0.0,-45.0,-60.0,-14.0,1,0
23636,3.1401,-0.994,0.6964,0.2961,0.0,0.0,0.0,0.0,0.0,-45.0,-58.0,-14.0,1,0
23649,3.1401,-0.994,0.6964,0.2961,0.0,0.0,0.0,0.0,0.0,-43.0,-60.0,-14.0,1,0
23661,3.1401,-0.994,0.6964,0.2961,0.0,0.0,0.0,0.0,0.0,-43.0,-58.0,-14.0,0,0
23669,3.1401,-0.994,0.6964,0.2961,0.0,0.0,0.0,0.0,0.0,-44.0,-61.0,-10.0,0,0
23681,3.1401,-0.9925,0.6964,0.2961,0.0,0.0,0.0,0.0,0.0,-44.0,-60.0,-14.0,0,0
23694,3.1401,-0.994,0.6964,0.2961,0.0,0.0,0.0,0.0,0.0,-43.0,-60.0,-14.0,0,0
23706,3.1401,-0.994,0.6964,0.2961,0.0,0.0,0.0,0.0,0.0,-43.0,-60.0,-15.0,0,0
23718,3.1401,-0.994,0.6964,0.2961,0.0,0.0,0.0,0.0,0.0,-45.0,-58.0,-15.0,0,0
23726,3.1401,-0.994,0.6964,0.2961,0.0,0.0,0.0,0.0,0.0,-44.0,-59.0,-13.0,0,0
23739,3.1401,-0.994,0.6964,0.2945,0.0,0.0,0.0,0.0,0.0,-46.0,-58.0,-14.0,0,0
23751,3.1401,-0.994,0.6964,0.2961,0.0,0.0,0.0,0.0,0.0,-45.0,-62.0,-14.0,0,0
23763,3.1401,-0.994,0.6964,0.2961,0.0,0.0,0.0,0.0,0.0,-44.0,-61.0,-14.0,0,0
23776,3.1401,-0.994,0.6964,0.2961,0.0,0.0,0.0,0.0,0.0,-44.0,-60.0,-14.0,0,0
23784,3.1401,-0.994,0.6964,0.2961,0.0,0.0,0.0,0.0,0.0,-45.0,-59.0,-14.0,0,0
23796,3.1401,-0.994,0.6964,0.2961,0.0,0.0,0.0,0.0,0.0,-45.0,-60.0,-14.0,0,0
23808,3.1401,-0.994,0.6964,0.2961,0.0,0.0,0.0,0.0,0.0,-44.0,-63.0,-13.0,0,0
23821,3.1401,-0.994,0.6964,0.2961,0.0,0.0,0.0,0.0,0.0,-45.0,-57.0,-14.0,0,0
23833,3.1401,-0.994,0.6964,0.2961,0.0,0.0,0.0,0.0,0.0,-44.0,-57.0,-14.0,0,0
23841,3.1401,-0.994,0.6964,0.2961,0.0,0.0,0.0,0.0,0.0,-44.0,-57.0,-14.0,0,0
23853,3.1401,-0.994,0.698,0.2961,0.0,0.0,0.0,0.0,0.0,-44.0,-58.0,-14.0,0,0
23866,3.1401,-0.994,0.6964,0.2961,0.0,0.0,0.0,0.0,0.0,-44.0,-64.0,-13.0,0,0
23878,3.1401,-0.994,0.6964,0.2961,0.0,0.0,0.0,0.0,0.0,-46.0,-58.0,-14.0,0,0
23890,3.1401,-0.994,0.698,0.2961,0.0,0.0,0.0,0.0,0.0,-44.0,-61.0,-14.0,0,0
23898,3.1401,-0.994,0.6964,0.2961,0.0,0.0,0.0,0.0,0.0,-44.0,-61.0,-12.0,0,0
23911,3.1401,-0.994,0.698,0.2961,0.0,0.0,0.0,0.0,0.0,-44.0,-59.0,-14.0,0,0
23923,3.1401,-0.994,0.6964,0.2961,0.0,0.0,0.0,0.0,0.0,-44.0,-59.0,-12.0,0,0
23935,3.1401,-0.994,0.6964,0.2961,0.0,0.0,0.0,0.0,0.0,-45.0,-62.0,-14.0,0,0
23943,3.1401,-0.994,0.698,0.2961,0.0,0.0,0.0,0.0,0.0,-45.0,-58.0,-14.0,0,0
23956,3.1401,-0.994,0.6964,0.2961,0.0,0.0,0.0,0.0,0.0,-45.0,-59.0,-14.0,0,0
23968,3.1401,-0.994,0.6964,0.2961,0.0,0.0,0.0,0.0,0.0,-45.0,-60.0,-14.0,0,0
23980,3.1401,-0.994,0.698,0.2961,0.0,0.0,0.0,0.0,0.0,-45.0,-61.0,-14.0,0,0
23993,3.1401,-0.994,0.6964,0.2961,0.0,0.0,0.0,0.0,0.0,-45.0,-59.0,-14.0,0,0
24001,3.1401,-0.994,0.6964,0.2961,0.0,0.0,0.0,0.0,0.0,-45.0,-59.0,-14.0,0,0
24013,3.1401,-0.994,0.698,0.2961,0.0,0.0,0.0,0.0,0.0,-45.0,-58.0,-14.0,0,0
24025,3.1401,-0.994,0.6964,0.2961,0.0,0.0,0.0,0.0,0.0,-45.0,-64.0,-12.0,0,0
24038,3.1401,-0.994,0.6964,0.2961,0.0,0.0,0.0,0.0,0.0,-45.0,-59.0,-14.0,0,0
24050,3.1401,-0.994,0.6964,0.2961,0.0,0.0,0.0,0.0,0.0,-45.0,-59.0,-14.0,0,0
24058,3.1401,-0.994,0.6964,0.2961,0.0,0.0,0.0,0.0,0.0,-44.0,-57.0,-14.0,0,0
24070,3.1401,-0.994,0.698,0.2961,0.0,0.0,0.0,0.0,0.0,-44.0,-58.0,-14.0,0,0
24083,3.1401,-0.994,0.6964,0.2961,0.0,0.0,0.0,0.0,0.0,-45.0,-59.0,-14.0,0,0
24095,3.1401,-0.994,0.6964,0.2961,0.0,0.0,0.0,0.0,0.0,-47.0,-60.0,-14.0,0,0
24107,3.1401,-0.994,0.6964,0.2961,0.0,0.0,0.0,0.0,0.0,-45.0,-57.0,-14.0,0,0
24116,3.1401,-0.994,0.698,0.2961,0.0,0.0,0.0,0.0,0.0,-45.0,-56.0,-14.0,0,0
24128,3.1401,-0.994,0.6964,0.2961,0.0,0.0,0.0,0.0,-2.0,-45.0,-60.0,-14.0,0,0
24140,3.1401,-0.994,0.698,0.2961,0.0,0.0,0.0,0.0,0.0,-44.0,-59.0,-14.0,0,0
24152,3.1401,-0.994,0.6964,0.2961,0.0,0.0,0.0,0.0,0.0,-42.0,-62.0,-14.0,0,0
24165,3.1401,-0.994,0.6964,0.2961,0.0,0.0,0.0,0.0,0.0,-45.0,-58.0,-14.0,0,0
24173,3.1401,-0.994,0.698,0.2961,0.0,0.0,0.0,0.0,0.0,-45.0,-57.0,-13.0,0,0
24185,3.1401,-0.994,0.6964,0.2961,0.0,0.0,0.0,0.0,0.0,-44.0,-59.0,-14.0,0,0
24197,3.1401,-0.994,0.698,0.2961,0.0,0.0,0.0,0.0,-3.0,-43.0,-62.0,-14.0,0,0
24210,3.1416,-0.994,0.698,0.2961,0.0,0.0,0.0,0.0,-7.0,-44.0,-58.0,-14.0,0,0
24222,3.1416,-0.994,0.698,0.2961,0.0,0.0,0.0,0.0,-4.0,-45.0,-57.0,-12.0,0,0
24230,3.1416,-0.994,0.698,0.2961,0.0,0.0,0.0,0.0,-6.0,-43.0,-64.0,-14.0,2,0
24242,3.1401,-0.994,0.698,0.2961,0.0,0.0,0.0,0.0,-1.0,-41.0,-63.0,-14.0,4,0
24255,3.1401,-0.994,0.698,0.2961,0.0,0.0,0.0,0.0,-2.0,-41.0,-63.0,-14.0,7,0
24267,3.1401,-0.994,0.698,0.2961,0.0,0.0,0.0,0.0,-8.0,-40.0,-63.0,-14.0,8,0
24279,3.1416,-0.994,0.698,0.2961,0.0,0.0,0.0,0.0,-6.0,-45.0,-63.0,-14.0,19,1
24292,3.1416,-0.994,0.698,0.2961,0.0,0.0,0.0,0.0,-12.0,-43.0,-62.0,-14.0,24,1
24304,3.1416,-0.994,0.698,0.2961,0.0,0.0,0.0,0.0,-6.0,-36.0,-62.0,-13.0,27,1
24316,3.1401,-0.994,0.698,0.2961,0.0,0.0,0.0,0.0,-8.0,-42.0,-63.0,-15.0,30,1
24329,3.1416,-0.994,0.698,0.2945,0.0,0.0,0.0,0.0,-7.0,-47.0,-73.0,-14.0,35,1
24341,3.1401,-0.994,0.698,0.2961,0.0,0.0,0.0,0.0,-7.0,-44.0,-76.0,-14.0,40,1
24353,3.1401,-0.994,0.6995,0.2961,0.0,0.0,0.0,0.0,-7.0,-44.0,-84.0,-14.0,43,1
24365,3.1416,-0.994,0.6995,0.2961,0.0,0.0,0.0,0.0,-9.0,-44.0,-84.0,-14.0,48,1
24378,3.1416,-0.994,0.701,0.2961,0.0,0.0,0.024,0.0,-9.0,-46.0,-84.0,-14.0,56,1
24390,3.1416,-0.994,0.701,0.2961,0.0,0.0,0.024,0.0,-10.0,-45.0,-76.0,-13.0,59,1
24402,3.1401,-0.994,0.6995,0.2961,0.0,0.0,0.024,0.0,-11.0,-45.0,-72.0,-12.0,60,1
24415,3.1416,-0.994,0.6995,0.2961,0.0,0.0,0.0,0.0,-9.0,-46.0,-72.0,-14.0,62,1
24427,3.1401,-0.994,0.701,0.2961,0.0,0.0,0.0,0.0,-6.0,-47.0,-73.0,-11.0,64,1
24439,3.1401,-0.994,0.701,0.2961,0.0,0.0,0.0,0.0,-9.0,-40.0,-74.0,-14.0,65,1
24451,3.1401,-0.994,0.6995,0.2961,0.0,0.0,0.0,0.0,-4.0,-46.0,-75.0,-14.0,63,1
24468,3.1416,-0.994,0.6995,0.2961,0.0,0.0,0.0,0.0,-5.0,-41.0,-72.0,-14.0,60,1
24480,3.1401,-0.994,0.6995,0.2961,0.0,0.0,0.0,0.0,-2.0,-40.0,-72.0,-11.0,52,1
24492,3.1401,-0.994,0.6995,0.2961,0.0,0.0,0.0,0.0,-1.0,-46.0,-71.0,-14.0,42,1
24505,3.1401,-0.994,0.6995,0.2961,0.0,0.0,0.0,0.0,-12.0,-43.0,-71.0,-14.0,29,1
24517,3.1416,-0.9956,0.6995,0.2961,0.0,0.0,0.0,0.0,-9.0,-39.0,-73.0,-14.0,24,1
24529,3.1401,-0.994,0.6995,0.2961,0.0,0.0,0.0,0.0,0.0,-42.0,-69.0,-16.0,10,0
24541,3.1385,-0.994,0.6995,0.2961,0.0,0.0,0.0,0.0,0.0,-43.0,-69.0,-13.0,4,0
24550,3.1355,-0.9956,0.6995,0.2961,0.0,0.0,0.0,0.0,11.0,-42.0,-71.0,-12.0,1,0
24562,3.1339,-0.994,0.6995,0.2961,-0.024,0.0,0.0,0.0,16.0,-40.0,-70.0,-14.0,0,0
24574,3.1355,-0.994,0.6995,0.2961,-0.0719,0.0,0.0,0.0,13.0,-42.0,-72.0,-14.0,0,0
24587,3.137,-0.994,0.6995,0.2961,-0.0719,0.0,0.0,0.0,3.0,-45.0,-71.0,-14.0,0,0
24599,3.1385,-0.994,0.6995,0.2961,-0.0479,0.0,0.0,0.0,-9.0,-44.0,-69.0,-14.0,0,0
24607,3.1416,-0.994,0.6995,0.2961,-0.024,0.0,0.0,0.0,-3.0,-43.0,-72.0,-14.0,0,0
24619,3.1431,-0.9956,0.6995,0.2961,0.0,0.0,0.0,0.0,-4.0,-43.0,-71.0,-14.0,0,0
24632,3.1431,-0.994,0.6995,0.2961,0.0479,0.0,0.0,0.0,-6.0,-43.0,-70.0,-14.0,0,0
24644,3.1416,-0.9956,0.6995,0.2961,0.0959,0.0,0.0,0.0,0.0,-41.0,-72.0,-14.0,0,0
24656,3.1401,-0.9956,0.6995,0.2961,0.0719,0.0,0.0,0.0,5.0,-42.0,-70.0,-14.0,0,0
24664,3.1385,-0.9956,0.6995,0.2961,0.0479,0.0,0.0,0.0,0.0,-45.0,-71.0,-14.0,0,0
24677,3.137,-0.9956,0.6995,0.2961,0.0,0.0,0.0,0.0,14.0,-44.0,-71.0,-14.0,0,0
24689,3.1355,-0.9956,0.6995,0.2961,-0.024,0.0,0.0,0.0,13.0,-42.0,-71.0,-14.0,0,0
24701,3.1355,-0.9956,0.6995,0.2961,-0.0719,0.0,0.0,0.0,12.0,-47.0,-70.0,-13.0,0,0
24709,3.137,-0.9956,0.6995,0.2961,-0.0719,0.0,0.0,0.0,2.0,-45.0,-73.0,-14.0,0,0
24722,3.1401,-0.9956,0.6995,0.2961,-0.0719,0.0,0.0,0.0,-6.0,-41.0,-71.0,-14.0,0,0
24734,3.1416,-0.9956,0.6995,0.2961,0.0,0.0,0.0,0.0,-4.0,-40.0,-71.0,-14.0,0,0
24746,3.1416,-0.9956,0.6995,0.2961,0.024,0.0,0.0,0.0,-1.0,-42.0,-72.0,-14.0,0,0
24759,3.1416,-0.9956,0.6995,0.2961,0.0479,0.0,0.0,0.0,-2.0,-41.0,-73.0,-14.0,0,0
24767,3.1416,-0.9956,0.6995,0.2961,0.0719,0.0,0.0,0.0,0.0,-44.0,-73.0,-14.0,0,0
24779,3.1401,-0.994,0.6995,0.2961,0.0479,0.0,0.0,0.0,1.0,-42.0,-72.0,-12.0,0,0
24791,3.1401,-0.9956,0.6995,0.2961,0.024,0.0,0.0,0.0,0.0,-41.0,-72.0,-14.0,0,0
24804,3.137,-0.9956,0.6995,0.2961,0.0,0.0,0.0,0.0,12.0,-40.0,-73.0,-14.0,0,0
24816,3.137,-0.9956,0.6995,0.2961,-0.024,0.0,0.0,0.0,3.0,-43.0,-72.0,-14.0,0,0
24824,3.137,-0.9956,0.6995,0.2961,-0.0479,0.0,0.0,0.0,6.0,-40.0,-72.0,-14.0,0,0
24836,3.137,-0.9956,0.6995,0.2961,-0.0479,0.0,0.0,0.0,1.0,-41.0,-72.0,-14.0,0,0
24849,3.1385,-0.9956,0.6995,0.2961,-0.0479,0.0,0.0,0.0,-2.0,-43.0,-72.0,-14.0,0,0
24861,3.1401,-0.9956,0.6995,0.2961,-0.024,0.0,0.0,0.0,0.0,-41.0,-71.0,-14.0,0,0
24873,3.1401,-0.9956,0.6995,0.2961,0.0,0.0,0.0,0.0,0.0,-40.0,-71.0,-14.0,0,0
24881,3.1401,-0.9956,0.6995,0.2961,0.0,0.0,0.0,0.0,0.0,-40.0,-71.0,-14.0,0,0
24894,3.1401,-0.9956,0.6995,0.2961,0.024,0.0,0.0,0.0,0.0,-41.0,-71.0,-14.0,0,0
24906,3.1416,-0.9956,0.6995,0.2961,0.024,0.0,0.0,0.0,0.0,-40.0,-73.0,-14.0,0,0
24918,3.1401,-0.9956,0.6995,0.2961,0.024,0.0,0.0,0.0,0.0,-40.0,-72.0,-14.0,0,0
24931,3.1401,-0.9956,0.6995,0.2961,0.0,0.0,0.0,0.0,0.0,-46.0,-71.0,-14.0,0,0
24939,3.1401,-0.9956,0.6995,0.2961,0.0,0.0,0.0,0.0,0.0,-40.0,-72.0,-14.0,0,0
24951,3.1401,-0.9956,0.6995,0.2961,0.0,0.0,0.0,0.0,0.0,-41.0,-71.0,-14.0,0,0
24963,3.1401,-0.9956,0.6995,0.2961,0.0,0.0,0.0,0.0,0.0,-41.0,-72.0,-14.0,0,0
24976,3.1401,-0.9956,0.6995,0.2961,0.0,0.0,0.0,0.0,0.0,-41.0,-70.0,-14.0,0,0
24988,3.1401,-0.9956,0.6995,0.2961,0.0,0.0,0.0,0.0,-1.0,-43.0,-71.0,-14.0,0,0
24996,3.1401,-0.9956,0.6995,0.2961,0.0,0.0,0.0,0.0,0.0,-40.0,-71.0,-14.0,0,0
25008,3.1401,-0.9956,0.6995,0.2961,0.0,0.0,0.0,0.0,0.0,-40.0,-70.0,-14.0,0,0
25021,3.1401,-0.9956,0.6995,0.2961,0.0,0.0,0.0,0.0,0.0,-40.0,-70.0,-15.0,0,0
25033,3.1401,-0.9956,0.6995,0.2961,0.0,0.0,0.0,0.0,0.0,-40.0,-71.0,-14.0,0,0
25045,3.1401,-0.9956,0.6995,0.2961,0.0,0.0,0.0,0.0,0.0,-40.0,-73.0,-14.0,0,0
25053,3.1401,-0.9956,0.6995,0.2961,0.0,0.0,0.0,0.0,0.0,-39.0,-73.0,-12.0,0,0
25066,3.1401,-0.9956,0.6995,0.2961,0.0,0.0,0.0,0.0,0.0,-41.0,-73.0,-14.0,0,0
25078,3.1401,-0.9956,0.6995,0.2961,0.0,0.0,0.0,0.0,0.0,-40.0,-73.0,-14.0,0,0
25090,3.1401,-0.9956,0.6995,0.2961,0.0,0.0,0.0,0.0,0.0,-40.0,-73.0,-14.0,0,0
25103,3.1401,-0.9956,0.6995,0.2961,0.0,0.0,0.0,0.0,0.0,-40.0,-73.0,-14.0,0,0
25111,3.1401,-0.9956,0.6995,0.2961,0.0,0.0,0.0,0.0,0.0,-40.0,-73.0,-14.0,0,0
25123,3.1401,-0.9956,0.6995,0.2961,0.0,0.0,0.0,0.0,0.0,-36.0,-73.0,-14.0,0,0
25135,3.1401,-0.9956,0.6995,0.2961,0.0,0.0,0.0,0.0,0.0,-33.0,-73.0,-14.0,0,0
25148,3.1401,-0.9956,0.6995,0.2961,0.0,0.0,0.0,0.0,0.0,-36.0,-73.0,-14.0,0,0
25156,3.1401,-0.9956,0.6995,0.2961,0.0,0.0,0.0,0.0,0.0,-37.0,-74.0,-14.0,0,0
25168,3.1401,-0.994,0.6995,0.2961,0.0,0.0,0.0,0.0,0.0,-36.0,-73.0,-13.0,0,0
25180,3.1401,-0.9956,0.6995,0.2961,0.0,0.0,0.0,0.0,0.0,-34.0,-72.0,-14.0,0,0
25193,3.1401,-0.9956,0.6995,0.2961,0.0,0.0,0.0,0.0,0.0,-37.0,-73.0,-14.0,0,0
25205,3.1416,-0.9956,0.6995,0.2961,0.0,0.0,0.0,0.0,0.0,-34.0,-73.0,-14.0,0,0
25213,3.1401,-0.9956,0.6995,0.2961,0.0,0.0,0.0,0.0,0.0,-34.0,-74.0,-14.0,0,0
25225,3.1401,-0.9956,0.6995,0.2961,0.0,0.0,0.0,0.0,0.0,-33.0,-74.0,-14.0,0,0
25238,3.1401,-0.9956,0.6995,0.2961,0.0,0.0,0.0,0.0,0.0,-33.0,-73.0,-14.0,0,0
25250,3.1401,-0.9956,0.6995,0.2961,0.0,0.0,0.0,0.0,0.0,-33.0,-73.0,-14.0,0,0
25262,3.1401,-0.9956,0.6995,0.2961,0.0,0.0,0.0,0.0,0.0,-41.0,-73.0,-14.0,0,0
25271,3.1401,-0.9956,0.6995,0.2961,0.0,0.0,0.0,0.0,0.0,-41.0,-73.0,-14.0,0,0
25283,3.1401,-0.9956,0.6995,0.2961,0.0,0.0,0.0,0.0,0.0,-41.0,-73.0,-14.0,0,0
25295,3.1401,-0.9956,0.6995,0.2961,0.0,0.0,0.0,0.0,0.0,-41.0,-73.0,-12.0,0,0
25307,3.1401,-0.9956,0.6995,0.2961,0.0,0.0,0.0,0.0,0.0,-41.0,-73.0,-14.0,0,0
25320,3.1401,-0.9956,0.6995,0.2961,0.0,0.0,0.0,0.0,0.0,-41.0,-73.0,-14.0,0,0
25328,3.1401,-0.9956,0.6995,0.2961,0.0,0.0,0.0,0.0,0.0,-41.0,-73.0,-14.0,0,0
25340,3.1401,-0.9956,0.6995,0.2961,0.0,0.0,0.0,0.0,0.0,-43.0,-73.0,-14.0,0,0
25352,3.1401,-0.9956,0.6995,0.2961,0.0,0.0,0.0,0.0,0.0,-41.0,-74.0,-14.0,0,0
25365,3.1401,-0.9956,0.6995,0.2961,0.0,0.0,0.0,0.0,0.0,-42.0,-72.0,-17.0,0,0
25377,3.1401,-0.9956,0.6995,0.2961,0.0,0.0,0.0,0.0,0.0,-43.0,-74.0,-14.0,0,0
25385,3.1401,-0.994,0.6995,0.2961,0.0,0.0,0.0,0.0,0.0,-41.0,-74.0,-13.0,0,0
25398,3.1401,-0.9956,0.6995,0.2961,0.0,0.0,0.0,0.0,0.0,-41.0,-75.0,-14.0,0,0
25410,3.1401,-0.9956,0.6995,0.2961,0.0,0.0,0.0,0.0,0.0,-41.0,-75.0,-14.0,0,0
25422,3.1385,-0.9956,0.6995,0.2961,0.0,0.0,0.0,0.0,0.0,-40.0,-74.0,-14.0,0,0
25434,3.137,-0.9956,0.6995,0.2961,0.0,0.0,0.0,0.0,6.0,-41.0,-74.0,-14.0,0,0
25443,3.137,-0.9956,0.6995,0.2961,-0.024,0.0,0.0,0.0,12.0,-41.0,-74.0,-14.0,0,0
25455,3.137,-0.9956,0.6995,0.2961,-0.024,0.0,0.0,0.0,1.0,-42.0,-74.0,-14.0,0,0
25467,3.137,-0.994,0.6995,0.2961,-0.024,0.0,0.0,0.0,10.0,-40.0,-75.0,-14.0,2,0
25479,3.137,-0.9956,0.6995,0.2961,-0.024,0.0,0.0,0.0,13.0,-43.0,-74.0,-14.0,1,0
25492,3.1385,-0.9956,0.6995,0.2961,-0.024,0.0,0.0,0.0,8.0,-40.0,-74.0,-14.0,3,0
25500,3.1385,-0.9956,0.6995,0.2961,0.0,0.0,0.0,0.0,8.0,-39.0,-75.0,-13.0,5,0
25512,3.137,-0.9956,0.6995,0.2945,0.0,0.0,0.0,0.0,22.0,-42.0,-74.0,-14.0,9,0
25524,3.1355,-0.9956,0.6995,0.2961,0.0,0.0,0.0,0.0,30.0,-40.0,-74.0,-13.0,10,0
25537,3.1355,-0.9956,0.6995,0.2961,0.0,0.0,0.0,0.0,28.0,-40.0,-74.0,-14.0,6,0
25549,3.1355,-0.9956,0.6995,0.2961,0.0,0.0,0.0,0.0,26.0,-39.0,-74.0,-14.0,0,0
25561,3.1355,-0.9956,0.6995,0.2961,-0.024,0.0,0.0,0.0,28.0,-39.0,-77.0,-13.0,6,0
25574,3.1355,-0.9956,0.6995,0.2961,-0.024,0.0,0.0,0.0,34.0,-43.0,-74.0,-14.0,12,1
25586,3.1339,-0.9956,0.6995,0.2961,0.0,0.0,0.0,0.0,47.0,-41.0,-74.0,-14.0,12,1
25598,3.1324,-0.9956,0.6995,0.2961,0.0,0.0,0.0,0.0,61.0,-42.0,-74.0,-14.0,11,1
25611,3.1324,-0.9956,0.6995,0.2961,-0.024,0.0,0.0,0.0,68.0,-41.0,-74.0,-14.0,10,0
25623,3.1293,-0.9956,0.6995,0.2961,-0.0479,0.0,0.0,0.0,76.0,-45.0,-74.0,-14.0,4,0
25631,3.1293,-0.9956,0.6995,0.2961,-0.0479,0.0,0.0,0.0,76.0,-45.0,-74.0,-14.0,4,0
25643,3.1278,-0.9956,0.6995,0.2961,-0.0959,0.0,0.0,0.0,85.0,-42.0,-74.0,-14.0,8,0
25656,3.1263,-0.9956,0.6995,0.2961,-0.0959,0.0,0.0,0.0,89.0,-45.0,-74.0,-14.0,17,1
25668,3.1247,-0.9956,0.6995,0.2961,-0.0959,0.0,0.0,0.0,101.0,-38.0,-74.0,-14.0,22,1
25680,3.1232,-0.9956,0.6995,0.2945,-0.0959,0.0,0.0,0.0,122.0,-44.0,-74.0,-12.0,27,1
25692,3.1201,-0.994,0.6995,0.2961,-0.0959,0.0,0.0,0.0,119.0,-44.0,-74.0,-14.0,32,1
25705,3.1201,-0.994,0.6995,0.2961,-0.1198,0.0,0.0,0.0,110.0,-47.0,-75.0,-13.0,34,1
25717,3.1186,-0.994,0.6995,0.2961,-0.1198,0.0,0.0,0.0,107.0,-41.0,-75.0,-14.0,35,1
25729,3.1186,-0.994,0.6995,0.2961,-0.0959,0.0,0.0,0.0,106.0,-46.0,-76.0,-14.0,40,1
25746,3.1186,-0.994,0.6995,0.2961,-0.0719,0.0,0.0,0.0,104.0,-44.0,-76.0,-14.0,43,1
25758,3.1201,-0.9956,0.6995,0.2961,-0.024,0.0,0.0,0.0,103.0,-40.0,-76.0,-14.0,44,1
25770,3.1201,-0.994,0.6995,0.2961,-0.024,0.0,0.0,0.0,103.0,-42.0,-76.0,-14.0,47,1
25783,3.1217,-0.994,0.6995,0.2961,0.0,0.0,0.0,0.0,101.0,-47.0,-76.0,-14.0,48,1
25795,3.1217,-0.9956,0.6995,0.2961,0.0,0.0,0.0,0.0,96.0,-42.0,-76.0,-14.0,47,1
25807,3.1217,-0.9956,0.6995,0.2961,0.024,0.0,0.0,0.0,85.0,-43.0,-76.0,-14.0,41,1
25819,3.1247,-0.994,0.6995,0.2961,0.024,0.0,0.0,0.0,58.0,-41.0,-76.0,-14.0,38,1
25832,3.1263,-0.9956,0.6995,0.2961,0.0479,0.0,0.0,0.0,36.0,-40.0,-76.0,-14.0,35,1
25844,3.1324,-0.994,0.6995,0.2961,0.0959,0.0,0.0,0.0,4.0,-38.0,-76.0,-14.0,28,1
25856,3.1355,-0.9956,0.6995,0.2961,0.1438,0.0,0.0,0.0,1.0,-38.0,-76.0,-14.0,18,1
25869,3.137,-0.9956,0.6995,0.2961,0.1678,0.0,0.0,0.0,1.0,-38.0,-76.0,-14.0,10,0
25881,3.1385,-0.9956,0.6995,0.2961,0.1918,0.0,0.0,0.0,0.0,-38.0,-76.0,-14.0,2,0
25893,3.1416,-0.9956,0.6995,0.2961,0.1918,0.0,0.0,0.0,-3.0,-39.0,-76.0,-14.0,0,0
25901,3.1416,-0.9956,0.6995,0.2961,0.1918,0.0,0.0,0.0,-3.0,-39.0,-76.0,-14.0,0,0
25914,3.1431,-0.9956,0.6995,0.2961,0.1678,0.0,0.0,0.0,-5.0,-39.0,-76.0,-14.0,0,0
25926,3.1447,-0.9956,0.6995,0.2961,0.1678,0.0,0.0,0.0,0.0,-40.0,-76.0,-14.0,0,0
25938,3.1447,-0.9956,0.6995,0.2961,0.1438,0.0,0.0,0.0,0.0,-39.0,-76.0,-14.0,0,0
25950,3.1447,-0.9956,0.6995,0.2961,0.1198,0.0,0.0,0.0,5.0,-40.0,-75.0,-14.0,0,0
25959,3.1416,-0.9956,0.6995,0.2961,0.0719,0.0,0.0,0.0,0.0,-40.0,-76.0,-14.0,0,0
25971,3.1401,-0.9956,0.6995,0.2961,0.0479,0.0,0.0,0.0,0.0,-39.0,-76.0,-14.0,0,0
25983,3.1401,-0.9956,0.6995,0.2961,0.0,0.0,0.0,0.0,3.0,-39.0,-76.0,-14.0,0,0
25996,3.1401,-0.9956,0.6995,0.2961,-0.024,0.0,0.0,0.0,3.0,-39.0,-76.0,-14.0,0,0
26008,3.1401,-0.9956,0.6995,0.2961,-0.0479,0.0,0.0,0.0,0.0,-39.0,-76.0,-14.0,0,0
26016,3.1416,-0.9956,0.6995,0.2961,-0.024,0.0,0.0,0.0,0.0,-39.0,-76.0,-14.0,0,0
26028,3.1416,-0.9956,0.6995,0.2961,-0.024,0.0,0.0,0.0,0.0,-40.0,-77.0,-15.0,0,0
26041,3.1416,-0.9956,0.6995,0.2961,0.0,0.0,0.0,0.0,0.0,-39.0,-78.0,-14.0,0,0
26053,3.1416,-0.9956,0.6995,0.2961,0.0,0.0,0.0,0.0,0.0,-39.0,-78.0,-14.0,0,0
26065,3.1416,-0.9956,0.6995,0.2961,0.0,0.0,0.0,0.0,0.0,-39.0,-78.0,-14.0,0,0
26073,3.1401,-0.9956,0.6995,0.2961,0.0,0.0,0.0,0.0,0.0,-39.0,-78.0,-14.0,0,0
26086,3.1416,-0.9956,0.6995,0.2961,0.0,0.0,0.0,0.0,0.0,-39.0,-77.0,-14.0,0,0
26098,3.1416,-0.9956,0.6995,0.2961,0.0,0.0,0.0,0.0,0.0,-39.0,-77.0,-14.0,0,0
26110,3.1416,-0.9956,0.6995,0.2945,0.0,0.0,0.0,0.0,0.0,-40.0,-77.0,-13.0,0,0
26122,3.1416,-0.9956,0.6995,0.2961,0.0,0.0,0.0,0.0,0.0,-40.0,-78.0,-13.0,0,0
26131,3.1401,-0.9956,0.6995,0.2961,0.0,0.0,0.0,0.0,0.0,-40.0,-78.0,-14.0,0,0
26143,3.1416,-0.9956,0.6995,0.2961,0.0,0.0,0.0,0.0,0.0,-40.0,-78.0,-14.0,0,0
26155,3.1416,-0.9956,0.6995,0.2961,0.0,0.0,0.0,0.0,0.0,-40.0,-77.0,-10.0,0,0
26168,3.1416,-0.9956,0.6995,0.2961,0.0,0.0,0.0,0.0,0.0,-40.0,-78.0,-14.0,0,0
26176,3.1416,-0.9956,0.6995,0.2961,0.0,0.0,0.0,0.0,0.0,-40.0,-78.0,-14.0,0,0
26188,3.1416,-0.9956,0.6995,0.2961,0.0,0.0,0.0,0.0,0.0,-40.0,-77.0,-12.0,0,0
26200,3.1416,-0.9956,0.6995,0.2961,0.0,0.0,0.0,0.0,0.0,-39.0,-78.0,-14.0,0,0
26213,3.1416,-0.9956,0.6995,0.2961,0.0,0.0,0.0,0.0,0.0,-40.0,-77.0,-14.0,0,0
26225,3.1416,-0.9956,0.6995,0.2961,0.0,0.0,0.0,0.0,0.0,-40.0,-78.0,-14.0,0,0
26233,3.1416,-0.9956,0.6995,0.2961,0.0,0.0,0.0,0.0,0.0,-39.0,-78.0,-14.0,0,0
26245,3.1416,-0.9956,0.6995,0.2961,0.0,0.0,0.0,0.0,0.0,-40.0,-78.0,-14.0,0,0
26258,3.1416,-0.9956,0.6995,0.2961,0.0,0.0,0.0,0.0,0.0,-40.0,-77.0,-14.0,0,0
26270,3.1416,-0.9956,0.6995,0.2961,0.0,0.0,0.0,0.0,0.0,-40.0,-77.0,-14.0,0,0
26282,3.1401,-0.9956,0.6995,0.2961,0.0,0.0,0.0,0.0,0.0,-40.0,-77.0,-14.0,0,0
26290,3.1416,-0.9956,0.6995,0.2961,0.0,0.0,0.0,0.0,0.0,-40.0,-77.0,-14.0,0,0
26303,3.1401,-0.9956,0.6995,0.2961,0.0,0.0,0.0,0.0,0.0,-40.0,-77.0,-14.0,0,0
26315,3.1416,-0.9956,0.6995,0.2961,0.0,0.0,0.0,0.0,0.0,-41.0,-77.0,-15.0,0,0
26327,3.1416,-0.9956,0.6995,0.2961,0.0,0.0,0.0,0.0,0.0,-40.0,-77.0,-14.0,0,0
26340,3.1416,-0.9956,0.6995,0.2961,0.0,0.0,0.0,0.0,0.0,-39.0,-78.0,-13.0,0,0
26348,3.1401,-0.9956,0.6995,0.2961,0.0,0.0,0.0,0.0,0.0,-39.0,-78.0,-14.0,0,0
26360,3.1416,-0.9956,0.6995,0.2961,0.0,0.0,0.0,0.0,0.0,-39.0,-80.0,-12.0,0,0
26372,3.1416,-0.9956,0.6995,0.2961,0.0,0.0,0.0,0.0,0.0,-39.0,-79.0,-14.0,0,0
26385,3.1416,-0.9956,0.6995,0.2961,0.0,0.0,0.0,0.0,0.0,-39.0,-78.0,-14.0,0,0
26397,3.1416,-0.9956,0.6995,0.2961,0.0,0.0,0.0,0.0,0.0,-40.0,-79.0,-14.0,0,0
26405,3.1416,-0.9956,0.6995,0.2961,0.0,0.0,0.0,0.0,0.0,-39.0,-78.0,-14.0,0,0
26417,3.1401,-0.9956,0.6995,0.2961,0.0,0.0,0.0,0.0,0.0,-40.0,-79.0,-14.0,0,0
26430,3.1416,-0.9956,0.6995,0.2961,0.0,0.0,0.0,0.0,0.0,-40.0,-78.0,-14.0,0,0
26442,3.1401,-0.9956,0.6995,0.2961,0.0,0.0,0.0,0.0,0.0,-40.0,-78.0,-14.0,0,0
26454,3.1416,-0.9956,0.6995,0.2961,0.0,0.0,0.0,0.0,0.0,-40.0,-79.0,-14.0,0,0
26462,3.1416,-0.9956,0.6995,0.2961,0.0,0.0,0.0,0.0,0.0,-40.0,-79.0,-14.0,0,0
26475,3.1416,-0.9956,0.6995,0.2961,0.0,0.0,0.0,0.0,0.0,-40.0,-79.0,-14.0,0,0
26487,3.1416,-0.9956,0.6995,0.2961,0.0,0.0,0.0,0.0,0.0,-40.0,-79.0,-14.0,0,0
26499,3.1416,-0.9956,0.6995,0.2961,0.0,0.0,0.0,0.0,0.0,-40.0,-79.0,-14.0,0,0
26512,3.1416,-0.9956,0.6995,0.2961,0.0,0.0,0.0,0.0,0.0,-39.0,-79.0,-14.0,0,0
26520,3.1416,-0.9956,0.6995,0.2961,0.0,0.0,0.0,0.0,0.0,-39.0,-79.0,-14.0,0,0
26532,3.1416,-0.9956,0.6995,0.2961,0.0,0.0,0.0,0.0,0.0,-40.0,-79.0,-14.0,0,0
26544,3.1416,-0.9956,0.6995,0.2961,0.0,0.0,0.0,0.0,0.0,-40.0,-79.0,-14.0,0,0
26557,3.1416,-0.9956,0.6995,0.2961,0.0,0.0,0.0,0.0,0.0,-39.0,-80.0,-14.0,0,0
26569,3.1416,-0.9956,0.6995,0.2961,0.0,0.0,0.0,0.0,0.0,-36.0,-80.0,-14.0,0,0
26577,3.1416,-0.9956,0.6995,0.2961,0.0,0.0,0.0,0.0,0.0,-39.0,-79.0,-14.0,0,0
26589,3.1416,-0.9956,0.6995,0.2961,0.0,0.0,0.0,0.0,0.0,-39.0,-79.0,-11.0,0,0
26602,3.1416,-0.9956,0.6995,0.2961,0.0,0.0,0.0,0.0,0.0,-40.0,-78.0,-14.0,0,0
26614,3.1416,-0.9956,0.6995,0.2961,0.0,0.0,0.0,0.0,0.0,-40.0,-79.0,-12.0,0,0
26622,3.1416,-0.9956,0.6995,0.2961,0.0,0.0,0.0,0.0,0.0,-40.0,-79.0,-12.0,0,0
26634,3.1416,-0.9956,0.6995,0.2961,0.0,0.0,0.0,0.0,0.0,-39.0,-79.0,-14.0,0,0
26647,3.1416,-0.9956,0.6995,0.2961,0.0,0.0,0.0,0.0,0.0,-40.0,-79.0,-14.0,0,0
26659,3.1416,-0.9956,0.6995,0.2961,0.0,0.0,0.0,0.0,0.0,-40.0,-78.0,-14.0,0,0
26671,3.1416,-0.9956,0.6995,0.2961,0.0,0.0,0.0,0.0,0.0,-40.0,-79.0,-14.0,0,0
26680,3.1416,-0.9956,0.6995,0.2961,0.0,0.0,0.0,0.0,0.0,-40.0,-79.0,-14.0,0,0
26692,3.1416,-0.9956,0.6995,0.2961,0.0,0.0,0.0,0.0,0.0,-40.0,-79.0,-14.0,0,0
26704,3.1416,-0.9956,0.6995,0.2945,0.0,0.0,0.0,0.0,0.0,-40.0,-79.0,-14.0,0,0
26716,3.1416,-0.9956,0.6995,0.2961,0.0,0.0,0.0,0.0,0.0,-40.0,-79.0,-14.0,0,0
26729,3.1416,-0.9956,0.6995,0.2961,0.0,0.0,0.0,0.0,0.0,-39.0,-79.0,-15.0,0,0
26737,3.1416,-0.9956,0.6995,0.2961,0.0,0.0,0.0,0.0,0.0,-40.0,-79.0,-14.0,0,0
26749,3.1416,-0.9956,0.6995,0.2961,0.0,0.0,0.0,0.0,0.0,-41.0,-78.0,-14.0,0,0
26761,3.1416,-0.9956,0.6995,0.2961,0.0,0.0,0.0,0.0,0.0,-39.0,-80.0,-14.0,0,0
26774,3.1416,-0.9956,0.701,0.2961,0.0,0.0,0.0,0.0,0.0,-39.0,-78.0,-14.0,0,0
26786,3.1416,-0.9956,0.6995,0.2961,0.0,0.0,0.0,0.0,0.0,-40.0,-81.0,-14.0,0,0
26794,3.1416,-0.9956,0.6995,0.2961,0.0,0.0,0.0,0.0,0.0,-39.0,-80.0,-14.0,0,0
26807,3.1416,-0.9956,0.6995,0.2961,0.0,0.0,0.0,0.0,0.0,-40.0,-81.0,-14.0,0,0
26819,3.1416,-0.9956,0.6995,0.2961,0.0,0.0,0.0,0.0,0.0,-40.0,-78.0,-14.0,0,0
26831,3.1416,-0.9956,0.6995,0.2961,0.0,0.0,0.0,0.0,0.0,-39.0,-80.0,-14.0,0,0
26843,3.1416,-0.9956,0.6995,0.2961,0.0,0.0,0.0,0.0,0.0,-40.0,-79.0,-14.0,0,0
26852,3.1416,-0.9956,0.6995,0.2961,0.0,0.0,0.0,0.0,0.0,-40.0,-79.0,-14.0,0,0
26864,3.1416,-0.9956,0.6995,0.2961,0.0,0.0,0.0,0.0,0.0,-40.0,-78.0,-14.0,0,0
26876,3.1416,-0.9956,0.6995,0.2961,0.0,0.0,0.0,0.0,0.0,-40.0,-81.0,-14.0,0,0
26888,3.1401,-0.9956,0.6995,0.2961,0.0,0.0,0.0,0.0,0.0,-40.0,-80.0,-14.0,0,0
26901,3.1401,-0.9956,0.6995,0.2961,0.0,0.0,0.0,0.0,0.0,-41.0,-80.0,-14.0,0,0
26909,3.1416,-0.9956,0.6995,0.2961,0.0,0.0,0.0,0.0,0.0,-40.0,-80.0,-15.0,0,0
26921,3.1416,-0.9956,0.6995,0.2961,0.0,0.0,0.0,0.0,0.0,-40.0,-79.0,-12.0,0,0
26933,3.1401,-0.9956,0.6995,0.2961,0.0,0.0,0.0,0.0,0.0,-40.0,-79.0,-14.0,0,0
26946,3.1416,-0.9956,0.6995,0.2961,0.0,0.0,0.0,0.0,0.0,-40.0,-80.0,-14.0,0,0
26958,3.1416,-0.9956,0.6995,0.2961,0.0,0.0,0.0,0.0,0.0,-41.0,-79.0,-14.0,0,0
26966,3.1416,-0.9956,0.6995,0.2961,0.0,0.0,0.0,0.0,0.0,-39.0,-79.0,-14.0,0,0
26979,3.1416,-0.9956,0.6995,0.2961,0.0,0.0,0.0,0.0,0.0,-40.0,-81.0,-14.0,0,0
26991,3.1401,-0.9956,0.6995,0.2961,0.0,0.0,0.0,0.0,0.0,-40.0,-80.0,-14.0,0,0
27003,3.1416,-0.9956,0.6995,0.2961,0.0,0.0,0.0,0.0,0.0,-40.0,-79.0,-14.0,0,0
27015,3.1416,-0.9956,0.6995,0.2961,0.0,0.0,0.0,0.0,0.0,-39.0,-82.0,-14.0,0,0
27024,3.1416,-0.9956,0.6995,0.2961,0.0,0.0,0.0,0.0,0.0,-39.0,-79.0,-14.0,0,0
27036,3.1416,-0.9956,0.6995,0.2961,0.0,0.0,0.0,0.0,0.0,-40.0,-82.0,-13.0,0,0
27048,3.1416,-0.9956,0.6995,0.2961,0.0,0.0,0.0,0.0,0.0,-40.0,-79.0,-14.0,0,0
27060,3.1416,-0.9956,0.6995,0.2961,0.0,0.0,0.0,0.0,0.0,-39.0,-82.0,-15.0,0,0
27069,3.1416,-0.9956,0.6995,0.2961,0.0,0.0,0.0,0.0,0.0,-39.0,-80.0,-15.0,0,0
27081,3.1416,-0.9956,0.6995,0.2961,0.0,0.0,0.0,0.0,0.0,-39.0,-83.0,-14.0,0,0
27093,3.1416,-0.9956,0.6995,0.2961,0.0,0.0,0.0,0.0,0.0,-40.0,-81.0,-14.0,0,0
27105,3.1416,-0.9956,0.6995,0.2961,0.0,0.0,0.0,0.0,0.0,-41.0,-81.0,-14.0,0,0
27118,3.1416,-0.9956,0.6995,0.2961,0.0,0.0,0.0,0.0,0.0,-40.0,-80.0,-14.0,0,0
27126,3.1416,-0.9956,0.6995,0.2961,0.0,0.0,0.0,0.0,0.0,-40.0,-81.0,-12.0,0,0
27138,3.1416,-0.9956,0.6995,0.2961,0.0,0.0,0.0,0.0,0.0,-40.0,-80.0,-14.0,0,0
27151,3.1416,-0.9956,0.6995,0.2961,0.0,0.0,0.0,0.0,0.0,-39.0,-82.0,-14.0,0,0
27163,3.1416,-0.9956,0.6995,0.2961,0.0,0.0,0.0,0.0,0.0,-39.0,-79.0,-14.0,0,0
27175,3.1401,-0.9956,0.6995,0.2961,0.0,0.0,0.0,0.0,0.0,-40.0,-81.0,-14.0,0,0
27183,3.1416,-0.9956,0.6995,0.2961,0.0,0.0,0.0,0.0,0.0,-40.0,-80.0,-14.0,0,0
27196,3.1401,-0.9956,0.6995,0.2961,0.0,0.0,0.0,0.0,0.0,-39.0,-82.0,-12.0,0,0
27208,3.1416,-0.9956,0.6995,0.2961,0.0,0.0,0.0,0.0,0.0,-39.0,-80.0,-14.0,0,0
27220,3.1416,-0.9956,0.6995,0.2961,0.0,0.0,0.0,0.0,0.0,-39.0,-82.0,-14.0,0,0
27232,3.1416,-0.9956,0.6995,0.2961,0.0,0.0,0.0,0.0,0.0,-39.0,-81.0,-14.0,0,0
27241,3.1401,-0.9956,0.6995,0.2961,0.0,0.0,0.0,0.0,0.0,-40.0,-80.0,-14.0,0,0
27253,3.1416,-0.9956,0.6995,0.2961,0.0,0.0,0.0,0.0,0.0,-41.0,-82.0,-13.0,0,0
27265,3.1416,-0.9956,0.6995,0.2961,0.0,0.0,0.0,0.0,0.0,-40.0,-79.0,-14.0,0,0
27278,3.1416,-0.9956,0.6995,0.2961,0.0,0.0,0.0,0.0,0.0,-41.0,-81.0,-15.0,0,0
27290,3.1416,-0.9956,0.6995,0.2961,0.0,0.0,0.0,0.0,0.0,-40.0,-82.0,-14.0,0,0
27298,3.1416,-0.9956,0.6995,0.2961,0.0,0.0,0.0,0.0,0.0,-41.0,-79.0,-14.0,0,0
27310,3.1416,-0.9956,0.6995,0.2961,0.0,0.0,0.0,0.0,0.0,-41.0,-82.0,-14.0,0,0
27323,3.1416,-0.9956,0.6995,0.2961,0.0,0.0,0.0,0.0,0.0,-41.0,-83.0,-14.0,0,0
27335,3.1416,-0.9956,0.6995,0.2961,0.0,0.0,0.0,0.0,0.0,-40.0,-82.0,-14.0,0,0
27347,3.1416,-0.9956,0.6995,0.2961,0.0,0.0,0.0,0.0,0.0,-39.0,-83.0,-14.0,0,0
27355,3.1416,-0.9956,0.6995,0.2961,0.0,0.0,0.0,0.0,0.0,-40.0,-80.0,-14.0,0,0
27368,3.1416,-0.9956,0.6995,0.2961,0.0,0.0,0.0,0.0,0.0,-40.0,-82.0,-14.0,0,0
27380,3.1416,-0.9956,0.6995,0.2961,0.0,0.0,0.0,0.0,0.0,-40.0,-81.0,-12.0,0,0
27392,3.1416,-0.9956,0.6995,0.2961,0.0,0.0,0.0,0.0,0.0,-41.0,-81.0,-14.0,0,0
27404,3.1401,-0.9956,0.6995,0.2961,0.0,0.0,0.0,0.0,0.0,-40.0,-81.0,-14.0,0,0
27413,3.1416,-0.9956,0.6995,0.2961,0.0,0.0,0.0,0.0,0.0,-40.0,-82.0,-14.0,0,0
27425,3.1416,-0.9956,0.6995,0.2961,0.0,0.0,0.0,0.0,0.0,-40.0,-82.0,-14.0,0,0
27437,3.1416,-0.9956,0.6995,0.2961,0.0,0.0,0.0,0.0,0.0,-40.0,-82.0,-14.0,0,0
27450,3.1416,-0.9956,0.6995,0.2961,0.0,0.0,0.0,0.0,0.0,-40.0,-80.0,-14.0,0,0
27462,3.1416,-0.9956,0.6995,0.2961,0.0,0.0,0.0,0.0,0.0,-40.0,-81.0,-15.0,0,0
27470,3.1416,-0.9956,0.6995,0.2961,0.0,0.0,0.0,0.0,0.0,-40.0,-84.0,-14.0,0,0
27482,3.1416,-0.9956,0.6995,0.2961,0.0,0.0,0.0,0.0,0.0,-39.0,-80.0,-14.0,0,0
27495,3.1416,-0.9956,0.6995,0.2961,0.0,0.0,0.0,0.0,0.0,-39.0,-82.0,-14.0,0,0
27507,3.1416,-0.9956,0.6995,0.2961,0.0,0.0,0.0,0.0,0.0,-39.0,-80.0,-14.0,0,0
27515,3.1416,-0.9956,0.6995,0.2961,0.0,0.0,0.0,0.0,0.0,-40.0,-83.0,-13.0,0,0
27527,3.1416,-0.9956,0.6995,0.2961,0.0,0.0,0.0,0.0,0.0,-40.0,-80.0,-14.0,0,0
27540,3.1416,-0.9956,0.6995,0.2961,0.0,0.0,0.0,0.0,0.0,-37.0,-83.0,-14.0,0,0
27552,3.1416,-0.9956,0.6995,0.2961,0.0,0.0,0.0,0.0,0.0,-35.0,-81.0,-14.0,0,0
27564,3.1401,-0.9956,0.6995,0.2961,0.0,0.0,0.0,0.0,0.0,-36.0,-81.0,-14.0,0,0
27572,3.1401,-0.9956,0.6995,0.2961,0.0,0.0,0.0,0.0,0.0,-36.0,-81.0,-14.0,0,0
27585,3.1416,-0.9956,0.6995,0.2961,0.0,0.0,0.0,0.0,0.0,-39.0,-82.0,-14.0,0,0
27597,3.1416,-0.9956,0.6995,0.2961,0.0,0.0,0.0,0.0,0.0,-39.0,-81.0,-14.0,0,0
27609,3.1416,-0.9956,0.6995,0.2961,0.0,0.0,0.0,0.0,0.0,-39.0,-83.0,-16.0,0,0
27622,3.1416,-0.9956,0.6995,0.2961,0.0,0.0,0.0,0.0,0.0,-35.0,-81.0,-14.0,0,0
27630,3.1416,-0.9956,0.6995,0.2961,0.0,0.0,0.0,0.0,0.0,-36.0,-83.0,-14.0,0,0
27642,3.1416,-0.9956,0.6995,0.2961,0.0,0.0,0.0,0.0,0.0,-33.0,-80.0,-14.0,0,0
27654,3.1416,-0.9956,0.6995,0.2961,0.0,0.0,0.0,0.0,0.0,-36.0,-81.0,-14.0,0,0
27667,3.1416,-0.9956,0.6995,0.2961,0.0,0.0,0.0,0.0,0.0,-38.0,-82.0,-14.0,0,0
27679,3.1416,-0.9956,0.6995,0.2961,0.0,0.0,0.0,0.0,0.0,-37.0,-83.0,-13.0,0,0
27687,3.1401,-0.9956,0.6995,0.2961,0.0,0.0,0.0,0.0,0.0,-35.0,-84.0,-13.0,0,0
27699,3.1416,-0.9956,0.6995,0.2961,0.0,0.0,0.0,0.0,0.0,-36.0,-83.0,-14.0,0,0
27712,3.1416,-0.9956,0.6995,0.2961,0.0,0.0,0.0,0.0,0.0,-38.0,-81.0,-14.0,0,0
27724,3.1416,-0.9956,0.6995,0.2961,0.0,0.0,0.0,0.0,0.0,-35.0,-82.0,-15.0,0,0
27736,3.1416,-0.9956,0.6995,0.2961,0.0,0.0,0.0,0.0,0.0,-40.0,-81.0,-14.0,0,0
27744,3.1416,-0.9956,0.6995,0.2961,0.0,0.0,0.0,0.0,0.0,-36.0,-83.0,-15.0,0,0
27757,3.1416,-0.9956,0.6995,0.2961,0.0,0.0,0.0,0.0,0.0,-37.0,-83.0,-14.0,0,0
27769,3.1416,-0.9956,0.6995,0.2961,0.0,0.0,0.0,0.0,0.0,-34.0,-81.0,-13.0,0,0
27781,3.1401,-0.9956,0.6995,0.2961,0.0,0.0,0.0,0.0,0.0,-38.0,-82.0,-14.0,0,0
27794,3.1401,-0.9956,0.6995,0.2961,0.0,0.0,0.0,0.0,0.0,-40.0,-84.0,-12.0,0,0
27802,3.1401,-0.9956,0.6995,0.2961,0.0,0.0,0.0,0.0,0.0,-40.0,-84.0,-12.0,0,0
27814,3.1416,-0.9956,0.6995,0.2961,0.0,0.0,0.0,0.0,0.0,-38.0,-83.0,-14.0,0,0
27826,3.1416,-0.9956,0.6995,0.2961,0.0,0.0,0.0,0.0,0.0,-34.0,-81.0,-14.0,0,0
27839,3.1416,-0.9956,0.6995,0.2961,0.0,0.0,0.0,0.0,0.0,-36.0,-80.0,-14.0,0,0
27851,3.1416,-0.9956,0.6995,0.2961,0.0,0.0,0.0,0.0,0.0,-33.0,-82.0,-14.0,0,0
27859,3.1416,-0.9956,0.6995,0.2961,0.0,0.0,0.0,0.0,0.0,-38.0,-82.0,-14.0,0,0
27871,3.1401,-0.9956,0.6995,0.2961,0.0,0.0,0.0,0.0,0.0,-36.0,-82.0,-13.0,0,0
27884,3.1416,-0.9956,0.6995,0.2961,0.0,0.0,0.0,0.0,0.0,-40.0,-82.0,-14.0,0,0
27896,3.1416,-0.9956,0.6995,0.2961,0.0,0.0,0.0,0.0,0.0,-40.0,-82.0,-14.0,0,0
27908,3.1401,-0.9956,0.6995,0.2961,0.0,0.0,0.0,0.0,0.0,-36.0,-84.0,-14.0,0,0
27916,3.1416,-0.9956,0.6995,0.2961,0.0,0.0,0.0,0.0,0.0,-39.0,-82.0,-11.0,0,0
27929,3.1416,-0.9956,0.6995,0.2961,0.0,0.0,0.0,0.0,0.0,-40.0,-83.0,-14.0,0,0
27941,3.1416,-0.9956,0.6995,0.2961,0.0,0.0,0.0,0.0,0.0,-39.0,-81.0,-13.0,0,0
27953,3.1416,-0.9956,0.6995,0.2961,0.0,0.0,0.0,0.0,0.0,-38.0,-82.0,-14.0,0,0
27962,3.1416,-0.9956,0.6995,0.2961,0.0,0.0,0.0,0.0,0.0,-38.0,-82.0,-14.0,0,0
27974,3.1416,-0.9956,0.6995,0.2961,0.0,0.0,0.0,0.0,0.0,-39.0,-81.0,-14.0,0,0
27986,3.1416,-0.9956,0.6995,0.2961,0.0,0.0,0.0,0.0,0.0,-40.0,-82.0,-14.0,0,0
27998,3.1416,-0.9956,0.6995,0.2961,0.0,0.0,0.0,0.0,0.0,-40.0,-81.0,-14.0,0,0
28011,3.1401,-0.9956,0.6995,0.2961,0.0,0.0,0.0,0.0,0.0,-40.0,-82.0,-14.0,0,0
28019,3.1416,-0.9956,0.6995,0.2961,0.0,0.0,0.0,0.0,0.0,-41.0,-82.0,-14.0,0,0
28031,3.1416,-0.9956,0.6995,0.2961,0.0,0.0,0.0,0.0,0.0,-39.0,-83.0,-15.0,0,0
28043,3.1416,-0.9956,0.6995,0.2961,0.0,0.0,0.0,0.0,0.0,-39.0,-84.0,-13.0,0,0
28056,3.1416,-0.9956,0.6995,0.2961,0.0,0.0,0.0,0.0,0.0,-37.0,-82.0,-14.0,0,0
28068,3.1416,-0.9956,0.6995,0.2961,0.0,0.0,0.0,0.0,0.0,-38.0,-82.0,-12.0,0,0
28076,3.1416,-0.9956,0.6995,0.2961,0.0,0.0,0.0,0.0,0.0,-36.0,-81.0,-14.0,0,0
28089,3.1416,-0.9956,0.6995,0.2961,0.0,0.0,0.0,0.0,0.0,-39.0,-83.0,-14.0,0,0
28101,3.1416,-0.9956,0.6995,0.2961,0.0,0.0,0.0,0.0,0.0,-37.0,-82.0,-14.0,0,0
28113,3.1416,-0.9956,0.6995,0.2961,0.0,0.0,0.0,0.0,0.0,-36.0,-82.0,-15.0,0,0
28125,3.1416,-0.9956,0.6995,0.2961,0.0,0.0,0.0,0.0,0.0,-36.0,-81.0,-14.0,0,0
28134,3.1416,-0.9956,0.6995,0.2961,0.0,0.0,0.0,0.0,0.0,-35.0,-83.0,-14.0,0,0
28146,3.1416,-0.9956,0.6995,0.2961,0.0,0.0,0.0,0.0,0.0,-39.0,-84.0,-11.0,0,0
28158,3.1416,-0.9956,0.6995,0.2961,0.0,0.0,0.0,0.0,0.0,-40.0,-81.0,-14.0,0,0
28170,3.1401,-0.9956,0.6995,0.2961,0.0,0.0,0.0,0.0,0.0,-41.0,-83.0,-14.0,0,0
28183,3.1416,-0.9956,0.6995,0.2961,0.0,0.0,0.0,0.0,0.0,-37.0,-81.0,-14.0,0,0
28191,3.1416,-0.9956,0.6995,0.2961,0.0,0.0,0.0,0.0,0.0,-37.0,-81.0,-14.0,0,0
28203,3.1416,-0.9956,0.6995,0.2961,0.0,0.0,0.0,0.0,0.0,-35.0,-80.0,-14.0,0,0
28215,3.1416,-0.9956,0.6995,0.2961,0.0,0.0,0.0,0.0,0.0,-35.0,-81.0,-14.0,0,0
28228,3.1416,-0.9956,0.6995,0.2961,0.0,0.0,0.0,0.0,0.0,-38.0,-81.0,-14.0,0,0
28240,3.1416,-0.9956,0.6995,0.2961,0.0,0.0,0.0,0.0,0.0,-40.0,-83.0,-13.0,0,0
28248,3.1416,-0.9956,0.6995,0.2961,0.0,0.0,0.0,0.0,0.0,-38.0,-81.0,-14.0,0,0
28261,3.1416,-0.9956,0.6995,0.2961,0.0,0.0,0.0,0.0,0.0,-39.0,-82.0,-14.0,0,0
28273,3.1416,-0.9956,0.6995,0.2961,0.0,0.0,0.0,0.0,0.0,-40.0,-85.0,-14.0,0,0
28285,3.1416,-0.9956,0.6995,0.2961,0.0,0.0,0.0,0.0,0.0,-40.0,-84.0,-14.0,0,0
28297,3.1416,-0.9956,0.6995,0.2961,0.0,0.0,0.0,0.0,0.0,-36.0,-82.0,-14.0,0,0
28306,3.1416,-0.9956,0.6995,0.2961,0.0,0.0,0.0,0.0,0.0,-40.0,-84.0,-14.0,0,0
28318,3.1431,-0.9956,0.6995,0.2961,0.0,0.0,0.0,0.0,-2.0,-41.0,-81.0,-14.0,0,0
28330,3.1447,-0.9956,0.6995,0.2961,0.0,0.0,0.0,0.0,-9.0,-40.0,-81.0,-14.0,0,0
28342,3.1447,-0.9956,0.6995,0.2961,0.024,0.0,0.0,0.0,-11.0,-38.0,-85.0,-14.0,0,0
28355,3.1431,-0.9956,0.6995,0.2961,0.024,0.0,0.0,0.0,2.0,-40.0,-85.0,-14.0,2,0
28363,3.1416,-0.9956,0.6995,0.2961,0.024,0.0,0.0,0.0,2.0,-37.0,-85.0,-14.0,4,0
28375,3.1416,-0.9956,0.6995,0.2961,0.0,0.0,0.0,0.0,0.0,-40.0,-84.0,-14.0,4,0
28388,3.1416,-0.9956,0.6995,0.2961,0.0,0.0,0.0,0.0,-4.0,-39.0,-88.0,-14.0,7,0
28400,3.1416,-0.9956,0.6995,0.2961,0.0,0.0,0.0,0.0,-3.0,-39.0,-85.0,-14.0,11,1
28412,3.1431,-0.9956,0.701,0.2961,-0.024,0.0,0.0,0.0,-5.0,-38.0,-84.0,-14.0,13,1
28424,3.1431,-0.9956,0.701,0.2961,-0.024,0.0,0.0,0.0,-2.0,-39.0,-86.0,-14.0,16,1
28437,3.1416,-0.9956,0.701,0.2961,0.0,0.0,0.0,0.0,-1.0,-39.0,-89.0,-14.0,17,1
28449,3.1416,-0.9956,0.701,0.2961,0.0,0.0,0.0,0.0,0.0,-37.0,-90.0,-14.0,22,1
28461,3.1431,-0.9956,0.701,0.2961,0.0,0.0,0.0,0.0,-3.0,-38.0,-91.0,-14.0,28,1
28474,3.1416,-0.9956,0.701,0.2961,0.0,0.0,0.0,0.0,-7.0,-41.0,-91.0,-14.0,30,1
28486,3.1416,-0.9956,0.701,0.2961,0.0,0.0,0.0,0.0,-8.0,-40.0,-91.0,-14.0,31,1
28498,3.1431,-0.9956,0.701,0.2961,0.0,0.0,0.0,0.0,-10.0,-40.0,-91.0,-14.0,34,1
28510,3.1416,-0.9956,0.701,0.2961,0.0,0.0,0.0,0.0,-5.0,-40.0,-92.0,-14.0,33,1
28523,3.1431,-0.9956,0.701,0.2961,0.0,0.0,0.0,0.0,-3.0,-35.0,-91.0,-14.0,37,1
28535,3.1416,-0.9971,0.701,0.2961,0.0,0.0,0.0,0.0,-5.0,-43.0,-91.0,-14.0,36,1
28551,3.1431,-0.9971,0.701,0.2961,0.0,0.0,0.0,0.0,-4.0,-34.0,-92.0,-14.0,38,1
28564,3.1416,-0.9956,0.701,0.2961,0.0,0.0,0.0,0.0,-10.0,-40.0,-92.0,-14.0,40,1
28576,3.1431,-0.9971,0.701,0.2961,0.0,0.0,0.0,0.0,-10.0,-35.0,-91.0,-14.0,41,1
28588,3.1431,-0.9971,0.701,0.2961,0.0,0.0,0.0,0.0,-7.0,-36.0,-91.0,-14.0,42,1
28600,3.1416,-0.9956,0.701,0.2961,0.0,0.0,0.0,0.0,-9.0,-35.0,-92.0,-14.0,46,1
28613,3.1416,-0.9971,0.701,0.2961,0.0,0.0,0.0,0.0,-5.0,-37.0,-93.0,-14.0,39,1
28625,3.1416,-0.9956,0.7026,0.2961,0.0,0.0,0.0,0.0,-7.0,-22.0,-91.0,-14.0,30,1
28637,3.1416,-0.9956,0.701,0.2961,0.0,0.0,0.0,0.0,-7.0,-20.0,-91.0,-14.0,27,1
28650,3.1416,-0.9956,0.701,0.2961,0.0,0.0,0.0,0.0,-7.0,-31.0,-91.0,-14.0,24,1
28662,3.1416,-0.9956,0.701,0.2961,0.0,0.0,0.0,0.0,-6.0,-38.0,-92.0,-14.0,23,1
28674,3.1416,-0.9956,0.701,0.2961,0.0,0.0,0.0,0.0,-4.0,-35.0,-91.0,-14.0,21,1
28687,3.1416,-0.9971,0.701,0.2961,0.0,0.0,0.0,0.0,-4.0,-38.0,-91.0,-13.0,21,1
28699,3.1416,-0.9971,0.701,0.2961,0.0,0.0,0.0,0.0,-8.0,-37.0,-92.0,-14.0,21,1
28711,3.1416,-0.9971,0.701,0.2961,0.0,0.0,0.0,0.0,-5.0,-23.0,-92.0,-14.0,20,1
28723,3.1416,-0.9956,0.701,0.2961,0.0,0.0,0.0,0.0,-5.0,-22.0,-92.0,-14.0,22,1
28736,3.1431,-0.9956,0.701,0.2961,0.0,0.0,0.0,0.0,-8.0,-25.0,-93.0,-14.0,20,1
28748,3.1416,-0.9971,0.701,0.2961,0.0,0.0,0.0,0.0,-2.0,-20.0,-92.0,-14.0,18,1
28760,3.1416,-0.9971,0.701,0.2961,0.0,0.0,0.0,0.0,0.0,-28.0,-87.0,-14.0,15,1
28773,3.1416,-0.9971,0.6995,0.2961,0.0,0.0,0.0,0.0,-4.0,-26.0,-87.0,-14.0,16,1
28785,3.1401,-0.9971,0.6995,0.2961,0.0,0.0,0.0,0.0,-4.0,-28.0,-85.0,-14.0,14,1
28801,3.1401,-0.9971,0.6995,0.2961,0.0,0.0,0.0,0.0,-4.0,-30.0,-87.0,-14.0,12,1
28809,3.1401,-0.9971,0.6995,0.2961,0.0,0.0,0.0,0.0,-2.0,-30.0,-85.0,-14.0,9,0
28822,3.1401,-0.9971,0.6995,0.2961,0.0,0.0,0.0,0.0,-8.0,-30.0,-89.0,-14.0,7,0
28834,3.1401,-0.9971,0.6995,0.2961,0.0,0.0,0.0,0.0,0.0,-31.0,-86.0,-14.0,5,0
28846,3.1401,-0.9971,0.6995,0.2961,0.0,0.0,0.0,0.0,0.0,-30.0,-86.0,-14.0,2,0
28854,3.1401,-0.9971,0.6995,0.2961,0.0,0.0,0.0,0.0,0.0,-30.0,-84.0,-14.0,2,0
28867,3.1385,-0.9971,0.6995,0.2961,0.0,0.0,0.0,0.0,0.0,-30.0,-86.0,-14.0,0,0
28879,3.1355,-0.9971,0.6995,0.2961,-0.024,0.0,0.0,0.0,14.0,-30.0,-86.0,-14.0,0,0
28891,3.1355,-0.9971,0.6995,0.2961,-0.0479,0.0,0.0,0.0,15.0,-29.0,-85.0,-15.0,0,0
28904,3.1385,-0.9971,0.6995,0.2961,-0.0479,0.0,0.0,0.0,-6.0,-30.0,-85.0,-14.0,0,0
28912,3.1385,-0.9971,0.6995,0.2961,-0.0479,0.0,0.0,0.0,-6.0,-30.0,-85.0,-14.0,0,0
28924,3.1416,-0.9971,0.6995,0.2961,0.0,0.0,0.0,0.0,-2.0,-30.0,-86.0,-14.0,0,0
28936,3.1431,-0.9971,0.701,0.2961,0.0,0.0,0.0,0.0,-6.0,-29.0,-86.0,-12.0,0,0
28949,3.1431,-0.9971,0.6995,0.2961,0.0479,0.0,0.0,0.0,-3.0,-30.0,-88.0,-14.0,0,0
28961,3.1416,-0.9971,0.6995,0.2961,0.0719,0.0,0.0,0.0,0.0,-30.0,-87.0,-14.0,0,0
28969,3.1416,-0.9971,0.6995,0.2961,0.0719,0.0,0.0,0.0,1.0,-30.0,-88.0,-14.0,0,0
28981,3.1401,-0.9971,0.6995,0.2961,0.0479,0.0,0.0,0.0,4.0,-30.0,-87.0,-14.0,0,0
28994,3.1385,-0.9971,0.6995,0.2961,0.0,0.0,0.0,0.0,0.0,-29.0,-88.0,-14.0,0,0
29006,3.1385,-0.9971,0.6995,0.2961,-0.024,0.0,0.0,0.0,6.0,-29.0,-88.0,-14.0,0,0
29018,3.137,-0.9971,0.6995,0.2961,-0.0479,0.0,0.0,0.0,5.0,-30.0,-87.0,-11.0,0,0
29026,3.137,-0.9971,0.6995,0.2945,-0.0479,0.0,0.0,0.0,3.0,-30.0,-87.0,-14.0,0,0
29039,3.1385,-0.9971,0.6995,0.2961,-0.0479,0.0,0.0,0.0,0.0,-30.0,-86.0,-14.0,0,0
29051,3.1385,-0.9971,0.6995,0.2961,-0.024,0.0,0.0,0.0,0.0,-29.0,-87.0,-14.0,0,0
29063,3.1401,-0.9971,0.6995,0.2961,0.0,0.0,0.0,0.0,0.0,-30.0,-87.0,-14.0,0,0
29076,3.1401,-0.9971,0.6995,0.2961,0.0,0.0,0.0,0.0,0.0,-31.0,-88.0,-14.0,0,0
29084,3.1401,-0.9971,0.6995,0.2961,0.024,0.0,0.0,0.0,0.0,-30.0,-86.0,-14.0,0,0
29096,3.1401,-0.9971,0.6995,0.2961,0.024,0.0,0.0,0.0,0.0,-30.0,-86.0,-13.0,0,0
29108,3.1401,-0.9971,0.6995,0.2961,0.024,0.0,0.0,0.0,0.0,-30.0,-88.0,-14.0,0,0
29121,3.1401,-0.9971,0.6995,0.2961,0.024,0.0,0.0,0.0,0.0,-30.0,-86.0,-14.0,0,0
29133,3.1401,-0.9971,0.6995,0.2961,0.0,0.0,0.0,0.0,0.0,-30.0,-88.0,-12.0,0,0
29141,3.1401,-0.9971,0.6995,0.2961,0.0,0.0,0.0,0.0,0.0,-30.0,-88.0,-12.0,0,0
29153,3.1401,-0.9971,0.6995,0.2961,0.0,0.0,0.0,0.0,0.0,-31.0,-87.0,-14.0,0,0
29166,3.1401,-0.9971,0.6995,0.2961,0.0,0.0,0.0,0.0,0.0,-31.0,-87.0,-14.0,0,0
29178,3.1401,-0.9971,0.6995,0.2961,0.0,0.0,0.0,0.0,0.0,-30.0,-87.0,-14.0,0,0
29190,3.1401,-0.9971,0.6995,0.2961,0.0,0.0,0.0,0.0,0.0,-30.0,-87.0,-14.0,0,0
29198,3.1401,-0.9971,0.6995,0.2961,0.0,0.0,0.0,0.0,0.0,-30.0,-88.0,-14.0,0,0
29211,3.1401,-0.9971,0.6995,0.2961,0.0,0.0,0.0,0.0,0.0,-30.0,-87.0,-14.0,0,0
29223,3.1401,-0.9971,0.6995,0.2961,0.0,0.0,0.0,0.0,0.0,-30.0,-87.0,-14.0,0,0
29235,3.1401,-0.9971,0.6995,0.2961,0.0,0.0,0.0,0.0,0.0,-30.0,-87.0,-14.0,0,0
29248,3.1385,-0.9971,0.6995,0.2961,0.0,0.0,0.0,0.0,0.0,-30.0,-87.0,-14.0,0,0
29256,3.1401,-0.9971,0.6995,0.2961,0.0,0.0,0.0,0.0,0.0,-30.0,-88.0,-14.0,0,0
29268,3.1401,-0.9971,0.6995,0.2961,0.0,0.0,0.0,0.0,0.0,-31.0,-88.0,-14.0,0,0
29280,3.1401,-0.9971,0.6995,0.2961,0.0,0.0,0.0,0.0,0.0,-31.0,-87.0,-14.0,0,0
29293,3.1401,-0.9971,0.6995,0.2961,0.0,0.0,0.0,0.0,0.0,-31.0,-88.0,-14.0,0,0
29301,3.1401,-0.9971,0.6995,0.2961,0.0,0.0,0.0,0.0,0.0,-31.0,-88.0,-14.0,0,0
29313,3.1401,-0.9971,0.6995,0.2961,0.0,0.0,0.0,0.0,0.0,-31.0,-89.0,-14.0,0,0
29325,3.1401,-0.9971,0.6995,0.2961,0.0,0.0,0.0,0.0,0.0,-31.0,-88.0,-14.0,0,0
29338,3.1385,-0.9971,0.6995,0.2961,0.0,0.0,0.0,0.0,0.0,-31.0,-89.0,-14.0,0,0
29350,3.1401,-0.9971,0.6995,0.2961,0.0,0.0,0.0,0.0,0.0,-31.0,-91.0,-14.0,0,0
29358,3.1385,-0.9971,0.6995,0.2961,0.0,0.0,0.0,0.0,0.0,-30.0,-88.0,-14.0,0,0
29371,3.1385,-0.9971,0.6995,0.2961,0.0,0.0,0.0,0.0,0.0,-32.0,-89.0,-14.0,0,0
29383,3.1401,-0.9971,0.6995,0.2961,0.0,0.0,0.0,0.0,0.0,-31.0,-89.0,-12.0,0,0
29395,3.1401,-0.9971,0.6995,0.2961,0.0,0.0,0.0,0.0,0.0,-33.0,-89.0,-14.0,0,0
29407,3.1385,-0.9971,0.6995,0.2961,0.0,0.0,0.0,0.0,0.0,-30.0,-88.0,-14.0,0,0
29416,3.1401,-0.9971,0.6995,0.2961,0.0,0.0,0.0,0.0,0.0,-32.0,-88.0,-14.0,0,0
29428,3.1401,-0.9971,0.6995,0.2961,0.0,0.0,0.0,0.0,0.0,-31.0,-88.0,-14.0,0,0
29440,3.1401,-0.9971,0.6995,0.2961,0.0,0.0,0.0,0.0,0.0,-16.0,-88.0,-14.0,0,0
29452,3.1401,-0.9971,0.6995,0.2961,0.0,0.0,0.0,0.0,0.0,-16.0,-88.0,-14.0,0,0
29465,3.1401,-0.9971,0.6995,0.2961,0.0,0.0,0.0,0.0,0.0,-17.0,-89.0,-14.0,0,0
29473,3.1401,-0.9971,0.6995,0.2961,0.0,0.0,0.0,0.0,0.0,-30.0,-89.0,-14.0,0,0
29485,3.1401,-0.9971,0.6995,0.2961,0.0,0.0,0.0,0.0,0.0,-16.0,-89.0,-14.0,0,0
29497,3.1401,-0.9971,0.6995,0.2961,0.0,0.0,0.0,0.0,0.0,-26.0,-89.0,-14.0,0,0
29510,3.1401,-0.9971,0.6995,0.2961,0.0,0.0,0.0,0.0,0.0,-18.0,-89.0,-12.0,0,0
29522,3.1401,-0.9971,0.6995,0.2961,0.0,0.0,0.0,0.0,0.0,-24.0,-89.0,-14.0,0,0
29530,3.1401,-0.9971,0.6995,0.2961,0.0,0.0,0.0,0.0,0.0,-31.0,-88.0,-14.0,0,0
29543,3.1401,-0.9971,0.6995,0.2961,0.0,0.0,0.0,0.0,0.0,-32.0,-88.0,-14.0,0,0
29555,3.1401,-0.9971,0.6995,0.2961,0.0,0.0,0.0,0.0,0.0,-32.0,-88.0,-14.0,0,0
29567,3.1385,-0.9971,0.6995,0.2961,0.0,0.0,0.0,0.0,0.0,-23.0,-88.0,-14.0,0,0
29579,3.1401,-0.9971,0.6995,0.2961,0.0,0.0,0.0,0.0,0.0,-20.0,-88.0,-14.0,0,0
29588,3.1401,-0.9971,0.6995,0.2961,0.0,0.0,0.0,0.0,0.0,-23.0,-89.0,-14.0,0,0
29600,3.1385,-0.9971,0.6995,0.2961,0.0,0.0,0.0,0.0,0.0,-18.0,-88.0,-14.0,0,0
29612,3.1401,-0.9971,0.6995,0.2961,0.0,0.0,0.0,0.0,0.0,-18.0,-89.0,-14.0,0,0
29624,3.1401,-0.9971,0.6995,0.2961,0.0,0.0,0.0,0.0,0.0,-26.0,-89.0,-14.0,0,0
29637,3.1401,-0.9971,0.6995,0.2961,0.0,0.0,0.0,0.0,0.0,-24.0,-89.0,-14.0,0,0
29645,3.1401,-0.9971,0.6995,0.2961,0.0,0.0,0.0,0.0,0.0,-23.0,-89.0,-14.0,0,0
29657,3.1401,-0.9971,0.6995,0.2961,0.0,0.0,0.0,0.0,0.0,-22.0,-89.0,-14.0,0,0
29670,3.1401,-0.9971,0.6995,0.2961,0.0,0.0,0.0,0.0,0.0,-23.0,-93.0,-14.0,0,0
29682,3.1385,-0.9971,0.6995,0.2961,0.0,0.0,0.0,0.0,0.0,-23.0,-91.0,-14.0,0,0
29694,3.1401,-0.9971,0.6995,0.2961,0.0,0.0,0.0,0.0,0.0,-23.0,-90.0,-14.0,0,0
29702,3.1401,-0.9971,0.6995,0.2961,0.0,0.0,0.0,0.0,0.0,-23.0,-90.0,-14.0,0,0
29715,3.1385,-0.9971,0.6995,0.2961,0.0,0.0,0.0,0.0,0.0,-32.0,-90.0,-14.0,0,0
29727,3.1385,-0.9971,0.6995,0.2961,0.0,0.0,0.0,0.0,0.0,-32.0,-90.0,-14.0,0,0
29739,3.1401,-0.9971,0.6995,0.2961,0.0,0.0,0.0,0.0,0.0,-32.0,-90.0,-14.0,0,0
29747,3.1385,-0.9971,0.6995,0.2961,0.0,0.0,0.0,0.0,0.0,-32.0,-90.0,-14.0,0,0
29760,3.137,-0.9971,0.6995,0.2961,0.0,0.0,0.0,0.0,15.0,-32.0,-90.0,-14.0,0,0
29772,3.137,-0.9971,0.6995,0.2961,-0.024,0.0,0.0,0.0,22.0,-32.0,-90.0,-14.0,0,0
29784,3.137,-0.9971,0.6995,0.2961,-0.024,0.0,0.0,0.0,17.0,-28.0,-90.0,-14.0,0,0
29796,3.1355,-0.9971,0.6995,0.2961,-0.024,0.0,0.0,0.0,26.0,-28.0,-90.0,-14.0,0,0
29805,3.137,-0.9971,0.6995,0.2961,-0.024,0.0,0.0,0.0,26.0,-17.0,-91.0,-14.0,4,0
29817,3.1355,-0.9971,0.6995,0.2961,-0.024,0.0,0.0,0.0,29.0,-30.0,-90.0,-14.0,4,0
29829,3.1355,-0.9971,0.6995,0.2961,-0.024,0.0,0.0,0.0,36.0,-17.0,-90.0,-14.0,5,0
29842,3.1339,-0.9956,0.6995,0.2961,-0.024,0.0,0.0,0.0,38.0,-26.0,-90.0,-14.0,5,0
29854,3.1339,-0.9956,0.6995,0.2961,-0.024,0.0,0.0,0.0,47.0,-49.0,-90.0,-14.0,6,0
29866,3.1324,-0.994,0.6995,0.2961,-0.024,0.0,0.0,0.0,53.0,-52.0,-90.0,-14.0,10,0
29878,3.1324,-0.994,0.6995,0.2961,-0.0479,0.024,0.0,0.0,49.0,-50.0,-90.0,-14.0,10,0
29891,3.1309,-0.994,0.6995,0.2961,-0.0479,0.024,0.0,0.0,53.0,-55.0,-90.0,-14.0,14,1
29903,3.1293,-0.991,0.6995,0.2961,-0.0479,0.0479,0.0,0.0,59.0,-84.0,-90.0,-14.0,16,1
29915,3.1293,-0.9894,0.6995,0.2961,-0.0479,0.0479,0.0,0.0,66.0,-85.0,-90.0,-14.0,15,1
29928,3.1293,-0.9879,0.6995,0.2961,-0.0479,0.0719,0.0,0.0,65.0,-86.0,-90.0,-14.0,17,1
29940,3.1293,-0.9863,0.6995,0.2961,-0.0479,0.0719,0.0,0.0,65.0,-88.0,-90.0,-14.0,21,1
29952,3.1293,-0.9863,0.6995,0.2961,-0.0479,0.0959,0.0,0.0,74.0,-92.0,-91.0,-14.0,21,1
29964,3.1293,-0.9863,0.6995,0.2961,-0.024,0.0959,0.0,0.0,75.0,-90.0,-91.0,-14.0,24,1
29977,3.1293,-0.9863,0.6995,0.2961,-0.024,0.0719,0.0,0.0,73.0,-85.0,-90.0,-14.0,23,1
29989,3.1293,-0.9863,0.6995,0.2961,0.0,0.0719,0.0,0.0,72.0,-83.0,-91.0,-14.0,24,1
30001,3.1293,-0.9863,0.6995,0.2961,0.0,0.0479,0.0,0.0,73.0,-83.0,-91.0,-14.0,25,1
30014,3.1293,-0.9848,0.6995,0.2961,0.0,0.024,0.0,0.0,73.0,-81.0,-91.0,-14.0,25,1
30026,3.1293,-0.9863,0.6995,0.2961,0.0,0.0,0.0,0.0,73.0,-78.0,-91.0,-14.0,23,1
30038,3.1293,-0.9863,0.6995,0.2961,0.0,0.0,0.0,0.0,66.0,-78.0,-91.0,-14.0,18,1
30050,3.1309,-0.9863,0.6995,0.2961,0.0,0.0,0.0,0.0,51.0,-76.0,-91.0,-15.0,14,1
30063,3.1324,-0.9863,0.6995,0.2961,0.024,0.0,0.0,0.0,29.0,-69.0,-90.0,-14.0,11,1
30075,3.1339,-0.9879,0.6995,0.2961,0.024,0.0,0.0,0.0,17.0,-66.0,-90.0,-14.0,9,0
30087,3.1355,-0.9894,0.6995,0.2961,0.0479,0.0,0.0,0.0,9.0,-61.0,-90.0,-14.0,5,0
30100,3.137,-0.9894,0.6995,0.2961,0.0719,-0.024,0.0,0.0,5.0,-55.0,-91.0,-14.0,5,0
30112,3.1385,-0.9894,0.6995,0.2961,0.0959,-0.024,0.0,0.0,0.0,-50.0,-91.0,-14.0,1,0
30120,3.1401,-0.991,0.6995,0.2961,0.0959,-0.0479,0.0,0.0,-3.0,-52.0,-91.0,-14.0,0,0
30132,3.1401,-0.9925,0.6995,0.2961,0.0959,-0.0479,0.0,0.0,0.0,-44.0,-91.0,-14.0,0,0
30145,3.1401,-0.9925,0.6995,0.2961,0.0959,-0.0719,0.0,0.0,0.0,-41.0,-90.0,-14.0,0,0
30157,3.1416,-0.994,0.6995,0.2961,0.0959,-0.0479,0.0,0.0,0.0,-44.0,-90.0,-14.0,0,0
30170,3.1416,-0.994,0.6995,0.2961,0.0719,-0.0479,0.0,0.0,0.0,-46.0,-90.0,-14.0,0,0
30178,3.1416,-0.994,0.6995,0.2961,0.0479,-0.0479,0.0,0.0,0.0,-49.0,-90.0,-14.0,0,0
30190,3.1401,-0.994,0.6995,0.2961,0.024,-0.0479,0.0,0.0,0.0,-49.0,-90.0,-14.0,0,0
30202,3.1416,-0.994,0.6995,0.2961,0.024,-0.024,0.0,0.0,0.0,-51.0,-93.0,-14.0,0,0
30214,3.1401,-0.994,0.6995,0.2961,0.0,-0.024,0.0,0.0,0.0,-50.0,-90.0,-14.0,0,0
30227,3.1401,-0.994,0.6995,0.2961,0.0,0.0,0.0,0.0,0.0,-50.0,-90.0,-14.0,0,0
30235,3.1416,-0.994,0.6995,0.2961,0.0,0.0,0.0,0.0,0.0,-47.0,-91.0,-14.0,0,0
30247,3.1401,-0.994,0.6995,0.2961,0.0,0.0,0.0,0.0,0.0,-41.0,-91.0,-14.0,0,0
30259,3.1401,-0.994,0.6995,0.2961,0.0,0.0,0.0,0.0,0.0,-40.0,-91.0,-14.0,0,0
30272,3.1401,-0.994,0.6995,0.2961,0.0,0.0,0.0,0.0,0.0,-46.0,-91.0,-14.0,0,0
30284,3.1401,-0.994,0.6995,0.2961,0.0,0.0,0.0,0.0,0.0,-46.0,-91.0,-14.0,0,0
30292,3.1401,-0.994,0.6995,0.2961,0.0,0.0,0.0,0.0,0.0,-46.0,-91.0,-14.0,0,0
30304,3.1401,-0.994,0.6995,0.2961,0.0,0.0,0.0,0.0,0.0,-45.0,-91.0,-14.0,0,0
30317,3.1401,-0.994,0.6995,0.2961,0.0,0.0,0.0,0.0,0.0,-45.0,-91.0,-14.0,0,0
30329,3.1416,-0.994,0.6995,0.2961,0.0,0.0,0.0,0.0,0.0,-45.0,-93.0,-14.0,0,0
30341,3.1401,-0.994,0.6995,0.2961,0.0,0.0,0.0,0.0,0.0,-46.0,-92.0,-14.0,0,0
30349,3.1401,-0.994,0.6995,0.2961,0.0,0.0,0.0,0.0,0.0,-46.0,-92.0,-14.0,0,0
30362,3.1401,-0.994,0.6995,0.2961,0.0,0.0,0.0,0.0,0.0,-43.0,-91.0,-14.0,0,0
30374,3.1401,-0.994,0.6995,0.2961,0.0,0.0,0.0,0.0,0.0,-44.0,-92.0,-14.0,0,0
30386,3.1401,-0.994,0.6995,0.2961,0.0,0.0,0.0,0.0,0.0,-44.0,-92.0,-11.0,0,0
30399,3.1401,-0.994,0.6995,0.2961,0.0,0.0,0.0,0.0,0.0,-44.0,-92.0,-14.0,0,0
30407,3.1401,-0.994,0.6995,0.2961,0.0,0.0,0.0,0.0,0.0,-45.0,-92.0,-14.0,0,0
30419,3.1401,-0.994,0.6995,0.2961,0.0,0.0,0.0,0.0,0.0,-45.0,-92.0,-14.0,0,0
30431,3.1401,-0.994,0.6995,0.2961,0.0,0.0,0.0,0.0,0.0,-44.0,-91.0,-14.0,0,0
30444,3.1401,-0.994,0.6995,0.2961,0.0,0.0,0.0,0.0,0.0,-44.0,-92.0,-14.0,0,0
30452,3.1401,-0.994,0.6995,0.2961,0.0,0.0,0.0,0.0,0.0,-44.0,-92.0,-14.0,0,0
30464,3.1401,-0.994,0.6995,0.2961,0.0,0.0,0.0,0.0,0.0,-45.0,-91.0,-14.0,0,0
30476,3.1401,-0.994,0.6995,0.2961,0.0,0.0,0.0,0.0,0.0,-46.0,-91.0,-14.0,0,0
30489,3.1401,-0.994,0.6995,0.2961,0.0,0.0,0.0,0.0,0.0,-46.0,-92.0,-13.0,0,0
30501,3.1401,-0.994,0.6995,0.2961,0.0,0.0,0.0,0.0,0.0,-47.0,-92.0,-14.0,0,0
30509,3.1401,-0.994,0.6995,0.2961,0.0,0.0,0.0,0.0,0.0,-46.0,-92.0,-14.0,0,0
30521,3.1401,-0.994,0.6995,0.2961,0.0,0.0,0.0,0.0,0.0,-47.0,-92.0,-14.0,0,0
30534,3.1401,-0.994,0.6995,0.2961,0.0,0.0,0.0,0.0,0.0,-44.0,-92.0,-15.0,0,0
30546,3.1401,-0.994,0.6995,0.2961,0.0,0.0,0.0,0.0,0.0,-46.0,-92.0,-12.0,0,0
30558,3.1401,-0.994,0.6995,0.2961,0.0,0.0,0.0,0.0,0.0,-43.0,-92.0,-14.0,0,0
30567,3.1401,-0.994,0.6995,0.2961,0.0,0.0,0.0,0.0,0.0,-42.0,-92.0,-14.0,0,0
30579,3.1401,-0.994,0.6995,0.2961,0.0,0.0,0.0,0.0,0.0,-43.0,-91.0,-14.0,0,0
30591,3.1401,-0.994,0.6995,0.2961,0.0,0.0,0.0,0.0,0.0,-43.0,-92.0,-14.0,0,0
30603,3.1401,-0.994,0.6995,0.2961,0.0,0.0,0.0,0.0,0.0,-42.0,-92.0,-14.0,0,0
30616,3.1401,-0.994,0.6995,0.2961,0.0,0.0,0.0,0.0,0.0,-42.0,-93.0,-14.0,0,0
30624,3.1401,-0.994,0.6995,0.2961,0.0,0.0,0.0,0.0,0.0,-44.0,-93.0,-14.0,0,0
30637,3.1401,-0.994,0.6995,0.2961,0.0,0.0,0.0,0.0,0.0,-42.0,-92.0,-14.0,0,0
30648,3.1401,-0.994,0.6995,0.2961,0.0,0.0,0.0,0.0,0.0,-44.0,-93.0,-14.0,0,0
30661,3.1401,-0.994,0.6995,0.2961,0.0,0.0,0.0,0.0,0.0,-46.0,-93.0,-14.0,0,0
30673,3.1401,-0.994,0.6995,0.2961,0.0,0.0,0.0,0.0,0.0,-42.0,-92.0,-14.0,0,0
30681,3.1401,-0.994,0.6995,0.2961,0.0,0.0,0.0,0.0,0.0,-42.0,-92.0,-14.0,0,0
30693,3.1401,-0.994,0.6995,0.2961,0.0,0.0,0.0,0.0,0.0,-45.0,-93.0,-14.0,0,0
30706,3.1431,-0.994,0.6995,0.2961,0.0,0.0,0.0,0.0,-1.0,-47.0,-92.0,-14.0,0,0
30718,3.1462,-0.994,0.6995,0.2961,0.024,0.0,0.0,0.0,-12.0,-43.0,-93.0,-14.0,0,0
30730,3.1477,-0.994,0.6995,0.2961,0.0479,0.0,0.0,0.0,-33.0,-42.0,-92.0,-14.0,0,0
30739,3.1477,-0.994,0.6995,0.2961,0.0719,0.0,0.0,0.0,-30.0,-45.0,-93.0,-14.0,0,0
30751,3.1462,-0.994,0.6995,0.2961,0.0719,0.0,0.0,0.0,-21.0,-43.0,-92.0,-14.0,0,0
30763,3.1462,-0.994,0.6995,0.2961,0.0959,0.0,0.0,0.0,-36.0,-35.0,-93.0,-15.0,2,0
30775,3.1477,-0.9956,0.6995,0.2961,0.0719,0.0,0.0,0.0,-41.0,-32.0,-92.0,-14.0,2,0
30788,3.1477,-0.9956,0.6995,0.2961,0.0479,0.0,0.0,0.0,-41.0,-27.0,-93.0,-14.0,4,0
30796,3.1477,-0.9971,0.6995,0.2961,0.024,-0.024,0.0,0.0,-42.0,-18.0,-91.0,-14.0,6,0
30808,3.1477,-0.9971,0.6995,0.2961,0.0,-0.024,0.0,0.0,-43.0,-20.0,-93.0,-14.0,11,1
30820,3.1493,-0.9986,0.6995,0.2961,0.0,-0.024,0.0,0.0,-43.0,-15.0,-93.0,-15.0,12,1
30833,3.1493,-0.9986,0.6995,0.2961,0.024,-0.0479,0.0,0.0,-47.0,-14.0,-93.0,-14.0,14,1
30849,3.1493,-1.0002,0.6995,0.2961,0.024,-0.0479,0.0,0.0,-49.0,-8.0,-92.0,-14.0,16,1
30861,3.1493,-1.0002,0.6995,0.2961,0.024,-0.0479,0.0,0.0,-54.0,-8.0,-93.0,-15.0,15,1
30874,3.1508,-1.0017,0.6995,0.2961,0.024,-0.0479,0.0,0.0,-73.0,-6.0,-94.0,-14.0,13,1
30886,3.1508,-1.0017,0.6995,0.2961,0.024,-0.0479,0.0,0.0,-76.0,-4.0,-93.0,-14.0,12,1
30898,3.1523,-1.0017,0.6995,0.2961,0.024,-0.0479,0.0,0.0,-76.0,-2.0,-94.0,-14.0,11,1
30911,3.1523,-1.0002,0.6995,0.2961,0.024,-0.024,0.0,0.0,-74.0,-2.0,-92.0,-14.0,9,0
30923,3.1523,-1.0002,0.6995,0.2961,0.024,-0.024,0.0,0.0,-65.0,-4.0,-93.0,-14.0,12,1
30935,3.1523,-1.0017,0.6995,0.2961,0.024,0.0,0.0,0.0,-67.0,-2.0,-95.0,-14.0,14,1
30947,3.1539,-1.0002,0.6995,0.2961,0.024,0.0,0.0,0.0,-64.0,-4.0,-91.0,-14.0,12,1
30960,3.1523,-1.0017,0.6995,0.2961,0.024,0.0,0.0,0.0,-67.0,-9.0,-94.0,-15.0,14,1
30972,3.1523,-1.0002,0.6995,0.2961,0.0,0.0,0.0,0.0,-69.0,-6.0,-94.0,-15.0,16,1
30984,3.1523,-1.0002,0.6995,0.2961,0.0,0.0,0.0,0.0,-67.0,-7.0,-97.0,-14.0,11,1
30997,3.1523,-1.0017,0.6995,0.2961,0.0,0.0,0.0,0.0,-64.0,-8.0,-98.0,-14.0,10,0
31009,3.1523,-1.0002,0.6995,0.2961,0.0,0.0,0.0,0.0,-66.0,-12.0,-92.0,-14.0,12,1
31021,3.1523,-1.0017,0.6995,0.2961,0.0,0.0,0.0,0.0,-65.0,-10.0,-95.0,-14.0,12,1
31033,3.1523,-1.0002,0.6995,0.2961,0.0,0.0,0.0,0.0,-60.0,-5.0,-94.0,-14.0,11,1
31046,3.1508,-1.0017,0.6995,0.2961,0.0,0.0,0.0,0.0,-45.0,-2.0,-92.0,-14.0,9,0
31058,3.1508,-1.0002,0.6995,0.2961,0.0,0.0,0.0,0.0,-34.0,-4.0,-93.0,-14.0,8,0
31066,3.1493,-1.0002,0.6995,0.2961,-0.024,0.0,0.0,0.0,-24.0,-6.0,-93.0,-14.0,5,0
31078,3.1477,-1.0002,0.6995,0.2961,-0.024,0.0,0.0,0.0,-15.0,-5.0,-93.0,-14.0,3,0
31091,3.1447,-1.0002,0.6995,0.2961,-0.0479,0.0,0.0,0.0,-1.0,-5.0,-93.0,-14.0,0,0
31103,3.1431,-1.0002,0.6995,0.2961,-0.0959,0.0,0.0,0.0,1.0,-7.0,-94.0,-14.0,0,0
31115,3.1416,-1.0002,0.6995,0.2961,-0.1198,0.0,0.0,0.0,0.0,-5.0,-92.0,-14.0,1,0
31124,3.1416,-1.0002,0.6995,0.2961,-0.1198,0.0,0.0,0.0,0.0,-5.0,-93.0,-14.0,0,0
31136,3.1401,-1.0002,0.6995,0.2961,-0.1198,0.0,0.0,0.0,0.0,-6.0,-92.0,-14.0,0,0
31148,3.1385,-1.0002,0.6995,0.2961,-0.0959,0.0,0.0,0.0,0.0,-5.0,-93.0,-14.0,0,0
31160,3.1385,-1.0017,0.6995,0.2961,-0.0959,0.0,0.0,0.0,0.0,-7.0,-93.0,-13.0,0,0
31173,3.137,-1.0017,0.6995,0.2961,-0.0719,0.0,0.0,0.0,4.0,-5.0,-93.0,-14.0,0,0
31181,3.137,-1.0017,0.6995,0.2961,-0.0719,0.0,0.0,0.0,4.0,-5.0,-93.0,-14.0,0,0
31193,3.1385,-1.0002,0.6995,0.2961,-0.0479,0.0,0.0,0.0,1.0,-7.0,-94.0,-14.0,0,0
31205,3.1385,-1.0002,0.6995,0.2961,-0.0479,0.0,0.0,0.0,-1.0,-8.0,-94.0,-14.0,0,0
31218,3.1401,-1.0002,0.6995,0.2961,-0.024,0.0,0.0,0.0,0.0,-5.0,-96.0,-14.0,0,0
31230,3.1401,-1.0002,0.6995,0.2961,0.0,0.0,0.0,0.0,0.0,-9.0,-93.0,-14.0,0,0
31238,3.1401,-1.0017,0.6995,0.2961,0.0,0.0,0.0,0.0,-2.0,-8.0,-95.0,-14.0,0,0
31251,3.1416,-1.0002,0.6995,0.2961,0.024,0.0,0.0,0.0,-3.0,-9.0,-94.0,-14.0,0,0
31263,3.1401,-1.0002,0.6995,0.2961,0.024,0.0,0.0,0.0,-2.0,-7.0,-94.0,-14.0,0,0
31275,3.1401,-1.0002,0.6995,0.2961,0.024,0.0,0.0,0.0,0.0,-13.0,-94.0,-14.0,0,0
31283,3.1401,-1.0017,0.6995,0.2961,0.0,0.0,0.0,0.0,0.0,-11.0,-93.0,-14.0,0,0
31296,3.1401,-1.0002,0.6995,0.2961,0.0,0.0,0.0,0.0,0.0,-9.0,-95.0,-14.0,0,0
31308,3.1401,-1.0002,0.6995,0.2961,0.0,0.0,0.0,0.0,0.0,-14.0,-90.0,-14.0,0,0
31320,3.1401,-1.0002,0.6995,0.2961,0.0,0.0,0.0,0.0,0.0,-9.0,-95.0,-14.0,0,0
31333,3.1401,-1.0017,0.6995,0.2961,0.0,0.0,0.0,0.0,0.0,-10.0,-95.0,-14.0,0,0
31341,3.1401,-1.0017,0.6995,0.2961,0.0,0.0,0.0,0.0,0.0,-10.0,-95.0,-14.0,0,0
31353,3.1401,-1.0002,0.6995,0.2961,0.0,0.0,0.0,0.0,0.0,-15.0,-92.0,-14.0,0,0
31365,3.1401,-1.0002,0.6995,0.2961,0.0,0.0,0.0,0.0,0.0,-14.0,-93.0,-14.0,0,0
31377,3.1401,-1.0002,0.6995,0.2961,0.0,0.0,0.0,0.0,0.0,-5.0,-94.0,-14.0,0,0
31390,3.1401,-1.0002,0.6995,0.2961,0.0,0.0,0.0,0.0,0.0,-6.0,-95.0,-14.0,0,0
31398,3.1401,-1.0002,0.6995,0.2961,0.0,0.0,0.0,0.0,0.0,-3.0,-95.0,-14.0,0,0
31410,3.1401,-1.0002,0.6995,0.2961,0.0,0.0,0.0,0.0,0.0,-4.0,-93.0,-14.0,0,0
31423,3.1401,-1.0002,0.6995,0.2961,0.0,0.0,0.0,0.0,0.0,-7.0,-95.0,-14.0,0,0
31435,3.1401,-1.0002,0.6995,0.2961,0.0,0.0,0.0,0.0,0.0,-6.0,-96.0,-14.0,0,0
31447,3.1401,-1.0002,0.6995,0.2961,0.0,0.0,0.0,0.0,0.0,-6.0,-94.0,-14.0,0,0
31455,3.1401,-1.0002,0.6995,0.2961,0.0,0.0,0.0,0.0,0.0,-5.0,-94.0,-14.0,0,0
31468,3.1401,-1.0002,0.6995,0.2961,0.0,0.0,0.0,0.0,0.0,-4.0,-96.0,-14.0,0,0
31480,3.1401,-1.0002,0.6995,0.2961,0.0,0.0,0.0,0.0,0.0,-6.0,-92.0,-14.0,0,0
31493,3.1401,-1.0002,0.6995,0.2961,0.0,0.0,0.0,0.0,0.0,-3.0,-93.0,-14.0,0,0
31504,3.1401,-1.0002,0.6995,0.2961,0.0,0.0,0.0,0.0,0.0,-2.0,-93.0,-14.0,0,0
31513,3.1401,-1.0002,0.6995,0.2961,0.0,0.0,0.0,0.0,0.0,-1.0,-95.0,-13.0,0,0
31525,3.1385,-1.0002,0.6995,0.2961,0.0,0.0,0.0,0.0,0.0,-1.0,-93.0,-14.0,0,0
31537,3.1401,-1.0002,0.6995,0.2961,0.0,0.0,0.0,0.0,0.0,-1.0,-93.0,-14.0,0,0
31550,3.1401,-1.0002,0.6995,0.2961,0.0,0.0,0.0,0.0,0.0,-1.0,-96.0,-14.0,0,0
31562,3.1401,-1.0002,0.6995,0.2961,0.0,0.0,0.0,0.0,0.0,-1.0,-96.0,-11.0,0,0
31570,3.1401,-1.0002,0.6995,0.2961,0.0,0.0,0.0,0.0,0.0,-1.0,-97.0,-14.0,0,0
31583,3.1401,-1.0002,0.6995,0.2961,0.0,0.0,0.0,0.0,0.0,-1.0,-94.0,-14.0,0,0
31595,3.1385,-1.0002,0.6995,0.2961,0.0,0.0,0.0,0.0,0.0,-1.0,-97.0,-14.0,0,0
31607,3.1401,-1.0002,0.6995,0.2961,0.0,0.0,0.0,0.0,0.0,-1.0,-93.0,-13.0,0,0
31619,3.1401,-1.0002,0.6995,0.2961,0.0,0.0,0.0,0.0,0.0,0.0,-96.0,-14.0,0,0
31627,3.1401,-1.0002,0.6995,0.2961,0.0,0.0,0.0,0.0,0.0,0.0,-95.0,-15.0,0,0
31640,3.1401,-1.0002,0.6995,0.2961,0.0,0.0,0.0,0.0,0.0,0.0,-94.0,-15.0,0,0
31652,3.1385,-1.0002,0.6995,0.2961,0.0,0.0,0.0,0.0,0.0,0.0,-94.0,-14.0,0,0
31664,3.1401,-1.0002,0.6995,0.2961,0.0,0.0,0.0,0.0,0.0,0.0,-95.0,-14.0,0,0
31676,3.1401,-1.0002,0.6995,0.2961,0.0,0.0,0.0,0.0,0.0,0.0,-93.0,-14.0,0,0
31685,3.1401,-1.0002,0.6995,0.2961,0.0,0.0,0.0,0.0,0.0,0.0,-97.0,-14.0,0,0
31697,3.1401,-1.0002,0.6995,0.2945,0.0,0.0,0.0,0.0,0.0,0.0,-95.0,-14.0,0,0
31709,3.1401,-1.0002,0.6995,0.2961,0.0,0.0,0.0,0.0,0.0,-1.0,-95.0,-14.0,0,0
31722,3.1401,-1.0002,0.6995,0.2961,0.0,0.0,0.0,0.0,0.0,-1.0,-94.0,-14.0,0,0
31730,3.1401,-1.0002,0.6995,0.2961,0.0,0.0,0.0,0.0,0.0,-1.0,-93.0,-14.0,0,0
31742,3.1401,-1.0002,0.6995,0.2961,0.0,0.0,0.0,0.0,0.0,-1.0,-95.0,-14.0,0,0
31754,3.1401,-1.0017,0.6995,0.2961,0.0,0.0,0.0,0.0,0.0,0.0,-93.0,-14.0,0,0
31767,3.1401,-1.0002,0.6995,0.2961,0.0,0.0,0.0,0.0,0.0,0.0,-96.0,-14.0,0,0
31779,3.1401,-1.0002,0.6995,0.2961,0.0,0.0,0.0,0.0,0.0,0.0,-96.0,-14.0,0,0
31787,3.1416,-1.0002,0.6995,0.2961,0.0,0.0,0.0,0.0,-8.0,0.0,-93.0,-14.0,0,0
31799,3.1431,-1.0002,0.6995,0.2961,0.0,0.0,0.0,0.0,-11.0,0.0,-94.0,-14.0,0,0
31812,3.1416,-1.0002,0.6995,0.2961,0.024,0.0,0.0,0.0,-9.0,0.0,-96.0,-14.0,0,0
31824,3.1416,-1.0002,0.6995,0.2961,0.024,0.0,0.0,0.0,-13.0,0.0,-96.0,-14.0,0,0
31836,3.1416,-1.0002,0.6995,0.2961,0.024,0.0,0.0,0.0,-19.0,0.0,-94.0,-14.0,1,0
31844,3.1416,-1.0002,0.6995,0.2961,0.024,0.0,0.0,0.0,-15.0,0.0,-96.0,-14.0,5,0
31857,3.1416,-1.0002,0.6995,0.2961,0.0,0.0,0.0,0.0,-13.0,0.0,-94.0,-14.0,3,0
31869,3.1416,-1.0002,0.6995,0.2961,0.0,0.0,0.0,0.0,-12.0,0.0,-95.0,-13.0,5,0
31881,3.1416,-1.0002,0.6995,0.2961,0.0,0.0,0.0,0.0,-15.0,0.0,-95.0,-14.0,6,0
31894,3.1431,-1.0002,0.6995,0.2961,0.0,0.0,0.0,0.0,-14.0,0.0,-98.0,-14.0,7,0
31902,3.1431,-1.0002,0.6995,0.2961,0.0,0.0,0.0,0.0,-14.0,0.0,-98.0,-14.0,5,0
31914,3.1431,-1.0002,0.6995,0.2961,0.0,0.0,0.0,0.0,-23.0,0.0,-97.0,-15.0,5,0
31926,3.1431,-1.0002,0.6995,0.2961,0.0,0.0,0.0,0.0,-24.0,0.0,-97.0,-14.0,4,0
31939,3.1431,-1.0002,0.6995,0.2961,0.0,0.0,0.0,0.0,-24.0,0.0,-96.0,-14.0,6,0
31951,3.1447,-1.0002,0.6995,0.2961,0.0,0.0,0.0,0.0,-28.0,0.0,-94.0,-14.0,7,0
31959,3.1431,-1.0002,0.6995,0.2961,0.0,0.0,0.0,0.0,-25.0,0.0,-95.0,-14.0,9,0
31971,3.1431,-1.0002,0.6995,0.2961,0.0,0.0,0.0,0.0,-21.0,0.0,-96.0,-14.0,11,1
31984,3.1431,-1.0002,0.6995,0.2961,0.0,0.0,0.0,0.0,-21.0,0.0,-98.0,-14.0,12,1
32000,3.1431,-1.0002,0.6995,0.2961,0.0,0.0,0.0,0.0,-23.0,0.0,-98.0,-14.0,11,1
32008,3.1431,-1.0002,0.6995,0.2961,0.0,0.0,0.0,0.0,-21.0,0.0,-97.0,-14.0,9,0
32021,3.1431,-1.0002,0.6995,0.2961,0.0,0.0,0.0,0.0,-22.0,0.0,-97.0,-14.0,9,0
32033,3.1431,-1.0002,0.6995,0.2961,0.0,0.0,0.0,0.0,-22.0,0.0,-97.0,-14.0,9,0
32045,3.1431,-1.0002,0.6995,0.2961,0.0,0.0,0.0,0.0,-20.0,0.0,-96.0,-14.0,8,0
32057,3.1431,-1.0002,0.6995,0.2961,0.0,0.0,0.0,0.0,-28.0,0.0,-98.0,-14.0,8,0
32066,3.1431,-1.0002,0.6995,0.2961,0.0,0.0,0.0,0.0,-21.0,-1.0,-95.0,-14.0,8,0
32078,3.1416,-1.0002,0.6995,0.2961,0.0,0.0,0.0,0.0,-11.0,-1.0,-94.0,-14.0,6,0
32090,3.1416,-1.0002,0.6995,0.2961,0.0,0.0,0.0,0.0,0.0,-1.0,-98.0,-14.0,6,0
32103,3.1416,-1.0002,0.6995,0.2961,0.0,0.0,0.0,0.0,-7.0,0.0,-97.0,-15.0,5,0
32111,3.1416,-1.0002,0.6995,0.2961,0.0,0.0,0.0,0.0,-7.0,0.0,-97.0,-15.0,1,0
32123,3.1416,-1.0002,0.6995,0.2961,-0.024,0.0,0.0,0.0,-4.0,0.0,-95.0,-14.0,2,0
32135,3.1401,-1.0002,0.6995,0.2961,-0.024,0.0,0.0,0.0,-1.0,0.0,-98.0,-14.0,1,0
32148,3.1401,-1.0002,0.6995,0.2961,-0.024,0.0,0.0,0.0,0.0,0.0,-94.0,-14.0,0,0
32160,3.1401,-1.0002,0.6995,0.2961,-0.024,0.0,0.0,0.0,0.0,0.0,-97.0,-14.0,0,0
32168,3.1385,-1.0002,0.6995,0.2961,-0.024,0.0,0.0,0.0,0.0,0.0,-98.0,-14.0,0,0
32180,3.1385,-1.0002,0.6995,0.2961,-0.024,0.0,0.0,0.0,0.0,0.0,-98.0,-14.0,0,0
32193,3.1385,-1.0002,0.6995,0.2961,-0.024,0.0,0.0,0.0,0.0,0.0,-95.0,-14.0,0,0
32205,3.1401,-1.0002,0.6995,0.2961,0.0,0.0,0.0,0.0,0.0,0.0,-98.0,-14.0,0,0
32217,3.1401,-1.0002,0.6995,0.2961,0.0,0.0,0.0,0.0,0.0,0.0,-99.0,-14.0,0,0
32225,3.1401,-1.0002,0.6995,0.2961,0.0,0.0,0.0,0.0,0.0,0.0,-96.0,-14.0,0,0
32238,3.1401,-1.0002,0.6995,0.2961,0.0,0.0,0.0,0.0,0.0,0.0,-100.0,-14.0,0,0
32250,3.1401,-1.0002,0.6995,0.2961,0.0,0.0,0.0,0.0,0.0,0.0,-97.0,-14.0,0,0
32263,3.1385,-1.0002,0.6995,0.2961,0.0,0.0,0.0,0.0,0.0,0.0,-96.0,-14.0,0,0
32274,3.1385,-1.0002,0.6995,0.2961,0.0,0.0,0.0,0.0,0.0,0.0,-95.0,-14.0,0,0
32283,3.1385,-1.0002,0.6995,0.2961,0.0,0.0,0.0,0.0,0.0,0.0,-99.0,-14.0,0,0
32295,3.1385,-1.0002,0.6995,0.2961,0.0,0.0,0.0,0.0,0.0,0.0,-96.0,-14.0,0,0
32307,3.1385,-1.0002,0.6995,0.2961,0.0,0.0,0.0,0.0,0.0,0.0,-97.0,-14.0,0,0
32320,3.1385,-1.0002,0.6995,0.2961,0.0,0.0,0.0,0.0,0.0,0.0,-98.0,-14.0,0,0
32332,3.1401,-1.0002,0.6995,0.2961,0.0,0.0,0.0,0.0,0.0,-1.0,-98.0,-14.0,0,0
32340,3.1385,-1.0002,0.6995,0.2961,0.0,0.0,0.0,0.0,0.0,-1.0,-99.0,-14.0,0,0
32353,3.1401,-1.0002,0.6995,0.2961,0.0,0.0,0.0,0.0,0.0,0.0,-98.0,-14.0,0,0
32365,3.1385,-1.0002,0.6995,0.2961,0.0,0.0,0.0,0.0,0.0,0.0,-95.0,-14.0,0,0
32377,3.1385,-1.0002,0.6995,0.2961,0.0,0.0,0.0,0.0,0.0,0.0,-98.0,-14.0,0,0
32389,3.1401,-1.0002,0.6995,0.2961,0.0,0.0,0.0,0.0,0.0,0.0,-99.0,-14.0,0,0
32397,3.1401,-1.0002,0.6995,0.2961,0.0,0.0,0.0,0.0,0.0,0.0,-98.0,-14.0,0,0
32410,3.1401,-1.0002,0.6995,0.2961,0.0,0.0,0.0,0.0,0.0,0.0,-97.0,-14.0,0,0
32422,3.1385,-1.0002,0.6995,0.2961,0.0,0.0,0.0,0.0,0.0,0.0,-97.0,-14.0,0,0
32434,3.1385,-1.0002,0.6995,0.2961,0.0,0.0,0.0,0.0,0.0,0.0,-96.0,-14.0,0,0
32447,3.1385,-1.0002,0.6995,0.2961,0.0,0.0,0.0,0.0,0.0,0.0,-99.0,-12.0,0,0
32455,3.1401,-1.0002,0.6995,0.2961,0.0,0.0,0.0,0.0,0.0,0.0,-97.0,-14.0,0,0
32467,3.1385,-1.0002,0.6995,0.2961,0.0,0.0,0.0,0.0,0.0,0.0,-98.0,-14.0,0,0
32479,3.1401,-1.0002,0.6995,0.2961,0.0,0.0,0.0,0.0,0.0,0.0,-98.0,-14.0,0,0
32492,3.1401,-1.0002,0.6995,0.2961,0.0,0.0,0.0,0.0,0.0,0.0,-95.0,-15.0,0,0
32504,3.1401,-1.0002,0.6995,0.2961,0.0,0.0,0.0,0.0,0.0,0.0,-98.0,-14.0,0,0
32512,3.1401,-1.0002,0.6995,0.2961,0.0,0.0,0.0,0.0,0.0,0.0,-98.0,-14.0,0,0
32524,3.1385,-1.0002,0.6995,0.2961,0.0,0.0,0.0,0.0,0.0,0.0,-98.0,-14.0,0,0
32537,3.1401,-1.0002,0.6995,0.2961,0.0,0.0,0.0,0.0,0.0,0.0,-98.0,-13.0,0,0
32549,3.1385,-1.0002,0.6995,0.2945,0.0,0.0,0.0,0.0,0.0,0.0,-99.0,-13.0,0,0
32557,3.1385,-1.0002,0.6995,0.2961,0.0,0.0,0.0,0.0,0.0,0.0,-97.0,-14.0,0,0
32569,3.1401,-1.0002,0.6995,0.2961,0.0,0.0,0.0,0.0,0.0,0.0,-99.0,-14.0,0,0
32582,3.1385,-0.9986,0.6995,0.2961,0.0,0.0,0.0,0.0,0.0,0.0,-98.0,-15.0,0,0
32594,3.1401,-1.0002,0.6995,0.2961,0.0,0.0,0.0,0.0,0.0,-1.0,-98.0,-14.0,0,0
32606,3.1385,-1.0002,0.6995,0.2961,0.0,0.0,0.0,0.0,0.0,-1.0,-99.0,-13.0,0,0
32614,3.1385,-1.0002,0.6995,0.2961,0.0,0.0,0.0,0.0,0.0,0.0,-98.0,-14.0,0,0
32627,3.1401,-1.0002,0.6995,0.2961,0.0,0.0,0.0,0.0,0.0,0.0,-98.0,-14.0,0,0
32639,3.1401,-1.0002,0.6995,0.2961,0.0,0.0,0.0,0.0,0.0,0.0,-100.0,-14.0,0,0
32651,3.1385,-1.0002,0.6995,0.2961,0.0,0.0,0.0,0.0,0.0,-1.0,-97.0,-14.0,0,0
32664,3.1401,-1.0002,0.6995,0.2961,0.0,0.0,0.0,0.0,0.0,-1.0,-99.0,-14.0,0,0
32672,3.1401,-1.0002,0.6995,0.2961,0.0,0.0,0.0,0.0,0.0,-1.0,-99.0,-14.0,0,0
32684,3.1385,-1.0002,0.6995,0.2961,0.0,0.0,0.0,0.0,0.0,-1.0,-98.0,-14.0,0,0
32696,3.1401,-1.0002,0.6995,0.2961,0.0,0.0,0.0,0.0,0.0,-1.0,-99.0,-14.0,0,0
32709,3.1385,-1.0002,0.6995,0.2961,0.0,0.0,0.0,0.0,0.0,0.0,-99.0,-14.0,0,0
32721,3.1401,-1.0002,0.6995,0.2961,0.0,0.0,0.0,0.0,0.0,0.0,-99.0,-14.0,0,0
32729,3.1401,-1.0002,0.6995,0.2961,0.0,0.0,0.0,0.0,0.0,0.0,-98.0,-12.0,0,0
32741,3.1401,-1.0002,0.6995,0.2961,0.0,0.0,0.0,0.0,0.0,0.0,-99.0,-14.0,0,0
32754,3.1416,-1.0002,0.6995,0.2961,0.0,0.0,0.0,0.0,-6.0,0.0,-99.0,-14.0,0,0
32766,3.1401,-1.0002,0.6995,0.2961,0.0,0.0,0.0,0.0,-8.0,0.0,-98.0,-14.0,0,0
32778,3.1401,-1.0002,0.6995,0.2961,0.0,0.0,0.0,0.0,0.0,0.0,-100.0,-14.0,0,0
32786,3.1401,-1.0002,0.701,0.2961,0.0,0.0,0.0,0.0,0.0,0.0,-98.0,-14.0,0,0
32799,3.1401,-1.0002,0.701,0.2961,0.0,0.0,0.0,0.0,-2.0,0.0,-98.0,-14.0,0,0
32811,3.1401,-1.0002,0.6995,0.2961,0.0,0.0,0.0,0.0,-10.0,0.0,-103.0,-14.0,0,0
32823,3.1416,-1.0002,0.701,0.2961,0.0,0.0,0.0,0.0,-3.0,0.0,-104.0,-14.0,1,0
32836,3.1416,-1.0002,0.701,0.2961,0.0,0.0,0.0,0.0,-3.0,-3.0,-105.0,-14.0,2,0
32844,3.1401,-0.9986,0.6995,0.2961,0.0,0.0,0.0,0.0,-3.0,-4.0,-105.0,-14.0,2,0
32856,3.1401,-0.9986,0.701,0.2961,0.0,0.0,0.0,0.0,-2.0,-6.0,-105.0,-14.0,1,0
32868,3.1401,-0.9986,0.701,0.2961,0.0,0.0,0.0,0.0,-4.0,-6.0,-102.0,-14.0,1,0
32881,3.1401,-0.9986,0.701,0.2961,0.0,0.0,0.0,0.0,-5.0,-10.0,-106.0,-14.0,1,0
32893,3.1401,-0.9971,0.701,0.2961,0.0,0.024,0.0,0.0,-5.0,-11.0,-106.0,-14.0,1,0
32901,3.1401,-0.9971,0.701,0.2961,0.0,0.024,0.0,0.0,-5.0,-11.0,-106.0,-14.0,1,0
32913,3.1401,-0.9956,0.7026,0.2961,0.0,0.024,0.0,0.0,0.0,-17.0,-108.0,-15.0,1,0
32926,3.1401,-0.9956,0.701,0.2961,0.0,0.024,0.0,0.0,0.0,-13.0,-108.0,-15.0,3,0
32938,3.1401,-0.9956,0.7026,0.2961,0.0,0.024,0.0,0.0,-1.0,-20.0,-106.0,-14.0,5,0
32950,3.1401,-0.994,0.7026,0.2961,0.0,0.024,0.0,0.0,0.0,-20.0,-108.0,-14.0,5,0
32958,3.1401,-0.994,0.701,0.2961,0.0,0.024,0.0,0.0,0.0,-21.0,-108.0,-14.0,6,0
32971,3.1401,-0.9956,0.7026,0.2961,0.0,0.024,0.0,0.0,0.0,-26.0,-107.0,-14.0,9,0
32983,3.1401,-0.994,0.701,0.2961,0.0,0.024,0.0,0.0,0.0,-32.0,-106.0,-14.0,11,1
32995,3.1401,-0.994,0.701,0.2945,0.0,0.024,0.0,0.0,0.0,-23.0,-110.0,-14.0,11,1
33008,3.1401,-0.994,0.7026,0.2961,0.0,0.024,0.0,0.0,-1.0,-41.0,-109.0,-14.0,12,1
33020,3.1401,-0.9925,0.701,0.2961,0.0,0.024,0.0,0.0,0.0,-38.0,-109.0,-14.0,12,1
33033,3.1416,-0.9925,0.7026,0.2961,0.0,0.024,0.0,0.0,0.0,-44.0,-111.0,-14.0,13,1
33045,3.1401,-0.9925,0.7026,0.2961,0.0,0.024,0.0,0.0,0.0,-39.0,-113.0,-14.0,15,1
33057,3.1401,-0.991,0.701,0.2961,0.0,0.024,0.0,0.0,0.0,-32.0,-109.0,-14.0,15,1
33069,3.1401,-0.991,0.701,0.2961,0.0,0.024,0.0,0.0,0.0,-39.0,-108.0,-14.0,16,1
33085,3.1401,-0.991,0.701,0.2961,0.0,0.0,0.0,0.0,0.0,-40.0,-110.0,-14.0,17,1
33098,3.1401,-0.991,0.7026,0.2961,0.0,0.0,0.0,0.0,0.0,-38.0,-109.0,-14.0,18,1
33110,3.1401,-0.991,0.7026,0.2961,0.0,0.0,0.0,0.0,0.0,-41.0,-109.0,-14.0,18,1
33122,3.1401,-0.991,0.7026,0.2961,0.0,0.0,0.0,0.0,0.0,-42.0,-107.0,-14.0,18,1
33135,3.1401,-0.9925,0.701,0.2961,0.0,0.0,0.0,0.0,0.0,-40.0,-110.0,-14.0,18,1
33147,3.1401,-0.991,0.701,0.2961,0.0,0.0,0.0,0.0,0.0,-35.0,-109.0,-14.0,17,1
33159,3.1401,-0.9925,0.701,0.2961,0.0,0.0,0.0,0.0,0.0,-37.0,-107.0,-14.0,15,1
33171,3.1401,-0.9925,0.701,0.2961,0.0,0.0,0.0,0.0,0.0,-35.0,-108.0,-14.0,13,1
33184,3.1416,-0.9925,0.6995,0.2961,0.0,0.0,0.0,0.0,-5.0,-28.0,-102.0,-14.0,6,0
33192,3.1416,-0.9925,0.6995,0.2961,0.0,0.0,0.0,0.0,-5.0,-28.0,-102.0,-14.0,7,0
33204,3.1416,-0.9925,0.6995,0.2961,0.0,0.0,0.0,0.0,-8.0,-29.0,-99.0,-14.0,4,0
33217,3.1401,-0.9925,0.6995,0.2961,0.0,0.0,0.0,0.0,0.0,-29.0,-98.0,-14.0,3,0
33229,3.1401,-0.9925,0.6995,0.2961,0.0,0.0,0.0,0.0,0.0,-20.0,-101.0,-14.0,4,0
33241,3.1401,-0.994,0.6995,0.2961,0.0,0.0,0.0,0.0,-8.0,-19.0,-101.0,-14.0,8,0
33249,3.1416,-0.994,0.6995,0.2961,0.0,0.0,0.0,0.0,-7.0,-27.0,-101.0,-14.0,5,0
33262,3.1416,-0.9925,0.6995,0.2961,0.0,0.0,0.0,0.0,-2.0,-27.0,-102.0,-14.0,4,0
33274,3.1401,-0.9925,0.6995,0.2961,0.0,0.0,0.0,0.0,0.0,-35.0,-102.0,-13.0,0,0
33286,3.1385,-0.994,0.6995,0.2961,0.0,0.0,0.0,0.0,0.0,-33.0,-101.0,-14.0,0,0
33298,3.137,-0.994,0.6995,0.2961,0.0,0.0,0.0,0.0,15.0,-36.0,-101.0,-15.0,0,0
33307,3.137,-0.9925,0.6995,0.2961,-0.024,0.0,0.0,0.0,9.0,-33.0,-101.0,-14.0,0,0
33319,3.1355,-0.9925,0.6995,0.2961,-0.0479,0.0,0.0,0.0,8.0,-32.0,-101.0,-14.0,0,0
33331,3.137,-0.994,0.6995,0.2961,-0.0479,0.0,0.0,0.0,4.0,-32.0,-101.0,-14.0,0,0
33344,3.1401,-0.9925,0.6995,0.2961,0.0,0.0,0.0,0.0,0.0,-32.0,-102.0,-14.0,0,0
33356,3.1416,-0.994,0.6995,0.2961,0.0,0.0,0.0,0.0,-2.0,-33.0,-102.0,-14.0,0,0
33364,3.1416,-0.994,0.6995,0.2961,0.024,0.0,0.0,0.0,0.0,-33.0,-102.0,-14.0,0,0
33376,3.1416,-0.994,0.6995,0.2961,0.0479,0.0,0.0,0.0,0.0,-35.0,-102.0,-14.0,0,0
33389,3.1401,-0.994,0.6995,0.2961,0.0479,0.0,0.0,0.0,6.0,-31.0,-103.0,-14.0,0,0
33401,3.1385,-0.9925,0.6995,0.2961,0.0479,0.0,0.0,0.0,0.0,-32.0,-103.0,-15.0,0,0
33414,3.1385,-0.994,0.6995,0.2961,0.0,0.0,0.0,0.0,0.0,-30.0,-103.0,-14.0,0,0
33421,3.1385,-0.994,0.6995,0.2961,0.0,0.0,0.0,0.0,0.0,-30.0,-103.0,-14.0,0,0
33434,3.137,-0.9925,0.6995,0.2961,-0.024,0.0,0.0,0.0,3.0,-31.0,-103.0,-14.0,0,0
33446,3.1385,-0.9925,0.6995,0.2961,-0.024,0.0,0.0,0.0,0.0,-30.0,-101.0,-14.0,0,0
33458,3.1385,-0.9925,0.6995,0.2961,-0.024,0.0,0.0,0.0,0.0,-32.0,-102.0,-14.0,0,0
33470,3.1385,-0.994,0.6995,0.2961,-0.024,0.0,0.0,0.0,0.0,-33.0,-102.0,-14.0,0,0
33479,3.1385,-0.9925,0.6995,0.2961,0.0,0.0,0.0,0.0,0.0,-31.0,-102.0,-15.0,0,0
33491,3.1385,-0.9925,0.6995,0.2961,0.0,0.0,0.0,0.0,-1.0,-35.0,-102.0,-15.0,0,0
33503,3.1385,-0.9925,0.6995,0.2961,0.0,0.0,0.0,0.0,0.0,-33.0,-102.0,-14.0,0,0
33516,3.1385,-0.994,0.6995,0.2961,0.0,0.0,0.0,0.0,0.0,-31.0,-102.0,-14.0,0,0
33528,3.1385,-0.994,0.6995,0.2961,0.0,0.0,0.0,0.0,0.0,-33.0,-102.0,-14.0,0,0
33536,3.1385,-0.994,0.6995,0.2961,0.0,0.0,0.0,0.0,0.0,-33.0,-102.0,-14.0,0,0
33548,3.1385,-0.994,0.6995,0.2961,0.0,0.0,0.0,0.0,0.0,-31.0,-102.0,-14.0,0,0
33561,3.1385,-0.994,0.6995,0.2961,0.0,0.0,0.0,0.0,0.0,-32.0,-102.0,-14.0,0,0
33573,3.1385,-0.9925,0.6995,0.2961,0.0,0.0,0.0,0.0,0.0,-32.0,-102.0,-14.0,0,0
33581,3.1385,-0.9925,0.6995,0.2961,0.0,0.0,0.0,0.0,0.0,-32.0,-102.0,-14.0,0,0
33593,3.1385,-0.994,0.6995,0.2961,0.0,0.0,0.0,0.0,0.0,-30.0,-102.0,-14.0,0,0
33606,3.1385,-0.994,0.6995,0.2961,0.0,0.0,0.0,0.0,0.0,-29.0,-102.0,-14.0,0,0
33618,3.1385,-0.9925,0.6995,0.2961,0.0,0.0,0.0,0.0,0.0,-30.0,-102.0,-14.0,0,0
33630,3.1385,-0.994,0.6995,0.2961,0.0,0.0,0.0,0.0,0.0,-30.0,-102.0,-14.0,0,0
33638,3.1385,-0.994,0.6995,0.2961,0.0,0.0,0.0,0.0,0.0,-29.0,-102.0,-14.0,0,0
33651,3.1385,-0.994,0.6995,0.2961,0.0,0.0,0.0,0.0,0.0,-32.0,-102.0,-14.0,0,0
33663,3.1385,-0.994,0.6995,0.2961,0.0,0.0,0.0,0.0,0.0,-32.0,-102.0,-14.0,0,0
33675,3.1385,-0.9925,0.6995,0.2961,0.0,0.0,0.0,0.0,0.0,-32.0,-102.0,-14.0,0,0
33688,3.1385,-0.994,0.6995,0.2961,0.0,0.0,0.0,0.0,0.0,-30.0,-102.0,-14.0,0,0
33696,3.1385,-0.994,0.6995,0.2961,0.0,0.0,0.0,0.0,0.0,-34.0,-103.0,-15.0,0,0
33708,3.1385,-0.994,0.6995,0.2961,0.0,0.0,0.0,0.0,0.0,-34.0,-103.0,-15.0,0,0
33720,3.1385,-0.9925,0.6995,0.2961,0.0,0.0,0.0,0.0,0.0,-36.0,-103.0,-14.0,0,0
33733,3.1385,-0.9925,0.6995,0.2961,0.0,0.0,0.0,0.0,0.0,-32.0,-103.0,-14.0,0,0
33745,3.1385,-0.9925,0.6995,0.2961,0.0,0.0,0.0,0.0,0.0,-32.0,-103.0,-14.0,0,0
33753,3.1385,-0.9925,0.6995,0.2961,0.0,0.0,0.0,0.0,0.0,-32.0,-102.0,-14.0,0,0
33765,3.1385,-0.994,0.6995,0.2961,0.0,0.0,0.0,0.0,0.0,-33.0,-103.0,-14.0,0,0
33778,3.1385,-0.994,0.6995,0.2961,0.0,0.0,0.0,0.0,0.0,-31.0,-103.0,-14.0,0,0
33790,3.1385,-0.994,0.6995,0.2961,0.0,0.0,0.0,0.0,0.0,-32.0,-103.0,-14.0,0,0
33803,3.1385,-0.994,0.6995,0.2961,0.0,0.0,0.0,0.0,0.0,-35.0,-103.0,-14.0,0,0
33810,3.1385,-0.994,0.6995,0.2961,0.0,0.0,0.0,0.0,0.0,-31.0,-103.0,-14.0,0,0
33823,3.1385,-0.994,0.6995,0.2961,0.0,0.0,0.0,0.0,0.0,-30.0,-103.0,-14.0,0,0
33835,3.1385,-0.994,0.6995,0.2961,0.0,0.0,0.0,0.0,0.0,-33.0,-103.0,-14.0,0,0
33847,3.1385,-0.994,0.6995,0.2961,0.0,0.0,0.0,0.0,0.0,-31.0,-103.0,-14.0,0,0
33860,3.1385,-0.9925,0.6995,0.2961,0.0,0.0,0.0,0.0,0.0,-33.0,-103.0,-14.0,0,0
33868,3.1385,-0.994,0.6995,0.2961,0.0,0.0,0.0,0.0,0.0,-33.0,-103.0,-14.0,0,0
33880,3.1385,-0.994,0.6995,0.2961,0.0,0.0,0.0,0.0,0.0,-33.0,-102.0,-14.0,0,0
33892,3.1385,-0.994,0.6995,0.2961,0.0,0.0,0.0,0.0,0.0,-38.0,-103.0,-14.0,0,0
33905,3.1385,-0.9925,0.6995,0.2961,0.0,0.0,0.0,0.0,0.0,-32.0,-103.0,-15.0,0,0
33917,3.1385,-0.994,0.6995,0.2961,0.0,0.0,0.0,0.0,0.0,-30.0,-103.0,-15.0,0,0
33925,3.1385,-0.994,0.6995,0.2961,0.0,0.0,0.0,0.0,0.0,-31.0,-103.0,-14.0,0,0
33937,3.1385,-0.994,0.6995,0.2961,0.0,0.0,0.0,0.0,0.0,-33.0,-103.0,-14.0,0,0
33950,3.1385,-0.994,0.6995,0.2961,0.0,0.0,0.0,0.0,0.0,-32.0,-103.0,-14.0,0,0
33962,3.1385,-0.994,0.6995,0.2961,0.0,0.0,0.0,0.0,0.0,-21.0,-103.0,-14.0,0,0
33974,3.137,-0.994,0.6995,0.2961,0.0,0.0,0.0,0.0,9.0,-18.0,-103.0,-14.0,0,0
33982,3.137,-0.994,0.6995,0.2961,0.0,0.0,0.0,0.0,9.0,-18.0,-103.0,-14.0,0,0
33995,3.137,-0.994,0.6995,0.2961,0.0,0.0,0.0,0.0,7.0,-23.0,-103.0,-14.0,0,0
34007,3.1385,-0.994,0.6995,0.2961,0.0,0.0,0.0,0.0,7.0,-17.0,-103.0,-16.0,0,0
34019,3.1385,-0.994,0.6995,0.2961,0.0,0.0,0.0,0.0,3.0,-31.0,-104.0,-14.0,0,0
34028,3.137,-0.994,0.6995,0.2961,0.0,0.0,0.0,0.0,11.0,-26.0,-104.0,-14.0,0,0
34040,3.137,-0.994,0.6995,0.2961,0.0,0.0,0.0,0.0,19.0,-31.0,-104.0,-15.0,2,0
34052,3.1355,-0.9925,0.6995,0.2961,0.0,0.0,0.0,0.0,22.0,-32.0,-104.0,-14.0,3,0
34064,3.1355,-0.994,0.6995,0.2961,0.0,0.0,0.0,0.0,29.0,-36.0,-104.0,-14.0,0,0
34077,3.1355,-0.994,0.6995,0.2961,0.0,0.0,0.0,0.0,30.0,-32.0,-104.0,-14.0,0,0
34085,3.137,-0.9925,0.6995,0.2961,-0.024,0.0,0.0,0.0,28.0,-31.0,-104.0,-14.0,0,0
34097,3.1355,-0.9925,0.6995,0.2961,-0.024,0.0,0.0,0.0,31.0,-36.0,-104.0,-14.0,2,0
34109,3.1339,-0.9925,0.6995,0.2961,-0.024,0.0,0.0,0.0,45.0,-31.0,-104.0,-15.0,1,0
34122,3.1324,-0.994,0.6995,0.2961,-0.024,0.0,0.0,0.0,73.0,-34.0,-104.0,-15.0,0,0
34134,3.1293,-0.9925,0.6995,0.2961,-0.0479,0.0,0.0,0.0,77.0,-41.0,-104.0,-14.0,0,0
34142,3.1293,-0.9925,0.6995,0.2961,-0.0479,0.0,0.0,0.0,77.0,-41.0,-104.0,-14.0,1,0
34154,3.1278,-0.9925,0.6995,0.2961,-0.0719,0.0,0.0,0.0,80.0,-37.0,-104.0,-14.0,2,0
34167,3.1263,-0.9925,0.6995,0.2961,-0.0959,0.0,0.0,0.0,87.0,-39.0,-104.0,-14.0,1,0
34179,3.1263,-0.9925,0.6995,0.2961,-0.0959,0.0,0.0,0.0,96.0,-39.0,-103.0,-14.0,0,0
34191,3.1247,-0.9925,0.6995,0.2961,-0.0959,0.0,0.0,0.0,107.0,-41.0,-104.0,-14.0,1,0
34200,3.1217,-0.9925,0.6995,0.2961,-0.0959,0.0,0.0,0.0,128.0,-41.0,-104.0,-14.0,2,0
34212,3.1217,-0.9925,0.6995,0.2961,-0.0959,0.0,0.0,0.0,107.0,-37.0,-103.0,-14.0,5,0
34224,3.1217,-0.9925,0.6995,0.2961,-0.0959,0.0,0.0,0.0,119.0,-38.0,-104.0,-14.0,12,1
34236,3.1217,-0.9925,0.6995,0.2961,-0.0959,0.0,0.0,0.0,121.0,-38.0,-104.0,-14.0,21,1
34249,3.1201,-0.9925,0.6995,0.2961,-0.0959,0.0,0.0,0.0,122.0,-46.0,-104.0,-14.0,26,1
34261,3.1201,-0.9925,0.6995,0.2961,-0.0719,0.0,0.0,0.0,121.0,-47.0,-104.0,-14.0,30,1
34273,3.1201,-0.9925,0.6995,0.2961,-0.024,0.0,0.0,0.0,124.0,-43.0,-104.0,-14.0,31,1
34290,3.1217,-0.9925,0.6995,0.2961,0.0,0.0,0.0,0.0,117.0,-48.0,-104.0,-14.0,34,1
34302,3.1217,-0.9925,0.6995,0.2961,0.0,0.0,0.0,0.0,115.0,-48.0,-104.0,-14.0,34,1
34314,3.1232,-0.9925,0.6995,0.2961,0.0,0.0,0.0,0.0,87.0,-43.0,-104.0,-14.0,33,1
34327,3.1232,-0.9925,0.6995,0.2961,0.024,0.0,0.0,0.0,67.0,-43.0,-104.0,-14.0,30,1
34339,3.1263,-0.9925,0.6995,0.2961,0.0479,0.0,0.0,0.0,50.0,-42.0,-104.0,-14.0,21,1
34351,3.1278,-0.9925,0.6995,0.2961,0.0479,0.0,0.0,0.0,30.0,-36.0,-104.0,-14.0,11,1
34363,3.1309,-0.994,0.6995,0.2961,0.0959,0.0,0.0,0.0,19.0,-43.0,-106.0,-14.0,0,0
34372,3.1309,-0.994,0.6995,0.2961,0.0959,0.0,0.0,0.0,19.0,-43.0,-106.0,-14.0,0,0
34384,3.1355,-0.994,0.6995,0.2961,0.1438,0.0,0.0,0.0,14.0,-34.0,-105.0,-14.0,0,0
34396,3.137,-0.994,0.6995,0.2961,0.1438,0.0,0.0,0.0,9.0,-42.0,-106.0,-14.0,0,0
34408,3.1385,-0.9925,0.6995,0.2961,0.1678,0.0,0.0,0.0,1.0,-46.0,-106.0,-14.0,0,0
34421,3.1385,-0.9925,0.6995,0.2961,0.1438,0.0,0.0,0.0,4.0,-32.0,-105.0,-14.0,0,0
34429,3.1401,-0.994,0.6995,0.2961,0.1438,0.0,0.0,0.0,2.0,-31.0,-106.0,-14.0,0,0
34441,3.1401,-0.994,0.6995,0.2961,0.1198,0.0,0.0,0.0,1.0,-33.0,-104.0,-14.0,0,0
34453,3.1416,-0.9925,0.6995,0.2961,0.0959,0.0,0.0,0.0,5.0,-31.0,-105.0,-14.0,0,0
34466,3.1416,-0.994,0.6995,0.2961,0.0719,0.0,0.0,0.0,0.0,-30.0,-106.0,-14.0,0,0
34474,3.1416,-0.9925,0.6995,0.2961,0.0719,0.0,0.0,0.0,0.0,-35.0,-106.0,-14.0,0,0
34486,3.1416,-0.994,0.6995,0.2961,0.0479,0.0,0.0,0.0,0.0,-36.0,-105.0,-14.0,0,0
34499,3.1416,-0.994,0.6995,0.2961,0.024,0.0,0.0,0.0,0.0,-30.0,-105.0,-14.0,0,0
34511,3.1416,-0.994,0.6995,0.2961,0.024,0.0,0.0,0.0,0.0,-20.0,-106.0,-14.0,0,0
34523,3.1416,-0.994,0.6995,0.2961,0.0,0.0,0.0,0.0,0.0,-30.0,-105.0,-14.0,0,0
34531,3.1416,-0.994,0.6995,0.2961,0.0,0.0,0.0,0.0,0.0,-30.0,-105.0,-14.0,0,0
34544,3.1416,-0.9925,0.6995,0.2961,0.0,0.0,0.0,0.0,0.0,-28.0,-104.0,-14.0,0,0
34556,3.1416,-0.9925,0.6995,0.2961,0.0,0.0,0.0,0.0,0.0,-23.0,-105.0,-14.0,0,0
34568,3.1416,-0.9925,0.6995,0.2961,0.0,0.0,0.0,0.0,0.0,-39.0,-104.0,-14.0,0,0
34580,3.1416,-0.994,0.6995,0.2961,0.0,0.0,0.0,0.0,0.0,-36.0,-105.0,-14.0,0,0
34589,3.1416,-0.994,0.6995,0.2961,0.0,0.0,0.0,0.0,0.0,-20.0,-105.0,-14.0,0,0
34601,3.1416,-0.9925,0.6995,0.2961,0.0,0.0,0.0,0.0,0.0,-30.0,-104.0,-14.0,0,0
34613,3.1416,-0.994,0.6995,0.2961,0.0,0.0,0.0,0.0,0.0,-25.0,-105.0,-14.0,0,0
34626,3.1416,-0.9925,0.6995,0.2961,0.0,0.0,0.0,0.0,0.0,-23.0,-105.0,-14.0,0,0
34638,3.1416,-0.9925,0.6995,0.2961,0.0,0.0,0.0,0.0,0.0,-19.0,-105.0,-14.0,0,0
34646,3.1416,-0.994,0.6995,0.2961,0.0,0.0,0.0,0.0,0.0,-23.0,-106.0,-14.0,0,0
34658,3.1416,-0.994,0.6995,0.2961,0.0,0.0,0.0,0.0,0.0,-34.0,-105.0,-14.0,0,0
34671,3.1416,-0.9925,0.6995,0.2961,0.0,0.0,0.0,0.0,0.0,-35.0,-106.0,-14.0,0,0
34683,3.1416,-0.994,0.6995,0.2961,0.0,0.0,0.0,0.0,0.0,-40.0,-107.0,-14.0,0,0
34695,3.1416,-0.9925,0.6995,0.2961,0.0,0.0,0.0,0.0,0.0,-34.0,-107.0,-14.0,0,0
34703,3.1416,-0.994,0.6995,0.2961,0.0,0.0,0.0,0.0,0.0,-36.0,-105.0,-14.0,0,0
34716,3.1416,-0.994,0.6995,0.2961,0.0,0.0,0.0,0.0,0.0,-40.0,-108.0,-14.0,0,0
34728,3.1416,-0.994,0.6995,0.2961,0.0,0.0,0.0,0.0,0.0,-30.0,-107.0,-14.0,0,0
34740,3.1401,-0.994,0.6995,0.2961,0.0,0.0,0.0,0.0,0.0,-38.0,-106.0,-14.0,0,0
34752,3.1416,-0.994,0.6995,0.2961,0.0,0.0,0.0,0.0,0.0,-33.0,-106.0,-14.0,0,0
34761,3.1416,-0.994,0.6995,0.2961,0.0,0.0,0.0,0.0,0.0,-40.0,-106.0,-17.0,0,0
34773,3.1416,-0.994,0.6995,0.2961,0.0,0.0,0.0,0.0,0.0,-40.0,-105.0,-14.0,0,0
34785,3.1416,-0.9925,0.6995,0.2961,0.0,0.0,0.0,0.0,0.0,-40.0,-106.0,-14.0,0,0
34798,3.1416,-0.994,0.6995,0.2961,0.0,0.0,0.0,0.0,0.0,-36.0,-106.0,-14.0,0,0
34810,3.1416,-0.994,0.6995,0.2961,0.0,0.0,0.0,0.0,0.0,-37.0,-107.0,-14.0,0,0
34818,3.1416,-0.994,0.6995,0.2961,0.0,0.0,0.0,0.0,0.0,-35.0,-106.0,-12.0,0,0
34830,3.1416,-0.9925,0.6995,0.2961,0.0,0.0,0.0,0.0,0.0,-38.0,-106.0,-14.0,0,0
34843,3.1416,-0.9925,0.6995,0.2961,0.0,0.0,0.0,0.0,0.0,-40.0,-106.0,-14.0,0,0
34855,3.1416,-0.9925,0.6995,0.2961,0.0,0.0,0.0,0.0,0.0,-36.0,-107.0,-14.0,0,0
34867,3.1416,-0.9925,0.6995,0.2961,0.0,0.0,0.0,0.0,0.0,-40.0,-106.0,-14.0,0,0
34875,3.1416,-0.994,0.6995,0.2961,0.0,0.0,0.0,0.0,0.0,-40.0,-106.0,-14.0,0,0
34888,3.1416,-0.994,0.6995,0.2961,0.0,0.0,0.0,0.0,0.0,-38.0,-107.0,-14.0,0,0
34900,3.1416,-0.994,0.6995,0.2961,0.0,0.0,0.0,0.0,0.0,-38.0,-106.0,-14.0,0,0
34912,3.1416,-0.9925,0.6995,0.2961,0.0,0.0,0.0,0.0,0.0,-39.0,-106.0,-14.0,0,0
34920,3.1416,-0.994,0.6995,0.2961,0.0,0.0,0.0,0.0,0.0,-42.0,-107.0,-17.0,0,0
34933,3.1416,-0.994,0.6995,0.2961,0.0,0.0,0.0,0.0,0.0,-38.0,-107.0,-14.0,0,0
34945,3.1416,-0.9925,0.6995,0.2961,0.0,0.0,0.0,0.0,0.0,-44.0,-106.0,-15.0,1,0
34957,3.1401,-0.994,0.6995,0.2961,0.0,0.0,0.0,0.0,0.0,-41.0,-106.0,-14.0,4,0
34970,3.1416,-0.994,0.6995,0.2961,0.0,0.0,0.0,0.0,0.0,-42.0,-108.0,-14.0,6,0
34978,3.1401,-0.994,0.701,0.2961,0.0,0.0,0.0,0.0,0.0,-45.0,-114.0,-13.0,8,0
34994,3.1416,-0.9925,0.701,0.2961,0.0,0.0,0.0,0.0,0.0,-42.0,-116.0,-15.0,10,0
35006,3.1416,-0.9925,0.701,0.2961,0.0,0.0,0.0,0.0,0.0,-42.0,-116.0,-14.0,13,1
35019,3.1416,-0.994,0.701,0.2961,0.0,0.0,0.0,0.0,0.0,-41.0,-120.0,-14.0,12,1
35031,3.1416,-0.994,0.7026,0.2961,0.0,0.0,0.024,0.0,0.0,-42.0,-119.0,-14.0,14,1
35043,3.1416,-0.9925,0.7026,0.2961,0.0,0.0,0.024,0.0,0.0,-42.0,-121.0,-14.0,14,1
35056,3.1416,-0.994,0.7026,0.2961,0.0,0.0,0.024,0.0,0.0,-45.0,-123.0,-14.0,13,1
35068,3.1401,-0.9925,0.7026,0.2961,0.0,0.0,0.024,0.0,0.0,-42.0,-133.0,-14.0,14,1
35080,3.1416,-0.9925,0.7041,0.2961,0.0,0.0,0.024,0.0,0.0,-44.0,-156.0,-14.0,13,1
35092,3.1401,-0.9925,0.7056,0.2961,0.0,0.0,0.024,0.0,0.0,-45.0,-176.0,-14.0,13,1
35105,3.1416,-0.9925,0.7118,0.2961,0.0,0.0,0.0719,0.0,0.0,-44.0,-204.0,-14.0,13,1
35117,3.1416,-0.9925,0.7133,0.2961,0.0,0.0,0.0959,0.0,0.0,-43.0,-221.0,-14.0,12,1
35129,3.1416,-0.9925,0.7164,0.2961,0.0,0.0,0.1438,0.0,0.0,-46.0,-244.0,-14.0,13,1
35142,3.1401,-0.9925,0.7194,0.2961,0.0,0.0,0.1918,0.0,0.0,-45.0,-256.0,-14.0,13,1
35154,3.1401,-0.991,0.7256,0.2961,0.0,0.0,0.2397,0.0,0.0,-71.0,-260.0,-14.0,14,1
35166,3.1401,-0.9894,0.7256,0.2961,0.0,0.0,0.2637,0.0,0.0,-73.0,-238.0,-14.0,13,1
35178,3.1401,-0.9894,0.7256,0.2961,0.0,0.024,0.2397,0.0,0.0,-86.0,-230.0,-14.0,13,1
35191,3.1416,-0.9879,0.7256,0.2961,0.0,0.0479,0.2157,0.0,0.0,-85.0,-227.0,-14.0,13,1
35203,3.1416,-0.9863,0.7256,0.2961,0.0,0.0479,0.1678,0.0,0.0,-86.0,-227.0,-14.0,15,1
35215,3.1401,-0.9863,0.7256,0.2961,0.0,0.0719,0.0959,0.0,0.0,-78.0,-229.0,-14.0,14,1
35228,3.1416,-0.9863,0.7256,0.2961,0.0,0.0719,0.0479,0.0,0.0,-77.0,-229.0,-14.0,13,1
35244,3.1401,-0.9879,0.7225,0.2961,0.0,0.0479,0.0,0.0,0.0,-73.0,-202.0,-14.0,10,0
35252,3.1401,-0.9879,0.7225,0.2961,0.0,0.0479,0.0,0.0,0.0,-73.0,-202.0,-14.0,9,0
35264,3.1416,-0.9894,0.7164,0.2961,0.0,0.0,-0.0479,0.0,0.0,-41.0,-117.0,-14.0,8,0
35277,3.1416,-0.991,0.7118,0.2961,0.0,0.0,-0.1198,0.0,0.0,-22.0,-92.0,-14.0,6,0
35289,3.1401,-0.994,0.7087,0.2961,0.0,-0.0479,-0.1678,0.0,0.0,-7.0,-77.0,-14.0,5,0
35297,3.1416,-0.9956,0.7041,0.2961,0.0,-0.0719,-0.2397,0.0,0.0,-3.0,-68.0,-14.0,4,0
35310,3.1416,-0.9956,0.701,0.2961,0.0,-0.0959,-0.2876,0.0,0.0,-6.0,-68.0,-14.0,2,0
35322,3.1431,-0.9971,0.698,0.2961,0.0,-0.1198,-0.3356,0.0,-2.0,-10.0,-72.0,-14.0,1,0
35334,3.1431,-0.9986,0.6949,0.2961,0.0,-0.1198,-0.3356,0.0,-3.0,-11.0,-83.0,-14.0,0,0
35346,3.1447,-0.9971,0.6949,0.2961,0.024,-0.1198,-0.2876,0.0,0.0,-12.0,-95.0,-14.0,0,0
35355,3.1447,-0.9986,0.6949,0.2961,0.024,-0.0959,-0.2637,0.0,0.0,-12.0,-97.0,-14.0,0,0
35367,3.1447,-0.9986,0.6949,0.2961,0.024,-0.0719,-0.1918,0.0,0.0,-12.0,-98.0,-14.0,0,0
35379,3.1431,-0.9971,0.6964,0.2961,0.024,-0.0479,-0.1438,0.0,0.0,-12.0,-101.0,-14.0,0,0
35391,3.1431,-0.9986,0.6964,0.2961,0.0,-0.024,-0.0959,0.0,0.0,-17.0,-102.0,-14.0,0,0
35404,3.1416,-0.9986,0.6949,0.2961,0.0,0.0,-0.024,0.0,0.0,-12.0,-100.0,-14.0,0,0
35412,3.1416,-0.9986,0.6949,0.2961,0.0,0.0,-0.024,0.0,0.0,-12.0,-100.0,-14.0,0,0
35424,3.1401,-0.9986,0.6949,0.2961,-0.024,0.0,0.0,0.0,0.0,-12.0,-97.0,-14.0,0,0
35436,3.1416,-0.9986,0.6949,0.2961,-0.024,0.0,0.0,0.0,0.0,-12.0,-97.0,-14.0,0,0
35449,3.1401,-0.9986,0.6949,0.2961,-0.024,0.0,0.0,0.0,0.0,-12.0,-97.0,-14.0,0,0
35461,3.1416,-0.9986,0.6949,0.2961,-0.024,0.0,0.0,0.0,0.0,-6.0,-98.0,-14.0,0,0
35469,3.1416,-0.9986,0.6949,0.2961,-0.024,0.0,0.0,0.0,0.0,-9.0,-97.0,-14.0,0,0
35482,3.1401,-0.9986,0.6949,0.2961,0.0,0.0,0.0,0.0,0.0,-11.0,-97.0,-14.0,0,0
35494,3.1401,-0.9986,0.6949,0.2961,0.0,0.0,0.0,0.0,0.0,-13.0,-99.0,-14.0,0,0
35506,3.1401,-0.9986,0.6949,0.2961,0.0,0.0,0.0,0.0,0.0,-11.0,-96.0,-14.0,0,0
35518,3.1401,-0.9986,0.6949,0.2961,0.0,0.0,0.0,0.0,0.0,-10.0,-100.0,-14.0,0,0
35527,3.1401,-0.9986,0.6949,0.2961,0.0,0.0,0.0,0.0,0.0,-8.0,-97.0,-14.0,0,0
35539,3.1416,-0.9986,0.6949,0.2961,0.0,0.0,0.0,0.0,0.0,-8.0,-98.0,-14.0,0,0
35551,3.1416,-0.9986,0.6949,0.2961,0.0,0.0,0.0,0.0,0.0,-8.0,-96.0,-14.0,0,0
35563,3.1416,-0.9986,0.6964,0.2961,0.0,0.0,0.0,0.0,0.0,-6.0,-95.0,-14.0,0,0
35576,3.1416,-0.9986,0.6949,0.2961,0.0,0.0,0.0,0.0,0.0,-11.0,-95.0,-14.0,0,0
35584,3.1416,-0.9986,0.6964,0.2961,0.0,0.0,0.0,0.0,0.0,-7.0,-96.0,-14.0,0,0
35596,3.1401,-0.9986,0.6949,0.2961,0.0,0.0,0.0,0.0,0.0,-8.0,-99.0,-15.0,0,0
35609,3.1416,-0.9986,0.6949,0.2961,0.0,0.0,0.0,0.0,0.0,-7.0,-96.0,-14.0,0,0
35621,3.1416,-0.9986,0.6964,0.2961,0.0,0.0,0.0,0.0,0.0,-8.0,-95.0,-14.0,0,0
35633,3.1416,-0.9986,0.6949,0.2961,0.0,0.0,0.0,0.0,0.0,-8.0,-96.0,-15.0,0,0
35641,3.1416,-0.9986,0.6949,0.2961,0.0,0.0,0.0,0.0,0.0,-8.0,-96.0,-15.0,0,0
35654,3.1416,-0.9986,0.6964,0.2961,0.0,0.0,0.0,0.0,0.0,-10.0,-95.0,-14.0,0,0
35666,3.1416,-0.9986,0.6949,0.2961,0.0,0.0,0.0,0.0,0.0,-12.0,-95.0,-14.0,0,0
35678,3.1416,-0.9986,0.6949,0.2961,0.0,0.0,0.0,0.0,0.0,-12.0,-94.0,-14.0,0,0
35686,3.1401,-0.9986,0.6964,0.2961,0.0,0.0,0.0,0.0,0.0,-12.0,-98.0,-14.0,0,0
35699,3.1401,-0.9986,0.6949,0.2961,0.0,0.0,0.0,0.0,0.0,-10.0,-96.0,-14.0,0,0
35711,3.1416,-0.9986,0.6964,0.2961,0.0,0.0,0.0,0.0,0.0,-11.0,-97.0,-14.0,0,0
35723,3.1416,-0.9986,0.6964,0.2961,0.0,0.0,0.0,0.0,0.0,-9.0,-96.0,-15.0,0,0
35735,3.1416,-0.9986,0.6964,0.2961,0.0,0.0,0.0,0.0,0.0,-11.0,-98.0,-14.0,0,0
35744,3.1401,-0.9986,0.6949,0.2961,0.0,0.0,0.0,0.0,0.0,-11.0,-96.0,-14.0,0,0
35756,3.1416,-0.9986,0.6949,0.2961,0.0,0.0,0.0,0.0,0.0,-11.0,-97.0,-14.0,0,0
35768,3.1401,-0.9986,0.6949,0.2961,0.0,0.0,0.0,0.0,0.0,-9.0,-96.0,-14.0,0,0
35781,3.1401,-0.9986,0.6949,0.2961,0.0,0.0,0.0,0.0,0.0,-8.0,-95.0,-14.0,0,0
35793,3.1416,-0.9986,0.6949,0.2961,0.0,0.0,0.0,0.0,0.0,-7.0,-94.0,-14.0,0,0
35801,3.1401,-0.9971,0.6949,0.2961,0.0,0.0,0.0,0.0,0.0,-8.0,-94.0,-14.0,0,0
35813,3.1416,-0.9986,0.6949,0.2961,0.0,0.0,0.0,0.0,0.0,-9.0,-96.0,-14.0,0,0
35826,3.1401,-0.9986,0.6949,0.2961,0.0,0.0,0.0,0.0,0.0,-13.0,-97.0,-14.0,0,0
35838,3.1401,-0.9971,0.6949,0.2961,0.0,0.0,0.0,0.0,0.0,-13.0,-96.0,-15.0,0,0
35850,3.1416,-0.9986,0.6964,0.2961,0.0,0.0,0.0,0.0,0.0,-13.0,-96.0,-17.0,0,0
35858,3.1416,-0.9986,0.6949,0.2961,0.0,0.0,0.0,0.0,0.0,-13.0,-95.0,-14.0,0,0
35871,3.1416,-0.9986,0.6949,0.2961,0.0,0.0,0.0,0.0,0.0,-13.0,-94.0,-14.0,0,0
35883,3.1401,-0.9986,0.6949,0.2961,0.0,0.0,0.0,0.0,0.0,-13.0,-94.0,-14.0,0,0
35895,3.1416,-0.9986,0.6949,0.2961,0.0,0.0,0.0,0.0,0.0,-13.0,-96.0,-13.0,0,0
35908,3.1416,-0.9986,0.6949,0.2961,0.0,0.0,0.0,0.0,0.0,-13.0,-96.0,-14.0,0,0
35916,3.1401,-0.9986,0.6949,0.2961,0.0,0.0,0.0,0.0,0.0,-13.0,-97.0,-14.0,0,0
35928,3.1401,-0.9986,0.6949,0.2961,0.0,0.0,0.0,0.0,0.0,-13.0,-96.0,-14.0,0,0
35940,3.1401,-0.9986,0.6949,0.2961,0.0,0.0,0.0,0.0,0.0,-13.0,-93.0,-14.0,0,0
35953,3.1416,-0.9986,0.6949,0.2961,0.0,0.0,0.0,0.0,0.0,-13.0,-95.0,-15.0,0,0
35965,3.1416,-0.9971,0.6949,0.2961,0.0,0.0,0.0,0.0,0.0,-29.0,-91.0,-14.0,0,0
35973,3.1416,-0.9971,0.6949,0.2961,0.0,0.0,0.0,0.0,0.0,-29.0,-91.0,-14.0,0,0
35985,3.1416,-0.994,0.6949,0.2961,0.0,0.024,0.0,0.0,0.0,-67.0,-95.0,-14.0,0,0
35998,3.1401,-0.991,0.6964,0.2961,0.0,0.0479,0.0,0.0,0.0,-81.0,-97.0,-14.0,0,0
36010,3.1416,-0.9894,0.6964,0.2961,0.0,0.0719,0.0,0.0,0.0,-97.0,-99.0,-14.0,0,0
36022,3.1431,-0.9863,0.6949,0.2961,0.0,0.1198,0.0,0.0,-2.0,-116.0,-97.0,-14.0,0,0
36030,3.1431,-0.9848,0.6949,0.2961,0.0,0.1438,0.0,0.0,-10.0,-124.0,-93.0,-14.0,0,0
36043,3.1447,-0.9833,0.6949,0.2961,0.024,0.1678,0.0,0.0,-9.0,-116.0,-94.0,-14.0,0,0
36055,3.1447,-0.9817,0.6949,0.2961,0.024,0.1678,0.0,0.0,-12.0,-107.0,-92.0,-14.0,0,0
36067,3.1447,-0.9802,0.6949,0.2961,0.0479,0.1678,0.0,0.0,-11.0,-115.0,-92.0,-14.0,0,0
36080,3.1447,-0.9787,0.6949,0.2961,0.0479,0.1438,0.0,0.0,-3.0,-120.0,-96.0,-14.0,0,0
36088,3.1431,-0.9787,0.6949,0.2961,0.024,0.1438,0.0,0.0,-2.0,-119.0,-92.0,-14.0,2,0
36100,3.1431,-0.9771,0.6949,0.2961,0.0,0.1198,0.0,0.0,0.0,-135.0,-94.0,-14.0,0,0
36112,3.1416,-0.9756,0.6964,0.2961,0.0,0.0959,0.0,0.0,2.0,-141.0,-94.0,-14.0,0,0
36125,3.1416,-0.9756,0.6949,0.2961,-0.024,0.0959,0.0,0.0,-9.0,-151.0,-96.0,-14.0,1,0
36133,3.1416,-0.9756,0.6949,0.2961,-0.024,0.0959,0.0,0.0,-9.0,-151.0,-96.0,-14.0,3,0
36145,3.1416,-0.9756,0.6949,0.2961,-0.024,0.0479,0.0,0.0,-5.0,-147.0,-92.0,-14.0,7,0
36157,3.1416,-0.9756,0.6949,0.2961,-0.024,0.0479,0.0,0.0,0.0,-143.0,-91.0,-14.0,8,0
36170,3.1416,-0.9771,0.6949,0.2961,-0.024,0.024,0.0,0.0,0.0,-148.0,-93.0,-14.0,9,0
36182,3.1416,-0.9771,0.6949,0.2961,0.0,0.0,0.0,0.0,0.0,-143.0,-92.0,-14.0,8,0
36190,3.1401,-0.9771,0.6949,0.2961,0.0,0.0,0.0,0.0,0.0,-121.0,-92.0,-14.0,4,0
36202,3.1401,-0.9787,0.6949,0.2961,0.0,0.0,0.0,0.0,0.0,-95.0,-92.0,-14.0,2,0
36215,3.137,-0.9817,0.6949,0.2961,-0.024,-0.0479,0.0,0.0,8.0,-68.0,-93.0,-14.0,0,0
36227,3.137,-0.9833,0.6949,0.2961,-0.0479,-0.0719,0.0,0.0,9.0,-58.0,-91.0,-14.0,0,0
36239,3.137,-0.9848,0.6949,0.2961,-0.0479,-0.0719,0.0,0.0,14.0,-53.0,-94.0,-13.0,0,0
36247,3.1385,-0.9863,0.6949,0.2961,-0.0479,-0.0959,0.0,0.0,5.0,-58.0,-94.0,-14.0,0,0
36260,3.1385,-0.9863,0.6949,0.2961,-0.024,-0.1198,0.0,0.0,1.0,-53.0,-93.0,-14.0,0,0
36272,3.1401,-0.9879,0.6949,0.2961,-0.024,-0.1198,0.0,0.0,-2.0,-58.0,-92.0,-14.0,0,0
36284,3.1431,-0.9894,0.6949,0.2961,0.024,-0.1198,0.0,0.0,-6.0,-55.0,-92.0,-14.0,0,0
36297,3.1431,-0.991,0.6949,0.2961,0.0479,-0.0959,0.0,0.0,0.0,-54.0,-92.0,-14.0,0,0
36305,3.1447,-0.991,0.6949,0.2961,0.0719,-0.0959,0.0,0.0,-2.0,-49.0,-91.0,-14.0,0,0
36317,3.1431,-0.9925,0.6949,0.2961,0.0719,-0.0959,0.0,0.0,0.0,-44.0,-91.0,-14.0,0,0
36329,3.1416,-0.9925,0.6949,0.2961,0.0479,-0.0719,0.0,0.0,4.0,-43.0,-93.0,-14.0,0,0
36342,3.1401,-0.9925,0.6964,0.2961,0.024,-0.0719,0.0,0.0,0.0,-40.0,-93.0,-14.0,0,0
36354,3.1385,-0.994,0.6949,0.2961,-0.024,-0.0719,0.0,0.0,10.0,-42.0,-93.0,-15.0,0,0
36362,3.1385,-0.994,0.6949,0.2961,-0.024,-0.0719,0.0,0.0,10.0,-42.0,-93.0,-15.0,0,0
36374,3.1385,-0.994,0.6949,0.2961,-0.0479,-0.0479,0.0,0.0,7.0,-50.0,-92.0,-14.0,0,0
36387,3.1401,-0.994,0.6949,0.2961,-0.0479,-0.024,0.0,0.0,-2.0,-49.0,-93.0,-15.0,0,0
36399,3.1401,-0.994,0.6949,0.2961,-0.024,-0.024,0.0,0.0,0.0,-50.0,-92.0,-14.0,0,0
36411,3.1401,-0.994,0.6949,0.2961,-0.024,-0.024,0.0,0.0,0.0,-52.0,-92.0,-15.0,0,0
36420,3.1416,-0.994,0.6949,0.2961,0.0,0.0,0.0,0.0,0.0,-52.0,-93.0,-15.0,0,0
36432,3.1416,-0.994,0.6949,0.2961,0.0,0.0,0.0,0.0,0.0,-52.0,-91.0,-14.0,0,0
36444,3.1416,-0.9956,0.6949,0.2961,0.024,0.0,0.0,0.0,0.0,-48.0,-92.0,-14.0,0,0
36456,3.1416,-0.994,0.6949,0.2961,0.024,0.0,0.0,0.0,0.0,-48.0,-91.0,-14.0,0,0
36469,3.1401,-0.994,0.6949,0.2961,0.0,0.0,0.0,0.0,0.0,-51.0,-91.0,-14.0,0,0
36477,3.1416,-0.994,0.6949,0.2961,0.0,0.0,0.0,0.0,0.0,-51.0,-93.0,-14.0,0,0
36489,3.1401,-0.994,0.6949,0.2961,0.0,0.0,0.0,0.0,0.0,-51.0,-91.0,-14.0,0,0
36501,3.1401,-0.994,0.6949,0.2961,0.0,0.0,0.0,0.0,0.0,-51.0,-91.0,-14.0,0,0
36514,3.1416,-0.994,0.6949,0.2961,0.0,0.0,0.0,0.0,0.0,-52.0,-91.0,-15.0,0,0
36526,3.1401,-0.994,0.6949,0.2961,0.0,0.0,0.0,0.0,0.0,-52.0,-90.0,-14.0,0,0
36534,3.1401,-0.994,0.6949,0.2961,0.0,0.0,0.0,0.0,0.0,-50.0,-93.0,-14.0,0,0
36546,3.1416,-0.994,0.6949,0.2961,0.0,0.0,0.0,0.0,0.0,-52.0,-91.0,-14.0,0,0
36559,3.1401,-0.994,0.6949,0.2961,0.0,0.0,0.0,0.0,0.0,-50.0,-91.0,-14.0,0,0
36571,3.1401,-0.994,0.6949,0.2961,0.0,0.0,0.0,0.0,0.0,-49.0,-93.0,-14.0,0,0
36579,3.1401,-0.994,0.6949,0.2961,0.0,0.0,0.0,0.0,0.0,-51.0,-92.0,-14.0,0,0
36592,3.1401,-0.9956,0.6949,0.2961,0.0,0.0,0.0,0.0,0.0,-50.0,-91.0,-14.0,0,0
36604,3.1401,-0.994,0.6949,0.2961,0.0,0.0,0.0,0.0,0.0,-51.0,-91.0,-14.0,0,0
36616,3.1401,-0.994,0.6949,0.2961,0.0,0.0,0.0,0.0,0.0,-51.0,-90.0,-18.0,0,0
36628,3.1401,-0.994,0.6949,0.2961,0.0,0.0,0.0,0.0,0.0,-52.0,-90.0,-14.0,0,0
36637,3.1401,-0.994,0.6949,0.2961,0.0,0.0,0.0,0.0,0.0,-52.0,-90.0,-14.0,0,0
36649,3.1401,-0.9956,0.6949,0.2961,0.0,0.0,0.0,0.0,0.0,-51.0,-90.0,-14.0,0,0
36661,3.1401,-0.994,0.6949,0.2961,0.0,0.0,0.0,0.0,0.0,-51.0,-90.0,-14.0,0,0
36673,3.1401,-0.994,0.6949,0.2961,0.0,0.0,0.0,0.0,0.0,-51.0,-90.0,-13.0,0,0
36686,3.1401,-0.994,0.6949,0.2961,0.0,0.0,0.0,0.0,0.0,-52.0,-90.0,-14.0,0,0
36694,3.1401,-0.994,0.6949,0.2961,0.0,0.0,0.0,0.0,0.0,-49.0,-90.0,-14.0,0,0
36707,3.1401,-0.994,0.6949,0.2961,0.0,0.0,0.0,0.0,0.0,-52.0,-90.0,-14.0,0,0
36718,3.1401,-0.994,0.6949,0.2961,0.0,0.0,0.0,0.0,0.0,-46.0,-90.0,-14.0,0,0
36731,3.1401,-0.994,0.6949,0.2961,0.0,0.0,0.0,0.0,0.0,-46.0,-90.0,-14.0,0,0
36743,3.1401,-0.994,0.6949,0.2961,0.0,0.0,0.0,0.0,0.0,-46.0,-91.0,-14.0,0,0
36751,3.1401,-0.994,0.6949,0.2961,0.0,0.0,0.0,0.0,0.0,-46.0,-90.0,-14.0,0,0
36764,3.1401,-0.994,0.6949,0.2961,0.0,0.0,0.0,0.0,0.0,-44.0,-90.0,-14.0,0,0
36776,3.1401,-0.994,0.6949,0.2961,0.0,0.0,0.0,0.0,0.0,-46.0,-90.0,-15.0,0,0
36788,3.1401,-0.994,0.6949,0.2961,0.0,0.0,0.0,0.0,0.0,-45.0,-89.0,-14.0,0,0
36801,3.1401,-0.994,0.6964,0.2961,0.0,0.0,0.0,0.0,0.0,-46.0,-89.0,-14.0,0,0
36809,3.1401,-0.994,0.6949,0.2961,0.0,0.0,0.0,0.0,0.0,-47.0,-91.0,-14.0,0,0
36821,3.1401,-0.994,0.6949,0.2961,0.0,0.0,0.0,0.0,0.0,-45.0,-89.0,-15.0,0,0
36833,3.1401,-0.994,0.6949,0.2961,0.0,0.0,0.0,0.0,0.0,-46.0,-92.0,-14.0,0,0
36845,3.1401,-0.9956,0.6949,0.2961,0.0,0.0,0.0,0.0,0.0,-46.0,-90.0,-14.0,0,0
36858,3.1401,-0.994,0.6949,0.2961,0.0,0.0,0.0,0.0,0.0,-45.0,-90.0,-14.0,0,0
36866,3.1401,-0.994,0.6949,0.2961,0.0,0.0,0.0,0.0,0.0,-44.0,-90.0,-14.0,0,0
36878,3.1401,-0.994,0.6949,0.2961,0.0,0.0,0.0,0.0,0.0,-47.0,-89.0,-14.0,0,0
36891,3.1401,-0.994,0.6949,0.2961,0.0,0.0,0.0,0.0,0.0,-45.0,-89.0,-14.0,0,0
36903,3.1401,-0.994,0.6949,0.2961,0.0,0.0,0.0,0.0,0.0,-45.0,-89.0,-14.0,0,0
36915,3.1401,-0.994,0.6949,0.2961,0.0,0.0,0.0,0.0,0.0,-46.0,-89.0,-14.0,0,0
36923,3.1401,-0.9956,0.6949,0.2961,0.0,0.0,0.0,0.0,0.0,-45.0,-89.0,-14.0,0,0
36936,3.1401,-0.994,0.6949,0.2961,0.0,0.0,0.0,0.0,0.0,-46.0,-89.0,-14.0,0,0
36948,3.1401,-0.994,0.6949,0.2961,0.0,0.0,0.0,0.0,0.0,-46.0,-88.0,-15.0,0,0
36961,3.1401,-0.994,0.6949,0.2961,0.0,0.0,0.0,0.0,0.0,-47.0,-88.0,-14.0,0,0
36972,3.1401,-0.9956,0.6949,0.2961,0.0,0.0,0.0,0.0,0.0,-46.0,-88.0,-14.0,0,0
36981,3.1401,-0.994,0.6949,0.2961,0.0,0.0,0.0,0.0,0.0,-45.0,-88.0,-14.0,0,0
36993,3.1401,-0.994,0.6949,0.2961,0.0,0.0,0.0,0.0,0.0,-44.0,-88.0,-14.0,0,0
37005,3.1401,-0.994,0.6949,0.2961,0.0,0.0,0.0,0.0,0.0,-46.0,-88.0,-14.0,0,0
37017,3.1401,-0.994,0.6949,0.2961,0.0,0.0,0.0,0.0,0.0,-46.0,-88.0,-14.0,0,0
37026,3.1401,-0.994,0.6949,0.2961,0.0,0.0,0.0,0.0,0.0,-47.0,-84.0,-14.0,0,0
37038,3.1401,-0.9925,0.6934,0.2961,0.0,0.0,0.0,0.0,0.0,-59.0,-68.0,-14.0,0,0
37050,3.1416,-0.9925,0.6934,0.2961,0.0,0.0,0.0,0.0,0.0,-82.0,-81.0,-14.0,0,0
37063,3.1431,-0.9894,0.6949,0.2961,0.0,0.024,0.0,0.0,-6.0,-111.0,-81.0,-14.0,1,0
37075,3.1447,-0.9833,0.6949,0.2961,0.024,0.0719,0.0,0.0,-14.0,-146.0,-89.0,-14.0,9,0
37083,3.1447,-0.9833,0.6949,0.2961,0.024,0.0719,0.0,0.0,-14.0,-146.0,-89.0,-14.0,6,0
37095,3.1447,-0.9787,0.6949,0.2961,0.0479,0.1678,0.0,0.0,-24.0,-171.0,-86.0,-14.0,3,0
37108,3.1462,-0.9756,0.6949,0.2976,0.0479,0.1918,0.0,0.0,-21.0,-176.0,-86.0,-12.0,4,0
37120,3.1447,-0.9741,0.6949,0.2961,0.0479,0.2157,0.0,0.0,-20.0,-169.0,-86.0,-14.0,4,0
37132,3.1447,-0.9741,0.6949,0.2961,0.024,0.2157,0.0,0.0,-11.0,-165.0,-86.0,-16.0,14,1
37144,3.1416,-0.9725,0.6949,0.2961,0.0,0.1918,0.0,0.0,4.0,-144.0,-82.0,-14.0,18,1
37157,3.1416,-0.9725,0.6934,0.2961,0.0,0.1438,0.0,0.0,2.0,-146.0,-79.0,-14.0,21,1
37169,3.1401,-0.9741,0.6949,0.2961,-0.024,0.1198,0.0,0.0,0.0,-146.0,-86.0,-14.0,23,1
37182,3.1385,-0.9741,0.6949,0.2961,-0.0479,0.0719,0.0,0.0,3.0,-146.0,-84.0,-14.0,22,1
37194,3.1385,-0.9741,0.6949,0.2961,-0.0719,0.024,0.0,0.0,2.0,-144.0,-86.0,-14.0,21,1
37206,3.1385,-0.9741,0.6934,0.2961,-0.0719,0.0,0.0,0.0,10.0,-144.0,-85.0,-14.0,19,1
37218,3.1385,-0.9741,0.6934,0.2961,-0.0479,0.0,0.0,0.0,12.0,-144.0,-84.0,-14.0,17,1
37230,3.1385,-0.9756,0.6934,0.2961,-0.0479,0.0,0.0,0.0,13.0,-134.0,-82.0,-14.0,18,1
37243,3.1385,-0.9787,0.6949,0.2961,0.0,-0.024,0.0,0.0,2.0,-77.0,-81.0,-15.0,16,1
37255,3.1401,-0.9817,0.6934,0.2961,0.0,-0.0479,0.0,0.0,0.0,-58.0,-83.0,-14.0,16,1
37267,3.1401,-0.9848,0.6934,0.2961,0.0,-0.0959,0.0,0.0,0.0,-43.0,-83.0,-14.0,11,1
37280,3.1401,-0.9863,0.6949,0.2961,0.0,-0.1198,0.0,0.0,0.0,-44.0,-84.0,-14.0,4,0
37292,3.1401,-0.9894,0.6934,0.2961,0.0,-0.1678,0.0,0.0,0.0,-32.0,-82.0,-14.0,0,0
37304,3.1401,-0.994,0.6934,0.2961,0.0,-0.2157,0.0,0.0,0.0,-26.0,-80.0,-14.0,0,0
37316,3.1401,-0.9956,0.6934,0.2961,0.0,-0.2157,0.0,0.0,0.0,-31.0,-82.0,-14.0,0,0
37325,3.1401,-0.9956,0.6949,0.2961,0.0,-0.2157,0.0,0.0,0.0,-34.0,-81.0,-14.0,0,0
37337,3.1401,-0.9971,0.6934,0.2961,0.0,-0.1918,0.0,0.0,0.0,-29.0,-83.0,-14.0,0,0
37349,3.1401,-0.9971,0.6949,0.2961,0.0,-0.1678,0.0,0.0,0.0,-33.0,-85.0,-18.0,0,0
37362,3.1401,-0.9986,0.6949,0.2961,0.0,-0.1438,0.0,0.0,0.0,-36.0,-82.0,-14.0,0,0
37374,3.1401,-0.9986,0.6934,0.2961,0.0,-0.0719,0.0,0.0,0.0,-41.0,-82.0,-14.0,0,0
37382,3.1401,-0.9986,0.6934,0.2961,0.0,-0.0719,0.0,0.0,0.0,-41.0,-82.0,-14.0,0,0
37394,3.1401,-0.9971,0.6934,0.2961,0.0,-0.0479,0.0,0.0,0.0,-43.0,-80.0,-15.0,0,0
37407,3.1401,-0.9971,0.6934,0.2961,0.0,-0.024,0.0,0.0,0.0,-41.0,-82.0,-14.0,0,0
37419,3.1401,-0.9971,0.6949,0.2961,0.0,0.0,0.0,0.0,0.0,-22.0,-83.0,-14.0,0,0
37431,3.1401,-0.9986,0.6949,0.2961,0.0,0.0,0.0,0.0,0.0,-20.0,-80.0,-14.0,0,0
37439,3.1401,-0.9971,0.6949,0.2961,0.0,0.0,0.0,0.0,0.0,-30.0,-81.0,-15.0,0,0
37452,3.1401,-0.9971,0.6949,0.2961,0.0,0.0,0.0,0.0,0.0,-31.0,-81.0,-15.0,0,0
37464,3.1401,-0.9986,0.6949,0.2961,0.0,0.0,0.0,0.0,0.0,-38.0,-83.0,-14.0,0,0
37476,3.1401,-0.9971,0.6949,0.2961,0.0,0.0,0.0,0.0,0.0,-31.0,-83.0,-15.0,0,0
37489,3.1401,-0.9971,0.6934,0.2961,0.0,0.0,0.0,0.0,0.0,-30.0,-81.0,-14.0,0,0
37497,3.1401,-0.9971,0.6949,0.2961,0.0,0.0,0.0,0.0,0.0,-28.0,-82.0,-14.0,0,0
37509,3.1401,-0.9986,0.6934,0.2961,0.0,0.0,0.0,0.0,0.0,-27.0,-82.0,-14.0,0,0
37521,3.1401,-0.9986,0.6949,0.2961,0.0,0.0,0.0,0.0,0.0,-33.0,-81.0,-14.0,0,0
37534,3.1401,-0.9986,0.6949,0.2961,0.0,0.0,0.0,0.0,0.0,-32.0,-78.0,-14.0,0,0
37546,3.1401,-0.9971,0.6949,0.2961,0.0,0.0,0.0,0.0,0.0,-26.0,-81.0,-14.0,0,0
37554,3.1401,-0.9986,0.6949,0.2961,0.0,0.0,0.0,0.0,0.0,-27.0,-83.0,-15.0,0,0
37566,3.1401,-0.9986,0.6934,0.2961,0.0,0.0,0.0,0.0,0.0,-20.0,-81.0,-14.0,0,0
37579,3.1401,-0.9986,0.6934,0.2961,0.0,0.0,0.0,0.0,0.0,-26.0,-81.0,-14.0,0,0
37591,3.1401,-0.9986,0.6934,0.2961,0.0,0.0,0.0,0.0,0.0,-26.0,-80.0,-14.0,0,0
37599,3.1401,-0.9986,0.6949,0.2961,0.0,0.0,0.0,0.0,0.0,-29.0,-81.0,-13.0,0,0
37611,3.1401,-0.9986,0.6949,0.2961,0.0,0.0,0.0,0.0,0.0,-24.0,-83.0,-14.0,0,0
37624,3.1401,-0.9986,0.6949,0.2961,0.0,0.0,0.0,0.0,0.0,-36.0,-80.0,-14.0,0,0
37636,3.1401,-0.9971,0.6949,0.2961,0.0,0.0,0.0,0.0,0.0,-30.0,-81.0,-14.0,0,0
37648,3.1401,-0.9986,0.6934,0.2961,0.0,0.0,0.0,0.0,0.0,-34.0,-80.0,-14.0,0,0
37656,3.1401,-0.9986,0.6949,0.2961,0.0,0.0,0.0,0.0,0.0,-30.0,-79.0,-15.0,0,0
37669,3.1401,-0.9986,0.6949,0.2961,0.0,0.0,0.0,0.0,0.0,-32.0,-82.0,-15.0,0,0
37681,3.1401,-0.9986,0.6949,0.2961,0.0,0.0,0.0,0.0,0.0,-31.0,-77.0,-14.0,0,0
37693,3.1401,-0.9986,0.6949,0.2961,0.0,0.0,0.0,0.0,0.0,-40.0,-79.0,-14.0,0,0
37706,3.1401,-0.9971,0.6934,0.2961,0.0,0.0,0.0,0.0,0.0,-39.0,-81.0,-14.0,0,0
37714,3.1401,-0.9971,0.6949,0.2961,0.0,0.0,0.0,0.0,0.0,-34.0,-81.0,-14.0,0,0
37726,3.1401,-0.9986,0.6934,0.2961,0.0,0.0,0.0,0.0,0.0,-36.0,-82.0,-14.0,0,0
37738,3.1401,-0.9986,0.6949,0.2961,0.0,0.0,0.0,0.0,0.0,-31.0,-80.0,-14.0,0,0
37751,3.1401,-0.9986,0.6949,0.2961,0.0,0.0,0.0,0.0,0.0,-27.0,-82.0,-14.0,0,0
37763,3.1401,-0.9986,0.6949,0.2961,0.0,0.0,0.0,0.0,0.0,-32.0,-79.0,-15.0,0,0
37771,3.1401,-0.9986,0.6949,0.2961,0.0,0.0,0.0,0.0,0.0,-32.0,-79.0,-15.0,0,0
37783,3.1401,-0.9986,0.6949,0.2961,0.0,0.0,0.0,0.0,0.0,-34.0,-77.0,-14.0,0,0
37796,3.1401,-0.9986,0.6934,0.2961,0.0,0.0,0.0,0.0,0.0,-30.0,-78.0,-14.0,0,0
37808,3.1401,-0.9986,0.6934,0.2961,0.0,0.0,0.0,0.0,0.0,-36.0,-77.0,-14.0,0,0
37820,3.1401,-0.9986,0.6949,0.2961,0.0,0.0,0.0,0.0,0.0,-38.0,-79.0,-14.0,0,0
37828,3.1401,-0.9971,0.6949,0.2961,0.0,0.0,0.0,0.0,0.0,-28.0,-81.0,-14.0,0,0
37841,3.1401,-0.9986,0.6934,0.2961,0.0,0.0,0.0,0.0,0.0,-35.0,-79.0,-14.0,0,0
37853,3.1401,-0.9971,0.6949,0.2961,0.0,0.0,0.0,0.0,0.0,-38.0,-80.0,-14.0,0,0
37865,3.1401,-0.9986,0.6949,0.2961,0.0,0.0,0.0,0.0,0.0,-33.0,-83.0,-14.0,0,0
37878,3.1401,-0.9986,0.6934,0.2961,0.0,0.0,0.0,0.0,0.0,-34.0,-76.0,-14.0,0,0
37886,3.1401,-0.9986,0.6949,0.2961,0.0,0.0,0.0,0.0,0.0,-33.0,-80.0,-14.0,0,0
37898,3.1401,-0.9986,0.6934,0.2961,0.0,0.0,0.0,0.0,0.0,-34.0,-78.0,-14.0,0,0
37910,3.1401,-0.9971,0.6949,0.2961,0.0,0.0,0.0,0.0,0.0,-36.0,-76.0,-15.0,0,0
37923,3.1401,-0.9986,0.6949,0.2961,0.0,0.0,0.0,0.0,0.0,-34.0,-77.0,-14.0,0,0
37935,3.1401,-0.9971,0.6934,0.2961,0.0,0.0,0.0,0.0,0.0,-35.0,-74.0,-14.0,0,0
37943,3.1401,-0.9986,0.6949,0.2961,0.0,0.0,0.0,0.0,0.0,-34.0,-78.0,-14.0,0,0
37955,3.1401,-0.9986,0.6934,0.2961,0.0,0.0,0.0,0.0,0.0,-35.0,-76.0,-14.0,0,0
37968,3.1401,-0.9986,0.6949,0.2961,0.0,0.0,0.0,0.0,0.0,-39.0,-75.0,-14.0,0,0
37980,3.1401,-0.9986,0.6934,0.2961,0.0,0.0,0.0,0.0,0.0,-35.0,-76.0,-14.0,0,0
37992,3.1401,-0.9986,0.6934,0.2961,0.0,0.0,0.0,0.0,0.0,-35.0,-78.0,-14.0,0,0
38001,3.1401,-0.9986,0.6949,0.2961,0.0,0.0,0.0,0.0,0.0,-31.0,-78.0,-14.0,0,0
38013,3.1401,-0.9971,0.6934,0.2961,0.0,0.0,0.0,0.0,0.0,-39.0,-75.0,-14.0,0,0
38025,3.1401,-0.9971,0.6949,0.2961,0.0,0.0,0.0,0.0,0.0,-36.0,-77.0,-14.0,0,0
38037,3.1401,-0.9986,0.6934,0.2961,0.0,0.0,0.0,0.0,0.0,-33.0,-79.0,-14.0,0,0
38046,3.1401,-0.9971,0.6934,0.2961,0.0,0.0,0.0,0.0,0.0,-36.0,-77.0,-14.0,0,0
38058,3.1401,-0.9986,0.6934,0.2961,0.0,0.0,0.0,0.0,0.0,-34.0,-76.0,-14.0,0,0
38070,3.1416,-0.9986,0.6934,0.2961,0.0,0.0,0.0,0.0,0.0,-33.0,-77.0,-14.0,0,0
38082,3.1416,-0.9971,0.6949,0.2961,0.0,0.0,0.0,0.0,0.0,-35.0,-77.0,-14.0,0,0
38095,3.1416,-0.9986,0.6949,0.2961,0.0,0.0,0.0,0.0,0.0,-35.0,-77.0,-14.0,0,0
38103,3.1416,-0.9986,0.6934,0.2961,0.0,0.0,0.0,0.0,0.0,-35.0,-80.0,-14.0,0,0
38115,3.1401,-0.9971,0.6949,0.2961,0.0,0.0,0.0,0.0,0.0,-30.0,-80.0,-14.0,5,0
38127,3.1401,-0.9986,0.6949,0.2961,0.0,0.0,0.0,0.0,0.0,-32.0,-85.0,-14.0,2,0
38140,3.1401,-0.9971,0.6964,0.2961,0.0,0.0,0.0,0.0,0.0,-34.0,-97.0,-14.0,0,0
38152,3.1385,-0.9971,0.698,0.2961,0.0,0.0,0.0,0.0,10.0,-37.0,-116.0,-14.0,0,0
38160,3.1385,-0.9971,0.6995,0.2961,-0.024,0.0,0.024,0.0,9.0,-34.0,-131.0,-14.0,4,0
38173,3.1401,-0.9986,0.7026,0.2961,-0.024,0.0,0.0719,0.0,4.0,-30.0,-137.0,-15.0,8,0
38185,3.1385,-0.9971,0.7041,0.2961,-0.024,0.0,0.0959,0.0,10.0,-21.0,-149.0,-14.0,10,0
38197,3.1401,-0.9986,0.7072,0.2961,0.0,0.0,0.1198,0.0,9.0,-19.0,-165.0,-14.0,15,1
38209,3.1385,-0.9986,0.7087,0.2961,0.0,0.0,0.1438,0.0,3.0,-22.0,-173.0,-14.0,15,1
38222,3.1401,-0.9971,0.7102,0.2961,0.0,0.0,0.1678,0.0,18.0,-28.0,-165.0,-16.0,18,1
38234,3.1385,-0.9971,0.7118,0.2976,0.0,0.0,0.1438,0.0,19.0,-36.0,-178.0,-14.0,19,1
38250,3.1385,-0.9971,0.7118,0.2961,0.0,0.0,0.1198,0.0,18.0,-35.0,-177.0,-14.0,20,1
38263,3.1385,-0.9971,0.7118,0.2961,0.0,0.0,0.0959,0.0,19.0,-46.0,-180.0,-14.0,21,1
38275,3.1385,-0.9956,0.7118,0.2961,0.0,0.0,0.0719,0.0,20.0,-52.0,-177.0,-14.0,20,1
38287,3.1385,-0.9956,0.7118,0.2961,0.0,0.0,0.0479,0.0,21.0,-46.0,-180.0,-14.0,19,1
38300,3.1385,-0.9971,0.7118,0.2961,0.0,0.0,0.024,0.0,19.0,-48.0,-184.0,-14.0,18,1
38312,3.1385,-0.9956,0.7118,0.2961,0.0,0.0,0.0,0.0,19.0,-44.0,-180.0,-14.0,19,1
38324,3.1385,-0.9956,0.7118,0.2961,0.0,0.0,0.0,0.0,19.0,-45.0,-182.0,-14.0,21,1
38336,3.1385,-0.9956,0.7118,0.2961,0.0,0.0,0.0,0.0,18.0,-47.0,-183.0,-14.0,21,1
38349,3.1385,-0.9956,0.7118,0.2961,0.0,0.0,0.0,0.0,21.0,-46.0,-178.0,-14.0,22,1
38361,3.1385,-0.9956,0.7102,0.2961,0.0,0.0,0.0,0.0,20.0,-45.0,-178.0,-14.0,22,1
38373,3.1401,-0.9956,0.7102,0.2961,0.0,0.0,0.0,0.0,4.0,-44.0,-175.0,-14.0,20,1
38386,3.1401,-0.9956,0.7102,0.2961,0.0,0.0,0.0,0.0,4.0,-45.0,-173.0,-14.0,19,1
38398,3.1401,-0.9971,0.7102,0.2961,0.0,0.0,0.0,0.0,0.0,-43.0,-168.0,-14.0,16,1
38410,3.1416,-0.9956,0.7102,0.2961,0.0,0.0,0.0,0.0,0.0,-44.0,-149.0,-14.0,13,1
38422,3.1416,-0.9971,0.7087,0.2961,0.024,0.0,0.0,0.0,-3.0,-41.0,-140.0,-14.0,11,1
38435,3.1431,-0.9986,0.7056,0.2961,0.0479,0.0,-0.024,0.0,0.0,-28.0,-109.0,-14.0,9,0
38447,3.1431,-0.9986,0.7041,0.2961,0.0479,0.0,-0.0479,0.0,-2.0,-7.0,-102.0,-14.0,7,0
38459,3.1447,-0.9986,0.7041,0.2961,0.0479,-0.024,-0.0719,0.0,-7.0,-10.0,-101.0,-14.0,3,0
38467,3.1447,-0.9986,0.7026,0.2961,0.0479,-0.024,-0.0719,0.0,-7.0,-14.0,-102.0,-14.0,0,0
38480,3.1431,-0.9986,0.7026,0.2961,0.0479,-0.024,-0.0959,0.0,0.0,-17.0,-108.0,-14.0,0,0
38492,3.1416,-0.9986,0.7026,0.2961,0.024,-0.024,-0.0959,0.0,5.0,-21.0,-117.0,-14.0,0,0
38504,3.1385,-0.9986,0.7026,0.2961,-0.024,-0.024,-0.0719,0.0,11.0,-21.0,-118.0,-14.0,0,0
38517,3.137,-0.9986,0.7026,0.2961,-0.0479,0.0,-0.0479,0.0,9.0,-22.0,-120.0,-14.0,0,0
38525,3.137,-0.9986,0.7026,0.2961,-0.0719,0.0,-0.024,0.0,12.0,-23.0,-118.0,-14.0,0,0
38537,3.1385,-0.9986,0.7026,0.2961,-0.0959,0.0,0.0,0.0,1.0,-23.0,-119.0,-14.0,0,0
38549,3.1401,-0.9986,0.7026,0.2961,-0.0719,0.0,0.0,0.0,-4.0,-23.0,-117.0,-14.0,0,0
38562,3.1416,-0.9986,0.7026,0.2961,-0.0479,0.0,0.0,0.0,-1.0,-23.0,-117.0,-13.0,0,0
38574,3.1431,-0.9986,0.701,0.2961,0.0,0.0,0.0,0.0,0.0,-24.0,-117.0,-14.0,0,0
38582,3.1431,-0.9986,0.701,0.2961,0.0,0.0,0.0,0.0,0.0,-24.0,-117.0,-14.0,0,0
38594,3.1431,-0.9986,0.7026,0.2961,0.0719,0.0,0.0,0.0,0.0,-24.0,-118.0,-14.0,0,0
38607,3.1431,-0.9986,0.7026,0.2961,0.0719,0.0,0.0,0.0,0.0,-23.0,-119.0,-14.0,0,0
38619,3.1416,-0.9986,0.7026,0.2961,0.0479,0.0,0.0,0.0,0.0,-24.0,-121.0,-14.0,0,0
38631,3.1416,-0.9986,0.7026,0.2961,0.024,0.0,0.0,0.0,0.0,-24.0,-119.0,-14.0,0,0
38639,3.1416,-0.9986,0.7026,0.2961,0.0,0.0,0.0,0.0,0.0,-23.0,-119.0,-14.0,0,0
38652,3.1416,-0.9986,0.7026,0.2961,0.0,0.0,0.0,0.0,-6.0,-20.0,-120.0,-15.0,0,0
38664,3.1416,-1.0002,0.7026,0.2961,0.0,0.0,0.0,0.0,-7.0,0.0,-120.0,-14.0,0,0
38676,3.1416,-1.0017,0.7026,0.2961,0.0,-0.024,0.0,0.0,-4.0,0.0,-120.0,-14.0,0,0
38685,3.1416,-1.0017,0.701,0.2961,0.0,-0.024,0.0,0.0,-5.0,0.0,-120.0,-15.0,0,0
38697,3.1416,-1.0017,0.7026,0.2961,0.0,-0.024,0.0,0.0,-2.0,-2.0,-116.0,-14.0,0,0
38709,3.1431,-1.0017,0.7026,0.2961,0.0,-0.024,0.0,0.0,-2.0,-5.0,-115.0,-14.0,0,0
38721,3.1416,-1.0017,0.701,0.2961,0.0,-0.024,0.0,0.0,-1.0,-6.0,-114.0,-14.0,0,0
38734,3.1416,-1.0017,0.7026,0.2961,0.0,-0.024,0.0,0.0,0.0,-6.0,-121.0,-14.0,0,0
38742,3.1416,-1.0017,0.7026,0.2961,0.0,-0.024,0.0,0.0,0.0,-6.0,-121.0,-14.0,0,0
38754,3.1416,-1.0017,0.7026,0.2961,0.0,0.0,0.0,0.0,0.0,-3.0,-122.0,-14.0,0,0
38766,3.1416,-1.0017,0.7026,0.2961,0.0,0.0,0.0,0.0,0.0,-3.0,-121.0,-14.0,0,0
38779,3.1416,-1.0017,0.7026,0.2961,0.0,0.0,0.0,0.0,0.0,-3.0,-118.0,-14.0,0,0
38791,3.1416,-1.0017,0.701,0.2961,0.0,0.0,0.0,0.0,0.0,-1.0,-117.0,-14.0,0,0
38799,3.1416,-1.0017,0.701,0.2961,0.0,0.0,0.0,0.0,0.0,-1.0,-116.0,-14.0,0,0
38811,3.1416,-1.0017,0.701,0.2961,0.0,0.0,0.0,0.0,0.0,-1.0,-115.0,-14.0,0,0
38824,3.1416,-1.0017,0.701,0.2961,0.0,0.0,0.0,0.0,0.0,-1.0,-114.0,-14.0,0,0
38836,3.1416,-1.0017,0.701,0.2961,0.0,0.0,0.0,0.0,0.0,-1.0,-114.0,-14.0,0,0
38848,3.1416,-1.0017,0.701,0.2961,0.0,0.0,0.0,0.0,0.0,-1.0,-115.0,-14.0,0,0
38857,3.1416,-1.0017,0.701,0.2961,0.0,0.0,0.0,0.0,0.0,-1.0,-116.0,-14.0,0,0
38869,3.1401,-1.0017,0.701,0.2961,0.0,0.0,0.0,0.0,0.0,-1.0,-117.0,-14.0,0,0
38881,3.1416,-1.0017,0.701,0.2961,0.0,0.0,0.0,0.0,0.0,-1.0,-116.0,-14.0,0,0
38893,3.1401,-1.0017,0.701,0.2961,0.0,0.0,0.0,0.0,0.0,-1.0,-115.0,-14.0,0,0
38906,3.1416,-1.0017,0.701,0.2961,0.0,0.0,0.0,0.0,0.0,-3.0,-115.0,-14.0,0,0
38914,3.1416,-1.0017,0.701,0.2961,0.0,0.0,0.0,0.0,0.0,-2.0,-115.0,-14.0,0,0
38926,3.1416,-1.0017,0.701,0.2961,0.0,0.0,0.0,0.0,0.0,-1.0,-115.0,-14.0,0,0
38938,3.1416,-1.0017,0.701,0.2961,0.0,0.0,0.0,0.0,0.0,-1.0,-115.0,-14.0,0,0
38951,3.1401,-1.0017,0.701,0.2961,0.0,0.0,0.0,0.0,0.0,-1.0,-115.0,-14.0,0,0
38963,3.1416,-1.0017,0.7026,0.2961,0.0,0.0,0.0,0.0,0.0,0.0,-116.0,-14.0,0,0
38971,3.1416,-1.0017,0.7026,0.2961,0.0,0.0,0.0,0.0,0.0,0.0,-116.0,-14.0,0,0
38984,3.1416,-1.0017,0.701,0.2961,0.0,0.0,0.0,0.0,0.0,-1.0,-120.0,-14.0,0,0
38996,3.1416,-1.0017,0.701,0.2961,0.0,0.0,0.0,0.0,0.0,-1.0,-117.0,-14.0,0,0
39008,3.1416,-1.0017,0.701,0.2961,0.0,0.0,0.0,0.0,0.0,-1.0,-117.0,-14.0,0,0
39020,3.1416,-1.0017,0.701,0.2961,0.0,0.0,0.0,0.0,0.0,-1.0,-118.0,-14.0,0,0
39029,3.1416,-1.0017,0.701,0.2961,0.0,0.0,0.0,0.0,0.0,-1.0,-117.0,-14.0,0,0
39041,3.1416,-1.0017,0.701,0.2961,0.0,0.0,0.0,0.0,0.0,-1.0,-117.0,-14.0,0,0
39053,3.1416,-1.0017,0.701,0.2961,0.0,0.0,0.0,0.0,0.0,-1.0,-117.0,-14.0,0,0
39065,3.1416,-1.0017,0.701,0.2961,0.0,0.0,0.0,0.0,0.0,-2.0,-117.0,-14.0,0,0
39078,3.1416,-1.0017,0.701,0.2961,0.0,0.0,0.0,0.0,0.0,-1.0,-117.0,-14.0,0,0
39086,3.1416,-1.0017,0.701,0.2961,0.0,0.0,0.0,0.0,0.0,-1.0,-120.0,-14.0,0,0
39098,3.1416,-1.0017,0.701,0.2961,0.0,0.0,0.0,0.0,0.0,-1.0,-118.0,-14.0,0,0
39110,3.1416,-1.0017,0.7026,0.2961,0.0,0.0,0.0,0.0,0.0,-1.0,-119.0,-14.0,0,0
39123,3.1416,-1.0017,0.701,0.2961,0.0,0.0,0.0,0.0,0.0,-1.0,-117.0,-15.0,0,0
39131,3.1416,-1.0017,0.701,0.2961,0.0,0.0,0.0,0.0,0.0,-1.0,-117.0,-15.0,0,0
39143,3.1401,-1.0017,0.701,0.2961,0.0,0.0,0.0,0.0,0.0,-1.0,-117.0,-14.0,0,0
39156,3.1416,-1.0017,0.701,0.2961,0.0,0.0,0.0,0.0,0.0,-1.0,-117.0,-14.0,0,0
39168,3.1416,-1.0017,0.701,0.2961,0.0,0.0,0.0,0.0,0.0,0.0,-117.0,-14.0,0,0
39180,3.1416,-1.0017,0.701,0.2961,0.0,0.0,0.0,0.0,0.0,0.0,-117.0,-14.0,0,0
39188,3.1416,-1.0017,0.701,0.2961,0.0,0.0,0.0,0.0,0.0,-6.0,-118.0,-14.0,0,0
39201,3.1416,-1.0017,0.701,0.2961,0.0,0.0,0.0,0.0,0.0,-13.0,-118.0,-14.0,0,0
39213,3.1416,-1.0002,0.701,0.2961,0.0,0.0,0.0,0.0,-2.0,-16.0,-118.0,-14.0,0,0
39225,3.1416,-1.0002,0.7026,0.2961,0.0,0.0,0.0,0.0,-1.0,-17.0,-117.0,-14.0,0,0
39237,3.1416,-1.0002,0.701,0.2961,0.0,0.0,0.0,0.0,-2.0,-20.0,-118.0,-14.0,0,0
39246,3.1416,-0.9986,0.701,0.2961,0.0,0.0,0.0,0.0,-2.0,-23.0,-115.0,-14.0,0,0
39258,3.1416,-0.9986,0.701,0.2961,0.0,0.024,0.0,0.0,-3.0,-25.0,-111.0,-14.0,0,0
39270,3.1416,-0.9971,0.701,0.2961,0.0,0.024,0.0,0.0,-6.0,-46.0,-107.0,-14.0,0,0
39283,3.1416,-0.994,0.6995,0.2961,0.0,0.0479,0.0,0.0,-6.0,-77.0,-111.0,-14.0,2,0
39295,3.1416,-0.9925,0.6995,0.2961,0.0,0.0719,0.0,0.0,-6.0,-81.0,-112.0,-14.0,6,0
39303,3.1416,-0.9894,0.6995,0.2961,0.0,0.0959,0.0,0.0,-4.0,-109.0,-113.0,-14.0,4,0
39315,3.1416,-0.9863,0.701,0.2961,0.0,0.1198,0.0,0.0,-4.0,-126.0,-116.0,-14.0,4,0
39328,3.1416,-0.9848,0.701,0.2961,0.0,0.1438,0.0,0.0,-4.0,-133.0,-117.0,-14.0,4,0
39340,3.1416,-0.9833,0.701,0.2961,0.0,0.1678,0.0,0.0,-4.0,-129.0,-116.0,-14.0,6,0
39352,3.1416,-0.9817,0.6995,0.2961,0.0,0.1918,0.0,0.0,-4.0,-134.0,-118.0,-14.0,18,1
39364,3.1416,-0.9771,0.701,0.2976,0.0,0.1918,0.0,0.0,-3.0,-147.0,-112.0,-14.0,31,1
39377,3.1416,-0.9756,0.6995,0.2961,0.0,0.1918,0.0,0.0,-2.0,-155.0,-115.0,-14.0,39,1
39389,3.1416,-0.9756,0.701,0.2961,0.0,0.1918,0.0,0.0,0.0,-147.0,-115.0,-14.0,43,1
39401,3.1401,-0.9741,0.6995,0.2961,0.0,0.1678,0.0,0.0,0.0,-141.0,-114.0,-14.0,46,1
39414,3.137,-0.9741,0.701,0.2961,-0.024,0.1198,0.0,0.0,8.0,-138.0,-117.0,-14.0,49,1
39426,3.1355,-0.9741,0.701,0.2961,-0.0479,0.0959,0.0,0.0,20.0,-137.0,-116.0,-15.0,50,1
39438,3.1355,-0.9741,0.701,0.2961,-0.0719,0.0719,0.0,0.0,22.0,-134.0,-115.0,-14.0,51,1
39450,3.1355,-0.9756,0.701,0.2961,-0.0719,0.0479,0.0,0.0,24.0,-133.0,-118.0,-14.0,50,1
39463,3.137,-0.9756,0.701,0.2961,-0.0479,0.0,0.0,0.0,16.0,-133.0,-117.0,-14.0,49,1
39475,3.137,-0.9756,0.701,0.2961,-0.024,0.0,0.0,0.0,13.0,-123.0,-114.0,-14.0,48,1
39487,3.1385,-0.9787,0.6995,0.2961,0.0,-0.024,0.0,0.0,5.0,-84.0,-112.0,-14.0,44,1
39500,3.1385,-0.9817,0.6995,0.2961,0.0,-0.0479,0.0,0.0,1.0,-55.0,-108.0,-14.0,33,1
39512,3.137,-0.9848,0.6995,0.2961,0.024,-0.0719,0.0,0.0,1.0,-42.0,-105.0,-14.0,25,1
39528,3.1385,-0.9894,0.6995,0.2961,0.024,-0.1438,0.0,0.0,1.0,-22.0,-110.0,-14.0,10,0
39536,3.1385,-0.9925,0.698,0.2961,0.024,-0.1678,0.0,0.0,0.0,-23.0,-112.0,-14.0,2,0
39549,3.1385,-0.994,0.6995,0.2961,0.024,-0.2157,0.0,0.0,0.0,-26.0,-109.0,-14.0,0,0
39561,3.1385,-0.994,0.698,0.2961,0.0,-0.2157,0.0,0.0,0.0,-33.0,-109.0,-14.0,0,0
39573,3.1401,-0.9956,0.6995,0.2961,0.0,-0.1918,0.0,0.0,0.0,-35.0,-110.0,-14.0,0,0
39586,3.1401,-0.9956,0.6995,0.2961,0.0,-0.1678,0.0,0.0,0.0,-39.0,-112.0,-14.0,0,0
39594,3.1401,-0.9971,0.6995,0.2961,0.0,-0.1198,0.0,0.0,0.0,-41.0,-112.0,-14.0,0,0
39606,3.1401,-0.9956,0.6995,0.2961,0.0,-0.0959,0.0,0.0,0.0,-45.0,-114.0,-14.0,0,0
39618,3.1401,-0.9956,0.6995,0.2961,0.0,-0.0479,0.0,0.0,0.0,-44.0,-111.0,-14.0,0,0
39631,3.1401,-0.9956,0.6995,0.2961,0.0,-0.0479,0.0,0.0,0.0,-40.0,-112.0,-14.0,0,0
39639,3.1401,-0.9971,0.6995,0.2961,0.0,-0.024,0.0,0.0,0.0,-42.0,-113.0,-14.0,0,0
39651,3.1401,-0.9971,0.6995,0.2961,0.0,0.0,0.0,0.0,0.0,-41.0,-111.0,-15.0,0,0
39663,3.1401,-0.9956,0.698,0.2961,0.0,0.0,0.0,0.0,0.0,-41.0,-111.0,-14.0,0,0
39676,3.1401,-0.9971,0.6995,0.2961,0.0,0.0,0.0,0.0,0.0,-41.0,-113.0,-14.0,0,0
39688,3.1401,-0.9956,0.6995,0.2961,0.0,0.0,0.0,0.0,0.0,-38.0,-109.0,-14.0,0,0
39696,3.1401,-0.9971,0.6995,0.2961,0.0,0.0,0.0,0.0,0.0,-31.0,-112.0,-14.0,0,0
39708,3.1401,-0.9971,0.6995,0.2961,0.0,0.0,0.0,0.0,0.0,-38.0,-113.0,-15.0,0,0
39721,3.1401,-0.9971,0.6995,0.2961,0.0,0.0,0.0,0.0,0.0,-40.0,-113.0,-15.0,0,0
39733,3.1401,-0.9971,0.698,0.2961,0.0,0.0,0.0,0.0,0.0,-38.0,-113.0,-15.0,0,0
39745,3.1401,-0.9971,0.6995,0.2961,0.0,0.0,0.0,0.0,0.0,-39.0,-113.0,-14.0,0,0
39754,3.1401,-0.9971,0.698,0.2961,0.0,0.0,0.0,0.0,0.0,-40.0,-111.0,-14.0,0,0
39766,3.1401,-0.9971,0.6995,0.2961,0.0,0.0,0.0,0.0,0.0,-43.0,-113.0,-14.0,0,0
39778,3.1401,-0.9971,0.6995,0.2961,0.0,0.0,0.0,0.0,0.0,-38.0,-110.0,-15.0,0,0
39790,3.1401,-0.9971,0.6995,0.2961,0.0,0.0,0.0,0.0,0.0,-36.0,-114.0,-14.0,0,0
39803,3.1401,-0.9971,0.698,0.2961,0.0,0.0,0.0,0.0,0.0,-37.0,-109.0,-14.0,0,0
39811,3.1401,-0.9971,0.698,0.2961,0.0,0.0,0.0,0.0,0.0,-37.0,-109.0,-14.0,0,0
39823,3.1401,-0.9971,0.6995,0.2961,0.0,0.0,0.0,0.0,0.0,-36.0,-113.0,-14.0,0,0
39835,3.1401,-0.9971,0.698,0.2961,0.0,0.0,0.0,0.0,0.0,-39.0,-111.0,-14.0,0,0
39848,3.1401,-0.9971,0.6995,0.2961,0.0,0.0,0.0,0.0,0.0,-38.0,-112.0,-14.0,0,0
39860,3.1401,-0.9971,0.6995,0.2961,0.0,0.0,0.0,0.0,0.0,-43.0,-113.0,-14.0,1,0
39868,3.1401,-0.9971,0.698,0.2961,0.0,0.0,0.0,0.0,0.0,-35.0,-110.0,-14.0,1,0
39881,3.1401,-0.9971,0.6995,0.2961,0.0,0.0,0.0,0.0,0.0,-32.0,-110.0,-15.0,0,0
39893,3.1401,-0.9971,0.6995,0.2961,0.0,0.0,0.0,0.0,0.0,-32.0,-112.0,-14.0,0,0
39905,3.1401,-0.9971,0.6995,0.2961,0.0,0.0,0.0,0.0,0.0,-36.0,-108.0,-14.0,1,0
39917,3.1401,-0.9971,0.6995,0.2961,0.0,0.0,0.0,0.0,0.0,-32.0,-112.0,-14.0,0,0
39926,3.1401,-0.9956,0.6995,0.2961,0.0,0.0,0.0,0.0,0.0,-33.0,-110.0,-14.0,0,0
39938,3.1401,-0.9971,0.6995,0.2961,0.0,0.0,0.0,0.0,0.0,-39.0,-113.0,-14.0,0,0
39950,3.1401,-0.9956,0.6995,0.2961,0.0,0.0,0.0,0.0,0.0,-35.0,-114.0,-14.0,1,0
39962,3.1401,-0.9971,0.698,0.2961,0.0,0.0,0.0,0.0,0.0,-34.0,-114.0,-14.0,0,0
39975,3.1401,-0.9971,0.698,0.2961,0.0,0.0,0.0,0.0,0.0,-33.0,-113.0,-14.0,0,0
39983,3.1401,-0.9971,0.6995,0.2961,0.0,0.0,0.0,0.0,0.0,-38.0,-114.0,-14.0,0,0
39995,3.1401,-0.9971,0.6995,0.2961,0.0,0.0,0.0,0.0,0.0,-38.0,-114.0,-14.0,0,0
40007,3.1401,-0.9971,0.6995,0.2961,0.0,0.0,0.0,0.0,0.0,-32.0,-112.0,-14.0,0,0
40020,3.1401,-0.9971,0.6995,0.2961,0.0,0.0,0.0,0.0,0.0,-33.0,-112.0,-14.0,0,0
40032,3.1401,-0.9956,0.6995,0.2961,0.0,0.0,0.0,0.0,0.0,-31.0,-112.0,-14.0,0,0
40040,3.1401,-0.9956,0.6995,0.2961,0.0,0.0,0.0,0.0,0.0,-34.0,-114.0,-16.0,0,0
40053,3.1401,-0.9971,0.6995,0.2961,0.0,0.0,0.0,0.0,0.0,-40.0,-113.0,-14.0,0,0
40065,3.1401,-0.9971,0.6995,0.2961,0.0,0.0,0.0,0.0,0.0,-36.0,-111.0,-14.0,0,0
40077,3.1401,-0.9971,0.6995,0.2961,0.0,0.0,0.0,0.0,0.0,-33.0,-113.0,-14.0,0,0
40085,3.1401,-0.9956,0.6995,0.2961,0.0,0.0,0.0,0.0,0.0,-35.0,-114.0,-14.0,0,0
40098,3.1401,-0.9971,0.6995,0.2961,0.0,0.0,0.0,0.0,0.0,-36.0,-111.0,-14.0,0,0
40110,3.1401,-0.9971,0.698,0.2961,0.0,0.0,0.0,0.0,0.0,-38.0,-113.0,-14.0,0,0
40122,3.1401,-0.9971,0.6995,0.2961,0.0,0.0,0.0,0.0,0.0,-38.0,-114.0,-14.0,0,0
40134,3.1401,-0.9971,0.6995,0.2961,0.0,0.0,0.0,0.0,0.0,-33.0,-111.0,-14.0,1,0
40143,3.1401,-0.9971,0.698,0.2961,0.0,0.0,0.0,0.0,0.0,-36.0,-113.0,-14.0,1,0
40155,3.1401,-0.9971,0.6995,0.2961,0.0,0.0,0.0,0.0,0.0,-33.0,-112.0,-15.0,1,0
40167,3.1401,-0.9971,0.6995,0.2961,0.0,0.0,0.0,0.0,0.0,-33.0,-110.0,-14.0,1,0
40180,3.1401,-0.9971,0.6995,0.2961,0.0,0.0,0.0,0.0,0.0,-38.0,-115.0,-14.0,0,0
40192,3.1401,-0.9971,0.6995,0.2961,0.0,0.0,0.0,0.0,0.0,-40.0,-111.0,-15.0,0,0
40200,3.1401,-0.9956,0.6995,0.2961,0.0,0.0,0.0,0.0,0.0,-32.0,-109.0,-15.0,0,0
40212,3.1401,-0.9971,0.6995,0.2961,0.0,0.0,0.0,0.0,0.0,-20.0,-113.0,-14.0,0,0
40225,3.1401,-0.9956,0.698,0.2961,0.0,0.0,0.0,0.0,0.0,-25.0,-113.0,-14.0,0,0
40237,3.1401,-0.9971,0.6995,0.2961,0.0,0.0,0.0,0.0,0.0,-23.0,-113.0,-14.0,0,0
40249,3.1401,-0.9956,0.6995,0.2961,0.0,0.0,0.0,0.0,0.0,-25.0,-115.0,-14.0,0,0
40257,3.1401,-0.9956,0.6995,0.2961,0.0,0.0,0.0,0.0,0.0,-24.0,-113.0,-15.0,0,0
40270,3.1401,-0.9971,0.698,0.2961,0.0,0.0,0.0,0.0,0.0,-30.0,-114.0,-14.0,0,0
40282,3.1401,-0.9971,0.6995,0.2961,0.0,0.0,0.0,0.0,0.0,-27.0,-114.0,-14.0,0,0
40294,3.1401,-0.9971,0.6995,0.2961,0.0,0.0,0.0,0.0,0.0,-29.0,-111.0,-14.0,0,0
40306,3.1401,-0.9971,0.6995,0.2961,0.0,0.0,0.0,0.0,0.0,-34.0,-114.0,-15.0,0,0
40315,3.1401,-0.9971,0.6995,0.2961,0.0,0.0,0.0,0.0,0.0,-35.0,-110.0,-15.0,0,0
40327,3.1401,-0.9971,0.6995,0.2961,0.0,0.0,0.0,0.0,0.0,-34.0,-113.0,-14.0,0,0
40339,3.1401,-0.9971,0.6995,0.2961,0.0,0.0,0.0,0.0,0.0,-25.0,-113.0,-14.0,0,0
40352,3.1401,-0.9971,0.6995,0.2961,0.0,0.0,0.0,0.0,0.0,-36.0,-113.0,-14.0,0,0
40364,3.1401,-0.9971,0.698,0.2961,0.0,0.0,0.0,0.0,0.0,-37.0,-115.0,-14.0,0,0
40372,3.1401,-0.9971,0.698,0.2961,0.0,0.0,0.0,0.0,0.0,-37.0,-115.0,-14.0,0,0
40384,3.1401,-0.9971,0.6995,0.2961,0.0,0.0,0.0,0.0,0.0,-35.0,-112.0,-14.0,0,0
40397,3.1401,-0.9971,0.6995,0.2961,0.0,0.0,0.0,0.0,0.0,-37.0,-114.0,-14.0,0,0
40409,3.1401,-0.9971,0.6995,0.2961,0.0,0.0,0.0,0.0,0.0,-36.0,-115.0,-14.0,0,0
40421,3.1401,-0.9971,0.6995,0.2961,0.0,0.0,0.0,0.0,0.0,-37.0,-114.0,-14.0,0,0
40429,3.1401,-0.9971,0.6995,0.2961,0.0,0.0,0.0,0.0,0.0,-34.0,-114.0,-14.0,0,0
40442,3.1401,-0.9971,0.6995,0.2961,0.0,0.0,0.0,0.0,0.0,-34.0,-114.0,-14.0,0,0
40454,3.1401,-0.9971,0.6995,0.2961,0.0,0.0,0.0,0.0,0.0,-29.0,-113.0,-14.0,0,0
40466,3.1401,-0.9971,0.6995,0.2961,0.0,0.0,0.0,0.0,0.0,-30.0,-114.0,-15.0,0,0
40479,3.1401,-0.9971,0.6995,0.2961,0.0,0.0,0.0,0.0,0.0,-29.0,-115.0,-14.0,0,0
40487,3.1401,-0.9971,0.6995,0.2961,0.0,0.0,0.0,0.0,0.0,-35.0,-113.0,-14.0,0,0
40499,3.1401,-0.9971,0.698,0.2961,0.0,0.0,0.0,0.0,0.0,-34.0,-112.0,-14.0,0,0
40511,3.1401,-0.9971,0.6995,0.2961,0.0,0.0,0.0,0.0,0.0,-37.0,-114.0,-14.0,0,0
40524,3.1385,-0.9971,0.698,0.2961,0.0,0.0,0.0,0.0,2.0,-34.0,-114.0,-14.0,0,0
40532,3.1385,-0.9971,0.698,0.2961,0.0,0.0,0.0,0.0,2.0,-34.0,-114.0,-14.0,0,0
40544,3.1385,-0.9956,0.698,0.2961,0.0,0.0,0.0,0.0,1.0,-36.0,-115.0,-14.0,0,0
40556,3.1385,-0.9971,0.6995,0.2961,0.0,0.0,0.0,0.0,1.0,-35.0,-112.0,-14.0,0,0
40569,3.1385,-0.9971,0.6995,0.2961,0.0,0.0,0.0,0.0,2.0,-33.0,-110.0,-14.0,5,0
40581,3.1385,-0.9971,0.6995,0.2961,0.0,0.0,0.0,0.0,2.0,-37.0,-114.0,-14.0,7,0
40589,3.1385,-0.9971,0.6995,0.2961,0.0,0.0,0.0,0.0,15.0,-37.0,-114.0,-14.0,9,0
40605,3.1385,-0.9971,0.6995,0.2961,0.0,0.0,0.0,0.0,2.0,-35.0,-114.0,-14.0,10,0
40618,3.1385,-0.9956,0.6995,0.2961,0.0,0.0,0.0,0.0,0.0,-28.0,-115.0,-14.0,13,1
40630,3.1385,-0.9971,0.6995,0.2961,0.0,0.0,0.0,0.0,0.0,-28.0,-115.0,-14.0,16,1
40642,3.1385,-0.9971,0.698,0.2961,0.0,0.0,0.0,0.0,2.0,-30.0,-114.0,-14.0,16,1
40655,3.1355,-0.9956,0.6995,0.2961,0.0,0.0,0.0,0.0,29.0,-31.0,-114.0,-14.0,16,1
40663,3.1355,-0.9971,0.6995,0.2961,0.0,0.0,0.0,0.0,36.0,-31.0,-111.0,-14.0,9,0
40675,3.137,-0.9971,0.6995,0.2961,-0.024,0.0,0.0,0.0,30.0,-34.0,-113.0,-14.0,1,0
40687,3.1355,-0.9956,0.6995,0.2961,-0.024,0.0,0.0,0.0,25.0,-39.0,-113.0,-14.0,1,0
40700,3.1355,-0.9971,0.6995,0.2961,-0.024,0.0,0.0,0.0,35.0,-38.0,-115.0,-14.0,4,0
40712,3.1339,-0.9956,0.6995,0.2961,-0.024,0.0,0.0,0.0,53.0,-41.0,-112.0,-14.0,14,1
40724,3.1293,-0.9956,0.6995,0.2961,-0.0479,0.0,0.0,0.0,96.0,-37.0,-114.0,-15.0,16,1
40737,3.1278,-0.9956,0.6995,0.2961,-0.0719,0.0,0.0,0.0,99.0,-41.0,-115.0,-14.0,13,1
40749,3.1263,-0.9956,0.6995,0.2961,-0.0959,0.0,0.0,0.0,104.0,-40.0,-114.0,-14.0,16,1
40761,3.1247,-0.9956,0.6995,0.2961,-0.1198,0.0,0.0,0.0,101.0,-37.0,-115.0,-14.0,18,1
40773,3.1217,-0.9971,0.6995,0.2961,-0.1678,0.0,0.0,0.0,119.0,-40.0,-114.0,-14.0,28,1
40786,3.1217,-0.9956,0.6995,0.2961,-0.1438,0.0,0.0,0.0,112.0,-41.0,-102.0,-14.0,35,1
40798,3.1201,-0.9956,0.698,0.2961,-0.1438,0.0,0.0,0.0,114.0,-40.0,-94.0,-15.0,42,1
40810,3.1186,-0.9956,0.698,0.2961,-0.1198,0.0,0.0,0.0,114.0,-42.0,-103.0,-14.0,43,1
40823,3.1201,-0.9956,0.698,0.2961,-0.0959,0.0,0.0,0.0,104.0,-37.0,-110.0,-14.0,44,1
40835,3.1201,-0.9956,0.698,0.2961,-0.0719,0.0,0.0,0.0,104.0,-40.0,-109.0,-14.0,45,1
40847,3.1201,-0.9956,0.698,0.2961,-0.0479,0.0,0.0,0.0,106.0,-40.0,-106.0,-14.0,47,1
40864,3.1201,-0.9956,0.698,0.2961,0.0,0.0,0.0,0.0,106.0,-41.0,-107.0,-14.0,50,1
40876,3.1201,-0.9956,0.698,0.2961,0.0,0.0,0.0,0.0,105.0,-41.0,-107.0,-14.0,49,1
40888,3.1201,-0.9956,0.698,0.2961,0.0,0.0,0.0,0.0,108.0,-37.0,-107.0,-14.0,56,1
40900,3.1201,-0.9956,0.698,0.2961,0.0,0.0,0.0,0.0,107.0,-37.0,-108.0,-14.0,60,1
40913,3.1201,-0.9956,0.698,0.2961,0.0,0.0,0.0,0.0,106.0,-43.0,-112.0,-14.0,59,1
40925,3.1217,-0.9956,0.698,0.2961,0.0,0.0,0.0,0.0,100.0,-42.0,-108.0,-14.0,58,1
40937,3.1217,-0.9956,0.698,0.2961,0.0,0.0,0.0,0.0,88.0,-35.0,-106.0,-14.0,54,1
40950,3.1247,-0.9971,0.698,0.2961,0.024,0.0,0.0,0.0,65.0,-38.0,-113.0,-14.0,47,1
40962,3.1263,-0.9971,0.698,0.2961,0.0479,0.0,0.0,0.0,44.0,-32.0,-105.0,-14.0,42,1
40974,3.1355,-0.9971,0.698,0.2961,0.1198,0.0,0.0,0.0,0.0,-34.0,-106.0,-14.0,35,1
40986,3.1385,-0.9971,0.698,0.2961,0.1678,0.0,0.0,0.0,-3.0,-33.0,-112.0,-14.0,22,1
40999,3.1385,-0.9971,0.698,0.2961,0.2157,0.0,0.0,0.0,0.0,-33.0,-106.0,-12.0,7,0
41011,3.1385,-0.9971,0.698,0.2961,0.2157,0.0,0.0,0.0,4.0,-33.0,-111.0,-14.0,0,0
41019,3.1401,-0.9971,0.698,0.2961,0.2157,0.0,0.0,0.0,2.0,-33.0,-112.0,-14.0,0,0
41031,3.1401,-0.9971,0.698,0.2961,0.2157,0.0,0.0,0.0,0.0,-35.0,-106.0,-14.0,0,0
41044,3.1447,-0.9971,0.698,0.2961,0.1678,0.0,0.0,0.0,-3.0,-31.0,-106.0,-12.0,0,0
41056,3.1447,-0.9971,0.698,0.2961,0.1438,0.0,0.0,0.0,0.0,-31.0,-112.0,-14.0,0,0
41068,3.1447,-0.9971,0.698,0.2961,0.1198,0.0,0.0,0.0,0.0,-31.0,-108.0,-14.0,0,0
41077,3.1431,-0.9971,0.698,0.2961,0.0959,0.0,0.0,0.0,7.0,-30.0,-111.0,-14.0,0,0
41089,3.1416,-0.9971,0.698,0.2961,0.0719,0.0,0.0,0.0,0.0,-32.0,-110.0,-14.0,0,0
41101,3.1401,-0.9971,0.698,0.2961,0.024,0.0,0.0,0.0,12.0,-31.0,-108.0,-15.0,0,0
41113,3.1401,-0.9956,0.698,0.2961,-0.024,0.0,0.0,0.0,5.0,-31.0,-112.0,-14.0,0,0
41126,3.1401,-0.9971,0.698,0.2961,-0.0479,0.0,0.0,0.0,-1.0,-31.0,-108.0,-14.0,0,0
41134,3.1416,-0.9971,0.698,0.2961,-0.0479,0.0,0.0,0.0,-2.0,-28.0,-107.0,-14.0,0,0
41146,3.1416,-0.9971,0.698,0.2961,-0.024,0.0,0.0,0.0,0.0,-32.0,-113.0,-14.0,0,0
41158,3.1416,-0.9971,0.698,0.2961,0.0,0.0,0.0,0.0,-2.0,-30.0,-110.0,-14.0,0,0
41171,3.1416,-0.9971,0.698,0.2961,0.0,0.0,0.0,0.0,0.0,-29.0,-110.0,-14.0,0,0
41183,3.1416,-0.9971,0.698,0.2961,0.0,0.0,0.0,0.0,0.0,-32.0,-105.0,-14.0,0,0
41191,3.1416,-0.9971,0.698,0.2961,0.0,0.0,0.0,0.0,0.0,-32.0,-105.0,-14.0,0,0
41203,3.1416,-0.9971,0.698,0.2961,0.0,0.0,0.0,0.0,0.0,-30.0,-106.0,-14.0,0,0
41216,3.1416,-0.9971,0.698,0.2961,0.0,0.0,0.0,0.0,0.0,-34.0,-109.0,-14.0,0,0
41228,3.1416,-0.9971,0.698,0.2961,0.0,0.0,0.0,0.0,0.0,-30.0,-113.0,-14.0,0,0
41236,3.1416,-0.9971,0.698,0.2961,0.0,0.0,0.0,0.0,0.0,-30.0,-114.0,-14.0,0,0
41249,3.1416,-0.9971,0.698,0.2961,0.0,0.0,0.0,0.0,0.0,-31.0,-106.0,-14.0,0,0
41261,3.1416,-0.9971,0.698,0.2961,0.0,0.0,0.0,0.0,1.0,-30.0,-107.0,-14.0,0,0
41273,3.1416,-0.9971,0.698,0.2961,0.0,0.0,0.0,0.0,2.0,-27.0,-109.0,-14.0,0,0
41285,3.1416,-0.9956,0.698,0.2961,0.0,0.0,0.0,0.0,0.0,-26.0,-106.0,-15.0,0,0
41294,3.1416,-0.9971,0.698,0.2961,0.0,0.0,0.0,0.0,4.0,-26.0,-109.0,-15.0,0,0
41306,3.1416,-0.9971,0.698,0.2961,0.0,0.0,0.0,0.0,0.0,-29.0,-110.0,-15.0,0,0
41318,3.1416,-0.9956,0.698,0.2961,0.0,0.0,0.0,0.0,0.0,-26.0,-109.0,-14.0,0,0
41330,3.1416,-0.9971,0.698,0.2961,0.0,0.0,0.0,0.0,0.0,-24.0,-107.0,-14.0,0,0
41343,3.1416,-0.9971,0.698,0.2961,0.0,0.0,0.0,0.0,0.0,-27.0,-108.0,-14.0,0,0
41351,3.1416,-0.9971,0.698,0.2961,0.0,0.0,0.0,0.0,0.0,-27.0,-108.0,-14.0,0,0
41363,3.1416,-0.9971,0.698,0.2961,0.0,0.0,0.0,0.0,0.0,-27.0,-108.0,-14.0,0,0
41375,3.1416,-0.9971,0.698,0.2961,0.0,0.0,0.0,0.0,0.0,-25.0,-114.0,-14.0,0,0
41388,3.1416,-0.9971,0.698,0.2961,0.0,0.0,0.0,0.0,0.0,-25.0,-107.0,-14.0,0,0
41400,3.1416,-0.9971,0.698,0.2961,0.0,0.0,0.0,0.0,0.0,-27.0,-106.0,-14.0,0,0
41408,3.1416,-0.9971,0.698,0.2961,0.0,0.0,0.0,0.0,0.0,-27.0,-111.0,-14.0,0,0
41421,3.1416,-0.9971,0.698,0.2961,0.0,0.0,0.0,0.0,2.0,-26.0,-112.0,-14.0,0,0
41433,3.1416,-0.9956,0.698,0.2961,0.0,0.0,0.0,0.0,0.0,-26.0,-106.0,-14.0,1,0
41446,3.1416,-0.9971,0.698,0.2961,0.0,0.0,0.0,0.0,0.0,-26.0,-112.0,-14.0,1,0
41457,3.1416,-0.9971,0.698,0.2961,0.0,0.0,0.0,0.0,0.0,-26.0,-109.0,-14.0,0,0
41466,3.1416,-0.9971,0.698,0.2961,0.0,0.0,0.0,0.0,0.0,-20.0,-106.0,-14.0,1,0
41478,3.1416,-0.9971,0.698,0.2961,0.0,0.0,0.0,0.0,0.0,-27.0,-108.0,-14.0,1,0
41490,3.1416,-0.9971,0.698,0.2961,0.0,0.0,0.0,0.0,0.0,-21.0,-111.0,-15.0,1,0
41502,3.1416,-0.9971,0.698,0.2961,0.0,0.0,0.0,0.0,0.0,-23.0,-111.0,-14.0,1,0
41515,3.1416,-0.9971,0.698,0.2976,0.0,0.0,0.0,0.0,0.0,-17.0,-109.0,-14.0,1,0
41523,3.1416,-0.9971,0.698,0.2961,0.0,0.0,0.0,0.0,0.0,-22.0,-109.0,-14.0,1,0
41535,3.1416,-0.9971,0.698,0.2961,0.0,0.0,0.0,0.0,0.0,-22.0,-107.0,-14.0,1,0
41548,3.1416,-0.9971,0.698,0.2961,0.0,0.0,0.0,0.0,0.0,-17.0,-108.0,-14.0,1,0
41560,3.1416,-0.9971,0.698,0.2961,0.0,0.0,0.0,0.0,0.0,-19.0,-112.0,-17.0,1,0
41572,3.1416,-0.9971,0.698,0.2961,0.0,0.0,0.0,0.0,0.0,-21.0,-109.0,-15.0,1,0
41580,3.1416,-0.9971,0.698,0.2961,0.0,0.0,0.0,0.0,0.0,-27.0,-111.0,-14.0,0,0
41593,3.1416,-0.9971,0.698,0.2961,0.0,0.0,0.0,0.0,0.0,-26.0,-109.0,-14.0,0,0
41605,3.1416,-0.9971,0.698,0.2961,0.0,0.0,0.0,0.0,0.0,-18.0,-105.0,-14.0,0,0
41617,3.1416,-0.9971,0.698,0.2961,0.0,0.0,0.0,0.0,0.0,-26.0,-109.0,-14.0,1,0
41629,3.1416,-0.9971,0.698,0.2961,0.0,0.0,0.0,0.0,3.0,-23.0,-109.0,-14.0,1,0
41638,3.1416,-0.9971,0.698,0.2961,0.0,0.0,0.0,0.0,0.0,-23.0,-112.0,-14.0,1,0
41650,3.1416,-0.9971,0.698,0.2961,0.0,0.0,0.0,0.0,0.0,-18.0,-111.0,-14.0,1,0
41662,3.1416,-0.9971,0.698,0.2961,0.0,0.0,0.0,0.0,0.0,-17.0,-108.0,-14.0,1,0
41674,3.1416,-0.9971,0.698,0.2961,0.0,0.0,0.0,0.0,0.0,-24.0,-110.0,-14.0,0,0
41683,3.1431,-0.9971,0.698,0.2961,0.0,0.0,0.0,0.0,0.0,-24.0,-107.0,-14.0,1,0
41695,3.1431,-0.9971,0.698,0.2961,0.0,0.0,0.0,0.0,-3.0,-18.0,-109.0,-14.0,1,0
41707,3.1462,-0.9971,0.698,0.2961,0.024,0.0,0.0,0.0,-2.0,-16.0,-111.0,-14.0,1,0
41720,3.1462,-0.9971,0.698,0.2961,0.024,0.0,0.0,0.0,-10.0,-23.0,-109.0,-14.0,1,0
41732,3.1462,-0.9971,0.698,0.2961,0.0479,0.0,0.0,0.0,-19.0,-23.0,-107.0,-14.0,1,0
41740,3.1477,-0.9971,0.698,0.2961,0.0719,0.0,0.0,0.0,-31.0,-25.0,-108.0,-14.0,2,0
41752,3.1477,-0.9971,0.698,0.2961,0.0719,0.0,0.0,0.0,-35.0,-21.0,-107.0,-14.0,6,0
41765,3.1477,-0.9971,0.698,0.2961,0.0479,0.0,0.0,0.0,-29.0,-22.0,-106.0,-14.0,5,0
41777,3.1477,-0.9971,0.698,0.2961,0.0479,0.0,0.0,0.0,-30.0,-24.0,-108.0,-14.0,3,0
41789,3.1493,-0.9971,0.698,0.2961,0.024,0.0,0.0,0.0,-31.0,-18.0,-107.0,-15.0,17,1
41801,3.1493,-0.9971,0.698,0.2961,0.0,0.0,0.0,0.0,-33.0,-20.0,-107.0,-14.0,31,1
41814,3.1493,-0.9971,0.698,0.2961,0.0,0.0,0.0,0.0,-42.0,-8.0,-106.0,-14.0,32,1
41826,3.1477,-0.9971,0.698,0.2961,0.0,0.0,0.0,0.0,-44.0,-15.0,-112.0,-14.0,28,1
41838,3.1493,-0.9986,0.698,0.2961,0.0,0.0,0.0,0.0,-45.0,-12.0,-111.0,-14.0,33,1
41851,3.1493,-1.0002,0.698,0.2961,0.0,0.0,0.0,0.0,-51.0,2.0,-107.0,-14.0,35,1
41863,3.1493,-1.0017,0.698,0.2961,0.0,-0.0479,0.0,0.0,-59.0,3.0,-113.0,-14.0,40,1
41875,3.1493,-1.0032,0.698,0.2961,0.0,-0.0479,0.0,0.0,-58.0,0.0,-111.0,-14.0,36,1
41887,3.1508,-1.0048,0.698,0.2961,0.0,-0.0719,0.0,0.0,-59.0,17.0,-108.0,-14.0,36,1
41900,3.1508,-1.0048,0.698,0.2961,0.0,-0.0719,0.0,0.0,-56.0,18.0,-109.0,-14.0,39,1
41912,3.1508,-1.0063,0.698,0.2961,0.0,-0.0719,0.0,0.0,-68.0,13.0,-111.0,-15.0,39,1
41924,3.1539,-1.0063,0.698,0.2961,0.024,-0.0719,0.0,0.0,-90.0,23.0,-111.0,-14.0,38,1
41937,3.1554,-1.0063,0.698,0.2961,0.024,-0.0479,0.0,0.0,-97.0,30.0,-108.0,-14.0,39,1
41953,3.1585,-1.0063,0.698,0.2961,0.0719,-0.024,0.0,0.0,-118.0,22.0,-110.0,-14.0,42,1
41965,3.1585,-1.0063,0.698,0.2961,0.0959,-0.024,0.0,0.0,-125.0,29.0,-106.0,-14.0,46,1
41978,3.16,-1.0063,0.698,0.2961,0.1198,0.0,0.0,0.0,-121.0,35.0,-106.0,-14.0,51,1
41990,3.16,-1.0063,0.698,0.2961,0.1198,0.0,0.0,0.0,-114.0,25.0,-107.0,-14.0,57,1
42002,3.16,-1.0063,0.698,0.2961,0.1198,0.0,0.0,0.0,-110.0,20.0,-105.0,-14.0,61,1
42014,3.16,-1.0063,0.698,0.2961,0.0959,0.0,0.0,0.0,-105.0,32.0,-107.0,-14.0,64,1
42027,3.16,-1.0063,0.698,0.2961,0.0719,0.0,0.0,0.0,-106.0,32.0,-107.0,-14.0,64,1
42039,3.16,-1.0063,0.698,0.2961,0.0479,0.0,0.0,0.0,-107.0,32.0,-111.0,-14.0,62,1
42051,3.16,-1.0063,0.698,0.2961,0.024,0.0,0.0,0.0,-107.0,30.0,-109.0,-14.0,58,1
42064,3.1585,-1.0063,0.698,0.2961,0.0,0.0,0.0,0.0,-95.0,28.0,-106.0,-14.0,53,1
42076,3.1585,-1.0063,0.698,0.2961,0.0,0.0,0.0,0.0,-63.0,27.0,-111.0,-14.0,50,1
42088,3.1569,-1.0063,0.698,0.2961,-0.024,0.0,0.0,0.0,-43.0,31.0,-111.0,-14.0,44,1
42100,3.1539,-1.0063,0.698,0.2961,-0.0479,0.0,0.0,0.0,-34.0,26.0,-111.0,-15.0,38,1
42113,3.1477,-1.0048,0.698,0.2961,-0.1198,0.0,0.0,0.0,1.0,18.0,-110.0,-16.0,29,1
42125,3.1462,-1.0048,0.698,0.2961,-0.1678,0.0,0.0,0.0,0.0,12.0,-107.0,-14.0,24,1
42137,3.1447,-1.0048,0.698,0.2961,-0.1918,0.0,0.0,0.0,-10.0,8.0,-108.0,-14.0,12,1
42150,3.1431,-1.0032,0.698,0.2961,-0.1918,0.024,0.0,0.0,-6.0,1.0,-110.0,-14.0,12,1
42162,3.1431,-1.0032,0.698,0.2961,-0.1918,0.024,0.0,0.0,2.0,1.0,-112.0,-14.0,9,0
42174,3.1401,-1.0017,0.698,0.2961,-0.1678,0.0479,0.0,0.0,2.0,0.0,-111.0,-14.0,7,0
42186,3.1385,-1.0017,0.698,0.2961,-0.1678,0.0479,0.0,0.0,9.0,0.0,-106.0,-14.0,4,0
42195,3.1355,-1.0017,0.698,0.2961,-0.1438,0.0479,0.0,0.0,12.0,0.0,-110.0,-14.0,4,0
42207,3.1355,-1.0017,0.698,0.2961,-0.1438,0.0479,0.0,0.0,11.0,0.0,-107.0,-14.0,2,0
42219,3.137,-1.0017,0.698,0.2961,-0.1198,0.024,0.0,0.0,8.0,0.0,-112.0,-14.0,1,0
42232,3.1385,-1.0017,0.698,0.2961,-0.0959,0.024,0.0,0.0,-9.0,0.0,-108.0,-14.0,0,0
42244,3.1416,-1.0017,0.698,0.2961,-0.024,0.0,0.0,0.0,-5.0,0.0,-109.0,-14.0,0,0
42252,3.1416,-1.0017,0.698,0.2961,-0.024,0.0,0.0,0.0,-5.0,0.0,-109.0,-14.0,0,0
42264,3.1416,-1.0017,0.698,0.2961,0.0479,0.0,0.0,0.0,-1.0,0.0,-110.0,-14.0,0,0
42277,3.1416,-1.0017,0.698,0.2961,0.0479,0.0,0.0,0.0,1.0,0.0,-108.0,-14.0,0,0
42289,3.1401,-1.0017,0.698,0.2961,0.0479,0.0,0.0,0.0,1.0,0.0,-111.0,-14.0,0,0
42301,3.1401,-1.0017,0.698,0.2961,0.024,0.0,0.0,0.0,0.0,0.0,-112.0,-14.0,0,0
42309,3.1401,-1.0017,0.698,0.2961,0.0,0.0,0.0,0.0,0.0,0.0,-108.0,-14.0,0,0
42322,3.1385,-1.0017,0.698,0.2961,0.0,0.0,0.0,0.0,0.0,0.0,-113.0,-14.0,0,0
42334,3.1385,-1.0017,0.698,0.2961,-0.024,0.0,0.0,0.0,9.0,0.0,-108.0,-14.0,0,0
42346,3.1385,-1.0017,0.698,0.2961,-0.024,0.0,0.0,0.0,1.0,0.0,-107.0,-14.0,0,0
42359,3.1385,-1.0017,0.698,0.2961,-0.024,0.0,0.0,0.0,0.0,0.0,-112.0,-14.0,0,0
42367,3.1385,-1.0017,0.698,0.2961,-0.024,0.0,0.0,0.0,0.0,0.0,-106.0,-14.0,0,0
42379,3.1401,-1.0017,0.698,0.2961,0.0,0.0,0.0,0.0,0.0,0.0,-113.0,-14.0,0,0
42391,3.1401,-1.0017,0.698,0.2961,0.0,0.0,0.0,0.0,0.0,0.0,-109.0,-14.0,0,0
42404,3.1401,-1.0017,0.698,0.2961,0.0,0.0,0.0,0.0,0.0,0.0,-103.0,-15.0,0,0
42416,3.1385,-1.0017,0.698,0.2961,0.0,0.0,0.0,0.0,0.0,0.0,-108.0,-15.0,0,0
42424,3.1401,-1.0017,0.698,0.2961,0.0,0.0,0.0,0.0,0.0,0.0,-107.0,-15.0,0,0
42436,3.1385,-1.0017,0.698,0.2961,0.0,0.0,0.0,0.0,0.0,0.0,-109.0,-15.0,0,0
42449,3.1385,-1.0017,0.698,0.2961,0.0,0.0,0.0,0.0,0.0,0.0,-111.0,-15.0,0,0
42461,3.1401,-1.0017,0.698,0.2961,0.0,0.0,0.0,0.0,0.0,0.0,-109.0,-14.0,0,0
42473,3.1385,-1.0017,0.698,0.2961,0.0,0.0,0.0,0.0,0.0,0.0,-109.0,-14.0,0,0
42481,3.1385,-1.0017,0.698,0.2961,0.0,0.0,0.0,0.0,0.0,0.0,-109.0,-14.0,0,0
42494,3.1401,-1.0017,0.698,0.2961,0.0,0.0,0.0,0.0,0.0,0.0,-109.0,-14.0,0,0
42506,3.1401,-1.0017,0.698,0.2961,0.0,0.0,0.0,0.0,0.0,0.0,-106.0,-14.0,0,0
42518,3.1401,-1.0017,0.698,0.2961,0.0,0.0,0.0,0.0,0.0,1.0,-106.0,-14.0,0,0
42531,3.1401,-1.0017,0.698,0.2961,0.0,0.0,0.0,0.0,0.0,1.0,-111.0,-14.0,0,0
42539,3.1401,-1.0017,0.698,0.2961,0.0,0.0,0.0,0.0,0.0,0.0,-108.0,-14.0,0,0
42551,3.1385,-1.0017,0.698,0.2961,0.0,0.0,0.0,0.0,0.0,0.0,-107.0,-13.0,0,0
42563,3.1401,-1.0017,0.698,0.2961,0.0,0.0,0.0,0.0,0.0,0.0,-110.0,-15.0,0,0
42576,3.1385,-1.0017,0.698,0.2961,0.0,0.0,0.0,0.0,0.0,2.0,-108.0,-14.0,0,0
42588,3.1401,-1.0017,0.698,0.2961,0.0,0.0,0.0,0.0,0.0,11.0,-111.0,-14.0,0,0
42596,3.1401,-1.0017,0.698,0.2961,0.0,0.0,0.0,0.0,0.0,7.0,-111.0,-14.0,0,0
42608,3.1401,-1.0017,0.698,0.2961,0.0,0.0,0.0,0.0,0.0,16.0,-111.0,-14.0,0,0
42621,3.1401,-1.0017,0.698,0.2961,0.0,0.0,0.0,0.0,0.0,7.0,-107.0,-14.0,0,0
42633,3.1401,-1.0017,0.698,0.2961,0.0,0.0,0.0,0.0,0.0,3.0,-108.0,-14.0,0,0
42641,3.1401,-1.0017,0.698,0.2961,0.0,0.0,0.0,0.0,0.0,3.0,-108.0,-14.0,0,0
42653,3.1401,-1.0017,0.698,0.2961,0.0,0.0,0.0,0.0,0.0,8.0,-108.0,-14.0,0,0
42666,3.1416,-1.0017,0.698,0.2961,0.0,0.0,0.0,0.0,-12.0,10.0,-106.0,-14.0,0,0
42678,3.1431,-1.0017,0.698,0.2961,0.0,0.0,0.0,0.0,-7.0,6.0,-113.0,-14.0,0,0
42690,3.1401,-1.0017,0.6995,0.2961,0.024,0.0,0.0,0.0,4.0,10.0,-115.0,-14.0,0,0
42698,3.1401,-1.0002,0.6995,0.2961,0.0,0.0,0.0,0.0,0.0,0.0,-114.0,-14.0,1,0
42715,3.1385,-0.9971,0.6995,0.2961,0.0,0.024,0.0,0.0,0.0,-7.0,-116.0,-14.0,12,1
42727,3.1401,-0.9971,0.6995,0.2961,0.0,0.024,0.0,0.0,0.0,-6.0,-115.0,-14.0,31,1
42739,3.1401,-0.9971,0.6995,0.2961,0.0,0.0479,0.0,0.0,0.0,-7.0,-115.0,-14.0,33,1
42752,3.1401,-0.9971,0.6995,0.2961,0.0,0.0479,0.0,0.0,0.0,-5.0,-116.0,-14.0,37,1
42764,3.1401,-0.9971,0.6995,0.2961,0.0,0.0479,0.0,0.0,0.0,-11.0,-117.0,-15.0,43,1
42776,3.1401,-0.9971,0.6995,0.2961,0.0,0.024,0.0,0.0,0.0,-9.0,-121.0,-14.0,45,1
42789,3.1401,-0.9971,0.701,0.2961,0.0,0.0,0.0,0.0,0.0,-14.0,-123.0,-14.0,47,1
42801,3.1401,-0.9971,0.701,0.2961,0.0,0.0,0.0,0.0,0.0,-18.0,-131.0,-14.0,48,1
42813,3.1401,-0.9956,0.701,0.2961,0.0,0.0,0.024,0.0,0.0,-24.0,-137.0,-14.0,42,1
42825,3.1401,-0.9956,0.7026,0.2961,0.0,0.0,0.024,0.0,0.0,-23.0,-130.0,-14.0,48,1
42838,3.1401,-0.9956,0.7026,0.2961,0.0,0.0,0.024,0.0,0.0,-17.0,-128.0,-14.0,54,1
42850,3.1401,-0.9956,0.7026,0.2961,0.0,0.0,0.024,0.0,0.0,-15.0,-129.0,-15.0,55,1
42862,3.1401,-0.9956,0.7026,0.2961,0.0,0.0,0.024,0.0,0.0,-15.0,-129.0,-14.0,55,1
42875,3.1401,-0.9956,0.7026,0.2961,0.0,0.0,0.024,0.0,0.0,-16.0,-130.0,-15.0,55,1
42887,3.1401,-0.9956,0.7026,0.2961,0.0,0.0,0.0,0.0,0.0,-18.0,-141.0,-14.0,55,1
42899,3.1401,-0.9956,0.7041,0.2961,0.0,0.0,0.0,0.0,0.0,-17.0,-162.0,-14.0,57,1
42911,3.1401,-0.9956,0.7056,0.2961,0.0,0.0,0.0,0.0,0.0,-17.0,-174.0,-14.0,58,1
42924,3.1401,-0.9956,0.7072,0.2961,0.0,0.0,0.024,0.0,0.0,-17.0,-159.0,-14.0,62,1
42936,3.1401,-0.9956,0.7072,0.2961,0.0,0.0,0.0479,0.0,0.0,-16.0,-152.0,-15.0,66,1
42948,3.1401,-0.9956,0.7072,0.2961,0.0,0.0,0.0479,0.0,0.0,-16.0,-147.0,-14.0,70,1
42965,3.1401,-0.9956,0.7072,0.2961,0.0,0.0,0.0479,0.0,0.0,-15.0,-150.0,-14.0,72,1
42977,3.1401,-0.9956,0.7072,0.2961,0.0,0.0,0.024,0.0,0.0,-18.0,-150.0,-14.0,72,1
42989,3.1385,-0.9956,0.7056,0.2961,0.0,0.0,0.024,0.0,0.0,-17.0,-147.0,-14.0,69,1
43002,3.1401,-0.9956,0.7056,0.2961,0.0,0.0,0.0,0.0,0.0,-17.0,-147.0,-14.0,65,1
43014,3.1416,-0.9956,0.7041,0.2961,0.0,0.0,0.0,0.0,-6.0,-17.0,-131.0,-14.0,61,1
43026,3.1416,-0.9956,0.7041,0.2961,0.0,0.0,-0.024,0.0,-6.0,-15.0,-124.0,-14.0,53,1
43038,3.1401,-0.9956,0.7026,0.2961,0.0,0.0,-0.024,0.0,-9.0,-12.0,-114.0,-14.0,45,1
43051,3.1401,-0.9956,0.6995,0.2961,0.0,0.0,-0.0479,0.0,-5.0,-12.0,-100.0,-14.0,36,1
43063,3.1416,-0.9956,0.698,0.2961,0.024,0.0,-0.0719,0.0,-11.0,-17.0,-94.0,-14.0,24,1
43075,3.1401,-0.9956,0.698,0.2961,0.0,0.0,-0.0959,0.0,0.0,-17.0,-108.0,-14.0,16,1
43088,3.1385,-0.9956,0.698,0.2961,0.0,0.0,-0.0959,0.0,0.0,-17.0,-110.0,-14.0,6,0
43100,3.137,-0.9956,0.698,0.2961,0.0,0.0,-0.0959,0.0,13.0,-17.0,-113.0,-15.0,6,0
43108,3.1355,-0.9956,0.698,0.2961,-0.024,0.0,-0.0719,0.0,13.0,-17.0,-110.0,-14.0,6,0
43120,3.1355,-0.9956,0.698,0.2961,-0.0479,0.0,-0.0719,0.0,23.0,-17.0,-110.0,-14.0,4,0
43133,3.137,-0.9956,0.698,0.2961,-0.0719,0.0,-0.024,0.0,2.0,-16.0,-111.0,-14.0,5,0
43145,3.1401,-0.9971,0.698,0.2961,-0.0479,0.0,0.0,0.0,-7.0,-16.0,-112.0,-14.0,4,0
43157,3.1416,-0.9956,0.698,0.2961,-0.024,0.0,0.0,0.0,0.0,-16.0,-109.0,-14.0,2,0
43165,3.1416,-0.9956,0.698,0.2961,0.0,0.0,0.0,0.0,-4.0,-17.0,-113.0,-12.0,0,0
43178,3.1431,-0.9956,0.698,0.2961,0.0479,0.0,0.0,0.0,-3.0,-17.0,-111.0,-14.0,0,0
43190,3.1416,-0.9956,0.698,0.2961,0.0719,0.0,0.0,0.0,-4.0,-17.0,-112.0,-14.0,0,0
43202,3.1416,-0.9956,0.698,0.2961,0.0959,0.0,0.0,0.0,0.0,-17.0,-112.0,-14.0,0,0
43210,3.1401,-0.9956,0.698,0.2961,0.0719,0.0,0.0,0.0,3.0,-17.0,-111.0,-14.0,0,0
43223,3.137,-0.9956,0.698,0.2961,0.0,0.0,0.0,0.0,7.0,-17.0,-110.0,-15.0,0,0
43235,3.137,-0.9956,0.698,0.2961,-0.024,0.0,0.0,0.0,11.0,-17.0,-111.0,-14.0,0,0
43247,3.1355,-0.9956,0.698,0.2961,-0.0479,0.0,0.0,0.0,11.0,-14.0,-110.0,-14.0,0,0
43260,3.137,-0.9956,0.698,0.2961,-0.0719,0.0,0.0,0.0,5.0,-15.0,-113.0,-14.0,0,0
43268,3.1385,-0.9956,0.698,0.2961,-0.0719,0.0,0.0,0.0,-9.0,-17.0,-110.0,-14.0,0,0
43280,3.1401,-0.9956,0.698,0.2961,-0.024,0.0,0.0,0.0,0.0,-17.0,-112.0,-14.0,0,0
43292,3.1416,-0.9956,0.698,0.2961,0.0,0.0,0.0,0.0,-1.0,-17.0,-115.0,-14.0,0,0
43305,3.1416,-0.9956,0.698,0.2961,0.0479,0.0,0.0,0.0,0.0,-17.0,-112.0,-14.0,0,0
43317,3.1416,-0.9956,0.698,0.2961,0.0479,0.0,0.0,0.0,0.0,-17.0,-111.0,-14.0,0,0
43325,3.1401,-0.9956,0.698,0.2961,0.0719,0.0,0.0,0.0,4.0,-16.0,-110.0,-15.0,0,0
43337,3.1401,-0.9956,0.698,0.2961,0.0479,0.0,0.0,0.0,0.0,-17.0,-112.0,-14.0,0,0
43350,3.1401,-0.9956,0.698,0.2961,0.024,0.0,0.0,0.0,0.0,-17.0,-114.0,-14.0,0,0
43362,3.1385,-0.9956,0.698,0.2961,0.0,0.0,0.0,0.0,0.0,-17.0,-110.0,-14.0,0,0
43374,3.137,-0.9956,0.698,0.2961,-0.024,0.0,0.0,0.0,0.0,-17.0,-110.0,-14.0,0,0
43382,3.137,-0.9956,0.698,0.2961,-0.024,0.0,0.0,0.0,0.0,-17.0,-110.0,-14.0,0,0
43395,3.1385,-0.9956,0.698,0.2961,-0.024,0.0,0.0,0.0,0.0,-17.0,-112.0,-13.0,0,0
43407,3.1385,-0.9956,0.698,0.2961,-0.024,0.0,0.0,0.0,4.0,-17.0,-111.0,-14.0,0,0
43419,3.1385,-0.9956,0.698,0.2961,-0.024,0.0,0.0,0.0,0.0,-17.0,-111.0,-14.0,0,0
43432,3.1401,-0.9956,0.698,0.2961,0.0,0.0,0.0,0.0,0.0,-17.0,-113.0,-14.0,0,0
43440,3.1401,-0.9971,0.698,0.2961,0.0,0.0,0.0,0.0,0.0,-17.0,-112.0,-14.0,0,0
43452,3.1385,-0.9956,0.698,0.2961,0.0,0.0,0.0,0.0,0.0,-17.0,-111.0,-14.0,0,0
43464,3.1401,-0.9971,0.698,0.2961,0.0,0.0,0.0,0.0,0.0,-17.0,-111.0,-14.0,0,0
43477,3.1385,-0.9956,0.698,0.2961,0.0,0.0,0.0,0.0,0.0,-17.0,-114.0,-14.0,0,0
43489,3.1385,-0.9956,0.698,0.2961,0.0,0.0,0.0,0.0,0.0,-17.0,-110.0,-14.0,0,0
43497,3.1385,-0.9956,0.698,0.2961,0.0,0.0,0.0,0.0,0.0,-17.0,-113.0,-14.0,0,0
43509,3.1385,-0.9956,0.698,0.2961,0.0,0.0,0.0,0.0,0.0,-17.0,-112.0,-14.0,0,0
43522,3.1385,-0.9956,0.698,0.2961,0.0,0.0,0.0,0.0,0.0,-16.0,-111.0,-14.0,0,0
43534,3.1401,-0.9956,0.698,0.2961,0.0,0.0,0.0,0.0,0.0,-17.0,-111.0,-15.0,0,0
43546,3.1401,-0.9956,0.698,0.2961,0.0,0.0,0.0,0.0,0.0,-17.0,-110.0,-14.0,0,0
43555,3.1416,-0.9956,0.698,0.2961,0.024,0.0,0.0,0.0,-6.0,-16.0,-110.0,-14.0,0,0
43567,3.1431,-0.9956,0.698,0.2961,0.024,0.0,0.0,0.0,-8.0,-17.0,-112.0,-14.0,0,0
43579,3.1416,-0.9956,0.698,0.2961,0.024,0.0,0.0,0.0,-7.0,-15.0,-111.0,-14.0,0,0
43591,3.1416,-0.9956,0.698,0.2961,0.0479,0.0,0.0,0.0,-12.0,-16.0,-111.0,-14.0,0,0
43604,3.1416,-0.9971,0.698,0.2961,0.0479,0.0,0.0,0.0,-6.0,-4.0,-110.0,-12.0,0,0
43612,3.1416,-0.9971,0.698,0.2961,0.0479,0.0,0.0,0.0,-6.0,-4.0,-110.0,-12.0,0,0
43624,3.1416,-0.9971,0.698,0.2961,0.0,0.0,0.0,0.0,-8.0,-4.0,-110.0,-14.0,0,0
43636,3.1416,-0.9971,0.698,0.2961,0.0,0.0,0.0,0.0,-9.0,-3.0,-112.0,-14.0,0,0
43649,3.1416,-0.9971,0.698,0.2961,0.0,0.0,0.0,0.0,-10.0,-4.0,-112.0,-14.0,1,0
43657,3.1416,-0.9986,0.698,0.2961,0.0,-0.024,0.0,0.0,-12.0,-2.0,-111.0,-14.0,3,0
43669,3.1431,-0.9986,0.698,0.2961,0.0,-0.024,0.0,0.0,-12.0,-1.0,-112.0,-14.0,6,0
43681,3.1431,-0.9986,0.698,0.2961,0.0,-0.024,0.0,0.0,-12.0,0.0,-110.0,-14.0,9,0
43694,3.1431,-1.0017,0.698,0.2961,0.0,-0.0479,0.0,0.0,-14.0,9.0,-111.0,-14.0,14,1
43706,3.1431,-1.0032,0.698,0.2961,0.0,-0.0479,0.0,0.0,-16.0,14.0,-111.0,-14.0,25,1
43718,3.1431,-1.0032,0.698,0.2961,0.0,-0.0479,0.0,0.0,-18.0,19.0,-112.0,-14.0,29,1
43731,3.1431,-1.0048,0.698,0.2961,0.0,-0.0719,0.0,0.0,-16.0,29.0,-113.0,-14.0,36,1
43743,3.1431,-1.0048,0.698,0.2961,0.0,-0.0719,0.0,0.0,-20.0,41.0,-110.0,-14.0,37,1
43755,3.1431,-1.0063,0.698,0.2961,0.0,-0.0719,0.0,0.0,-30.0,43.0,-108.0,-14.0,39,1
43767,3.1447,-1.0063,0.698,0.2961,0.0,-0.0719,0.0,0.0,-27.0,48.0,-109.0,-14.0,46,1
43780,3.1447,-1.0063,0.698,0.2961,0.0,-0.0479,0.0,0.0,-28.0,42.0,-109.0,-14.0,50,1
43796,3.1447,-1.0063,0.698,0.2961,0.0,-0.024,0.0,0.0,-27.0,46.0,-111.0,-14.0,53,1
43808,3.1447,-1.0063,0.698,0.2961,0.0,-0.024,0.0,0.0,-23.0,45.0,-112.0,-14.0,55,1
43821,3.1431,-1.0063,0.698,0.2961,0.0,-0.024,0.0,0.0,-28.0,46.0,-110.0,-14.0,60,1
43833,3.1447,-1.0063,0.698,0.2961,0.0,0.0,0.0,0.0,-29.0,55.0,-112.0,-14.0,62,1
43845,3.1447,-1.0063,0.698,0.2961,0.0,0.0,0.0,0.0,-28.0,59.0,-113.0,-14.0,65,1
43858,3.1447,-1.0063,0.6964,0.2961,0.0,0.0,0.0,0.0,-29.0,56.0,-114.0,-15.0,67,1
43870,3.1447,-1.0078,0.698,0.2961,0.0,0.0,0.0,0.0,-27.0,58.0,-110.0,-14.0,69,1
43882,3.1431,-1.0063,0.698,0.2961,0.0,0.0,0.0,0.0,-27.0,54.0,-111.0,-14.0,70,1
43894,3.1447,-1.0063,0.698,0.2961,0.0,0.0,0.0,0.0,-29.0,54.0,-113.0,-14.0,70,1
43907,3.1447,-1.0063,0.698,0.2961,0.0,0.0,0.0,0.0,-26.0,46.0,-112.0,-14.0,70,1
43919,3.1447,-1.0063,0.698,0.2961,0.0,0.0,0.0,0.0,-27.0,48.0,-113.0,-14.0,69,1
43931,3.1431,-1.0063,0.698,0.2961,0.0,0.0,0.0,0.0,-24.0,60.0,-113.0,-14.0,65,1
43944,3.1431,-1.0063,0.698,0.2961,0.0,0.0,0.0,0.0,-11.0,46.0,-111.0,-14.0,59,1
43956,3.1416,-1.0063,0.698,0.2961,0.0,0.0,0.0,0.0,-15.0,40.0,-113.0,-14.0,52,1
43968,3.1416,-1.0063,0.698,0.2961,0.0,0.0,0.0,0.0,-13.0,39.0,-111.0,-14.0,40,1
43980,3.1416,-1.0048,0.698,0.2961,-0.024,0.0,0.0,0.0,-5.0,22.0,-110.0,-14.0,28,1
43993,3.1401,-1.0032,0.698,0.2961,-0.024,0.024,0.0,0.0,0.0,10.0,-112.0,-14.0,15,1
44005,3.1401,-1.0017,0.698,0.2961,-0.024,0.024,0.0,0.0,0.0,0.0,-110.0,-14.0,7,0
44017,3.1385,-1.0017,0.698,0.2961,-0.0479,0.0479,0.0,0.0,0.0,13.0,-113.0,-14.0,5,0
44030,3.137,-1.0002,0.698,0.2961,-0.0479,0.0479,0.0,0.0,5.0,12.0,-114.0,-14.0,4,0
44038,3.137,-1.0002,0.698,0.2961,-0.0719,0.0719,0.0,0.0,2.0,4.0,-114.0,-14.0,5,0
44050,3.137,-0.9986,0.698,0.2961,-0.0719,0.0719,0.0,0.0,8.0,0.0,-115.0,-14.0,3,0
44062,3.1385,-0.9986,0.698,0.2961,-0.0479,0.0719,0.0,0.0,-4.0,0.0,-110.0,-14.0,4,0
44075,3.1401,-1.0002,0.698,0.2961,-0.024,0.0479,0.0,0.0,0.0,2.0,-110.0,-14.0,1,0
44087,3.1401,-0.9986,0.698,0.2961,0.0,0.0479,0.0,0.0,0.0,1.0,-113.0,-14.0,1,0
44095,3.1401,-0.9986,0.698,0.2961,0.0,0.024,0.0,0.0,0.0,0.0,-111.0,-14.0,1,0
44107,3.1385,-0.9986,0.698,0.2961,0.024,0.024,0.0,0.0,0.0,0.0,-112.0,-15.0,0,0
44120,3.1385,-0.9986,0.698,0.2961,0.024,0.0,0.0,0.0,0.0,0.0,-111.0,-15.0,0,0
44132,3.1385,-0.9986,0.698,0.2961,0.0,0.0,0.0,0.0,0.0,0.0,-111.0,-14.0,0,0
44144,3.137,-0.9986,0.698,0.2961,0.0,0.0,0.0,0.0,4.0,0.0,-111.0,-14.0,0,0
44152,3.137,-0.9986,0.698,0.2961,0.0,0.0,0.0,0.0,4.0,0.0,-111.0,-14.0,0,0
44165,3.137,-0.9986,0.698,0.2961,0.0,0.0,0.0,0.0,0.0,0.0,-111.0,-14.0,0,0
44177,3.1385,-0.9986,0.698,0.2961,0.0,0.0,0.0,0.0,0.0,0.0,-111.0,-14.0,0,0
44189,3.1385,-0.9986,0.698,0.2961,0.0,0.0,0.0,0.0,0.0,0.0,-110.0,-14.0,0,0
44202,3.1385,-0.9986,0.698,0.2961,0.0,0.0,0.0,0.0,0.0,0.0,-113.0,-14.0,0,0
44210,3.1385,-0.9986,0.698,0.2961,0.0,0.0,0.0,0.0,0.0,0.0,-113.0,-14.0,0,0
44222,3.1385,-0.9986,0.698,0.2961,0.0,0.0,0.0,0.0,0.0,3.0,-110.0,-14.0,0,0
44234,3.1385,-0.9986,0.698,0.2961,0.0,0.0,0.0,0.0,0.0,0.0,-112.0,-13.0,0,0
44247,3.1385,-0.9986,0.698,0.2961,0.0,0.0,0.0,0.0,0.0,0.0,-111.0,-14.0,0,0
44259,3.1385,-0.9986,0.698,0.2961,0.0,0.0,0.0,0.0,0.0,0.0,-112.0,-14.0,0,0
44267,3.1385,-0.9986,0.698,0.2961,0.0,0.0,0.0,0.0,0.0,0.0,-111.0,-14.0,0,0
44279,3.1385,-0.9986,0.698,0.2961,0.0,0.0,0.0,0.0,0.0,0.0,-111.0,-14.0,0,0
44292,3.1385,-0.9986,0.698,0.2961,0.0,0.0,0.0,0.0,0.0,0.0,-112.0,-14.0,0,0
44304,3.1385,-0.9986,0.698,0.2961,0.0,0.0,0.0,0.0,0.0,0.0,-111.0,-14.0,0,0
44316,3.1385,-0.9986,0.698,0.2961,0.0,0.0,0.0,0.0,0.0,0.0,-113.0,-14.0,0,0
44325,3.1385,-0.9986,0.698,0.2961,0.0,0.0,0.0,0.0,0.0,0.0,-111.0,-14.0,0,0
44337,3.1385,-0.9986,0.698,0.2961,0.0,0.0,0.0,0.0,0.0,0.0,-113.0,-14.0,0,0
44349,3.1385,-0.9986,0.698,0.2961,0.0,0.0,0.0,0.0,0.0,0.0,-114.0,-14.0,0,0
44361,3.1385,-0.9986,0.698,0.2961,0.0,0.0,0.0,0.0,0.0,0.0,-114.0,-14.0,0,0
44374,3.1385,-0.9986,0.698,0.2961,0.0,0.0,0.0,0.0,0.0,0.0,-112.0,-14.0,0,0
44382,3.1385,-0.9986,0.698,0.2961,0.0,0.0,0.0,0.0,0.0,0.0,-112.0,-14.0,0,0
44394,3.1385,-0.9986,0.698,0.2961,0.0,0.0,0.0,0.0,0.0,0.0,-113.0,-14.0,0,0
44406,3.1385,-0.9986,0.698,0.2961,0.0,0.0,0.0,0.0,0.0,0.0,-112.0,-14.0,0,0
44419,3.1385,-0.9986,0.698,0.2961,0.0,0.0,0.0,0.0,0.0,0.0,-112.0,-14.0,0,0
44427,3.1385,-0.9986,0.698,0.2961,0.0,0.0,0.0,0.0,0.0,0.0,-113.0,-14.0,0,0
44439,3.1385,-1.0002,0.698,0.2961,0.0,0.0,0.0,0.0,0.0,0.0,-113.0,-14.0,0,0
44451,3.1385,-0.9986,0.698,0.2961,0.0,0.0,0.0,0.0,0.0,0.0,-111.0,-14.0,0,0
44464,3.1385,-0.9986,0.698,0.2961,0.0,0.0,0.0,0.0,0.0,0.0,-112.0,-14.0,0,0
44476,3.1385,-0.9986,0.698,0.2961,0.0,0.0,0.0,0.0,0.0,0.0,-113.0,-14.0,0,0
44484,3.1385,-0.9986,0.698,0.2961,0.0,0.0,0.0,0.0,0.0,0.0,-112.0,-14.0,0,0
44497,3.1385,-0.9986,0.698,0.2961,0.0,0.0,0.0,0.0,0.0,0.0,-112.0,-14.0,0,0
44509,3.1385,-0.9986,0.698,0.2961,0.0,0.0,0.0,0.0,0.0,0.0,-111.0,-14.0,0,0
44521,3.1385,-0.9986,0.698,0.2961,0.0,0.0,0.0,0.0,0.0,2.0,-113.0,-12.0,0,0
44533,3.1385,-0.9986,0.698,0.2961,0.0,0.0,0.0,0.0,0.0,0.0,-113.0,-15.0,0,0
44542,3.1385,-0.9986,0.698,0.2961,0.0,0.0,0.0,0.0,0.0,0.0,-113.0,-15.0,0,0
44554,3.1385,-0.9986,0.698,0.2961,0.0,0.0,0.0,0.0,0.0,6.0,-113.0,-14.0,0,0
44566,3.1385,-0.9986,0.698,0.2961,0.0,0.0,0.0,0.0,0.0,2.0,-114.0,-14.0,0,0
44578,3.1385,-0.9986,0.698,0.2961,0.0,0.0,0.0,0.0,0.0,4.0,-110.0,-14.0,0,0
44591,3.1385,-0.9986,0.698,0.2961,0.0,0.0,0.0,0.0,0.0,1.0,-113.0,-14.0,0,0
44599,3.1385,-0.9986,0.698,0.2961,0.0,0.0,0.0,0.0,0.0,1.0,-111.0,-14.0,0,0
44611,3.1385,-0.9986,0.698,0.2961,0.0,0.0,0.0,0.0,0.0,3.0,-112.0,-14.0,0,0
44624,3.1385,-0.9986,0.698,0.2961,0.0,0.0,0.0,0.0,0.0,3.0,-111.0,-14.0,0,0
44636,3.1385,-0.9986,0.698,0.2961,0.0,0.0,0.0,0.0,0.0,1.0,-113.0,-14.0,0,0
44648,3.1401,-0.9986,0.698,0.2961,0.0,0.0,0.0,0.0,0.0,1.0,-111.0,-14.0,0,0
44656,3.1401,-0.9986,0.698,0.2961,0.0,0.0,0.0,0.0,0.0,1.0,-110.0,-14.0,0,0
44669,3.1431,-0.9986,0.698,0.2961,0.024,0.0,0.0,0.0,-6.0,0.0,-111.0,-14.0,0,0
44681,3.1416,-0.9986,0.698,0.2961,0.024,0.0,0.0,0.0,-2.0,0.0,-110.0,-14.0,0,0
44693,3.1385,-0.9971,0.6995,0.2961,0.024,0.0,0.0,0.0,0.0,0.0,-119.0,-14.0,0,0
44705,3.137,-0.9971,0.6995,0.2961,0.0,0.0,0.0,0.0,10.0,0.0,-116.0,-14.0,0,0
44714,3.137,-0.9956,0.698,0.2961,0.0,0.024,0.0,0.0,7.0,-1.0,-116.0,-15.0,0,0
44726,3.1385,-0.9956,0.698,0.2961,-0.024,0.024,0.0,0.0,5.0,-1.0,-113.0,-14.0,0,0
44738,3.1385,-0.9956,0.698,0.2961,-0.024,0.024,0.0,0.0,0.0,-1.0,-117.0,-14.0,34,1
44750,3.1385,-0.9956,0.6995,0.2961,-0.024,0.024,0.0,0.0,0.0,-1.0,-120.0,-14.0,33,1
44763,3.137,-0.9971,0.6995,0.2961,-0.024,0.024,0.0,0.0,8.0,-1.0,-121.0,-15.0,37,1
44775,3.137,-0.9956,0.6995,0.2961,0.0,0.0,0.0,0.0,9.0,-1.0,-120.0,-14.0,41,1
44787,3.137,-0.9956,0.6995,0.2961,0.0,0.0,0.0,0.0,12.0,-1.0,-121.0,-14.0,51,1
44800,3.1385,-0.9956,0.6995,0.2961,0.0,0.0,0.0,0.0,9.0,-1.0,-123.0,-14.0,56,1
44816,3.137,-0.9956,0.6995,0.2961,0.0,0.0,0.0,0.0,19.0,-1.0,-120.0,-14.0,58,1
44828,3.137,-0.9956,0.6995,0.2961,0.0,0.0,0.0,0.0,17.0,-1.0,-123.0,-14.0,60,1
44841,3.1385,-0.9956,0.6995,0.2961,0.0,0.0,0.0,0.0,14.0,-1.0,-122.0,-14.0,64,1
44853,3.137,-0.994,0.701,0.2961,0.0,0.0,0.0,0.0,19.0,-3.0,-124.0,-14.0,64,1
44865,3.137,-0.9956,0.6995,0.2961,0.0,0.0,0.0,0.0,17.0,-1.0,-123.0,-14.0,66,1
44877,3.137,-0.9956,0.6995,0.2961,0.0,0.0,0.0,0.0,20.0,-1.0,-119.0,-14.0,67,1
44890,3.137,-0.9956,0.6995,0.2961,0.0,0.0,0.0,0.0,18.0,-2.0,-122.0,-14.0,68,1
44902,3.1385,-0.9956,0.6995,0.2961,0.0,0.0,0.0,0.0,12.0,-2.0,-120.0,-12.0,70,1
44914,3.1385,-0.994,0.6995,0.2961,0.0,0.0,0.0,0.0,0.0,0.0,-115.0,-14.0,70,1
44927,3.1385,-0.994,0.698,0.2961,0.0,0.0,0.0,0.0,0.0,0.0,-113.0,-14.0,69,1
44939,3.137,-0.9956,0.698,0.2961,0.0,0.0,0.0,0.0,0.0,-4.0,-107.0,-14.0,66,1
44951,3.1385,-0.994,0.698,0.2961,0.0,0.0,0.0,0.0,12.0,0.0,-105.0,-14.0,59,1
44963,3.1401,-0.9956,0.698,0.2961,0.0,0.0,0.0,0.0,0.0,-2.0,-112.0,-14.0,50,1
44976,3.1401,-0.9956,0.698,0.2961,0.024,0.0,0.0,0.0,0.0,-2.0,-113.0,-14.0,30,1
44988,3.1401,-0.9956,0.698,0.2961,0.024,0.0,0.0,0.0,0.0,-1.0,-112.0,-14.0,8,0
45000,3.1401,-0.994,0.698,0.2961,0.024,0.0,0.0,0.0,0.0,-3.0,-114.0,-14.0,6,0
45013,3.1385,-0.9956,0.698,0.2961,0.0,0.0,0.0,0.0,0.0,-3.0,-114.0,-14.0,5,0
45021,3.1385,-0.9956,0.698,0.2961,0.0,0.0,0.0,0.0,0.0,-3.0,-114.0,-14.0,5,0
45033,3.1385,-0.9956,0.698,0.2961,0.0,0.0,0.0,0.0,0.0,-2.0,-114.0,-14.0,5,0
45045,3.1385,-0.9956,0.698,0.2961,0.0,0.0,0.0,0.0,0.0,-2.0,-109.0,-14.0,4,0
45058,3.1401,-0.994,0.6964,0.2961,0.0,0.0,0.0,0.0,0.0,-1.0,-113.0,-14.0,3,0
45070,3.1401,-0.9956,0.698,0.2961,0.0,0.0,0.0,0.0,0.0,-4.0,-113.0,-14.0,3,0
45078,3.1401,-0.994,0.698,0.2961,0.0,0.0,0.0,0.0,0.0,0.0,-111.0,-14.0,1,0
45090,3.1401,-0.9956,0.698,0.2961,0.0,0.0,0.0,0.0,0.0,-1.0,-112.0,-15.0,1,0
45103,3.1385,-0.9956,0.698,0.2961,0.0,0.0,0.0,0.0,0.0,-1.0,-111.0,-14.0,0,0
45115,3.1385,-0.994,0.698,0.2961,0.0,0.0,0.0,0.0,0.0,-7.0,-112.0,-14.0,0,0
45123,3.1385,-0.9956,0.698,0.2961,0.0,0.0,0.0,0.0,0.0,-3.0,-113.0,-14.0,0,0
45136,3.1401,-0.994,0.698,0.2961,0.0,0.0,0.0,0.0,0.0,-6.0,-112.0,-14.0,0,0
45148,3.1401,-0.9956,0.698,0.2961,0.0,0.0,0.0,0.0,0.0,-4.0,-114.0,-14.0,0,0
45160,3.1401,-0.9956,0.698,0.2961,0.0,0.0,0.0,0.0,0.0,-3.0,-113.0,-14.0,0,0
45172,3.1385,-0.9956,0.698,0.2961,0.0,0.0,0.0,0.0,0.0,-1.0,-112.0,-14.0,0,0
45181,3.1385,-0.9956,0.698,0.2961,0.0,0.0,0.0,0.0,0.0,-2.0,-111.0,-14.0,0,0
45193,3.1385,-0.9956,0.698,0.2961,0.0,0.0,0.0,0.0,0.0,-1.0,-114.0,-14.0,0,0
45205,3.1401,-0.9956,0.698,0.2961,0.0,0.0,0.0,0.0,0.0,-5.0,-113.0,-14.0,0,0
45217,3.1385,-0.9956,0.698,0.2961,0.0,0.0,0.0,0.0,0.0,-3.0,-113.0,-14.0,0,0
45230,3.1385,-0.9956,0.698,0.2961,0.0,0.0,0.0,0.0,0.0,-1.0,-113.0,-14.0,0,0
45238,3.1401,-0.9956,0.6964,0.2961,0.0,0.0,0.0,0.0,0.0,-1.0,-111.0,-14.0,0,0
45250,3.1401,-0.9956,0.698,0.2961,0.0,0.0,0.0,0.0,0.0,-1.0,-112.0,-14.0,0,0
45262,3.1401,-0.9956,0.698,0.2961,0.0,0.0,0.0,0.0,0.0,-2.0,-108.0,-14.0,0,0
45275,3.1385,-0.994,0.698,0.2961,0.0,0.0,0.0,0.0,0.0,-2.0,-112.0,-14.0,0,0
45287,3.1401,-0.9956,0.698,0.2961,0.0,0.0,0.0,0.0,0.0,-5.0,-112.0,-14.0,0,0
45295,3.1401,-0.9956,0.6964,0.2961,0.0,0.0,0.0,0.0,0.0,-1.0,-112.0,-17.0,0,0
45308,3.1401,-0.994,0.6964,0.2961,0.0,0.0,0.0,0.0,0.0,-2.0,-110.0,-14.0,0,0
45320,3.1385,-0.9956,0.698,0.2961,0.0,0.0,0.0,0.0,0.0,-6.0,-113.0,-14.0,0,0
45332,3.1401,-0.9956,0.698,0.2961,0.0,0.0,0.0,0.0,0.0,-5.0,-110.0,-14.0,0,0
45344,3.1385,-0.9956,0.698,0.2961,0.0,0.0,0.0,0.0,0.0,-1.0,-108.0,-14.0,0,0
45353,3.1401,-0.994,0.698,0.2961,0.0,0.0,0.0,0.0,0.0,-3.0,-113.0,-14.0,0,0
45365,3.1401,-0.9956,0.698,0.2961,0.0,0.0,0.0,0.0,0.0,-4.0,-111.0,-14.0,0,0
45377,3.1385,-0.9956,0.698,0.2961,0.0,0.0,0.0,0.0,0.0,-4.0,-113.0,-14.0,0,0
45389,3.1385,-0.9956,0.698,0.2961,0.0,0.0,0.0,0.0,0.0,-5.0,-114.0,-14.0,0,0
45402,3.1401,-0.9956,0.698,0.2961,0.0,0.0,0.0,0.0,0.0,-1.0,-112.0,-14.0,0,0
45410,3.1385,-0.9956,0.698,0.2961,0.0,0.0,0.0,0.0,0.0,-3.0,-111.0,-14.0,0,0
45422,3.1401,-0.9956,0.698,0.2961,0.0,0.0,0.0,0.0,0.0,-2.0,-110.0,-14.0,0,0
45435,3.1385,-0.9956,0.698,0.2961,0.0,0.0,0.0,0.0,0.0,-1.0,-112.0,-14.0,0,0
45447,3.1385,-0.9956,0.698,0.2961,0.0,0.0,0.0,0.0,0.0,-1.0,-113.0,-14.0,0,0
45459,3.1401,-0.9956,0.6964,0.2961,0.0,0.0,0.0,0.0,0.0,-2.0,-114.0,-14.0,0,0
45467,3.1401,-0.994,0.698,0.2961,0.0,0.0,0.0,0.0,0.0,-3.0,-112.0,-14.0,0,0
45480,3.1401,-0.9956,0.698,0.2961,0.0,0.0,0.0,0.0,0.0,-1.0,-111.0,-14.0,0,0
45492,3.1385,-0.9956,0.698,0.2961,0.0,0.0,0.0,0.0,0.0,-2.0,-115.0,-14.0,0,0
45504,3.1416,-0.9956,0.698,0.2961,0.0,0.0,0.0,0.0,-2.0,-1.0,-113.0,-14.0,0,0
45512,3.1416,-0.9956,0.698,0.2961,0.0,0.0,0.0,0.0,-2.0,-1.0,-113.0,-14.0,0,0
45525,3.1431,-0.9956,0.698,0.2961,0.0479,0.0,0.0,0.0,-2.0,-1.0,-111.0,-14.0,0,0
45537,3.1431,-0.9956,0.698,0.2961,0.0479,0.0,0.0,0.0,2.0,0.0,-110.0,-14.0,0,0
45549,3.1431,-0.9971,0.6964,0.2961,0.0479,0.0,0.0,0.0,0.0,0.0,-106.0,-14.0,0,0
45561,3.1431,-0.9971,0.6964,0.2961,0.0479,0.0,0.0,0.0,-8.0,0.0,-104.0,-14.0,6,0
45574,3.1431,-1.0002,0.698,0.2961,0.024,-0.024,0.0,0.0,-8.0,12.0,-109.0,-14.0,18,1
45586,3.1431,-1.0017,0.698,0.2961,0.0,-0.0479,0.0,0.0,-7.0,24.0,-111.0,-14.0,13,1
45598,3.1431,-1.0017,0.698,0.2961,0.0,-0.0479,0.0,0.0,-5.0,29.0,-112.0,-14.0,17,1
45611,3.1416,-1.0002,0.6964,0.2961,0.0,-0.0719,0.0,0.0,-3.0,28.0,-110.0,-14.0,27,1
45623,3.1431,-1.0017,0.6964,0.2961,0.0,-0.0719,0.0,0.0,-4.0,31.0,-107.0,-14.0,32,1
45635,3.1416,-1.0017,0.6964,0.2961,0.0,-0.0479,0.0,0.0,-5.0,33.0,-105.0,-14.0,33,1
45647,3.1416,-1.0032,0.6964,0.2961,0.0,-0.0479,0.0,0.0,-6.0,34.0,-107.0,-14.0,39,1
45660,3.1416,-1.0032,0.6964,0.2961,0.0,-0.024,0.0,0.0,-4.0,32.0,-107.0,-16.0,43,1
45672,3.1416,-1.0017,0.698,0.2961,0.0,-0.024,0.0,0.0,-6.0,34.0,-106.0,-15.0,48,1
45684,3.1416,-1.0032,0.698,0.2961,0.0,0.0,0.0,0.0,-6.0,33.0,-111.0,-14.0,52,1
45697,3.1416,-1.0017,0.698,0.2961,0.0,0.0,0.0,0.0,-3.0,37.0,-111.0,-14.0,53,1
45709,3.1416,-1.0017,0.698,0.2961,0.0,0.0,0.0,0.0,-3.0,38.0,-108.0,-15.0,54,1
45722,3.1401,-1.0032,0.6964,0.2961,0.0,0.0,0.0,0.0,-2.0,37.0,-106.0,-14.0,53,1
45734,3.1416,-1.0032,0.6964,0.2961,0.0,0.0,0.0,0.0,-1.0,36.0,-107.0,-14.0,55,1
45746,3.1416,-1.0017,0.6964,0.2961,0.0,0.0,0.0,0.0,-4.0,33.0,-107.0,-14.0,56,1
45758,3.1401,-1.0017,0.6964,0.2961,0.0,0.0,0.0,0.0,-4.0,35.0,-107.0,-14.0,55,1
45774,3.1401,-1.0017,0.6964,0.2961,0.0,0.0,0.0,0.0,0.0,38.0,-106.0,-14.0,55,1
45787,3.1401,-1.0017,0.6964,0.2961,0.0,0.0,0.0,0.0,0.0,37.0,-110.0,-15.0,55,1
45799,3.1401,-1.0017,0.6964,0.2961,0.0,0.0,0.0,0.0,-2.0,33.0,-106.0,-15.0,54,1
45811,3.1401,-1.0017,0.6964,0.2961,0.0,0.0,0.0,0.0,-1.0,23.0,-109.0,-14.0,49,1
45824,3.1385,-1.0002,0.698,0.2961,0.0,0.024,0.0,0.0,0.0,19.0,-109.0,-14.0,36,1
45836,3.1385,-0.9986,0.6964,0.2961,0.0,0.024,0.0,0.0,0.0,9.0,-113.0,-14.0,23,1
45848,3.1401,-0.9986,0.698,0.2961,0.0,0.024,0.0,0.0,0.0,6.0,-111.0,-16.0,15,1
45860,3.1401,-0.9986,0.6964,0.2961,0.0,0.024,0.0,0.0,0.0,10.0,-108.0,-14.0,9,0
45869,3.1401,-0.9986,0.6964,0.2961,0.0,0.024,0.0,0.0,0.0,1.0,-108.0,-14.0,7,0
45881,3.1401,-0.9971,0.6964,0.2961,0.0,0.0479,0.0,0.0,0.0,5.0,-107.0,-14.0,8,0
45893,3.1401,-0.9971,0.6964,0.2961,0.0,0.024,0.0,0.0,0.0,5.0,-106.0,-14.0,7,0
45906,3.1401,-0.9971,0.698,0.2961,0.0,0.024,0.0,0.0,0.0,5.0,-108.0,-15.0,7,0
45918,3.1385,-0.9971,0.6964,0.2961,0.0,0.0,0.0,0.0,0.0,12.0,-106.0,-14.0,8,0
45926,3.1385,-0.9971,0.698,0.2961,0.0,0.0,0.0,0.0,0.0,4.0,-112.0,-15.0,5,0
45938,3.1401,-0.9971,0.6964,0.2961,0.0,0.0,0.0,0.0,0.0,3.0,-110.0,-14.0,3,0
45951,3.1385,-0.9971,0.698,0.2961,0.0,0.0,0.0,0.0,0.0,0.0,-111.0,-14.0,2,0
45963,3.1401,-0.9971,0.698,0.2961,0.0,0.0,0.0,0.0,0.0,1.0,-105.0,-14.0,1,0
45975,3.1401,-0.9971,0.6964,0.2961,0.0,0.0,0.0,0.0,0.0,0.0,-112.0,-15.0,1,0
45983,3.1401,-0.9971,0.6964,0.2961,0.0,0.0,0.0,0.0,0.0,0.0,-113.0,-14.0,1,0
45996,3.1401,-0.9971,0.6964,0.2961,0.0,0.0,0.0,0.0,0.0,0.0,-106.0,-14.0,0,0
46008,3.1385,-0.9971,0.698,0.2961,0.0,0.0,0.0,0.0,0.0,9.0,-107.0,-14.0,0,0
46021,3.1401,-0.9986,0.6964,0.2961,0.0,0.0,0.0,0.0,0.0,8.0,-109.0,-14.0,0,0
46032,3.1401,-0.9971,0.698,0.2961,0.0,0.0,0.0,0.0,0.0,0.0,-106.0,-14.0,0,0
46041,3.1401,-0.9971,0.6964,0.2961,0.0,0.0,0.0,0.0,0.0,1.0,-108.0,-14.0,0,0
46053,3.1401,-0.9971,0.6964,0.2961,0.0,0.0,0.0,0.0,0.0,0.0,-108.0,-14.0,0,0
46065,3.1401,-0.9971,0.6964,0.2961,0.0,0.0,0.0,0.0,0.0,1.0,-109.0,-14.0,0,0
46078,3.1385,-0.9971,0.6964,0.2961,0.0,0.0,0.0,0.0,0.0,0.0,-107.0,-14.0,0,0
46086,3.1401,-0.9986,0.6964,0.2961,0.0,0.0,0.0,0.0,0.0,0.0,-110.0,-14.0,0,0
46098,3.1401,-0.9971,0.6964,0.2961,0.0,0.0,0.0,0.0,0.0,0.0,-111.0,-14.0,0,0
46110,3.1401,-0.9971,0.6964,0.2961,0.0,0.0,0.0,0.0,0.0,1.0,-108.0,-14.0,0,0
46123,3.1401,-0.9986,0.6964,0.2961,0.0,0.0,0.0,0.0,0.0,0.0,-110.0,-14.0,0,0
46135,3.1401,-0.9986,0.6964,0.2961,0.0,0.0,0.0,0.0,0.0,5.0,-105.0,-14.0,0,0
46143,3.1385,-0.9971,0.6964,0.2961,0.0,0.0,0.0,0.0,0.0,0.0,-106.0,-14.0,0,0
46155,3.1401,-0.9971,0.6964,0.2961,0.0,0.0,0.0,0.0,0.0,0.0,-107.0,-14.0,0,0
46168,3.1401,-0.9971,0.6964,0.2961,0.0,0.0,0.0,0.0,0.0,1.0,-108.0,-14.0,0,0
46180,3.1401,-0.9971,0.6964,0.2961,0.0,0.0,0.0,0.0,0.0,0.0,-107.0,-14.0,0,0
46192,3.1401,-0.9971,0.698,0.2961,0.0,0.0,0.0,0.0,0.0,0.0,-105.0,-14.0,0,0
46200,3.1401,-0.9971,0.6964,0.2961,0.0,0.0,0.0,0.0,0.0,0.0,-107.0,-14.0,0,0
46213,3.1401,-0.9971,0.6964,0.2961,0.0,0.0,0.0,0.0,0.0,0.0,-107.0,-14.0,0,0
46225,3.1401,-0.9971,0.698,0.2961,0.0,0.0,0.0,0.0,0.0,6.0,-105.0,-14.0,0,0
46237,3.1401,-0.9971,0.6964,0.2961,0.0,0.0,0.0,0.0,0.0,0.0,-106.0,-14.0,0,0
46250,3.1385,-0.9971,0.6964,0.2961,0.0,0.0,0.0,0.0,0.0,0.0,-106.0,-14.0,0,0
46258,3.1401,-0.9971,0.6964,0.2961,0.0,0.0,0.0,0.0,0.0,0.0,-110.0,-14.0,0,0
46270,3.1401,-0.9971,0.6964,0.2961,0.0,0.0,0.0,0.0,0.0,1.0,-111.0,-14.0,0,0
46282,3.1401,-0.9971,0.6964,0.2961,0.0,0.0,0.0,0.0,0.0,1.0,-106.0,-14.0,0,0
46295,3.1401,-0.9971,0.698,0.2961,0.0,0.0,0.0,0.0,0.0,2.0,-106.0,-15.0,0,0
46307,3.1401,-0.9971,0.6964,0.2961,0.0,0.0,0.0,0.0,0.0,0.0,-107.0,-14.0,0,0
46315,3.1401,-0.9971,0.6964,0.2961,0.0,0.0,0.0,0.0,0.0,0.0,-107.0,-14.0,0,0
46327,3.1401,-0.9971,0.698,0.2961,0.0,0.0,0.0,0.0,0.0,0.0,-105.0,-14.0,0,0
46340,3.1401,-0.9986,0.6964,0.2961,0.0,0.0,0.0,0.0,0.0,0.0,-105.0,-14.0,0,0
46352,3.1401,-0.9986,0.6964,0.2961,0.0,0.0,0.0,0.0,0.0,1.0,-107.0,-14.0,0,0
46364,3.1401,-0.9971,0.6964,0.2961,0.0,0.0,0.0,0.0,0.0,3.0,-106.0,-14.0,0,0
46373,3.1401,-0.9971,0.6964,0.2961,0.0,0.0,0.0,0.0,0.0,0.0,-106.0,-14.0,0,0
46385,3.1401,-0.9971,0.698,0.2961,0.0,0.0,0.0,0.0,0.0,5.0,-106.0,-15.0,0,0
46397,3.1385,-0.9971,0.6964,0.2961,0.0,0.0,0.0,0.0,0.0,1.0,-106.0,-12.0,0,0
46409,3.1401,-0.9971,0.698,0.2961,0.0,0.0,0.0,0.0,0.0,7.0,-106.0,-14.0,0,0
46422,3.1401,-0.9971,0.6964,0.2961,0.0,0.0,0.0,0.0,0.0,9.0,-106.0,-14.0,0,0
46430,3.1401,-0.9986,0.6964,0.2961,0.0,0.0,0.0,0.0,0.0,7.0,-109.0,-14.0,0,0
46443,3.1401,-0.9971,0.6964,0.2961,0.0,0.0,0.0,0.0,0.0,3.0,-106.0,-14.0,0,0
46454,3.1385,-0.9971,0.6964,0.2961,0.0,0.0,0.0,0.0,0.0,9.0,-110.0,-14.0,0,0
46467,3.1401,-0.9971,0.6964,0.2961,0.0,0.0,0.0,0.0,0.0,1.0,-106.0,-14.0,0,0
46479,3.1385,-0.9971,0.6964,0.2961,0.0,0.0,0.0,0.0,0.0,2.0,-106.0,-14.0,0,0
46487,3.1401,-0.9971,0.6964,0.2961,0.0,0.0,0.0,0.0,0.0,6.0,-108.0,-15.0,0,0
46499,3.1401,-0.9971,0.698,0.2961,0.0,0.0,0.0,0.0,0.0,3.0,-108.0,-14.0,0,0
46512,3.1401,-0.9971,0.6964,0.2961,0.0,0.0,0.0,0.0,0.0,4.0,-112.0,-14.0,0,0
46524,3.1401,-0.9971,0.6964,0.2961,0.0,0.0,0.0,0.0,0.0,9.0,-109.0,-14.0,0,0
46533,3.1401,-0.9986,0.6964,0.2961,0.0,0.0,0.0,0.0,0.0,3.0,-108.0,-14.0,0,0
46544,3.1385,-0.9971,0.698,0.2961,0.0,0.0,0.0,0.0,0.0,4.0,-107.0,-14.0,0,0
46557,3.1401,-0.9971,0.6964,0.2961,0.0,0.0,0.0,0.0,0.0,9.0,-105.0,-14.0,0,0
46569,3.1401,-0.9971,0.6964,0.2961,0.0,0.0,0.0,0.0,0.0,2.0,-106.0,-14.0,0,0
46581,3.1401,-0.9971,0.698,0.2961,0.0,0.0,0.0,0.0,0.0,9.0,-106.0,-14.0,3,0
46590,3.1401,-0.9971,0.6964,0.2961,0.0,0.0,0.0,0.0,0.0,7.0,-106.0,-14.0,4,0
46602,3.1401,-0.9971,0.6964,0.2961,0.0,0.0,0.0,0.0,0.0,0.0,-107.0,-14.0,5,0
46614,3.1401,-0.9971,0.6964,0.2961,0.0,0.0,0.0,0.0,0.0,1.0,-108.0,-14.0,3,0
46626,3.1401,-0.9971,0.6964,0.2961,0.0,0.0,0.0,0.0,0.0,0.0,-108.0,-14.0,5,0
46639,3.1401,-0.9971,0.6964,0.2961,0.0,0.0,0.0,0.0,0.0,1.0,-104.0,-14.0,12,1
46651,3.1401,-0.9971,0.698,0.2961,0.0,0.0,0.0,0.0,0.0,0.0,-105.0,-13.0,17,1
46663,3.1401,-0.9971,0.6964,0.2961,0.0,0.0,0.0,0.0,0.0,3.0,-104.0,-14.0,19,1
46676,3.1401,-0.9971,0.6964,0.2961,0.0,0.0,0.0,0.0,0.0,5.0,-104.0,-14.0,23,1
46688,3.1416,-0.9971,0.698,0.2961,0.0,0.0,0.0,0.0,-3.0,0.0,-107.0,-14.0,25,1
46700,3.1416,-0.9971,0.6964,0.2961,0.0,0.0,0.0,0.0,-2.0,13.0,-105.0,-14.0,31,1
46713,3.1401,-0.9956,0.6964,0.2961,0.0,0.0,0.0,0.0,-2.0,0.0,-105.0,-14.0,39,1
46725,3.1416,-0.9956,0.6964,0.2961,0.0,0.0,0.0,0.0,-2.0,1.0,-105.0,-14.0,44,1
46737,3.1416,-0.9956,0.6964,0.2961,0.0,0.0,0.0,0.0,-2.0,0.0,-104.0,-14.0,51,1
46749,3.1416,-0.9956,0.6964,0.2961,0.0,0.0,0.0,0.0,-3.0,0.0,-105.0,-14.0,57,1
46762,3.1416,-0.9956,0.6964,0.2961,0.0,0.0,0.0,0.0,-2.0,0.0,-107.0,-14.0,64,1
46774,3.1416,-0.994,0.6964,0.2961,0.0,0.0,0.0,0.0,-4.0,0.0,-107.0,-14.0,69,1
46786,3.1416,-0.994,0.698,0.2961,0.0,0.0,0.0,0.0,-4.0,0.0,-107.0,-14.0,74,1
46803,3.1416,-0.994,0.698,0.2961,0.0,0.0,0.0,0.0,-5.0,0.0,-109.0,-14.0,77,1
46815,3.1416,-0.9925,0.698,0.2961,0.0,0.0,0.0,0.0,-9.0,-7.0,-107.0,-14.0,82,1
46827,3.1416,-0.9925,0.698,0.2961,0.0,0.024,0.0,0.0,-9.0,-6.0,-105.0,-14.0,86,1
46839,3.1416,-0.9925,0.6964,0.2961,0.0,0.024,0.0,0.0,-7.0,-7.0,-105.0,-14.0,88,1
46852,3.1416,-0.9925,0.698,0.2961,0.0,0.024,0.0,0.0,-4.0,-1.0,-107.0,-14.0,91,1
46864,3.1401,-0.9925,0.698,0.2961,0.0,0.024,0.0,0.0,-6.0,-4.0,-105.0,-14.0,92,1
46876,3.1401,-0.9925,0.6964,0.2961,0.0,0.024,0.0,0.0,-4.0,-4.0,-105.0,-14.0,93,1
46889,3.1401,-0.9925,0.698,0.2961,0.0,0.0,0.0,0.0,-2.0,-9.0,-109.0,-14.0,93,1
46901,3.1401,-0.9925,0.6964,0.2961,0.0,0.0,0.0,0.0,-3.0,-4.0,-105.0,-14.0,92,1
46913,3.1401,-0.9925,0.6964,0.2961,0.0,0.0,0.0,0.0,0.0,-8.0,-104.0,-14.0,89,1
46925,3.1401,-0.9925,0.698,0.2961,0.0,0.0,0.0,0.0,0.0,-8.0,-106.0,-14.0,85,1
46938,3.1401,-0.9925,0.698,0.2961,0.0,0.0,0.0,0.0,0.0,-7.0,-108.0,-14.0,77,1
46950,3.1385,-0.9925,0.6964,0.2961,0.0,0.0,0.0,0.0,0.0,-11.0,-106.0,-14.0,65,1
46963,3.137,-0.994,0.6964,0.2961,-0.024,0.0,0.0,0.0,10.0,-10.0,-106.0,-14.0,51,1
46975,3.137,-0.9925,0.6964,0.2961,-0.024,0.0,0.0,0.0,6.0,-9.0,-104.0,-14.0,31,1
46987,3.1385,-0.994,0.698,0.2961,-0.024,0.0,0.0,0.0,-1.0,-9.0,-106.0,-14.0,13,1
46999,3.1385,-0.9925,0.698,0.2961,-0.024,0.0,0.0,0.0,-3.0,-4.0,-110.0,-14.0,5,0
47011,3.1385,-0.9925,0.6964,0.2961,-0.024,0.0,0.0,0.0,0.0,-14.0,-104.0,-14.0,1,0
47024,3.1401,-0.9925,0.6964,0.2961,0.0,0.0,0.0,0.0,0.0,-7.0,-106.0,-14.0,0,0
47032,3.1401,-0.9925,0.6964,0.2961,0.0,0.0,0.0,0.0,0.0,-7.0,-106.0,-14.0,1,0
47044,3.1401,-0.994,0.6964,0.2961,0.024,0.0,0.0,0.0,0.0,-9.0,-104.0,-14.0,1,0
47056,3.1401,-0.9925,0.698,0.2961,0.024,0.0,0.0,0.0,0.0,-6.0,-106.0,-14.0,0,0
47069,3.1401,-0.9925,0.698,0.2961,0.024,0.0,0.0,0.0,0.0,-10.0,-105.0,-14.0,0,0
47081,3.1401,-0.9925,0.698,0.2961,0.024,0.0,0.0,0.0,0.0,-12.0,-105.0,-14.0,1,0
47089,3.1401,-0.994,0.6964,0.2961,0.0,0.0,0.0,0.0,0.0,-12.0,-105.0,-14.0,1,0
47102,3.1401,-0.9925,0.6964,0.2961,0.0,0.0,0.0,0.0,0.0,-9.0,-108.0,-14.0,1,0
47114,3.1401,-0.9925,0.6964,0.2961,0.0,0.0,0.0,0.0,0.0,-8.0,-107.0,-14.0,1,0
47126,3.1401,-0.994,0.6964,0.2961,0.0,0.0,0.0,0.0,0.0,-8.0,-108.0,-14.0,1,0
47138,3.1385,-0.9925,0.698,0.2961,0.0,0.0,0.0,0.0,0.0,-9.0,-108.0,-14.0,1,0
47147,3.1401,-0.994,0.698,0.2961,0.0,0.0,0.0,0.0,0.0,-12.0,-105.0,-14.0,1,0
47159,3.1401,-0.994,0.6964,0.2961,0.0,0.0,0.0,0.0,0.0,-12.0,-106.0,-14.0,1,0
47171,3.1401,-0.9925,0.698,0.2961,0.0,0.0,0.0,0.0,0.0,-11.0,-106.0,-14.0,1,0
47183,3.1401,-0.9925,0.698,0.2961,0.0,0.0,0.0,0.0,0.0,-14.0,-107.0,-14.0,1,0
47196,3.1401,-0.9925,0.6964,0.2961,0.0,0.0,0.0,0.0,0.0,-13.0,-104.0,-17.0,2,0
47204,3.1401,-0.9925,0.6964,0.2961,0.0,0.0,0.0,0.0,0.0,-10.0,-103.0,-14.0,2,0
47216,3.1401,-0.9925,0.6964,0.2961,0.0,0.0,0.0,0.0,0.0,-12.0,-104.0,-15.0,3,0
47228,3.1401,-0.994,0.6964,0.2961,0.0,0.0,0.0,0.0,0.0,-11.0,-106.0,-14.0,3,0
47241,3.1401,-0.994,0.698,0.2961,0.0,0.0,0.0,0.0,0.0,-12.0,-105.0,-14.0,3,0
47253,3.1401,-0.9925,0.6964,0.2961,0.0,0.0,0.0,0.0,0.0,-14.0,-106.0,-14.0,3,0
47261,3.1401,-0.9925,0.6964,0.2961,0.0,0.0,0.0,0.0,0.0,-14.0,-106.0,-14.0,3,0
47274,3.1401,-0.9925,0.698,0.2961,0.0,0.0,0.0,0.0,0.0,-11.0,-106.0,-14.0,2,0
47286,3.1401,-0.9925,0.6964,0.2961,0.0,0.0,0.0,0.0,0.0,-14.0,-104.0,-14.0,2,0
47298,3.1401,-0.9925,0.698,0.2961,0.0,0.0,0.0,0.0,0.0,-14.0,-106.0,-14.0,2,0
47310,3.1401,-0.9925,0.698,0.2961,0.0,0.0,0.0,0.0,0.0,-11.0,-104.0,-14.0,2,0
47319,3.1385,-0.9925,0.698,0.2961,0.0,0.0,0.0,0.0,0.0,-12.0,-103.0,-14.0,2,0
47331,3.1401,-0.9925,0.698,0.2961,0.0,0.0,0.0,0.0,0.0,-11.0,-104.0,-14.0,2,0
47343,3.1385,-0.9925,0.698,0.2961,0.0,0.0,0.0,0.0,0.0,-11.0,-104.0,-15.0,2,0
47355,3.1401,-0.9925,0.6964,0.2961,0.0,0.0,0.0,0.0,0.0,-10.0,-104.0,-14.0,2,0
47368,3.1401,-0.9925,0.6964,0.2961,0.0,0.0,0.0,0.0,0.0,-10.0,-105.0,-14.0,2,0
47376,3.1401,-0.9925,0.698,0.2961,0.0,0.0,0.0,0.0,0.0,-13.0,-104.0,-14.0,1,0
47388,3.1401,-0.9925,0.6964,0.2961,0.0,0.0,0.0,0.0,0.0,-8.0,-105.0,-14.0,2,0
47401,3.1401,-0.9925,0.6964,0.2961,0.0,0.0,0.0,0.0,0.0,-10.0,-105.0,-14.0,2,0
47413,3.1401,-0.9925,0.698,0.2961,0.0,0.0,0.0,0.0,0.0,-13.0,-108.0,-14.0,2,0
47421,3.1401,-0.9925,0.698,0.2961,0.0,0.0,0.0,0.0,0.0,-13.0,-108.0,-14.0,2,0
47433,3.1385,-0.994,0.6964,0.2961,0.0,0.0,0.0,0.0,0.0,-9.0,-106.0,-14.0,2,0
47446,3.1401,-0.9925,0.6964,0.2961,0.0,0.0,0.0,0.0,0.0,-8.0,-105.0,-14.0,2,0
47458,3.1401,-0.9925,0.6964,0.2961,0.0,0.0,0.0,0.0,0.0,-9.0,-103.0,-14.0,2,0
47470,3.1385,-0.9925,0.6964,0.2961,0.0,0.0,0.0,0.0,0.0,-11.0,-108.0,-14.0,2,0
47478,3.1401,-0.994,0.698,0.2961,0.0,0.0,0.0,0.0,0.0,-7.0,-107.0,-14.0,2,0
47491,3.1385,-0.9925,0.698,0.2961,0.0,0.0,0.0,0.0,0.0,-8.0,-104.0,-14.0,2,0
47503,3.1401,-0.9925,0.698,0.2961,0.0,0.0,0.0,0.0,0.0,-8.0,-107.0,-14.0,2,0
47515,3.1385,-0.994,0.6964,0.2961,0.0,0.0,0.0,0.0,0.0,-9.0,-104.0,-14.0,2,0
47527,3.1401,-0.9925,0.698,0.2961,0.0,0.0,0.0,0.0,0.0,-14.0,-105.0,-14.0,2,0
47536,3.1401,-0.9925,0.6964,0.2961,0.0,0.0,0.0,0.0,0.0,-16.0,-105.0,-14.0,2,0
47548,3.1385,-0.9925,0.6964,0.2961,0.0,0.0,0.0,0.0,0.0,-14.0,-105.0,-14.0,3,0
47560,3.1401,-0.9925,0.6964,0.2961,0.0,0.0,0.0,0.0,0.0,-16.0,-104.0,-14.0,2,0
47573,3.1401,-0.9925,0.6964,0.2961,0.0,0.0,0.0,0.0,0.0,-13.0,-107.0,-14.0,2,0
47585,3.1401,-0.9925,0.6964,0.2961,0.0,0.0,0.0,0.0,0.0,-16.0,-107.0,-14.0,2,0
47593,3.1401,-0.9925,0.698,0.2961,0.0,0.0,0.0,0.0,0.0,-17.0,-107.0,-14.0,3,0
47605,3.1401,-0.9925,0.698,0.2961,0.0,0.0,0.0,0.0,0.0,-16.0,-103.0,-14.0,2,0
47618,3.1401,-0.9925,0.6964,0.2961,0.0,0.0,0.0,0.0,0.0,-16.0,-104.0,-14.0,2,0
47630,3.1401,-0.9925,0.698,0.2961,0.0,0.0,0.0,0.0,0.0,-16.0,-107.0,-14.0,2,0
47643,3.1401,-0.9925,0.6964,0.2961,0.0,0.0,0.0,0.0,0.0,-14.0,-107.0,-15.0,2,0
47650,3.1401,-0.9925,0.6964,0.2961,0.0,0.0,0.0,0.0,0.0,-14.0,-107.0,-15.0,2,0
47663,3.1401,-0.9925,0.698,0.2961,0.0,0.0,0.0,0.0,0.0,-16.0,-108.0,-14.0,2,0
47675,3.1401,-0.994,0.698,0.2961,0.0,0.0,0.0,0.0,0.0,-15.0,-104.0,-14.0,2,0
47687,3.1401,-0.9925,0.698,0.2961,0.0,0.0,0.0,0.0,0.0,-16.0,-104.0,-14.0,2,0
47700,3.1401,-0.9925,0.698,0.2961,0.0,0.0,0.0,0.0,0.0,-13.0,-103.0,-14.0,2,0
47708,3.1385,-0.9925,0.698,0.2961,0.0,0.0,0.0,0.0,0.0,-23.0,-107.0,-14.0,2,0
47720,3.1401,-0.994,0.6964,0.2961,0.0,0.0,0.0,0.0,0.0,-22.0,-105.0,-14.0,2,0
47733,3.1401,-0.994,0.698,0.2961,0.0,0.0,0.0,0.0,0.0,-25.0,-103.0,-14.0,3,0
47745,3.1401,-0.9925,0.698,0.2961,0.0,0.0,0.0,0.0,0.0,-24.0,-103.0,-14.0,2,0
47757,3.1401,-0.994,0.6964,0.2961,0.0,0.0,0.0,0.0,0.0,-22.0,-104.0,-14.0,2,0
47765,3.1385,-0.9925,0.6964,0.2961,0.0,0.0,0.0,0.0,0.0,-20.0,-103.0,-14.0,2,0
47777,3.1385,-0.994,0.698,0.2961,0.0,0.0,0.0,0.0,0.0,-19.0,-103.0,-14.0,3,0
47790,3.1385,-0.9925,0.698,0.2961,0.0,0.0,0.0,0.0,0.0,-16.0,-104.0,-14.0,3,0
47802,3.1385,-0.9925,0.698,0.2961,0.0,0.0,0.0,0.0,0.0,-19.0,-107.0,-14.0,2,0
47814,3.1385,-0.9925,0.6964,0.2961,0.0,0.0,0.0,0.0,0.0,-17.0,-109.0,-14.0,2,0
47823,3.1385,-0.9925,0.698,0.2961,0.0,0.0,0.0,0.0,-1.0,-25.0,-106.0,-14.0,2,0
47835,3.137,-0.9925,0.698,0.2961,0.0,0.0,0.0,0.0,12.0,-15.0,-107.0,-14.0,2,0
47847,3.137,-0.9925,0.698,0.2961,-0.024,0.0,0.0,0.0,12.0,-23.0,-107.0,-15.0,2,0
47859,3.137,-0.9925,0.6995,0.2961,-0.024,0.0,0.0,0.0,11.0,-27.0,-114.0,-14.0,1,0
47867,3.137,-0.9925,0.6995,0.2961,-0.024,0.0,0.0,0.0,11.0,-27.0,-117.0,-14.0,1,0
47880,3.1385,-0.9925,0.6995,0.2961,0.0,0.0,0.0,0.0,8.0,-35.0,-114.0,-17.0,0,0
47892,3.1385,-0.991,0.6995,0.2961,0.0,0.0,0.0,0.0,0.0,-43.0,-112.0,-17.0,0,0
47904,3.1416,-0.9894,0.6995,0.2961,0.024,0.024,0.0,0.0,0.0,-56.0,-136.0,-16.0,6,0
47917,3.1431,-0.9879,0.6995,0.2961,0.0479,0.024,0.0,0.0,-4.0,-68.0,-136.0,-21.0,5,0
47925,3.1447,-0.9863,0.6995,0.2976,0.0719,0.0479,0.0,0.0,-17.0,-68.0,-125.0,-22.0,5,0
47937,3.1431,-0.9863,0.701,0.2976,0.0719,0.0719,0.0,0.0,-10.0,-71.0,-143.0,-26.0,4,0
47949,3.1431,-0.9863,0.7026,0.2976,0.0719,0.0719,0.0,0.0,-7.0,-77.0,-159.0,-28.0,7,0
47962,3.1431,-0.9848,0.7041,0.2976,0.0719,0.0719,0.024,0.0,-10.0,-68.0,-165.0,-28.0,11,1
47974,3.1431,-0.9848,0.7072,0.2976,0.024,0.0719,0.0719,0.0,-15.0,-69.0,-185.0,-29.0,16,1
47986,3.1431,-0.9848,0.7102,0.2976,0.0,0.0479,0.0959,0.0,-11.0,-71.0,-183.0,-29.0,20,1
47999,3.1431,-0.9833,0.7102,0.2976,0.0,0.0479,0.1198,0.0,-12.0,-75.0,-179.0,-30.0,23,1
48011,3.1431,-0.9833,0.7118,0.2976,0.0,0.0479,0.1438,0.0,-12.0,-76.0,-170.0,-31.0,23,1
48023,3.1431,-0.9817,0.7118,0.2976,0.0,0.024,0.1198,0.0,-12.0,-89.0,-168.0,-41.0,25,1
48035,3.1431,-0.9817,0.7118,0.2991,0.0,0.024,0.0959,0.0,-12.0,-90.0,-168.0,-41.0,30,1
48048,3.1431,-0.9817,0.7118,0.2991,0.0,0.024,0.0719,0.0,-13.0,-96.0,-169.0,-41.0,31,1
48060,3.1431,-0.9802,0.7118,0.3007,0.0,0.024,0.0479,0.0,-12.0,-99.0,-171.0,-41.0,34,1
48076,3.1431,-0.9787,0.7118,0.3007,0.0,0.0479,0.0,0.024,-12.0,-94.0,-171.0,-51.0,36,1
48089,3.1431,-0.9802,0.7118,0.3007,0.0,0.0479,0.0,0.024,-12.0,-92.0,-171.0,-55.0,39,1
48101,3.1431,-0.9802,0.7118,0.3007,0.0,0.0479,0.0,0.024,-13.0,-92.0,-170.0,-54.0,42,1
48113,3.1431,-0.9787,0.7102,0.3007,0.0,0.024,0.0,0.024,-12.0,-93.0,-164.0,-51.0,42,1
48125,3.1431,-0.9787,0.7102,0.3007,0.0,0.024,0.0,0.0,-11.0,-90.0,-162.0,-46.0,41,1
48138,3.1431,-0.9787,0.7102,0.2991,0.0,0.0,0.0,0.0,-9.0,-91.0,-163.0,-47.0,38,1
48150,3.1416,-0.9802,0.7102,0.2991,0.0,0.0,0.0,0.0,-6.0,-90.0,-161.0,-46.0,36,1
48163,3.1416,-0.9817,0.7072,0.2991,0.0,0.0,-0.024,0.0,0.0,-78.0,-135.0,-37.0,32,1
48175,3.1401,-0.9817,0.7056,0.2991,0.0,-0.024,-0.0479,0.0,0.0,-62.0,-114.0,-32.0,24,1
48187,3.1401,-0.9833,0.7041,0.2991,-0.024,-0.024,-0.0479,0.0,0.0,-37.0,-93.0,-29.0,17,1
48200,3.1401,-0.9863,0.701,0.2976,-0.024,-0.0479,-0.0719,0.0,0.0,-23.0,-91.0,-29.0,8,0
48212,3.1401,-0.9879,0.6995,0.2976,-0.024,-0.0719,-0.0959,0.0,0.0,-18.0,-85.0,-24.0,5,0
48220,3.1401,-0.9894,0.6964,0.2976,-0.024,-0.0959,-0.1438,0.0,0.0,-14.0,-84.0,-23.0,1,0
48232,3.1401,-0.9925,0.6964,0.2976,-0.024,-0.1198,-0.1438,0.0,0.0,-25.0,-81.0,-23.0,0,0
48244,3.1401,-0.9925,0.6949,0.2976,0.0,-0.1438,-0.1678,0.0,0.0,-27.0,-97.0,-28.0,0,0
48257,3.1401,-0.9925,0.6949,0.2976,0.0,-0.1438,-0.1438,0.0,0.0,-30.0,-100.0,-23.0,0,0
48269,3.1401,-0.9925,0.6949,0.2976,0.0,-0.1198,-0.1198,0.0,0.0,-29.0,-101.0,-26.0,0,0
48277,3.1401,-0.9925,0.6949,0.2961,0.0,-0.0959,-0.0959,0.0,0.0,-30.0,-102.0,-30.0,0,0
48289,3.1401,-0.9925,0.6949,0.2976,0.0,-0.0479,-0.0719,0.0,0.0,-30.0,-102.0,-26.0,0,0
48302,3.1401,-0.994,0.6949,0.2976,0.0,-0.024,-0.0479,0.0,-3.0,-30.0,-102.0,-27.0,0,0
48314,3.1401,-0.994,0.6949,0.2976,0.0,0.0,0.0,0.0,0.0,-30.0,-100.0,-30.0,0,0
48326,3.1401,-0.9925,0.6949,0.2976,0.0,0.0,0.0,0.0,0.0,-30.0,-102.0,-29.0,0,0
48334,3.1401,-0.9925,0.6949,0.2976,0.0,0.0,0.0,0.0,0.0,-30.0,-102.0,-26.0,1,0
48347,3.1401,-0.9925,0.6949,0.2961,0.0,0.0,0.0,0.0,0.0,-28.0,-101.0,-29.0,1,0
48359,3.1401,-0.9925,0.6949,0.2976,0.0,0.0,0.0,0.0,0.0,-20.0,-98.0,-25.0,0,0
48371,3.1401,-0.9925,0.6949,0.2976,0.0,0.0,0.0,0.0,0.0,-31.0,-97.0,-19.0,0,0
48379,3.1401,-0.994,0.6949,0.2976,0.0,0.0,0.0,0.0,0.0,-27.0,-101.0,-23.0,1,0
48392,3.1401,-0.9925,0.6949,0.2976,0.0,0.0,0.0,0.0,0.0,-31.0,-100.0,-25.0,1,0
48404,3.1401,-0.9925,0.6949,0.2961,0.0,0.0,0.0,0.0,0.0,-32.0,-100.0,-25.0,1,0
48416,3.1401,-0.9925,0.6949,0.2976,0.0,0.0,0.0,0.0,0.0,-19.0,-101.0,-29.0,0,0
48429,3.1401,-0.9925,0.6949,0.2976,0.0,0.0,0.0,0.0,0.0,-19.0,-101.0,-30.0,1,0
48437,3.1401,-0.9925,0.6949,0.2976,0.0,0.0,0.0,0.0,0.0,-18.0,-100.0,-23.0,0,0
48449,3.1401,-0.9925,0.6949,0.2961,0.0,0.0,0.0,0.0,0.0,-19.0,-101.0,-24.0,0,0
48461,3.1401,-0.9925,0.6949,0.2961,0.0,0.0,0.0,0.0,0.0,-19.0,-100.0,-29.0,0,0
48474,3.1401,-0.9925,0.6949,0.2976,0.0,0.0,0.0,0.0,0.0,-22.0,-99.0,-27.0,0,0
48486,3.1401,-0.9925,0.6949,0.2976,0.0,0.0,0.0,0.0,0.0,-30.0,-101.0,-26.0,1,0
48494,3.1401,-0.9925,0.6949,0.2961,0.0,0.0,0.0,0.0,0.0,-22.0,-100.0,-23.0,1,0
48506,3.1401,-0.9925,0.6949,0.2976,0.0,0.0,0.0,0.0,0.0,-28.0,-101.0,-29.0,1,0
48519,3.1401,-0.9925,0.6949,0.2976,0.0,0.0,0.0,0.0,0.0,-30.0,-100.0,-28.0,1,0
48531,3.1401,-0.9925,0.6949,0.2976,0.0,0.0,0.0,0.0,0.0,-37.0,-101.0,-27.0,1,0
48543,3.1401,-0.9925,0.6949,0.2976,0.0,0.0,0.0,0.0,0.0,-39.0,-101.0,-25.0,1,0
48551,3.1401,-0.9925,0.6949,0.2976,0.0,0.0,0.0,0.0,0.0,-39.0,-101.0,-25.0,1,0
48564,3.1401,-0.9925,0.6934,0.2976,0.0,0.0,0.0,0.0,0.0,-37.0,-99.0,-25.0,0,0
48576,3.1401,-0.9925,0.6949,0.2976,0.0,0.0,0.0,0.0,0.0,-37.0,-99.0,-24.0,0,0
48588,3.1401,-0.9925,0.6949,0.2976,0.0,0.0,0.0,0.0,0.0,-37.0,-100.0,-28.0,0,0
48601,3.1401,-0.9925,0.6949,0.2961,0.0,0.0,0.0,0.0,0.0,-38.0,-98.0,-25.0,0,0
48609,3.1401,-0.9925,0.6949,0.2976,0.0,0.0,0.0,0.0,0.0,-37.0,-99.0,-26.0,0,0
48621,3.1401,-0.9925,0.6949,0.2976,0.0,0.0,0.0,0.0,0.0,-39.0,-100.0,-28.0,0,0
48633,3.1401,-0.9925,0.6949,0.2976,0.0,0.0,0.0,0.0,0.0,-38.0,-98.0,-30.0,0,0
48646,3.1401,-0.9925,0.6949,0.2976,0.0,0.0,0.0,0.0,0.0,-38.0,-99.0,-23.0,0,0
48658,3.1401,-0.9925,0.6949,0.2976,0.0,0.0,0.0,0.0,0.0,-37.0,-100.0,-27.0,0,0
48666,3.1401,-0.9925,0.6949,0.2976,0.0,0.0,0.0,0.0,0.0,-38.0,-100.0,-28.0,0,0
48678,3.1401,-0.9925,0.6949,0.2961,0.0,0.0,0.0,0.0,0.0,-36.0,-99.0,-30.0,0,0
48691,3.1401,-0.9925,0.6949,0.2961,0.0,0.0,0.0,0.0,0.0,-38.0,-101.0,-28.0,0,0
48703,3.1401,-0.9925,0.6949,0.2961,0.0,0.0,0.0,0.0,0.0,-41.0,-98.0,-29.0,0,0
48715,3.1401,-0.9925,0.6949,0.2976,0.0,0.0,0.0,0.0,0.0,-41.0,-98.0,-28.0,1,0
48723,3.1401,-0.9925,0.6949,0.2976,0.0,0.0,0.0,0.0,0.0,-40.0,-99.0,-30.0,1,0
48736,3.1401,-0.9925,0.6949,0.2961,0.0,0.0,0.0,0.0,0.0,-41.0,-98.0,-29.0,1,0
48748,3.1401,-0.9925,0.6949,0.2961,0.0,0.0,0.0,0.0,0.0,-41.0,-97.0,-20.0,0,0
48761,3.1401,-0.9925,0.6949,0.2976,0.0,0.0,0.0,0.0,0.0,-41.0,-98.0,-26.0,1,0
48773,3.1401,-0.9925,0.6949,0.2976,0.0,0.0,0.0,0.0,0.0,-39.0,-100.0,-30.0,0,0
48781,3.1401,-0.9925,0.6949,0.2976,0.0,0.0,0.0,0.0,0.0,-39.0,-100.0,-30.0,0,0
48793,3.1401,-0.9925,0.6949,0.2961,0.0,0.0,0.0,0.0,0.0,-41.0,-97.0,-27.0,1,0
48805,3.1401,-0.9925,0.6949,0.2976,0.0,0.0,0.0,0.0,0.0,-39.0,-97.0,-27.0,1,0
48818,3.1401,-0.9925,0.6949,0.2961,0.0,0.0,0.0,0.0,0.0,-37.0,-99.0,-28.0,1,0
48826,3.1401,-0.994,0.6949,0.2976,0.0,0.0,0.0,0.0,0.0,-41.0,-98.0,-29.0,1,0
48838,3.1401,-0.9925,0.6949,0.2976,0.0,0.0,0.0,0.0,0.0,-41.0,-98.0,-25.0,1,0
48850,3.1401,-0.9925,0.6949,0.2976,0.0,0.0,0.0,0.0,0.0,-41.0,-100.0,-22.0,1,0
48863,3.1401,-0.9925,0.6949,0.2961,0.0,0.0,0.0,0.0,0.0,-41.0,-97.0,-26.0,0,0
48875,3.1401,-0.994,0.6949,0.2961,0.0,0.0,0.0,0.0,0.0,-42.0,-97.0,-26.0,0,0
48883,3.1401,-0.9925,0.6949,0.2976,0.0,0.0,0.0,0.0,0.0,-37.0,-97.0,-18.0,0,0
48896,3.1401,-0.9925,0.6949,0.2976,0.0,0.0,0.0,0.0,0.0,-40.0,-96.0,-22.0,0,0
48908,3.1401,-0.9925,0.6949,0.2976,0.0,0.0,0.0,0.0,0.0,-41.0,-97.0,-28.0,0,0
48920,3.1401,-0.9925,0.6949,0.2961,0.0,0.0,0.0,0.0,0.0,-42.0,-96.0,-27.0,1,0
48933,3.1401,-0.9925,0.6949,0.2961,0.0,0.0,0.0,0.0,0.0,-41.0,-97.0,-29.0,1,0
48941,3.1401,-0.9925,0.6949,0.2961,0.0,0.0,0.0,0.0,0.0,-41.0,-97.0,-29.0,1,0
48953,3.1401,-0.9925,0.6903,0.2961,0.0,0.0,0.0,0.0,0.0,-43.0,-26.0,-16.0,1,0
48965,3.1401,-0.9925,0.6857,0.2961,0.0,0.0,-0.0479,0.0,0.0,-37.0,0.0,-6.0,1,0
48977,3.1401,-0.994,0.6811,0.2945,0.0,0.0,-0.0959,0.0,0.0,-34.0,6.0,-5.0,1,0
48990,3.1385,-0.994,0.6765,0.2945,0.0,0.0,-0.1678,-0.024,0.0,-13.0,27.0,-4.0,1,0
48998,3.1385,-0.9956,0.6719,0.293,0.0,0.0,-0.2157,-0.024,0.0,-3.0,40.0,0.0,1,0
49011,3.1385,-0.9956,0.6703,0.2853,0.0,-0.024,-0.2876,-0.0719,0.0,-6.0,47.0,17.0,1,0
49022,3.1401,-1.0002,0.6673,0.2838,0.0,-0.0719,-0.3356,-0.1438,0.0,2.0,69.0,20.0,1,0
49035,3.1401,-1.0017,0.6657,0.2853,0.0,-0.0959,-0.3116,-0.1438,0.0,13.0,64.0,20.0,2,0
49047,3.1401,-1.0032,0.6642,0.2869,0.0,-0.1198,-0.2876,-0.1438,0.0,28.0,65.0,20.0,2,0
49055,3.1401,-1.0048,0.6642,0.2869,0.0,-0.1198,-0.2397,-0.1198,0.0,34.0,57.0,17.0,2,0
49068,3.1401,-1.0048,0.6627,0.2869,0.0,-0.1438,-0.1918,-0.0959,0.0,36.0,66.0,22.0,5,0
49080,3.1401,-1.0048,0.6627,0.2869,0.0,-0.1198,-0.1438,-0.0479,-1.0,40.0,68.0,25.0,5,0
49092,3.1401,-1.0048,0.6611,0.2869,0.0,-0.0719,-0.0959,0.0,0.0,40.0,80.0,28.0,7,0
49104,3.1401,-1.0048,0.6611,0.2869,0.0,-0.0479,-0.0719,0.0,-1.0,41.0,71.0,28.0,7,0
49113,3.1416,-1.0048,0.6611,0.2869,0.0,-0.024,-0.0479,0.0,-4.0,37.0,72.0,28.0,8,0
49125,3.1416,-1.0048,0.6611,0.2884,0.0,-0.024,-0.0479,0.0,-3.0,41.0,69.0,29.0,9,0
49137,3.1401,-1.0048,0.6611,0.2869,0.0,0.0,-0.0479,0.0,-6.0,43.0,72.0,28.0,10,0
49149,3.1416,-1.0048,0.6611,0.2869,0.0,0.0,-0.024,0.0,-6.0,42.0,73.0,27.0,10,0
49162,3.1416,-1.0048,0.6627,0.2869,0.0,0.0,0.0,0.0,-9.0,36.0,70.0,26.0,12,1
49174,3.1416,-1.0048,0.6642,0.2884,0.0,0.0,0.0,0.0,-9.0,36.0,69.0,16.0,12,1
49186,3.1416,-1.0048,0.6642,0.2899,0.0,0.0,0.024,0.0,-5.0,43.0,54.0,7.0,12,1
49199,3.1401,-1.0048,0.6657,0.2915,0.0,0.0,0.024,0.024,-8.0,42.0,31.0,0.0,11,1
49211,3.1416,-1.0048,0.6688,0.293,0.0,0.0,0.0479,0.024,-3.0,38.0,8.0,-5.0,10,0
49223,3.1401,-1.0048,0.678,0.2976,0.0,0.0,0.1438,0.0959,0.0,44.0,-30.0,-16.0,9,0
49235,3.1401,-1.0048,0.6811,0.2991,0.0,0.0,0.1918,0.1198,0.0,45.0,-46.0,-14.0,8,0
49248,3.1401,-1.0032,0.6842,0.2991,0.0,0.0,0.2157,0.1438,0.0,27.0,-70.0,-21.0,7,0
49260,3.1401,-1.0032,0.6857,0.2991,0.0,0.0,0.2637,0.1438,0.0,23.0,-73.0,-31.0,4,0
49268,3.1401,-0.9986,0.6872,0.2991,0.0,0.024,0.2876,0.1438,0.0,-13.0,-75.0,-33.0,4,0
49281,3.1401,-0.9971,0.6888,0.2991,0.0,0.0479,0.2876,0.0959,0.0,-16.0,-64.0,-30.0,2,0
49293,3.1401,-0.9956,0.6888,0.2991,0.0,0.0959,0.2157,0.0479,0.0,-22.0,-57.0,-33.0,3,0
49305,3.1401,-0.9956,0.6903,0.2991,0.0,0.1198,0.1678,0.024,-5.0,-13.0,-66.0,-33.0,1,0
49317,3.1401,-0.9956,0.6903,0.2991,0.0,0.1198,0.1438,0.0,0.0,-19.0,-64.0,-32.0,2,0
49326,3.1401,-0.9956,0.6903,0.2991,0.0,0.1198,0.0959,0.0,0.0,-17.0,-59.0,-32.0,1,0
49338,3.1401,-0.9956,0.6903,0.2991,0.0,0.0719,0.0719,0.0,0.0,-17.0,-56.0,-29.0,2,0
49350,3.1401,-0.9956,0.6888,0.2976,0.0,0.0479,0.024,0.0,0.0,-16.0,-54.0,-22.0,2,0
49362,3.137,-0.9956,0.6888,0.2976,0.0,0.0,0.0,0.0,0.0,-11.0,-50.0,-21.0,1,0
49375,3.137,-0.9956,0.6888,0.2976,-0.024,0.0,0.0,0.0,10.0,-11.0,-56.0,-30.0,2,0
49383,3.137,-0.9956,0.6903,0.2976,-0.024,0.0,0.0,0.0,3.0,-11.0,-53.0,-27.0,1,0
49395,3.1385,-0.9956,0.6903,0.2976,-0.024,0.0,0.0,0.0,0.0,-16.0,-58.0,-26.0,1,0
49407,3.1385,-0.9956,0.6888,0.2976,-0.024,0.0,0.0,0.0,-1.0,-16.0,-59.0,-27.0,1,0
49420,3.1385,-0.9956,0.6903,0.2976,-0.024,0.0,0.0,0.0,0.0,-12.0,-57.0,-28.0,1,0
49432,3.1401,-0.9956,0.6903,0.2976,0.0,0.0,0.0,0.0,0.0,-16.0,-59.0,-28.0,1,0
49440,3.1401,-0.9956,0.6903,0.2976,0.0,0.0,0.0,0.0,-1.0,-16.0,-57.0,-27.0,1,0
49453,3.1401,-0.9956,0.6903,0.2976,0.0479,0.0,0.0,0.0,0.0,-16.0,-54.0,-26.0,1,0
49465,3.1401,-0.9956,0.6903,0.2961,0.0479,0.0,0.0,0.0,2.0,-16.0,-50.0,-26.0,1,0
49477,3.1401,-0.9956,0.6903,0.2976,0.024,0.0,0.0,0.0,0.0,-16.0,-53.0,-26.0,1,0
49490,3.1401,-0.9956,0.6888,0.2961,0.024,0.0,0.0,0.0,0.0,-11.0,-46.0,-26.0,1,0
49498,3.1401,-0.9956,0.6903,0.2976,0.0,0.0,0.0,0.0,0.0,-16.0,-51.0,-25.0,1,0
49510,3.1385,-0.9956,0.6903,0.2976,0.0,0.0,0.0,0.0,0.0,-14.0,-54.0,-22.0,1,0
49522,3.137,-0.9956,0.6903,0.2976,-0.024,0.0,0.0,0.0,7.0,-9.0,-52.0,-25.0,1,0
49534,3.1385,-0.9956,0.6888,0.2976,-0.024,0.0,0.0,0.0,-2.0,-11.0,-51.0,-24.0,1,0
49547,3.1385,-0.9956,0.6903,0.2961,-0.024,0.0,0.0,0.0,0.0,-14.0,-57.0,-27.0,1,0
49555,3.1385,-0.9956,0.6903,0.2976,-0.024,0.0,0.0,0.0,-1.0,-15.0,-52.0,-26.0,1,0
49567,3.1401,-0.9956,0.6903,0.2976,0.0,0.0,0.0,0.0,0.0,-15.0,-59.0,-26.0,1,0
49580,3.1401,-0.9956,0.6903,0.2976,0.0,0.0,0.0,0.0,0.0,-14.0,-48.0,-28.0,1,0
49592,3.1401,-0.9956,0.6888,0.2961,0.0,0.0,0.0,0.0,0.0,-14.0,-51.0,-22.0,1,0
49604,3.1401,-0.9956,0.6888,0.2976,0.024,0.0,0.0,0.0,0.0,-14.0,-56.0,-26.0,1,0
49612,3.1401,-0.9956,0.6888,0.2976,0.024,0.0,0.0,0.0,-2.0,-14.0,-52.0,-20.0,1,0
49625,3.1401,-0.9956,0.6903,0.2961,0.0,0.0,0.0,0.0,0.0,-15.0,-53.0,-27.0,1,0
49637,3.1401,-0.9956,0.6903,0.2976,0.0,0.0,0.0,0.0,0.0,-14.0,-50.0,-24.0,1,0
49649,3.1401,-0.9956,0.6903,0.2976,0.0,0.0,0.0,0.0,0.0,-15.0,-54.0,-25.0,1,0
49657,3.1401,-0.9956,0.6903,0.2976,0.0,0.0,0.0,0.0,0.0,-7.0,-55.0,-25.0,1,0
49670,3.1401,-0.9956,0.6888,0.2976,0.0,0.0,0.0,0.0,0.0,-11.0,-56.0,-26.0,1,0
49682,3.1401,-0.9956,0.6888,0.2976,0.0,0.0,0.0,0.0,0.0,-14.0,-53.0,-27.0,1,0
49694,3.1401,-0.9971,0.6903,0.2976,0.0,0.0,0.0,0.0,0.0,-15.0,-48.0,-26.0,1,0
49706,3.1401,-0.9956,0.6888,0.2961,0.0,0.0,0.0,0.0,0.0,-15.0,-44.0,-25.0,1,0
49715,3.1401,-0.9956,0.6903,0.2976,0.0,0.0,0.0,0.0,0.0,-15.0,-53.0,-24.0,1,0
49727,3.1401,-0.9956,0.6888,0.2961,0.0,0.0,0.0,0.0,0.0,-16.0,-53.0,-24.0,1,0
49740,3.1401,-0.9956,0.6903,0.2976,0.0,0.0,0.0,0.0,0.0,-12.0,-53.0,-25.0,1,0
49752,3.1401,-0.9956,0.6903,0.2976,0.0,0.0,0.0,0.0,0.0,-15.0,-47.0,-25.0,1,0
49764,3.1401,-0.9956,0.6888,0.2976,0.0,0.0,0.0,0.0,0.0,-16.0,-50.0,-23.0,1,0
49772,3.1401,-0.9956,0.6888,0.2976,0.0,0.0,0.0,0.0,0.0,-16.0,-50.0,-23.0,1,0
49784,3.1401,-0.9956,0.6888,0.2961,0.0,0.0,0.0,0.0,0.0,-16.0,-51.0,-19.0,1,0
49797,3.1401,-0.9956,0.6903,0.2976,0.0,0.0,0.0,0.0,0.0,-16.0,-48.0,-27.0,1,0
49809,3.1401,-0.9956,0.6888,0.2961,0.0,0.0,0.0,0.0,0.0,-16.0,-42.0,-27.0,1,0
49821,3.1401,-0.9956,0.6903,0.2961,0.0,0.0,0.0,0.0,0.0,-15.0,-43.0,-25.0,1,0
49829,3.1401,-0.9956,0.6903,0.2976,0.0,0.0,0.0,0.0,0.0,-16.0,-48.0,-25.0,1,0
49842,3.1401,-0.9956,0.6903,0.2976,0.0,0.0,0.0,0.0,0.0,-16.0,-42.0,-22.0,1,0
49854,3.1401,-0.9956,0.6888,0.2976,0.0,0.0,0.0,0.0,0.0,-16.0,-49.0,-25.0,1,0
49866,3.1401,-0.9956,0.6903,0.2976,0.0,0.0,0.0,0.0,0.0,-16.0,-47.0,-28.0,1,0
49879,3.1401,-0.9956,0.6903,0.2961,0.0,0.0,0.0,0.0,0.0,-14.0,-45.0,-23.0,1,0
49887,3.1401,-0.9956,0.6903,0.2961,0.0,0.0,0.0,0.0,0.0,-16.0,-44.0,-23.0,1,0
49899,3.1401,-0.9956,0.6888,0.2961,0.0,0.0,0.0,0.0,0.0,-14.0,-47.0,-21.0,1,0
49911,3.1401,-0.9956,0.6903,0.2976,0.0,0.0,0.0,0.0,0.0,-14.0,-46.0,-24.0,2,0
49924,3.1401,-0.9956,0.6903,0.2976,0.0,0.0,0.0,0.0,0.0,-16.0,-42.0,-20.0,1,0
49936,3.1401,-0.9956,0.6903,0.2976,0.0,0.0,0.0,0.0,0.0,-10.0,-41.0,-28.0,1,0
49944,3.1401,-0.9956,0.6903,0.2976,0.0,0.0,0.0,0.0,0.0,-13.0,-42.0,-26.0,1,0
49956,3.1401,-0.9956,0.6903,0.2961,0.0,0.0,0.0,0.0,0.0,-15.0,-43.0,-23.0,1,0
49969,3.1401,-0.9956,0.6888,0.2961,0.0,0.0,0.0,0.0,0.0,-8.0,-41.0,-24.0,2,0
49981,3.1401,-0.9956,0.6903,0.2961,0.0,0.0,0.0,0.0,0.0,-15.0,-44.0,-26.0,2,0
49993,3.1401,-0.9956,0.6903,0.2976,0.0,0.0,0.0,0.0,0.0,-16.0,-42.0,-23.0,2,0
50001,3.1401,-0.9956,0.6903,0.2976,0.0,0.0,0.0,0.0,0.0,-16.0,-42.0,-23.0,1,0
50014,3.1401,-0.9956,0.6903,0.2976,0.0,0.0,0.0,0.0,0.0,-16.0,-47.0,-26.0,1,0
50026,3.1401,-0.9956,0.6888,0.2976,0.0,0.0,0.0,0.0,0.0,-16.0,-45.0,-27.0,1,0
50038,3.1401,-0.9956,0.6903,0.2961,0.0,0.0,0.0,0.0,0.0,-13.0,-45.0,-26.0,1,0
50051,3.1401,-0.9956,0.6903,0.2976,0.0,0.0,0.0,0.0,0.0,-15.0,-44.0,-28.0,2,0
50059,3.1401,-0.9956,0.6903,0.2961,0.0,0.0,0.0,0.0,0.0,-15.0,-45.0,-28.0,1,0
50071,3.1401,-0.9956,0.6903,0.2976,0.0,0.0,0.0,0.0,0.0,-16.0,-44.0,-21.0,2,0
50083,3.1401,-0.9956,0.6903,0.2976,0.0,0.0,0.0,0.0,0.0,-16.0,-43.0,-24.0,2,0
50096,3.1401,-0.9956,0.6903,0.2961,0.0,0.0,0.0,0.0,0.0,-16.0,-45.0,-22.0,2,0
50104,3.1401,-0.9956,0.6903,0.2976,0.0,0.0,0.0,0.0,0.0,-16.0,-45.0,-29.0,2,0
50116,3.1401,-0.9956,0.6903,0.2976,0.0,0.0,0.0,0.0,0.0,-13.0,-41.0,-23.0,1,0
50128,3.1401,-0.9956,0.6903,0.2961,0.0,0.0,0.0,0.0,0.0,-16.0,-42.0,-23.0,1,0
50141,3.1401,-0.9956,0.6888,0.2976,0.0,0.0,0.0,0.0,0.0,-16.0,-45.0,-28.0,0,0
50153,3.1401,-0.9956,0.6903,0.2976,0.0,0.0,0.0,0.0,0.0,-16.0,-47.0,-20.0,0,0
50161,3.1385,-0.9956,0.6918,0.2976,0.0,0.0,0.0,0.0,0.0,-14.0,-56.0,-24.0,0,0
50173,3.1355,-0.9956,0.6918,0.2976,-0.024,0.0,0.0,0.0,17.0,-16.0,-77.0,-26.0,0,0
50186,3.1355,-0.9956,0.6949,0.2976,-0.0479,0.0,0.024,0.0,21.0,-16.0,-88.0,-29.0,0,0
50198,3.1355,-0.9956,0.6949,0.2976,-0.0479,0.0,0.024,0.0,19.0,-17.0,-93.0,-29.0,0,0
50210,3.1355,-0.9956,0.6964,0.2961,-0.0479,0.0,0.0479,0.0,24.0,-17.0,-94.0,-26.0,3,0
50218,3.137,-0.9956,0.698,0.2976,-0.0479,0.0,0.0719,0.0,28.0,-17.0,-94.0,-25.0,8,0
50231,3.137,-0.9956,0.698,0.2976,-0.0479,0.0,0.0959,0.0,30.0,-16.0,-89.0,-23.0,12,1
50247,3.1355,-0.9956,0.6995,0.2976,0.0,0.0,0.0959,0.0,31.0,-17.0,-85.0,-26.0,14,1
50259,3.1355,-0.9956,0.6995,0.2961,0.0,0.0,0.0719,0.0,31.0,-17.0,-82.0,-30.0,15,1
50272,3.1355,-0.9956,0.6995,0.2976,0.0,0.0,0.0719,0.0,31.0,-18.0,-82.0,-30.0,18,1
50284,3.1355,-0.9956,0.6995,0.2976,0.0,0.0,0.024,0.0,30.0,-19.0,-83.0,-28.0,23,1
50296,3.1355,-0.9956,0.6995,0.2976,0.0,0.0,0.024,0.0,32.0,-18.0,-85.0,-26.0,26,1
50309,3.1355,-0.994,0.6995,0.2961,0.0,0.0,0.0,0.0,32.0,-19.0,-84.0,-29.0,29,1
50321,3.1355,-0.9956,0.6995,0.2961,0.0,0.0,0.0,0.0,32.0,-18.0,-87.0,-24.0,35,1
50333,3.1355,-0.9956,0.6995,0.2961,0.0,0.0,0.0,0.0,33.0,-18.0,-87.0,-29.0,39,1
50345,3.1355,-0.9956,0.6995,0.2976,0.0,0.0,0.0,0.0,33.0,-18.0,-88.0,-24.0,42,1
50358,3.1355,-0.9956,0.6995,0.2976,0.0,0.0,0.0,0.0,33.0,-18.0,-92.0,-29.0,48,1
50370,3.1355,-0.994,0.701,0.2976,0.0,0.0,0.0,0.0,33.0,-17.0,-95.0,-26.0,52,1
50382,3.1339,-0.9956,0.701,0.2976,0.0,0.0,0.0,0.0,33.0,-17.0,-104.0,-29.0,55,1
50395,3.1355,-0.994,0.7026,0.2976,0.0,0.0,0.024,0.0,33.0,-23.0,-102.0,-26.0,57,1
50407,3.1339,-0.9956,0.7026,0.2976,0.0,0.0,0.024,0.0,35.0,-25.0,-109.0,-27.0,60,1
50419,3.1355,-0.994,0.7041,0.2976,0.0,0.0,0.024,0.0,38.0,-27.0,-116.0,-27.0,60,1
50431,3.1339,-0.994,0.7041,0.2976,0.0,0.0,0.0479,0.0,36.0,-16.0,-114.0,-29.0,62,1
50444,3.1355,-0.994,0.7041,0.2976,0.0,0.0,0.0479,0.0,33.0,-18.0,-112.0,-25.0,63,1
50456,3.1355,-0.994,0.7056,0.2976,0.0,0.0,0.024,0.0,37.0,-42.0,-109.0,-30.0,64,1
50468,3.1355,-0.994,0.7041,0.2976,0.0,0.0,0.024,0.0,33.0,-38.0,-111.0,-25.0,65,1
50481,3.1355,-0.994,0.7056,0.2976,0.0,0.0,0.024,0.0,33.0,-37.0,-107.0,-28.0,65,1
50497,3.1355,-0.994,0.7041,0.2976,0.0,0.0,0.0,0.0,34.0,-37.0,-104.0,-22.0,66,1
50509,3.1355,-0.994,0.7041,0.2976,0.0,0.0,0.0,0.0,32.0,-37.0,-103.0,-27.0,64,1
50522,3.1355,-0.994,0.7041,0.2961,0.0,0.0,0.0,0.0,34.0,-32.0,-103.0,-27.0,62,1
50534,3.1385,-0.994,0.7041,0.2961,0.0,0.0,0.0,0.0,13.0,-18.0,-101.0,-28.0,60,1
50546,3.1385,-0.994,0.7041,0.2976,0.024,0.0,0.0,0.0,5.0,-17.0,-101.0,-28.0,56,1
50558,3.1401,-0.994,0.7041,0.2961,0.024,0.0,0.0,0.0,-2.0,-24.0,-99.0,-25.0,47,1
50571,3.1416,-0.9956,0.7041,0.2976,0.0479,0.0,0.0,0.0,0.0,-17.0,-105.0,-22.0,36,1
50583,3.1431,-0.994,0.7041,0.2976,0.0719,0.0,0.0,0.0,-4.0,-28.0,-104.0,-28.0,24,1
50595,3.1447,-0.994,0.7041,0.2976,0.0959,0.0,0.0,0.0,-14.0,-29.0,-105.0,-29.0,15,1
50608,3.1447,-0.994,0.7041,0.2976,0.0959,0.0,0.0,0.0,-11.0,-24.0,-106.0,-30.0,4,0
50616,3.1431,-0.994,0.7041,0.2976,0.0959,0.0,0.0,0.0,1.0,-31.0,-106.0,-31.0,0,0
50628,3.1416,-0.9956,0.7041,0.2976,0.0479,0.0,0.0,0.0,5.0,-31.0,-103.0,-23.0,1,0
50640,3.1401,-0.9956,0.7041,0.2976,0.024,0.0,0.0,0.0,0.0,-27.0,-104.0,-29.0,0,0
50653,3.137,-0.994,0.7041,0.2976,0.0,0.0,0.0,0.0,10.0,-29.0,-102.0,-28.0,0,0
50665,3.137,-0.994,0.7041,0.2976,-0.0719,0.0,0.0,0.0,14.0,-23.0,-106.0,-25.0,0,0
50673,3.1385,-0.994,0.7041,0.2976,-0.0959,0.0,0.0,0.0,7.0,-28.0,-104.0,-26.0,0,0
50685,3.1401,-0.994,0.7026,0.2976,-0.0719,0.0,0.0,0.0,-4.0,-25.0,-103.0,-24.0,0,0
50698,3.1416,-0.994,0.7041,0.2976,-0.0479,0.0,0.0,0.0,-1.0,-25.0,-105.0,-30.0,0,0
50710,3.1431,-0.9956,0.7041,0.2976,0.0,0.0,0.0,0.0,-3.0,-27.0,-105.0,-25.0,0,0
50722,3.1431,-0.994,0.7041,0.2961,0.024,0.0,0.0,0.0,0.0,-26.0,-106.0,-30.0,0,0
50730,3.1431,-0.994,0.7041,0.2976,0.0479,0.0,0.0,0.0,0.0,-26.0,-107.0,-30.0,0,0
50743,3.1416,-0.994,0.7041,0.2976,0.0719,0.0,0.0,0.0,0.0,-23.0,-107.0,-29.0,0,0
50755,3.1416,-0.994,0.7041,0.2961,0.024,0.0,0.0,0.0,1.0,-23.0,-105.0,-27.0,1,0
50767,3.1401,-0.994,0.7041,0.2961,0.0,0.0,0.0,0.0,0.0,-22.0,-107.0,-22.0,1,0
50780,3.1385,-0.994,0.7026,0.2976,0.0,0.0,0.0,0.0,4.0,-23.0,-105.0,-25.0,2,0
50788,3.137,-0.994,0.7026,0.2961,-0.0479,0.0,0.0,0.0,6.0,-26.0,-104.0,-22.0,2,0
50800,3.137,-0.9956,0.7026,0.2976,-0.0479,0.0,0.0,0.0,6.0,-22.0,-102.0,-25.0,1,0
50812,3.1385,-0.9956,0.7026,0.2961,-0.0479,0.0,0.0,0.0,3.0,-25.0,-109.0,-28.0,1,0
50825,3.1416,-0.9956,0.7041,0.2976,-0.024,0.0,0.0,0.0,0.0,-24.0,-106.0,-30.0,2,0
50837,3.1416,-0.994,0.7041,0.2976,0.0,0.0,0.0,0.0,0.0,-29.0,-109.0,-24.0,1,0
50845,3.1431,-0.994,0.7041,0.2976,0.024,0.0,0.0,0.0,-2.0,-29.0,-109.0,-26.0,1,0
50857,3.1431,-0.994,0.7041,0.2976,0.0479,0.0,0.0,0.0,0.0,-25.0,-107.0,-30.0,2,0
50870,3.1416,-0.9956,0.7026,0.2961,0.0479,0.0,0.0,0.0,0.0,-25.0,-105.0,-27.0,2,0
50882,3.1416,-0.994,0.7026,0.2961,0.0479,0.0,0.0,0.0,0.0,-25.0,-108.0,-25.0,2,0
50894,3.1416,-0.994,0.7041,0.2976,0.0,0.0,0.0,0.0,0.0,-21.0,-104.0,-31.0,2,0
50902,3.1416,-0.994,0.7041,0.2976,0.0,0.0,0.0,0.0,0.0,-21.0,-104.0,-31.0,2,0
50915,3.1416,-0.9956,0.7041,0.2976,0.0,0.0,0.0,0.0,1.0,-28.0,-106.0,-31.0,2,0
50927,3.1401,-0.994,0.7026,0.2976,0.0,0.0,0.0,0.0,0.0,-25.0,-109.0,-27.0,3,0
50939,3.1401,-0.994,0.7041,0.2976,0.0,0.0,0.0,0.0,0.0,-23.0,-108.0,-29.0,2,0
50952,3.1401,-0.994,0.7041,0.2976,0.0,0.0,0.0,0.0,0.0,-23.0,-108.0,-30.0,2,0
50960,3.1401,-0.9956,0.7041,0.2976,0.0,0.0,0.0,0.0,0.0,-24.0,-107.0,-28.0,2,0
50972,3.1401,-0.9956,0.7041,0.2976,0.0,0.0,0.0,0.0,0.0,-25.0,-109.0,-31.0,2,0
50984,3.1401,-0.9956,0.7041,0.2976,0.0,0.0,0.0,0.0,0.0,-26.0,-108.0,-29.0,2,0
50997,3.1401,-0.9956,0.7041,0.2961,0.0,0.0,0.0,0.0,0.0,-22.0,-107.0,-25.0,2,0
51009,3.1401,-0.994,0.7041,0.2976,0.0,0.0,0.0,0.0,0.0,-22.0,-107.0,-30.0,2,0
51017,3.1401,-0.994,0.7041,0.2976,0.0,0.0,0.0,0.0,0.0,-25.0,-108.0,-30.0,2,0
51029,3.1401,-0.994,0.7041,0.2976,0.0,0.0,0.0,0.0,0.0,-24.0,-108.0,-26.0,2,0
51042,3.1401,-0.9956,0.7041,0.2961,0.0,0.0,0.0,0.0,0.0,-27.0,-110.0,-25.0,2,0
51054,3.1401,-0.994,0.7041,0.2961,0.0,0.0,0.0,0.0,0.0,-26.0,-109.0,-29.0,2,0
51062,3.1401,-0.994,0.7041,0.2961,0.0,0.0,0.0,0.0,0.0,-26.0,-109.0,-29.0,2,0
51075,3.1401,-0.9956,0.7041,0.2976,0.0,0.0,0.0,0.0,0.0,-24.0,-111.0,-26.0,2,0
51087,3.1401,-0.994,0.7041,0.2976,0.0,0.0,0.0,0.0,0.0,-24.0,-111.0,-30.0,2,0
51099,3.1416,-0.994,0.7026,0.2961,0.0,0.0,0.0,0.0,0.0,-24.0,-108.0,-30.0,2,0
51111,3.1401,-0.994,0.7026,0.2976,0.0,0.0,0.0,0.0,0.0,-26.0,-109.0,-30.0,2,0
51120,3.1401,-0.994,0.7041,0.2976,0.0,0.0,0.0,0.0,0.0,-29.0,-110.0,-26.0,2,0
51132,3.1401,-0.994,0.7026,0.2976,0.0,0.0,0.0,0.0,0.0,-24.0,-110.0,-26.0,2,0
51144,3.1416,-0.994,0.7041,0.2976,0.0,0.0,0.0,0.0,0.0,-19.0,-108.0,-30.0,2,0
51156,3.1401,-0.9956,0.7041,0.2961,0.0,0.0,0.0,0.0,0.0,-26.0,-111.0,-28.0,2,0
51169,3.1416,-0.994,0.7041,0.2976,0.0,0.0,0.0,0.0,0.0,-27.0,-110.0,-31.0,2,0
51177,3.1401,-0.9956,0.7026,0.2976,0.0,0.0,0.0,0.0,0.0,-25.0,-109.0,-30.0,3,0
51189,3.1401,-0.9956,0.7041,0.2976,0.0,0.0,0.0,0.0,0.0,-22.0,-112.0,-30.0,2,0
51201,3.1401,-0.994,0.7041,0.2976,0.0,0.0,0.0,0.0,0.0,-15.0,-110.0,-29.0,2,0
51214,3.1401,-0.994,0.7041,0.2976,0.0,0.0,0.0,0.0,0.0,-16.0,-112.0,-28.0,2,0
51226,3.1401,-0.994,0.7026,0.2976,0.0,0.0,0.0,0.0,0.0,-19.0,-112.0,-26.0,2,0
51234,3.1401,-0.994,0.7041,0.2976,0.0,0.0,0.0,0.0,0.0,-25.0,-111.0,-29.0,2,0
51247,3.1401,-0.9956,0.7041,0.2976,0.0,0.0,0.0,0.0,0.0,-15.0,-111.0,-29.0,2,0
51259,3.1401,-0.994,0.7041,0.2976,0.0,0.0,0.0,0.0,0.0,-26.0,-110.0,-28.0,2,0
51271,3.1401,-0.994,0.7026,0.2976,0.0,0.0,0.0,0.0,0.0,-23.0,-114.0,-25.0,2,0
51283,3.1401,-0.994,0.7041,0.2976,0.0,0.0,0.0,0.0,0.0,-26.0,-112.0,-28.0,2,0
51292,3.1401,-0.994,0.7041,0.2976,0.0,0.0,0.0,0.0,0.0,-26.0,-112.0,-28.0,2,0
51304,3.1401,-0.994,0.7041,0.2961,0.0,0.0,0.0,0.0,0.0,-21.0,-111.0,-31.0,2,0
51316,3.1401,-0.9956,0.7026,0.2976,0.0,0.0,0.0,0.0,0.0,-25.0,-114.0,-30.0,1,0
51328,3.1401,-0.9956,0.7041,0.2976,0.0,0.0,0.0,0.0,0.0,-26.0,-109.0,-29.0,1,0
51341,3.1401,-0.994,0.7041,0.2961,0.0,0.0,0.0,0.0,0.0,-17.0,-111.0,-29.0,1,0
51349,3.1401,-0.994,0.7041,0.2961,0.0,0.0,0.0,0.0,0.0,-27.0,-112.0,-27.0,5,0
51361,3.1401,-0.994,0.7041,0.2976,0.0,0.0,0.0,0.0,0.0,-20.0,-110.0,-25.0,6,0
51374,3.1401,-0.9956,0.7041,0.2976,0.0,0.0,0.0,0.0,0.0,-23.0,-111.0,-31.0,8,0
51386,3.1401,-0.994,0.7041,0.2961,0.0,0.0,0.0,0.0,0.0,-14.0,-113.0,-30.0,10,0
51398,3.1401,-0.994,0.7041,0.2976,0.0,0.0,0.0,0.0,0.0,-26.0,-114.0,-29.0,14,1
51410,3.1416,-0.994,0.7041,0.2976,0.0,0.0,0.0,0.0,0.0,-17.0,-114.0,-31.0,19,1
51423,3.1416,-0.994,0.7041,0.2976,0.0,0.0,0.0,0.0,0.0,-25.0,-114.0,-31.0,20,1
51435,3.1401,-0.9956,0.7026,0.2976,0.0,0.0,0.0,0.0,0.0,-29.0,-109.0,-29.0,21,1
51447,3.1416,-0.994,0.7026,0.2961,0.0,0.0,0.0,0.0,0.0,-26.0,-109.0,-31.0,26,1
51460,3.1416,-0.9956,0.7026,0.2976,0.0,0.0,0.0,0.0,0.0,-13.0,-109.0,-30.0,32,1
51472,3.1416,-0.994,0.7026,0.2976,0.0,0.0,0.0,0.0,0.0,-18.0,-107.0,-31.0,34,1
51484,3.1416,-0.994,0.7026,0.2976,0.0,0.0,0.0,0.0,0.0,-26.0,-109.0,-30.0,39,1
51496,3.1416,-0.994,0.7026,0.2961,0.0,0.0,0.0,0.0,0.0,-28.0,-109.0,-32.0,45,1
51509,3.1416,-0.9956,0.7026,0.2976,0.0,0.0,0.0,0.0,0.0,-20.0,-113.0,-31.0,48,1
51525,3.1416,-0.994,0.7026,0.2961,0.0,0.0,0.0,0.0,0.0,-30.0,-108.0,-30.0,47,1
51537,3.1416,-0.9956,0.7026,0.2976,0.0,0.0,0.0,0.0,-2.0,-30.0,-108.0,-32.0,49,1
51550,3.1431,-0.994,0.7026,0.2976,0.0,0.0,0.0,0.0,-4.0,-27.0,-111.0,-30.0,49,1
51562,3.1431,-0.994,0.7026,0.2976,0.0,0.0,0.0,0.0,-1.0,-31.0,-111.0,-32.0,58,1
51574,3.1431,-0.994,0.7026,0.2976,0.0,0.0,0.0,0.0,-6.0,-25.0,-110.0,-31.0,58,1
51586,3.1431,-0.994,0.7026,0.2961,0.0,0.0,0.0,0.0,-8.0,-25.0,-109.0,-30.0,60,1
51599,3.1416,-0.994,0.7026,0.2976,0.0,0.0,0.0,0.0,-7.0,-28.0,-111.0,-30.0,64,1
51611,3.1431,-0.9956,0.7026,0.2976,0.0,0.0,0.0,0.0,-5.0,-27.0,-111.0,-30.0,68,1
51623,3.1431,-0.994,0.7026,0.2976,0.0,0.0,0.0,0.0,-4.0,-21.0,-111.0,-30.0,68,1
51636,3.1431,-0.994,0.7026,0.2976,0.0,0.0,0.0,0.0,-5.0,-24.0,-111.0,-30.0,69,1
51648,3.1431,-0.994,0.7026,0.2961,0.0,0.0,0.0,0.0,-6.0,-18.0,-111.0,-33.0,69,1
51660,3.1416,-0.994,0.7026,0.2961,0.0,0.0,0.0,0.0,-4.0,-21.0,-113.0,-33.0,72,1
51673,3.1416,-0.994,0.7026,0.2976,0.0,0.0,0.0,0.0,-6.0,-25.0,-111.0,-31.0,75,1
51685,3.1416,-0.9956,0.7026,0.2961,0.0,0.0,0.0,0.0,-2.0,-22.0,-109.0,-31.0,78,1
51697,3.1431,-0.9956,0.7026,0.2976,0.0,0.0,0.0,0.0,-8.0,-20.0,-110.0,-33.0,78,1
51709,3.1416,-0.9956,0.7026,0.2976,0.0,0.0,0.0,0.0,-2.0,-24.0,-112.0,-28.0,77,1
51722,3.1416,-0.994,0.7026,0.2976,0.0,0.0,0.0,0.0,-2.0,-22.0,-111.0,-29.0,75,1
51734,3.1416,-0.994,0.7026,0.2961,0.0,0.0,0.0,0.0,0.0,-24.0,-116.0,-29.0,70,1
51746,3.1431,-0.994,0.7041,0.2961,0.0,0.0,0.0,0.0,0.0,-22.0,-117.0,-30.0,62,1
51759,3.1401,-0.994,0.7041,0.2961,0.0,0.0,0.0,0.0,0.0,-25.0,-116.0,-30.0,49,1
51775,3.1355,-0.9956,0.7041,0.2961,-0.024,0.0,0.0,0.0,17.0,-28.0,-118.0,-30.0,41,1
51787,3.137,-0.9956,0.7026,0.2976,-0.0479,0.0,0.0,0.0,20.0,-29.0,-117.0,-32.0,27,1
51799,3.1385,-0.994,0.7041,0.2976,-0.0719,0.0,0.0,0.0,0.0,-22.0,-113.0,-31.0,16,1
51808,3.1401,-0.994,0.7026,0.2976,-0.0479,0.0,0.0,0.0,-3.0,-22.0,-107.0,-33.0,7,0
51820,3.1416,-0.994,0.7026,0.2976,-0.024,0.0,0.0,0.0,-4.0,-21.0,-111.0,-32.0,4,0
51832,3.1431,-0.994,0.7026,0.2961,0.0,0.0,0.0,0.0,-5.0,-21.0,-112.0,-31.0,1,0
51845,3.1431,-0.994,0.7026,0.2976,0.0479,0.0,0.0,0.0,0.0,-22.0,-113.0,-31.0,0,0
51857,3.1431,-0.994,0.7026,0.2961,0.0719,0.0,0.0,0.0,0.0,-21.0,-112.0,-33.0,0,0
51865,3.1416,-0.994,0.7026,0.2976,0.0479,0.0,0.0,0.0,0.0,-26.0,-112.0,-33.0,0,0
51877,3.1401,-0.994,0.7026,0.2961,0.024,0.0,0.0,0.0,0.0,-22.0,-115.0,-34.0,0,0
51890,3.1401,-0.9956,0.7026,0.2976,0.0,0.0,0.0,0.0,0.0,-20.0,-113.0,-35.0,1,0
51902,3.1385,-0.994,0.7026,0.2976,0.0,0.0,0.0,0.0,0.0,-28.0,-114.0,-36.0,1,0
51914,3.1385,-0.9956,0.7026,0.2976,-0.0479,0.0,0.0,0.0,2.0,-20.0,-114.0,-35.0,2,0
51922,3.1385,-0.9956,0.7026,0.2976,-0.0479,0.0,0.0,0.0,2.0,-20.0,-114.0,-35.0,2,0
51935,3.1401,-0.9956,0.7026,0.2976,-0.0479,0.0,0.0,0.0,0.0,-15.0,-114.0,-32.0,2,0
51947,3.1401,-0.994,0.7026,0.2976,-0.024,0.0,0.0,0.0,0.0,-20.0,-114.0,-34.0,3,0
51959,3.1416,-0.994,0.7026,0.2961,0.0,0.0,0.0,0.0,0.0,-22.0,-114.0,-35.0,3,0
51972,3.1416,-0.994,0.7026,0.2976,0.0,0.0,0.0,0.0,0.0,-26.0,-114.0,-34.0,3,0
51980,3.1416,-0.994,0.7026,0.2976,0.024,0.0,0.0,0.0,0.0,-22.0,-114.0,-33.0,3,0
51992,3.1416,-0.994,0.7026,0.2961,0.0479,0.0,0.0,0.0,0.0,-25.0,-114.0,-34.0,3,0
52004,3.1401,-0.994,0.7026,0.2976,0.024,0.0,0.0,0.0,0.0,-23.0,-115.0,-34.0,3,0
52017,3.1401,-0.994,0.7026,0.2961,0.024,0.0,0.0,0.0,0.0,-22.0,-115.0,-34.0,3,0
52029,3.1416,-0.9956,0.7026,0.2976,0.0,0.0,0.0,0.0,0.0,-20.0,-115.0,-32.0,3,0
52037,3.1416,-0.9956,0.7026,0.2976,0.0,0.0,0.0,0.0,0.0,-21.0,-115.0,-33.0,3,0
52049,3.1401,-0.994,0.7026,0.2976,0.0,0.0,0.0,0.0,0.0,-19.0,-115.0,-32.0,3,0
52062,3.1401,-0.994,0.7026,0.2976,0.0,0.0,0.0,0.0,0.0,-22.0,-115.0,-33.0,2,0
52074,3.1416,-0.994,0.7026,0.2976,0.0,0.0,0.0,0.0,0.0,-22.0,-115.0,-35.0,2,0
52082,3.1416,-0.994,0.7026,0.2976,0.0,0.0,0.0,0.0,0.0,-22.0,-115.0,-35.0,2,0
52094,3.1416,-0.9956,0.7026,0.2961,0.0,0.0,0.0,0.0,0.0,-19.0,-115.0,-33.0,2,0
52107,3.1416,-0.994,0.7026,0.2976,0.0,0.0,0.0,0.0,0.0,-20.0,-115.0,-34.0,2,0
52119,3.1401,-0.994,0.7026,0.2976,0.0,0.0,0.0,0.0,0.0,-20.0,-115.0,-34.0,2,0
52131,3.1401,-0.9956,0.7026,0.2961,0.0,0.0,0.0,0.0,0.0,-20.0,-115.0,-34.0,2,0
52139,3.1401,-0.994,0.7026,0.2961,0.0,0.0,0.0,0.0,-1.0,-27.0,-115.0,-36.0,2,0
52152,3.1401,-0.994,0.7026,0.2976,0.0,0.0,0.0,0.0,-1.0,-27.0,-117.0,-35.0,2,0
52164,3.1401,-0.9956,0.7026,0.2976,0.0,0.0,0.0,0.0,0.0,-24.0,-117.0,-35.0,2,0
52176,3.1416,-0.9956,0.7026,0.2976,0.0,0.0,0.0,0.0,0.0,-23.0,-117.0,-36.0,2,0
52189,3.1416,-0.9956,0.7026,0.2961,0.0,0.0,0.0,0.0,0.0,-23.0,-117.0,-33.0,2,0
52197,3.1416,-0.994,0.7026,0.2976,0.0,0.0,0.0,0.0,-2.0,-26.0,-117.0,-33.0,1,0
52209,3.1416,-0.9956,0.7026,0.2976,0.0,0.0,0.0,0.0,-2.0,-22.0,-114.0,-32.0,2,0
52221,3.1401,-0.994,0.7026,0.2961,0.0,0.0,0.0,0.0,-1.0,-29.0,-115.0,-32.0,2,0
52234,3.1416,-0.9956,0.7026,0.2961,0.0,0.0,0.0,0.0,0.0,-27.0,-117.0,-35.0,2,0
52246,3.1416,-0.994,0.7026,0.2976,0.0,0.0,0.0,0.0,-1.0,-29.0,-117.0,-35.0,2,0
52254,3.1401,-0.9956,0.7026,0.2961,0.0,0.0,0.0,0.0,0.0,-27.0,-117.0,-37.0,2,0
52266,3.1401,-0.994,0.7026,0.2961,0.0,0.0,0.0,0.0,-2.0,-27.0,-117.0,-33.0,2,0
52279,3.1416,-0.9956,0.7026,0.2976,0.0,0.0,0.0,0.0,0.0,-28.0,-117.0,-36.0,2,0
52291,3.1401,-0.994,0.7026,0.2976,0.0,0.0,0.0,0.0,0.0,-27.0,-117.0,-34.0,2,0
52303,3.1416,-0.994,0.7026,0.2976,0.0,0.0,0.0,0.0,-1.0,-26.0,-117.0,-35.0,2,0
52311,3.1416,-0.994,0.7026,0.2976,0.0,0.0,0.0,0.0,-1.0,-26.0,-117.0,-35.0,2,0
52324,3.1401,-0.994,0.7026,0.2976,0.0,0.0,0.0,0.0,0.0,-27.0,-117.0,-35.0,2,0
52336,3.1401,-0.9956,0.7026,0.2976,0.0,0.0,0.0,0.0,0.0,-27.0,-118.0,-34.0,2,0
52348,3.1401,-0.994,0.7026,0.2976,0.0,0.0,0.0,0.0,0.0,-26.0,-118.0,-33.0,2,0
52361,3.1416,-0.994,0.7026,0.2976,0.0,0.0,0.0,0.0,0.0,-26.0,-118.0,-33.0,2,0
52369,3.1401,-0.9956,0.7026,0.2976,0.0,0.0,0.0,0.0,0.0,-26.0,-118.0,-30.0,2,0
52381,3.1401,-0.9956,0.7026,0.2976,0.0,0.0,0.0,0.0,-1.0,-27.0,-118.0,-32.0,2,0
52393,3.1401,-0.9956,0.7026,0.2961,0.0,0.0,0.0,0.0,-1.0,-27.0,-119.0,-32.0,2,0
52406,3.1416,-0.9956,0.7026,0.2976,0.0,0.0,0.0,0.0,-1.0,-28.0,-118.0,-34.0,2,0
52418,3.1401,-0.994,0.7026,0.2961,0.0,0.0,0.0,0.0,-1.0,-29.0,-118.0,-34.0,2,0
52426,3.1401,-0.994,0.7026,0.2961,0.0,0.0,0.0,0.0,-1.0,-27.0,-118.0,-32.0,2,0
52438,3.1416,-0.994,0.7026,0.2976,0.0,0.0,0.0,0.0,0.0,-28.0,-118.0,-33.0,2,0
52451,3.1401,-0.994,0.7026,0.2976,0.0,0.0,0.0,0.0,0.0,-28.0,-119.0,-32.0,2,0
52463,3.1401,-0.994,0.7026,0.2976,0.0,0.0,0.0,0.0,0.0,-28.0,-118.0,-30.0,1,0
52475,3.1401,-0.9956,0.7026,0.2976,0.0,0.0,0.0,0.0,-1.0,-27.0,-118.0,-32.0,2,0
52483,3.1401,-0.9956,0.7026,0.2976,0.0,0.0,0.0,0.0,0.0,-30.0,-119.0,-32.0,2,0
52496,3.1416,-0.9956,0.7026,0.2976,0.0,0.0,0.0,0.0,-1.0,-28.0,-120.0,-31.0,2,0
52508,3.1416,-0.994,0.7026,0.2976,0.0,0.0,0.0,0.0,-2.0,-29.0,-118.0,-31.0,2,0
52520,3.1416,-0.994,0.7026,0.2976,0.0,0.0,0.0,0.0,-3.0,-29.0,-108.0,-32.0,2,0
52529,3.1416,-0.9956,0.701,0.2961,0.0,0.0,0.0,0.0,-3.0,-29.0,-103.0,-32.0,2,0
52541,3.1416,-0.994,0.701,0.2961,0.0,0.0,0.0,0.0,-3.0,-30.0,-109.0,-31.0,2,0
52553,3.1416,-0.994,0.701,0.2976,0.0,0.0,0.0,0.0,-2.0,-32.0,-114.0,-32.0,2,0
52565,3.1416,-0.994,0.701,0.2976,0.0,0.0,0.0,0.0,-3.0,-37.0,-114.0,-34.0,14,1
52578,3.1416,-0.9925,0.701,0.2976,0.0,0.0,0.0,0.0,-2.0,-51.0,-114.0,-32.0,37,1
52590,3.1416,-0.9925,0.701,0.2976,0.0,0.0,0.0,0.0,-3.0,-57.0,-113.0,-31.0,35,1
52602,3.1416,-0.991,0.701,0.2976,0.0,0.024,0.0,0.0,-3.0,-67.0,-112.0,-32.0,41,1
52615,3.1416,-0.9894,0.701,0.2976,0.0,0.0479,0.0,0.0,-7.0,-74.0,-113.0,-32.0,48,1
52627,3.1431,-0.9879,0.701,0.2976,0.0,0.0479,0.0,0.0,-6.0,-77.0,-114.0,-32.0,53,1
52639,3.1416,-0.9879,0.701,0.2976,0.0,0.0719,0.0,0.0,-6.0,-82.0,-114.0,-33.0,56,1
52651,3.1416,-0.9863,0.701,0.2976,0.0,0.0719,0.0,0.0,-3.0,-80.0,-114.0,-32.0,59,1
52668,3.1401,-0.9848,0.701,0.2976,0.0,0.0719,0.0,0.0,0.0,-97.0,-113.0,-29.0,63,1
52680,3.1401,-0.9848,0.701,0.2976,0.0,0.0719,0.0,0.0,0.0,-88.0,-108.0,-31.0,65,1
52692,3.1385,-0.9833,0.6995,0.2961,-0.024,0.0719,0.0,0.0,0.0,-105.0,-107.0,-32.0,68,1
52705,3.1355,-0.9802,0.6995,0.2976,-0.0479,0.0719,0.0,0.0,15.0,-133.0,-109.0,-33.0,71,1
52717,3.1355,-0.9771,0.701,0.2976,-0.0719,0.0719,0.0,0.0,24.0,-148.0,-111.0,-30.0,75,1
52729,3.1355,-0.9756,0.701,0.2976,-0.0719,0.1198,0.0,0.0,24.0,-159.0,-114.0,-32.0,77,1
52742,3.1355,-0.9741,0.701,0.2976,-0.0719,0.1198,0.0,0.0,27.0,-156.0,-114.0,-33.0,84,1
52754,3.1355,-0.9725,0.701,0.2961,-0.0479,0.1438,0.0,0.0,27.0,-147.0,-115.0,-34.0,90,1
52766,3.1355,-0.9725,0.6995,0.2961,-0.024,0.1438,0.0,0.0,26.0,-145.0,-114.0,-32.0,94,1
52778,3.1355,-0.971,0.701,0.2976,0.0,0.1198,0.0,0.0,20.0,-137.0,-111.0,-31.0,97,1
52791,3.137,-0.971,0.6995,0.2961,0.0,0.0959,0.0,0.0,20.0,-138.0,-112.0,-34.0,100,1
52807,3.137,-0.9725,0.701,0.2976,0.0,0.0479,0.0,0.0,17.0,-139.0,-111.0,-34.0,101,1
52819,3.137,-0.9725,0.701,0.2976,0.0,0.024,0.0,0.0,18.0,-139.0,-112.0,-32.0,100,1
52832,3.137,-0.9725,0.701,0.2961,0.0,0.0,0.0,0.0,15.0,-139.0,-114.0,-33.0,97,1
52844,3.137,-0.9725,0.6995,0.2961,0.0,0.0,0.0,0.0,0.0,-137.0,-111.0,-35.0,92,1
52856,3.1385,-0.9741,0.6995,0.2976,0.0,0.0,0.0,0.0,0.0,-130.0,-112.0,-34.0,86,1
52869,3.1385,-0.9741,0.6995,0.2976,0.0,0.0,0.0,0.0,0.0,-117.0,-107.0,-30.0,80,1
52881,3.1385,-0.9756,0.6995,0.2976,0.0,0.0,0.0,0.0,0.0,-101.0,-109.0,-33.0,74,1
52893,3.1401,-0.9802,0.701,0.2961,0.0,-0.0479,0.0,0.0,0.0,-70.0,-113.0,-35.0,64,1
52905,3.1385,-0.9817,0.6995,0.2976,0.0,-0.0719,0.0,0.0,0.0,-63.0,-111.0,-30.0,57,1
52918,3.1385,-0.9833,0.701,0.2976,0.0,-0.0959,0.0,0.0,0.0,-53.0,-111.0,-30.0,40,1
52930,3.1385,-0.9863,0.701,0.2976,0.0,-0.1198,0.0,0.0,0.0,-45.0,-111.0,-32.0,34,1
52942,3.1385,-0.9879,0.701,0.2976,0.0,-0.1438,0.0,0.0,0.0,-35.0,-112.0,-34.0,18,1
52955,3.1385,-0.9925,0.701,0.2976,0.0,-0.1918,0.0,0.0,0.0,-33.0,-113.0,-32.0,9,0
52967,3.1385,-0.9925,0.701,0.2976,0.0,-0.1918,0.0,0.0,0.0,-31.0,-111.0,-35.0,8,0
52979,3.1385,-0.994,0.6995,0.2961,0.0,-0.1678,0.0,0.0,0.0,-33.0,-111.0,-36.0,4,0
52991,3.1385,-0.9956,0.6995,0.2961,0.0,-0.1678,0.0,0.0,0.0,-40.0,-111.0,-33.0,2,0
53000,3.1401,-0.9956,0.6995,0.2961,0.0,-0.1438,0.0,0.0,0.0,-37.0,-110.0,-35.0,2,0
53012,3.1401,-0.9956,0.6995,0.2961,0.0,-0.1198,0.0,0.0,0.0,-42.0,-112.0,-34.0,2,0
53024,3.1401,-0.994,0.701,0.2976,0.0,-0.0719,0.0,0.0,0.0,-43.0,-115.0,-35.0,2,0
53036,3.1401,-0.9956,0.701,0.2976,0.0,-0.0479,0.0,0.0,0.0,-39.0,-113.0,-34.0,2,0
53049,3.1401,-0.994,0.701,0.2961,0.0,-0.024,0.0,0.0,0.0,-41.0,-114.0,-36.0,2,0
53057,3.1401,-0.994,0.6995,0.2976,0.0,-0.024,0.0,0.0,0.0,-42.0,-113.0,-34.0,3,0
53069,3.1401,-0.9956,0.6995,0.2976,0.0,0.0,0.0,0.0,0.0,-40.0,-112.0,-36.0,2,0
53081,3.1401,-0.9956,0.701,0.2976,0.0,0.0,0.0,0.0,0.0,-42.0,-113.0,-33.0,2,0
53094,3.1401,-0.9956,0.6995,0.2976,0.0,0.0,0.0,0.0,0.0,-40.0,-113.0,-34.0,2,0
53102,3.1401,-0.9956,0.6995,0.2976,0.0,0.0,0.0,0.0,0.0,-40.0,-113.0,-34.0,2,0
53114,3.1401,-0.994,0.701,0.2976,0.0,0.0,0.0,0.0,0.0,-41.0,-113.0,-32.0,2,0
53127,3.1401,-0.9956,0.701,0.2976,0.0,0.0,0.0,0.0,0.0,-39.0,-111.0,-33.0,2,0
53139,3.1401,-0.9956,0.701,0.2976,0.0,0.0,0.0,0.0,0.0,-39.0,-112.0,-33.0,2,0
53151,3.1401,-0.9956,0.701,0.2976,0.0,0.0,0.0,0.0,0.0,-42.0,-111.0,-35.0,2,0
53159,3.1401,-0.9956,0.701,0.2961,0.0,0.0,0.0,0.0,0.0,-40.0,-113.0,-35.0,2,0
53172,3.1401,-0.9956,0.6995,0.2961,0.0,0.0,0.0,0.0,0.0,-42.0,-111.0,-31.0,2,0
53184,3.1401,-0.9956,0.701,0.2976,0.0,0.0,0.0,0.0,0.0,-42.0,-115.0,-35.0,2,0
53196,3.1401,-0.9956,0.6995,0.2961,0.0,0.0,0.0,0.0,0.0,-39.0,-110.0,-33.0,2,0
53208,3.1385,-0.9956,0.6995,0.2976,0.0,0.0,0.0,0.0,0.0,-39.0,-112.0,-34.0,2,0
53217,3.1385,-0.9956,0.6995,0.2976,0.0,0.0,0.0,0.0,0.0,-41.0,-114.0,-31.0,2,0
53229,3.1401,-0.9956,0.701,0.2976,0.0,0.0,0.0,0.0,0.0,-39.0,-114.0,-34.0,2,0
53241,3.1401,-0.9956,0.701,0.2976,0.0,0.0,0.0,0.0,0.0,-39.0,-113.0,-36.0,2,0
53254,3.1401,-0.994,0.6995,0.2976,0.0,0.0,0.0,0.0,0.0,-39.0,-114.0,-34.0,3,0
53266,3.1401,-0.9956,0.6995,0.2976,0.0,0.0,0.0,0.0,0.0,-40.0,-115.0,-35.0,3,0
53274,3.1401,-0.9956,0.6995,0.2976,0.0,0.0,0.0,0.0,0.0,-40.0,-116.0,-34.0,3,0
53286,3.1401,-0.9956,0.6995,0.2976,0.0,0.0,0.0,0.0,0.0,-39.0,-115.0,-33.0,2,0
53299,3.1401,-0.9956,0.701,0.2961,0.0,0.0,0.0,0.0,0.0,-41.0,-112.0,-32.0,2,0
53311,3.1401,-0.9956,0.701,0.2961,0.0,0.0,0.0,0.0,0.0,-40.0,-112.0,-38.0,2,0
53323,3.1385,-0.9956,0.701,0.2976,0.0,0.0,0.0,0.0,0.0,-40.0,-116.0,-38.0,3,0
53331,3.1385,-0.9956,0.701,0.2976,0.0,0.0,0.0,0.0,0.0,-40.0,-116.0,-38.0,3,0
53344,3.1401,-0.9956,0.6995,0.2976,0.0,0.0,0.0,0.0,0.0,-41.0,-111.0,-35.0,3,0
53356,3.1401,-0.9956,0.6995,0.2976,0.0,0.0,0.0,0.0,0.0,-39.0,-113.0,-35.0,4,0
53368,3.1401,-0.9956,0.701,0.2961,0.0,0.0,0.0,0.0,0.0,-40.0,-113.0,-37.0,4,0
53380,3.1401,-0.994,0.701,0.2976,0.0,0.0,0.0,0.0,0.0,-40.0,-112.0,-33.0,4,0
53389,3.1401,-0.9956,0.701,0.2961,0.0,0.0,0.0,0.0,0.0,-40.0,-116.0,-38.0,4,0
53401,3.1401,-0.9956,0.6995,0.2976,0.0,0.0,0.0,0.0,0.0,-41.0,-116.0,-34.0,4,0
53413,3.1401,-0.9956,0.6995,0.2976,0.0,0.0,0.0,0.0,0.0,-40.0,-116.0,-35.0,4,0
53426,3.1401,-0.9956,0.701,0.2961,0.0,0.0,0.0,0.0,0.0,-39.0,-114.0,-31.0,4,0
53438,3.1401,-0.9956,0.6995,0.2976,0.0,0.0,0.0,0.0,0.0,-39.0,-114.0,-35.0,4,0
53446,3.1401,-0.9956,0.6995,0.2976,0.0,0.0,0.0,0.0,0.0,-41.0,-114.0,-36.0,4,0
53458,3.1385,-0.9956,0.6995,0.2961,0.0,0.0,0.0,0.0,0.0,-40.0,-116.0,-36.0,4,0
53471,3.1401,-0.994,0.6995,0.2961,0.0,0.0,0.0,0.0,0.0,-39.0,-115.0,-36.0,4,0
53483,3.1401,-0.9956,0.701,0.2961,0.0,0.0,0.0,0.0,0.0,-42.0,-116.0,-34.0,4,0
53495,3.1401,-0.9956,0.6995,0.2961,0.0,0.0,0.0,0.0,0.0,-40.0,-109.0,-33.0,5,0
53503,3.1401,-0.9956,0.6995,0.2961,0.0,0.0,0.0,0.0,0.0,-39.0,-114.0,-34.0,5,0
53516,3.1401,-0.9956,0.701,0.2976,0.0,0.0,0.0,0.0,0.0,-40.0,-110.0,-36.0,5,0
53528,3.1385,-0.9956,0.6995,0.2961,0.0,0.0,0.0,0.0,0.0,-40.0,-114.0,-34.0,5,0
53540,3.1401,-0.9956,0.701,0.2961,0.0,0.0,0.0,0.0,0.0,-40.0,-114.0,-30.0,5,0
53548,3.1401,-0.9956,0.6995,0.2961,0.0,0.0,0.0,0.0,0.0,-41.0,-113.0,-34.0,5,0
53561,3.1401,-0.9956,0.6995,0.2961,0.0,0.0,0.0,0.0,0.0,-40.0,-115.0,-34.0,5,0
53573,3.1401,-0.9956,0.6995,0.2961,0.0,0.0,0.0,0.0,0.0,-40.0,-115.0,-32.0,5,0
53585,3.1401,-0.9956,0.6995,0.2976,0.0,0.0,0.0,0.0,0.0,-41.0,-113.0,-33.0,5,0
53598,3.1401,-0.9956,0.701,0.2961,0.0,0.0,0.0,0.0,0.0,-42.0,-116.0,-38.0,6,0
53606,3.1401,-0.9956,0.6995,0.2976,0.0,0.0,0.0,0.0,0.0,-41.0,-118.0,-33.0,5,0
53618,3.1401,-0.9956,0.6995,0.2961,0.0,0.0,0.0,0.0,0.0,-40.0,-119.0,-36.0,5,0
53630,3.1401,-0.9956,0.6995,0.2976,0.0,0.0,0.0,0.0,0.0,-41.0,-116.0,-31.0,6,0
53643,3.1401,-0.9956,0.6995,0.2961,0.0,0.0,0.0,0.0,0.0,-43.0,-118.0,-32.0,6,0
53655,3.1401,-0.9956,0.6995,0.2961,0.0,0.0,0.0,0.0,0.0,-41.0,-114.0,-32.0,6,0
53663,3.1401,-0.9956,0.6995,0.2961,0.0,0.0,0.0,0.0,0.0,-41.0,-119.0,-38.0,6,0
53675,3.1401,-0.9956,0.6995,0.2976,0.0,0.0,0.0,0.0,0.0,-42.0,-118.0,-36.0,6,0
53688,3.1401,-0.9956,0.701,0.2961,0.0,0.0,0.0,0.0,0.0,-42.0,-114.0,-37.0,6,0
53700,3.1416,-0.9956,0.701,0.2976,0.0,0.0,0.0,0.0,0.0,-43.0,-116.0,-35.0,6,0
53712,3.1447,-0.9956,0.701,0.2976,0.024,0.0,0.0,0.0,-20.0,-41.0,-117.0,-35.0,7,0
53720,3.1462,-0.9956,0.701,0.2961,0.0479,0.0,0.0,0.0,-20.0,-40.0,-118.0,-31.0,7,0
53733,3.1431,-0.9956,0.6995,0.2961,0.0479,0.0,0.0,0.0,-9.0,-32.0,-111.0,-30.0,7,0
53745,3.1431,-0.9956,0.6995,0.2961,0.0479,0.0,0.0,0.0,-10.0,-32.0,-112.0,-32.0,8,0
53757,3.1431,-0.9971,0.6995,0.2961,0.0479,0.0,0.0,0.0,-14.0,-13.0,-113.0,-30.0,19,1
53770,3.1431,-0.9971,0.6995,0.2976,0.024,0.0,0.0,0.0,-11.0,-15.0,-113.0,-31.0,42,1
53782,3.1431,-0.9971,0.701,0.2961,0.0,0.0,0.0,0.0,-14.0,-12.0,-117.0,-34.0,46,1
53794,3.1431,-0.9971,0.701,0.2961,0.0,0.0,0.0,0.0,-12.0,-16.0,-118.0,-34.0,54,1
53806,3.1431,-0.9971,0.6995,0.2961,0.0,0.0,0.0,0.0,-8.0,-24.0,-115.0,-30.0,59,1
53819,3.1416,-0.9971,0.6995,0.2961,0.0,0.0,0.0,0.0,-10.0,-30.0,-117.0,-30.0,62,1
53831,3.1431,-0.9971,0.701,0.2976,0.0,0.0,0.0,0.0,-12.0,-30.0,-118.0,-32.0,68,1
53843,3.1431,-0.9971,0.701,0.2961,0.0,0.0,0.0,0.0,-13.0,-19.0,-116.0,-31.0,74,1
53856,3.1431,-0.9986,0.6995,0.2961,0.0,0.0,0.0,0.0,-12.0,-14.0,-113.0,-34.0,77,1
53868,3.1431,-0.9986,0.701,0.2961,0.0,0.0,0.0,0.0,-13.0,-14.0,-115.0,-33.0,79,1
53884,3.1431,-0.9986,0.6995,0.2976,0.0,0.0,0.0,0.0,-12.0,-17.0,-115.0,-30.0,81,1
53897,3.1431,-0.9986,0.6995,0.2961,0.0,0.0,0.0,0.0,-12.0,-15.0,-121.0,-31.0,83,1
53909,3.1431,-0.9986,0.6995,0.2961,0.0,0.0,0.0,0.0,-10.0,-13.0,-118.0,-33.0,84,1
53921,3.1431,-1.0002,0.701,0.2961,0.0,0.0,0.0,0.0,-12.0,-15.0,-119.0,-30.0,86,1
53933,3.1431,-1.0002,0.6995,0.2961,0.0,0.0,0.0,0.0,-12.0,-11.0,-114.0,-32.0,87,1
53946,3.1431,-1.0002,0.6995,0.2961,0.0,0.0,0.0,0.0,-12.0,-8.0,-113.0,-31.0,88,1
53958,3.1431,-1.0002,0.6995,0.2976,0.0,0.0,0.0,0.0,-12.0,-9.0,-117.0,-32.0,88,1
53970,3.1416,-1.0002,0.6995,0.2961,0.0,0.0,0.0,0.0,-12.0,-10.0,-117.0,-34.0,88,1
53983,3.1431,-1.0002,0.701,0.2961,0.0,0.0,0.0,0.0,-12.0,-10.0,-117.0,-35.0,89,1
53995,3.1431,-0.9986,0.6995,0.2961,0.0,0.0,0.0,0.0,-13.0,-10.0,-119.0,-34.0,89,1
54007,3.1431,-1.0002,0.701,0.2961,0.0,0.0,0.0,0.0,-13.0,-11.0,-121.0,-35.0,89,1
54019,3.1431,-1.0002,0.6995,0.2961,0.0,0.0,0.0,0.0,-13.0,-11.0,-118.0,-33.0,90,1
54032,3.1431,-1.0002,0.6995,0.2961,0.0,0.0,0.0,0.0,-13.0,-12.0,-120.0,-31.0,91,1
54044,3.1431,-1.0002,0.701,0.2976,0.0,0.0,0.0,0.0,-12.0,-14.0,-119.0,-33.0,91,1
54056,3.1431,-1.0002,0.6995,0.2961,0.0,0.0,0.0,0.0,-13.0,-13.0,-115.0,-31.0,90,1
54069,3.1431,-1.0002,0.6995,0.2961,0.0,0.0,0.0,0.0,-13.0,-13.0,-118.0,-31.0,88,1
54081,3.1431,-1.0002,0.6995,0.2961,0.0,0.0,0.0,0.0,-11.0,-13.0,-118.0,-30.0,85,1
54093,3.1416,-1.0002,0.6995,0.2976,0.0,0.0,0.0,0.0,0.0,-14.0,-115.0,-30.0,82,1
54105,3.1416,-1.0002,0.6995,0.2961,0.0,0.0,0.0,0.0,0.0,-16.0,-118.0,-31.0,79,1
54118,3.1416,-1.0002,0.6995,0.2961,0.0,0.0,0.0,0.0,-1.0,-16.0,-114.0,-30.0,72,1
54134,3.1401,-1.0002,0.701,0.2961,-0.024,0.0,0.0,0.0,-2.0,-13.0,-116.0,-33.0,52,1
54146,3.1401,-1.0002,0.701,0.2961,-0.024,0.0,0.0,0.0,0.0,-7.0,-120.0,-30.0,23,1
54155,3.1401,-1.0002,0.701,0.2961,-0.024,0.0,0.0,0.0,0.0,-7.0,-122.0,-32.0,8,0
54167,3.1385,-1.0002,0.6995,0.2961,-0.024,0.0,0.0,0.0,0.0,-8.0,-117.0,-34.0,7,0
54179,3.1385,-1.0002,0.701,0.2961,-0.024,0.0,0.0,0.0,0.0,-9.0,-120.0,-31.0,6,0
54191,3.137,-1.0002,0.6995,0.2961,-0.024,0.0,0.0,0.0,6.0,-8.0,-117.0,-30.0,5,0
54204,3.1385,-1.0002,0.6995,0.2961,-0.0479,0.0,0.0,0.0,0.0,-7.0,-115.0,-30.0,4,0
54212,3.1385,-1.0002,0.6995,0.2961,-0.0479,0.0,0.0,0.0,0.0,-7.0,-115.0,-30.0,4,0
54224,3.1401,-1.0002,0.701,0.2961,-0.024,0.0,0.0,0.0,0.0,-7.0,-117.0,-30.0,3,0
54237,3.1416,-1.0002,0.6995,0.2961,0.0,0.0,0.0,0.0,0.0,-8.0,-117.0,-30.0,3,0
54249,3.1416,-1.0002,0.6995,0.2961,0.0,0.0,0.0,0.0,-3.0,-8.0,-115.0,-30.0,2,0
54261,3.1401,-1.0002,0.701,0.2961,0.024,0.0,0.0,0.0,0.0,-3.0,-118.0,-30.0,2,0
54269,3.1401,-1.0002,0.701,0.2961,0.024,0.0,0.0,0.0,0.0,-4.0,-117.0,-37.0,2,0
54282,3.1401,-1.0002,0.701,0.2961,0.024,0.0,0.0,0.0,0.0,-5.0,-117.0,-30.0,2,0
54294,3.1401,-0.9986,0.6995,0.2961,0.0,0.0,0.0,0.0,0.0,-5.0,-115.0,-30.0,2,0
54306,3.1401,-1.0002,0.6995,0.2961,0.0,0.0,0.0,0.0,0.0,-4.0,-117.0,-30.0,2,0
54314,3.1401,-0.9986,0.6995,0.2961,0.0,0.0,0.0,0.0,0.0,-3.0,-117.0,-31.0,2,0
54327,3.1401,-0.9986,0.6995,0.2961,0.0,0.0,0.0,0.0,0.0,-5.0,-120.0,-35.0,2,0
54339,3.1401,-1.0002,0.6995,0.2961,0.0,0.0,0.0,0.0,0.0,-4.0,-117.0,-32.0,2,0
54351,3.1401,-0.9986,0.6995,0.2961,0.0,0.0,0.0,0.0,0.0,-5.0,-119.0,-30.0,3,0
54363,3.1401,-0.9986,0.701,0.2961,0.0,0.0,0.0,0.0,0.0,-2.0,-122.0,-30.0,3,0
54372,3.1401,-0.9986,0.701,0.2961,0.0,0.0,0.0,0.0,0.0,-2.0,-122.0,-30.0,3,0
54384,3.1401,-1.0002,0.6995,0.2961,0.0,0.0,0.0,0.0,0.0,-7.0,-120.0,-32.0,3,0
54396,3.1401,-1.0002,0.701,0.2976,0.0,0.0,0.0,0.0,0.0,-3.0,-120.0,-30.0,3,0
54409,3.1401,-0.9986,0.6995,0.2961,0.0,0.0,0.0,0.0,0.0,-3.0,-119.0,-32.0,3,0
54421,3.1401,-0.9986,0.6995,0.2961,0.0,0.0,0.0,0.0,0.0,-3.0,-117.0,-31.0,3,0
54429,3.1401,-0.9986,0.6995,0.2961,0.0,0.0,0.0,0.0,0.0,-5.0,-117.0,-33.0,3,0
54441,3.1401,-1.0002,0.701,0.2961,0.0,0.0,0.0,0.0,0.0,-5.0,-119.0,-31.0,3,0
54454,3.1401,-1.0002,0.6995,0.2961,0.0,0.0,0.0,0.0,0.0,-5.0,-118.0,-31.0,3,0
54466,3.1401,-1.0002,0.6995,0.2961,0.0,0.0,0.0,0.0,0.0,-4.0,-119.0,-30.0,3,0
54478,3.1401,-0.9986,0.701,0.2976,0.0,0.0,0.0,0.0,0.0,-5.0,-121.0,-30.0,3,0
54486,3.1401,-0.9986,0.6995,0.2961,0.0,0.0,0.0,0.0,0.0,-5.0,-119.0,-30.0,3,0
54499,3.1401,-1.0002,0.6995,0.2976,0.0,0.0,0.0,0.0,0.0,-3.0,-123.0,-31.0,3,0
54511,3.1401,-1.0002,0.6995,0.2961,0.0,0.0,0.0,0.0,0.0,-4.0,-117.0,-31.0,3,0
54523,3.1401,-1.0002,0.701,0.2961,0.0,0.0,0.0,0.0,0.0,-4.0,-117.0,-31.0,3,0
54536,3.1401,-0.9986,0.6995,0.2961,0.0,0.0,0.0,0.0,0.0,-2.0,-117.0,-34.0,3,0
54544,3.1401,-1.0002,0.701,0.2961,0.0,0.0,0.0,0.0,0.0,-3.0,-117.0,-32.0,3,0
54556,3.1401,-0.9986,0.701,0.2961,0.0,0.0,0.0,0.0,0.0,-6.0,-117.0,-30.0,3,0
54568,3.1401,-1.0002,0.701,0.2961,0.0,0.0,0.0,0.0,0.0,-3.0,-118.0,-31.0,3,0
54581,3.1401,-1.0002,0.701,0.2961,0.0,0.0,0.0,0.0,0.0,-5.0,-118.0,-30.0,2,0
54593,3.1401,-0.9986,0.6995,0.2961,0.0,0.0,0.0,0.0,0.0,-3.0,-121.0,-33.0,2,0
54601,3.1401,-0.9986,0.6995,0.2961,0.0,0.0,0.0,0.0,0.0,-3.0,-121.0,-33.0,2,0
54613,3.1401,-0.9986,0.6995,0.2961,0.0,0.0,0.0,0.0,0.0,-3.0,-120.0,-31.0,2,0
54626,3.1401,-0.9986,0.6995,0.2976,0.0,0.0,0.0,0.0,0.0,-3.0,-118.0,-34.0,1,0
54638,3.1401,-0.9986,0.6995,0.2961,0.0,0.0,0.0,0.0,0.0,-3.0,-118.0,-36.0,2,0
54650,3.1401,-1.0002,0.701,0.2976,0.0,0.0,0.0,0.0,0.0,-2.0,-120.0,-31.0,2,0
54658,3.1401,-1.0002,0.701,0.2961,0.0,0.0,0.0,0.0,0.0,-3.0,-119.0,-31.0,2,0
54671,3.1401,-1.0002,0.701,0.2961,0.0,0.0,0.0,0.0,0.0,-5.0,-118.0,-30.0,1,0
54683,3.1401,-1.0002,0.701,0.2961,0.0,0.0,0.0,0.0,0.0,-5.0,-119.0,-30.0,1,0
54695,3.1401,-1.0002,0.6995,0.2961,0.0,0.0,0.0,0.0,0.0,-3.0,-122.0,-30.0,3,0
54708,3.1401,-0.9986,0.6995,0.2961,0.0,0.0,0.0,0.0,0.0,-5.0,-117.0,-30.0,4,0
54716,3.1401,-1.0002,0.6995,0.2976,0.0,0.0,0.0,0.0,0.0,-3.0,-119.0,-30.0,4,0
54728,3.1401,-0.9986,0.6995,0.2961,0.0,0.0,0.0,0.0,0.0,-3.0,-121.0,-31.0,3,0
54740,3.1401,-1.0002,0.701,0.2961,0.0,0.0,0.0,0.0,0.0,-3.0,-121.0,-33.0,3,0
54753,3.1401,-1.0002,0.701,0.2961,0.0,0.0,0.0,0.0,0.0,-10.0,-118.0,-34.0,2,0
54761,3.1401,-1.0002,0.701,0.2961,0.0,0.0,0.0,0.0,0.0,-10.0,-118.0,-34.0,2,0
54773,3.1401,-1.0002,0.6995,0.2961,0.0,0.0,0.0,0.0,0.0,-8.0,-118.0,-30.0,2,0
54785,3.1401,-1.0002,0.701,0.2961,0.0,0.0,0.0,0.0,0.0,-8.0,-119.0,-30.0,2,0
54798,3.1401,-0.9986,0.701,0.2961,0.0,0.0,0.0,0.0,0.0,-7.0,-118.0,-30.0,2,0
54810,3.1401,-0.9986,0.6995,0.2961,0.0,0.0,0.0,0.0,0.0,-3.0,-118.0,-30.0,2,0
54818,3.1401,-1.0002,0.6995,0.2961,0.0,0.0,0.0,0.0,0.0,-7.0,-118.0,-31.0,2,0
54830,3.1401,-1.0002,0.6995,0.2961,0.0,0.0,0.0,0.0,0.0,-9.0,-119.0,-32.0,1,0
54843,3.1401,-0.9986,0.6995,0.2961,0.0,0.0,0.0,0.0,0.0,-4.0,-119.0,-31.0,2,0
54855,3.1401,-0.9986,0.6995,0.2961,0.0,0.0,0.0,0.0,0.0,-6.0,-118.0,-30.0,1,0
54867,3.1401,-1.0002,0.6995,0.2961,0.0,0.0,0.0,0.0,0.0,-6.0,-120.0,-30.0,1,0
54875,3.1401,-0.9986,0.6995,0.2961,0.0,0.0,0.0,0.0,0.0,-4.0,-118.0,-33.0,1,0
54888,3.1401,-0.9986,0.701,0.2961,0.0,0.0,0.0,0.0,0.0,-5.0,-123.0,-33.0,1,0
54900,3.1401,-0.9986,0.6995,0.2961,0.0,0.0,0.0,0.0,0.0,-4.0,-120.0,-31.0,1,0
54912,3.1401,-0.9986,0.6995,0.2961,0.0,0.0,0.0,0.0,0.0,-4.0,-118.0,-30.0,1,0
54925,3.1401,-0.9986,0.6995,0.2961,0.0,0.0,0.0,0.0,0.0,-2.0,-118.0,-30.0,1,0
54933,3.1401,-0.9986,0.6995,0.2961,0.0,0.0,0.0,0.0,0.0,-3.0,-124.0,-31.0,1,0
54945,3.1401,-0.9986,0.6995,0.2961,0.0,0.0,0.0,0.0,0.0,-4.0,-118.0,-30.0,1,0
54957,3.1401,-1.0002,0.6995,0.2961,0.0,0.0,0.0,0.0,0.0,-3.0,-119.0,-30.0,1,0
54970,3.1401,-1.0002,0.6995,0.2961,0.0,0.0,0.0,0.0,0.0,-3.0,-118.0,-30.0,1,0
54982,3.1401,-1.0002,0.6995,0.2961,0.0,0.0,0.0,0.0,0.0,-1.0,-125.0,-30.0,1,0
54990,3.1401,-0.9986,0.6995,0.2961,0.0,0.0,0.0,0.0,0.0,-3.0,-119.0,-30.0,1,0
55002,3.1401,-0.9986,0.6995,0.2961,0.0,0.0,0.0,0.0,0.0,-2.0,-118.0,-30.0,1,0
55015,3.1401,-1.0002,0.6995,0.2961,0.0,0.0,0.0,0.0,0.0,-1.0,-118.0,-32.0,1,0
55027,3.1401,-0.9986,0.6995,0.2961,0.0,0.0,0.0,0.0,0.0,-1.0,-119.0,-30.0,1,0
55039,3.1401,-0.9986,0.6995,0.2961,0.0,0.0,0.0,0.0,0.0,-1.0,-118.0,-31.0,1,0
55048,3.1401,-0.9986,0.6995,0.2961,0.0,0.0,0.0,0.0,0.0,-1.0,-118.0,-31.0,1,0
55060,3.1401,-1.0002,0.701,0.2961,0.0,0.0,0.0,0.0,0.0,-1.0,-121.0,-30.0,1,0
55072,3.1401,-0.9986,0.6995,0.2961,0.0,0.0,0.0,0.0,0.0,-1.0,-118.0,-30.0,1,0
55084,3.1401,-1.0002,0.6995,0.2961,0.0,0.0,0.0,0.0,0.0,-1.0,-120.0,-30.0,2,0
55097,3.1401,-0.9986,0.701,0.2961,0.0,0.0,0.0,0.0,0.0,-1.0,-118.0,-30.0,2,0
55105,3.1401,-0.9986,0.701,0.2976,0.0,0.0,0.0,0.0,0.0,-1.0,-124.0,-30.0,2,0
55117,3.1401,-0.9986,0.6995,0.2961,0.0,0.0,0.0,0.0,0.0,-1.0,-123.0,-31.0,2,0
55129,3.1401,-0.9986,0.6995,0.2961,0.0,0.0,0.0,0.0,0.0,-1.0,-122.0,-30.0,1,0
55142,3.1401,-1.0002,0.6995,0.2961,0.0,0.0,0.0,0.0,0.0,-1.0,-120.0,-31.0,2,0
55154,3.1401,-0.9986,0.6995,0.2961,0.0,0.0,0.0,0.0,0.0,-1.0,-121.0,-30.0,2,0
55162,3.1401,-0.9986,0.6995,0.2961,0.0,0.0,0.0,0.0,0.0,-1.0,-121.0,-30.0,2,0
55174,3.1401,-0.9986,0.6995,0.2961,0.0,0.0,0.0,0.0,0.0,-1.0,-119.0,-31.0,2,0
55187,3.1401,-0.9986,0.6995,0.2961,0.0,0.0,0.0,0.0,0.0,-1.0,-122.0,-31.0,2,0
55199,3.1385,-0.9986,0.6995,0.2961,0.0,0.0,0.0,0.0,0.0,-1.0,-121.0,-30.0,2,0
55207,3.1385,-0.9986,0.6995,0.2961,0.0,0.0,0.0,0.0,0.0,-1.0,-118.0,-30.0,3,0
55220,3.137,-0.9986,0.6995,0.2961,0.0,0.0,0.0,0.0,14.0,-1.0,-119.0,-33.0,2,0
55232,3.137,-0.9986,0.6995,0.2961,-0.024,0.0,0.0,0.0,11.0,-1.0,-119.0,-30.0,4,0
55244,3.137,-1.0002,0.701,0.2961,-0.024,0.0,0.0,0.0,7.0,-1.0,-122.0,-30.0,8,0
55256,3.137,-0.9986,0.6995,0.2961,-0.024,0.0,0.0,0.0,9.0,-1.0,-120.0,-30.0,19,1
55269,3.137,-0.9986,0.6995,0.2961,-0.024,0.0,0.0,0.0,15.0,-1.0,-121.0,-30.0,24,1
55281,3.137,-0.9986,0.701,0.2961,-0.024,0.0,0.0,0.0,22.0,-1.0,-120.0,-30.0,27,1
55293,3.137,-0.9986,0.6995,0.2961,0.0,0.0,0.0,0.0,12.0,-1.0,-120.0,-33.0,29,1
55306,3.137,-0.9986,0.6995,0.2961,0.0,0.0,0.0,0.0,21.0,-1.0,-119.0,-30.0,32,1
55318,3.137,-0.9986,0.6995,0.2961,0.0,0.0,0.0,0.0,19.0,-1.0,-122.0,-30.0,40,1
55330,3.137,-0.9986,0.6995,0.2961,0.0,0.0,0.0,0.0,20.0,-1.0,-121.0,-31.0,49,1
55342,3.137,-0.9986,0.6995,0.2961,0.0,0.0,0.0,0.0,21.0,-1.0,-119.0,-30.0,53,1
55355,3.137,-0.9986,0.701,0.2961,0.0,0.0,0.0,0.0,22.0,-1.0,-121.0,-31.0,59,1
55367,3.137,-0.9986,0.6995,0.2976,0.0,0.0,0.0,0.0,18.0,-1.0,-124.0,-34.0,64,1
55379,3.137,-0.9986,0.701,0.2961,0.0,0.0,0.0,0.0,20.0,-1.0,-125.0,-31.0,69,1
55392,3.137,-1.0002,0.6995,0.2961,0.0,0.0,0.0,0.0,20.0,-1.0,-116.0,-31.0,78,1
55408,3.137,-0.9986,0.701,0.2961,0.0,0.0,0.0,0.0,21.0,-1.0,-122.0,-30.0,82,1
55420,3.137,-0.9986,0.701,0.2961,0.0,0.0,0.0,0.0,24.0,-1.0,-125.0,-30.0,85,1
55433,3.1355,-0.9986,0.6995,0.2961,0.0,0.0,0.0,0.0,38.0,-1.0,-120.0,-33.0,91,1
55445,3.1355,-0.9986,0.701,0.2961,0.0,0.0,0.0,0.0,38.0,-1.0,-124.0,-32.0,95,1
55457,3.1355,-0.9986,0.6995,0.2961,0.0,0.0,0.0,0.0,38.0,-1.0,-123.0,-30.0,99,1
55469,3.1355,-0.9986,0.6995,0.2961,0.0,0.0,0.0,0.0,42.0,-1.0,-121.0,-31.0,104,1
55482,3.1355,-0.9986,0.6995,0.2961,0.0,0.0,0.0,0.0,38.0,-1.0,-120.0,-30.0,112,1
55498,3.1355,-0.9986,0.6995,0.2961,0.0,0.0,0.0,0.0,41.0,-1.0,-118.0,-30.0,115,1
55510,3.1355,-0.9986,0.6995,0.2961,0.0,0.0,0.0,0.0,41.0,-1.0,-122.0,-31.0,117,1
55523,3.1355,-0.9986,0.6995,0.2961,0.0,0.0,0.0,0.0,41.0,-1.0,-119.0,-30.0,119,1
55539,3.1355,-0.9986,0.701,0.2961,0.0,0.0,0.0,0.0,41.0,-1.0,-120.0,-30.0,121,1
55551,3.1355,-0.9986,0.6995,0.2961,0.0,0.0,0.0,0.0,41.0,-1.0,-120.0,-30.0,125,1
55564,3.1355,-0.9986,0.6995,0.2961,0.0,0.0,0.0,0.0,40.0,-1.0,-122.0,-32.0,127,1
55576,3.1355,-0.9986,0.6995,0.2961,0.0,0.0,0.0,0.0,39.0,-1.0,-121.0,-30.0,129,1
55592,3.1355,-0.9986,0.6995,0.2961,0.0,0.0,0.0,0.0,42.0,-1.0,-122.0,-31.0,130,1
55605,3.1355,-0.9986,0.701,0.2961,0.0,0.0,0.0,0.0,41.0,-1.0,-121.0,-32.0,129,1
55617,3.137,-0.9986,0.6995,0.2961,0.0,0.0,0.0,0.0,31.0,-1.0,-122.0,-30.0,128,1
55633,3.137,-0.9986,0.6995,0.2961,0.0,0.0,0.0,0.0,21.0,0.0,-119.0,-30.0,125,1
55646,3.137,-0.9986,0.701,0.2961,0.0,0.0,0.0,0.0,14.0,0.0,-122.0,-30.0,119,1
55658,3.1385,-0.9986,0.6995,0.2961,0.024,0.0,0.0,0.0,6.0,0.0,-119.0,-30.0,111,1
55670,3.1385,-0.9986,0.701,0.2961,0.024,0.0,0.0,0.0,2.0,0.0,-122.0,-32.0,98,1
55682,3.1401,-1.0002,0.701,0.2961,0.024,0.0,0.0,0.0,0.0,0.0,-123.0,-30.0,87,1
55695,3.1401,-0.9986,0.6995,0.2961,0.024,0.0,0.0,0.0,0.0,0.0,-125.0,-30.0,68,1
55707,3.1401,-0.9986,0.6995,0.2961,0.024,0.0,0.0,0.0,0.0,0.0,-122.0,-30.0,45,1
55719,3.1401,-0.9986,0.6995,0.2961,0.024,0.0,0.0,0.0,0.0,0.0,-119.0,-30.0,25,1
55736,3.1401,-0.9986,0.6995,0.2961,0.024,0.0,0.0,0.0,0.0,0.0,-123.0,-31.0,17,1
55748,3.1401,-0.9986,0.6995,0.2961,0.0,0.0,0.0,0.0,0.0,0.0,-122.0,-30.0,10,0
55756,3.1401,-0.9986,0.701,0.2961,0.0,0.0,0.0,0.0,0.0,0.0,-120.0,-30.0,8,0
55768,3.1401,-0.9986,0.6995,0.2961,0.0,0.0,0.0,0.0,0.0,0.0,-124.0,-30.0,6,0
55781,3.1401,-0.9986,0.6995,0.2961,0.0,0.0,0.0,0.0,0.0,0.0,-122.0,-31.0,5,0
55793,3.1401,-0.9986,0.701,0.2961,0.0,0.0,0.0,0.0,0.0,0.0,-123.0,-32.0,5,0
55805,3.1401,-0.9986,0.6995,0.2961,0.0,0.0,0.0,0.0,0.0,0.0,-125.0,-32.0,4,0
55813,3.1401,-0.9986,0.6995,0.2961,0.0,0.0,0.0,0.0,0.0,0.0,-123.0,-30.0,4,0
55826,3.1401,-0.9986,0.6995,0.2961,0.0,0.0,0.0,0.0,0.0,0.0,-122.0,-30.0,4,0
55838,3.1401,-0.9986,0.6995,0.2961,0.0,0.0,0.0,0.0,0.0,0.0,-125.0,-31.0,3,0
55850,3.1401,-0.9986,0.6995,0.2961,0.0,0.0,0.0,0.0,0.0,0.0,-121.0,-30.0,3,0
55863,3.1401,-0.9986,0.6995,0.2961,0.0,0.0,0.0,0.0,0.0,0.0,-124.0,-37.0,3,0
55871,3.1401,-0.9986,0.6995,0.2961,0.0,0.0,0.0,0.0,0.0,0.0,-124.0,-37.0,2,0
55883,3.1401,-0.9986,0.6995,0.2961,0.0,0.0,0.0,0.0,0.0,0.0,-123.0,-30.0,2,0
55895,3.1401,-0.9986,0.6995,0.2976,0.0,0.0,0.0,0.0,0.0,0.0,-126.0,-30.0,2,0
55908,3.1401,-0.9986,0.6995,0.2961,0.0,0.0,0.0,0.0,0.0,0.0,-125.0,-31.0,2,0
55920,3.1401,-0.9986,0.701,0.2961,0.0,0.0,0.0,0.0,0.0,0.0,-124.0,-30.0,2,0
55928,3.1401,-0.9986,0.6995,0.2961,0.0,0.0,0.0,0.0,0.0,0.0,-124.0,-31.0,2,0
55940,3.1401,-0.9986,0.6995,0.2961,0.0,0.0,0.0,0.0,0.0,0.0,-125.0,-31.0,2,0
55953,3.1401,-0.9986,0.6995,0.2961,0.0,0.0,0.0,0.0,0.0,0.0,-124.0,-29.0,2,0
55965,3.1401,-0.9986,0.6995,0.2961,0.0,0.0,0.0,0.0,0.0,0.0,-124.0,-30.0,2,0
55973,3.1401,-0.9986,0.6995,0.2961,0.0,0.0,0.0,0.0,0.0,0.0,-123.0,-31.0,2,0
55985,3.1401,-0.9986,0.6995,0.2961,0.0,0.0,0.0,0.0,0.0,0.0,-121.0,-31.0,2,0
55998,3.1401,-0.9986,0.6995,0.2961,0.0,0.0,0.0,0.0,0.0,0.0,-121.0,-30.0,2,0
56010,3.1401,-0.9986,0.6995,0.2961,0.0,0.0,0.0,0.0,0.0,0.0,-125.0,-30.0,1,0
56022,3.1401,-0.9986,0.6995,0.2961,0.0,0.0,0.0,0.0,0.0,0.0,-125.0,-30.0,2,0
56031,3.1401,-0.9986,0.701,0.2961,0.0,0.0,0.0,0.0,0.0,0.0,-122.0,-32.0,2,0
56043,3.1401,-0.9986,0.6995,0.2961,0.0,0.0,0.0,0.0,2.0,0.0,-122.0,-30.0,2,0
56055,3.1401,-0.9986,0.6995,0.2961,0.0,0.0,0.0,0.0,0.0,0.0,-124.0,-31.0,2,0
56067,3.1401,-0.9986,0.701,0.2961,0.0,0.0,0.0,0.0,6.0,0.0,-125.0,-30.0,2,0
56080,3.1401,-0.9986,0.701,0.2961,0.0,0.0,0.0,0.0,4.0,0.0,-120.0,-31.0,2,0
56088,3.1401,-1.0002,0.6995,0.2961,0.0,0.0,0.0,0.0,2.0,0.0,-125.0,-30.0,2,0
56100,3.1385,-0.9986,0.6995,0.2961,0.0,0.0,0.0,0.0,13.0,0.0,-125.0,-30.0,2,0
56112,3.1385,-0.9986,0.6995,0.2961,0.0,0.0,0.0,0.0,10.0,0.0,-124.0,-31.0,2,0
56125,3.1385,-0.9986,0.6995,0.2961,0.0,0.0,0.0,0.0,18.0,-1.0,-124.0,-31.0,2,0
56137,3.1385,-0.9986,0.6995,0.2961,0.0,0.0,0.0,0.0,17.0,-7.0,-118.0,-30.0,1,0
56145,3.137,-0.9971,0.6995,0.2961,0.0,0.0,0.0,0.0,21.0,-11.0,-117.0,-30.0,1,0
56157,3.137,-0.9971,0.6995,0.2961,-0.024,0.0,0.0,0.0,20.0,-11.0,-122.0,-30.0,1,0
56170,3.137,-0.9956,0.6995,0.2961,-0.024,0.0,0.0,0.0,25.0,-14.0,-121.0,-32.0,3,0
56182,3.137,-0.9956,0.6995,0.2961,-0.024,0.024,0.0,0.0,26.0,-14.0,-123.0,-30.0,14,1
56194,3.1355,-0.9956,0.6995,0.2961,-0.024,0.024,0.0,0.0,46.0,-16.0,-123.0,-31.0,20,1
56207,3.1339,-0.9956,0.6995,0.2961,-0.024,0.024,0.0,0.0,53.0,-13.0,-125.0,-30.0,23,1
56219,3.1339,-0.9956,0.6995,0.2961,-0.024,0.024,0.0,0.0,56.0,-9.0,-124.0,-30.0,27,1
56231,3.1324,-0.9956,0.6995,0.2961,-0.0479,0.024,0.0,0.0,63.0,-17.0,-118.0,-30.0,30,1
56244,3.1309,-0.9956,0.698,0.2961,-0.0719,0.0,0.0,0.0,72.0,-15.0,-117.0,-30.0,37,1
56256,3.1293,-0.9956,0.6995,0.2961,-0.0719,0.0,0.0,0.0,68.0,-17.0,-120.0,-30.0,42,1
56268,3.1293,-0.9956,0.6995,0.2961,-0.0719,0.0,0.0,0.0,72.0,-19.0,-118.0,-30.0,47,1
56280,3.1278,-0.9956,0.6995,0.2961,-0.0719,0.0,0.0,0.0,78.0,-20.0,-121.0,-31.0,55,1
56293,3.1263,-0.994,0.6995,0.2961,-0.0719,0.0,0.0,0.0,90.0,-24.0,-119.0,-30.0,61,1
56309,3.1263,-0.994,0.698,0.2961,-0.0719,0.0,0.0,0.0,92.0,-36.0,-121.0,-30.0,71,1
56321,3.1247,-0.994,0.6995,0.2961,-0.0719,0.0,0.0,0.0,94.0,-35.0,-121.0,-30.0,80,1
56334,3.1232,-0.9956,0.6995,0.2961,-0.0719,0.0,0.0,0.0,101.0,-37.0,-124.0,-30.0,81,1
56346,3.1232,-0.994,0.6995,0.2961,-0.0719,0.0,0.0,0.0,98.0,-40.0,-122.0,-30.0,79,1
56358,3.1217,-0.994,0.6995,0.2961,-0.0719,0.0,0.0,0.0,118.0,-42.0,-121.0,-30.0,73,1
56370,3.1217,-0.994,0.6995,0.2961,-0.0719,0.0,0.0,0.0,117.0,-43.0,-122.0,-30.0,70,1
56383,3.1232,-0.994,0.698,0.2961,-0.0479,0.0,0.0,0.0,119.0,-37.0,-120.0,-30.0,70,1
56395,3.1217,-0.9925,0.6995,0.2961,-0.0479,0.0,0.0,0.0,119.0,-34.0,-120.0,-33.0,72,1
56407,3.1217,-0.9925,0.6995,0.2961,-0.024,0.0,0.0,0.0,119.0,-34.0,-122.0,-30.0,74,1
56420,3.1217,-0.9925,0.6995,0.2961,-0.024,0.0,0.0,0.0,117.0,-32.0,-122.0,-30.0,75,1
56432,3.1217,-0.9925,0.6995,0.2961,0.0,0.0,0.0,0.0,122.0,-31.0,-122.0,-30.0,76,1
56444,3.1217,-0.9925,0.6995,0.2961,0.0,0.0,0.0,0.0,123.0,-30.0,-119.0,-30.0,76,1
56456,3.1232,-0.994,0.6995,0.2961,0.0,0.0,0.0,0.0,120.0,-30.0,-121.0,-30.0,79,1
56469,3.1232,-0.9925,0.6995,0.2961,0.0,0.0,0.0,0.0,114.0,-30.0,-122.0,-30.0,79,1
56481,3.1232,-0.9925,0.6995,0.2961,0.0,0.0,0.0,0.0,114.0,-29.0,-119.0,-30.0,78,1
56493,3.1247,-0.9925,0.6995,0.2961,0.024,0.0,0.0,0.0,73.0,-30.0,-120.0,-30.0,75,1
56506,3.1278,-0.994,0.698,0.2961,0.0479,0.0,0.0,0.0,48.0,-30.0,-115.0,-30.0,75,1
56518,3.1293,-0.9925,0.6995,0.2961,0.0719,0.0,0.0,0.0,22.0,-29.0,-115.0,-30.0,73,1
56530,3.1324,-0.994,0.6995,0.2961,0.0959,0.0,0.0,0.0,7.0,-30.0,-122.0,-30.0,68,1
56542,3.1355,-0.994,0.6995,0.2961,0.1198,0.0,0.0,0.0,0.0,-29.0,-121.0,-30.0,57,1
56559,3.1385,-0.994,0.698,0.2961,0.1678,0.0,0.0,0.0,0.0,-31.0,-121.0,-30.0,44,1
56571,3.1401,-0.9925,0.698,0.2961,0.1918,0.0,0.0,0.0,0.0,-29.0,-119.0,-30.0,32,1
56583,3.1431,-0.994,0.6995,0.2961,0.1918,0.0,0.0,0.0,0.0,-30.0,-122.0,-30.0,19,1
56596,3.1431,-0.994,0.6995,0.2961,0.1678,0.0,0.0,0.0,-2.0,-30.0,-121.0,-30.0,11,1
56604,3.1447,-0.994,0.698,0.2961,0.1438,0.0,0.0,0.0,0.0,-29.0,-119.0,-30.0,8,0
56616,3.1447,-0.9925,0.6995,0.2961,0.1198,0.0,0.0,0.0,0.0,-29.0,-120.0,-30.0,6,0
56629,3.1431,-0.994,0.6995,0.2961,0.0959,0.0,0.0,0.0,0.0,-30.0,-121.0,-30.0,5,0
56641,3.1431,-0.994,0.6995,0.2961,0.0719,0.0,0.0,0.0,0.0,-25.0,-118.0,-30.0,4,0
56653,3.1431,-0.994,0.6995,0.2961,0.024,0.0,0.0,0.0,0.0,-25.0,-120.0,-30.0,4,0
56661,3.1431,-0.994,0.6995,0.2961,0.024,0.0,0.0,0.0,0.0,-25.0,-120.0,-30.0,4,0
56674,3.1431,-0.9925,0.698,0.2961,0.0,0.0,0.0,0.0,0.0,-26.0,-124.0,-30.0,3,0
56686,3.1431,-0.994,0.6995,0.2961,0.0,0.0,0.0,0.0,0.0,-30.0,-117.0,-30.0,3,0
56698,3.1431,-0.994,0.698,0.2961,0.0,0.0,0.0,0.0,0.0,-30.0,-118.0,-30.0,2,0
56710,3.1431,-0.994,0.6995,0.2961,0.0,0.0,0.0,0.0,0.0,-30.0,-125.0,-32.0,1,0
56719,3.1431,-0.994,0.698,0.2961,0.0,0.0,0.0,0.0,0.0,-31.0,-125.0,-30.0,2,0
56731,3.1431,-0.994,0.698,0.2961,0.0,0.0,0.0,0.0,0.0,-30.0,-121.0,-30.0,1,0
56743,3.1431,-0.994,0.698,0.2961,0.0,0.0,0.0,0.0,0.0,-31.0,-117.0,-30.0,1,0
56755,3.1431,-0.994,0.6995,0.2961,0.0,0.0,0.0,0.0,0.0,-30.0,-122.0,-30.0,1,0
56768,3.1431,-0.994,0.698,0.2961,0.0,0.0,0.0,0.0,0.0,-30.0,-119.0,-30.0,1,0
56776,3.1431,-0.994,0.6995,0.2961,0.0,0.0,0.0,0.0,0.0,-30.0,-117.0,-30.0,1,0
56788,3.1431,-0.994,0.698,0.2961,0.0,0.0,0.0,0.0,0.0,-30.0,-123.0,-30.0,1,0
56801,3.1431,-0.9925,0.6995,0.2961,0.0,0.0,0.0,0.0,0.0,-31.0,-119.0,-31.0,1,0
56813,3.1431,-0.994,0.698,0.2961,0.0,0.0,0.0,0.0,0.0,-30.0,-121.0,-30.0,1,0
56825,3.1431,-0.994,0.6995,0.2961,0.0,0.0,0.0,0.0,0.0,-30.0,-120.0,-30.0,1,0
56833,3.1431,-0.994,0.698,0.2961,0.0,0.0,0.0,0.0,0.0,-30.0,-121.0,-30.0,1,0
56846,3.1431,-0.9925,0.698,0.2961,0.0,0.0,0.0,0.0,0.0,-31.0,-119.0,-30.0,1,0
56858,3.1431,-0.994,0.698,0.2961,0.0,0.0,0.0,0.0,0.0,-31.0,-119.0,-30.0,1,0
56870,3.1431,-0.994,0.6995,0.2961,0.0,0.0,0.0,0.0,0.0,-30.0,-117.0,-30.0,1,0
56882,3.1431,-0.994,0.698,0.2961,0.0,0.0,0.0,0.0,0.0,-30.0,-123.0,-30.0,1,0
56891,3.1431,-0.994,0.6995,0.2961,0.0,0.0,0.0,0.0,0.0,-30.0,-122.0,-30.0,1,0
56903,3.1431,-0.9925,0.698,0.2961,0.0,0.0,0.0,0.0,0.0,-28.0,-119.0,-30.0,1,0
56915,3.1431,-0.9925,0.698,0.2961,0.0,0.0,0.0,0.0,0.0,-31.0,-123.0,-30.0,1,0
56928,3.1431,-0.994,0.6995,0.2961,0.0,0.0,0.0,0.0,0.0,-31.0,-118.0,-30.0,1,0
56940,3.1431,-0.994,0.698,0.2961,0.0,0.0,0.0,0.0,0.0,-32.0,-121.0,-31.0,1,0
56948,3.1431,-0.994,0.698,0.2961,0.0,0.0,0.0,0.0,0.0,-33.0,-124.0,-30.0,1,0
56960,3.1431,-0.994,0.6995,0.2961,0.0,0.0,0.0,0.0,0.0,-31.0,-117.0,-30.0,1,0
56973,3.1431,-0.994,0.698,0.2961,0.0,0.0,0.0,0.0,0.0,-31.0,-120.0,-30.0,1,0
56985,3.1431,-0.994,0.698,0.2961,0.0,0.0,0.0,0.0,0.0,-31.0,-124.0,-31.0,1,0
56993,3.1431,-0.994,0.6995,0.2961,0.0,0.0,0.0,0.0,0.0,-33.0,-122.0,-30.0,1,0
57005,3.1431,-0.994,0.6995,0.2961,0.0,0.0,0.0,0.0,0.0,-32.0,-123.0,-30.0,1,0
57018,3.1431,-0.994,0.6995,0.2961,0.0,0.0,0.0,0.0,0.0,-32.0,-122.0,-30.0,0,0
57030,3.1431,-0.994,0.698,0.2961,0.0,0.0,0.0,0.0,0.0,-31.0,-123.0,-30.0,1,0
57042,3.1431,-0.9925,0.6995,0.2961,0.0,0.0,0.0,0.0,0.0,-32.0,-123.0,-32.0,0,0
57050,3.1431,-0.994,0.6995,0.2961,0.0,0.0,0.0,0.0,0.0,-33.0,-121.0,-30.0,0,0
57063,3.1431,-0.9925,0.6995,0.2961,0.0,0.0,0.0,0.0,0.0,-31.0,-120.0,-30.0,0,0
57075,3.1416,-0.994,0.6995,0.2961,0.0,0.0,0.0,0.0,0.0,-31.0,-121.0,-30.0,0,0
57087,3.1431,-0.9925,0.698,0.2961,0.0,0.0,0.0,0.0,0.0,-34.0,-124.0,-32.0,0,0
57100,3.1431,-0.994,0.698,0.2961,0.0,0.0,0.0,0.0,0.0,-33.0,-119.0,-30.0,1,0
57108,3.1431,-0.994,0.698,0.2961,0.0,0.0,0.0,0.0,0.0,-33.0,-122.0,-30.0,0,0
57120,3.1431,-0.994,0.698,0.2961,0.0,0.0,0.0,0.0,0.0,-31.0,-119.0,-30.0,0,0
57132,3.1431,-0.994,0.698,0.2961,0.0,0.0,0.0,0.0,0.0,-32.0,-121.0,-30.0,0,0
57145,3.1447,-0.994,0.698,0.2961,0.0,0.0,0.0,0.0,-3.0,-31.0,-120.0,-30.0,0,0
57157,3.1447,-0.994,0.698,0.2961,0.0,0.0,0.0,0.0,0.0,-31.0,-118.0,-30.0,0,0
57165,3.1462,-0.994,0.6995,0.2961,0.0,0.0,0.0,0.0,-5.0,-31.0,-121.0,-31.0,0,0
57177,3.1462,-0.994,0.698,0.2961,0.024,0.0,0.0,0.0,-9.0,-31.0,-120.0,-30.0,0,0
57190,3.1462,-0.994,0.698,0.2961,0.024,0.0,0.0,0.0,-22.0,-30.0,-117.0,-30.0,0,0
57202,3.1462,-0.994,0.698,0.2961,0.024,0.0,0.0,0.0,-24.0,-33.0,-118.0,-30.0,1,0
57214,3.1462,-0.994,0.698,0.2961,0.024,0.0,0.0,0.0,-27.0,-31.0,-119.0,-30.0,5,0
57222,3.1462,-0.994,0.698,0.2961,0.024,0.0,0.0,0.0,-27.0,-31.0,-119.0,-30.0,7,0
57235,3.1462,-0.994,0.698,0.2961,0.0,0.0,0.0,0.0,-34.0,-31.0,-121.0,-30.0,7,0
57247,3.1477,-0.994,0.698,0.2961,0.0,0.0,0.0,0.0,-34.0,-30.0,-120.0,-30.0,8,0
57259,3.1477,-0.994,0.6995,0.2961,0.0,0.0,0.0,0.0,-40.0,-32.0,-120.0,-31.0,10,0
57272,3.1477,-0.994,0.6995,0.2961,0.0,0.0,0.0,0.0,-37.0,-29.0,-122.0,-30.0,14,1
57284,3.1477,-0.994,0.6995,0.2961,0.0,0.0,0.0,0.0,-33.0,-27.0,-122.0,-30.0,17,1
57296,3.1477,-0.994,0.6995,0.2961,0.0,0.0,0.0,0.0,-36.0,-26.0,-122.0,-30.0,23,1
57308,3.1493,-0.994,0.698,0.2961,0.024,0.0,0.0,0.0,-38.0,-25.0,-119.0,-33.0,32,1
57321,3.1477,-0.994,0.698,0.2961,0.024,0.0,0.0,0.0,-44.0,-27.0,-120.0,-30.0,33,1
57333,3.1493,-0.994,0.6995,0.2961,0.024,0.0,0.0,0.0,-45.0,-22.0,-125.0,-30.0,36,1
57345,3.1493,-0.994,0.6995,0.2961,0.024,0.0,0.0,0.0,-46.0,-19.0,-121.0,-30.0,37,1
57358,3.1493,-0.9956,0.6995,0.2961,0.0,0.0,0.0,0.0,-49.0,-25.0,-123.0,-30.0,36,1
57370,3.1493,-0.9956,0.6995,0.2961,0.0,0.0,0.0,0.0,-53.0,-16.0,-122.0,-30.0,45,1
57386,3.1508,-0.9956,0.698,0.2961,0.0,0.0,0.0,0.0,-58.0,-13.0,-125.0,-30.0,47,1
57399,3.1508,-0.9956,0.6995,0.2961,0.0,0.0,0.0,0.0,-66.0,-10.0,-119.0,-30.0,49,1
57411,3.1523,-0.9956,0.6995,0.2961,0.0,0.0,0.0,0.0,-82.0,-6.0,-126.0,-30.0,57,1
57423,3.1539,-0.9971,0.698,0.2961,0.024,0.0,0.0,0.0,-89.0,-1.0,-121.0,-30.0,57,1
57435,3.1554,-0.9971,0.6995,0.2961,0.0479,-0.024,0.0,0.0,-80.0,-1.0,-122.0,-30.0,60,1
57448,3.1554,-0.9971,0.6995,0.2961,0.0479,-0.024,0.0,0.0,-88.0,-4.0,-121.0,-30.0,64,1
57460,3.1554,-0.9971,0.6995,0.2961,0.0479,-0.024,0.0,0.0,-92.0,-3.0,-123.0,-30.0,68,1
57472,3.1569,-0.9986,0.6995,0.2961,0.0719,-0.024,0.0,0.0,-105.0,-4.0,-126.0,-30.0,71,1
57485,3.1585,-0.9986,0.6995,0.2961,0.0719,-0.024,0.0,0.0,-132.0,-1.0,-122.0,-30.0,77,1
57497,3.16,-0.9986,0.6995,0.2961,0.0959,-0.024,0.0,0.0,-126.0,-1.0,-124.0,-30.0,81,1
57509,3.16,-0.9986,0.698,0.2961,0.0959,-0.024,0.0,0.0,-126.0,-1.0,-125.0,-30.0,86,1
57521,3.1615,-0.9971,0.6995,0.2961,0.0959,0.0,0.0,0.0,-119.0,-1.0,-123.0,-30.0,89,1
57534,3.1615,-0.9986,0.6995,0.2961,0.0959,0.0,0.0,0.0,-116.0,-1.0,-123.0,-34.0,92,1
57546,3.1615,-0.9986,0.6995,0.2961,0.0719,0.0,0.0,0.0,-117.0,-1.0,-122.0,-30.0,96,1
57558,3.1631,-0.9986,0.6995,0.2961,0.0479,0.0,0.0,0.0,-137.0,-1.0,-121.0,-31.0,92,1
57571,3.1615,-0.9986,0.6995,0.2961,0.0479,0.0,0.0,0.0,-136.0,-1.0,-123.0,-30.0,95,1
57583,3.1615,-0.9986,0.6995,0.2961,0.0,0.0,0.0,0.0,-136.0,0.0,-122.0,-30.0,94,1
57595,3.1615,-0.9986,0.6995,0.2961,0.0,0.0,0.0,0.0,-117.0,0.0,-122.0,-30.0,92,1
57607,3.1615,-0.9986,0.6995,0.2961,0.0,0.0,0.0,0.0,-115.0,0.0,-120.0,-30.0,96,1
57620,3.16,-1.0002,0.6995,0.2961,0.0,0.0,0.0,0.0,-110.0,0.0,-122.0,-31.0,86,1
57632,3.16,-1.0002,0.6995,0.2961,0.0,0.0,0.0,0.0,-99.0,0.0,-120.0,-30.0,82,1
57648,3.1585,-0.9986,0.698,0.2961,-0.024,0.0,0.0,0.0,-58.0,0.0,-120.0,-32.0,72,1
57661,3.1554,-1.0002,0.698,0.2961,-0.0479,0.0,0.0,0.0,-30.0,0.0,-120.0,-30.0,63,1
57673,3.1477,-0.9986,0.6995,0.2961,-0.1438,0.0,0.0,0.0,2.0,0.0,-120.0,-32.0,49,1
57685,3.1447,-0.9986,0.6995,0.2961,-0.1918,0.0,0.0,0.0,4.0,0.0,-120.0,-30.0,36,1
57698,3.1447,-0.9986,0.6995,0.2961,-0.2157,0.0,0.0,0.0,-1.0,-1.0,-122.0,-30.0,23,1
57710,3.1431,-0.9971,0.698,0.2961,-0.2397,0.0,0.0,0.0,-11.0,-1.0,-124.0,-30.0,17,1
57722,3.1416,-0.9986,0.6995,0.2961,-0.2397,0.0,0.0,0.0,1.0,-2.0,-126.0,-30.0,10,0
57734,3.137,-0.9986,0.6995,0.2961,-0.2157,0.0,0.0,0.0,0.0,-3.0,-120.0,-30.0,3,0
57743,3.1355,-0.9971,0.6995,0.2961,-0.1918,0.0,0.0,0.0,15.0,-2.0,-123.0,-31.0,2,0
57755,3.1355,-0.9986,0.698,0.2961,-0.1678,0.0,0.0,0.0,11.0,-2.0,-120.0,-30.0,3,0
57767,3.1355,-0.9986,0.698,0.2961,-0.1438,0.0,0.0,0.0,6.0,-2.0,-118.0,-31.0,2,0
57779,3.137,-0.9971,0.698,0.2961,-0.1198,0.0,0.0,0.0,-4.0,-2.0,-118.0,-30.0,2,0
57792,3.137,-0.9986,0.698,0.2961,-0.0959,0.0,0.0,0.0,0.0,-2.0,-118.0,-30.0,1,0
57800,3.1401,-0.9971,0.698,0.2961,-0.0479,0.0,0.0,0.0,-1.0,-2.0,-118.0,-30.0,1,0
57812,3.1401,-0.9986,0.6995,0.2961,0.0,0.0,0.0,0.0,0.0,-3.0,-122.0,-32.0,1,0
57825,3.1401,-0.9986,0.6995,0.2961,0.0479,0.0,0.0,0.0,-1.0,-3.0,-122.0,-30.0,1,0
57837,3.1401,-0.9986,0.698,0.2976,0.0479,0.0,0.0,0.0,0.0,-3.0,-122.0,-31.0,0,0
57849,3.1401,-0.9986,0.6995,0.2961,0.0479,0.0,0.0,0.0,0.0,-3.0,-122.0,-30.0,1,0
57857,3.1401,-0.9971,0.698,0.2961,0.024,0.0,0.0,0.0,0.0,-4.0,-122.0,-30.0,1,0
57870,3.1401,-0.9971,0.698,0.2961,0.024,0.0,0.0,0.0,0.0,-4.0,-121.0,-30.0,1,0
57882,3.1385,-0.9986,0.698,0.2961,0.0,0.0,0.0,0.0,0.0,-2.0,-118.0,-30.0,1,0
57894,3.1385,-0.9986,0.698,0.2961,0.0,0.0,0.0,0.0,0.0,-1.0,-120.0,-30.0,1,0
57906,3.1385,-0.9971,0.698,0.2976,0.0,0.0,0.0,0.0,0.0,-1.0,-118.0,-30.0,1,0
57915,3.1385,-0.9986,0.698,0.2961,0.0,0.0,0.0,0.0,0.0,-1.0,-122.0,-30.0,1,0
57927,3.1385,-0.9971,0.698,0.2961,0.0,0.0,0.0,0.0,0.0,-1.0,-119.0,-30.0,1,0
57939,3.1385,-0.9971,0.6995,0.2961,0.0,0.0,0.0,0.0,0.0,-1.0,-120.0,-30.0,1,0
57951,3.1385,-0.9971,0.698,0.2961,0.0,0.0,0.0,0.0,0.0,-1.0,-122.0,-30.0,1,0
57964,3.1385,-0.9971,0.698,0.2961,0.0,0.0,0.0,0.0,0.0,-1.0,-118.0,-30.0,1,0
57972,3.1385,-0.9971,0.698,0.2961,0.0,0.0,0.0,0.0,0.0,-1.0,-118.0,-30.0,1,0
57984,3.1385,-0.9971,0.698,0.2961,0.0,0.0,0.0,0.0,0.0,-1.0,-119.0,-30.0,1,0
57997,3.1385,-0.9971,0.698,0.2961,0.0,0.0,0.0,0.0,0.0,0.0,-119.0,-30.0,1,0
58009,3.1385,-0.9971,0.698,0.2961,0.0,0.0,0.0,0.0,0.0,0.0,-119.0,-30.0,0,0
58021,3.1385,-0.9986,0.698,0.2961,0.0,0.0,0.0,0.0,0.0,0.0,-121.0,-30.0,0,0
58029,3.1385,-0.9971,0.698,0.2961,0.0,0.0,0.0,0.0,0.0,0.0,-120.0,-30.0,0,0
58042,3.1385,-0.9971,0.698,0.2961,0.0,0.0,0.0,0.0,0.0,0.0,-123.0,-30.0,0,0
58054,3.1385,-0.9971,0.6995,0.2961,0.0,0.0,0.0,0.0,0.0,0.0,-124.0,-30.0,0,0
58066,3.1385,-0.9971,0.698,0.2961,0.0,0.0,0.0,0.0,0.0,0.0,-121.0,-30.0,0,0
58074,3.1385,-0.9971,0.698,0.2961,0.0,0.0,0.0,0.0,0.0,0.0,-120.0,-30.0,1,0
58087,3.1385,-0.9971,0.698,0.2961,0.0,0.0,0.0,0.0,0.0,0.0,-119.0,-30.0,0,0
58099,3.1385,-0.9971,0.698,0.2961,0.0,0.0,0.0,0.0,0.0,0.0,-119.0,-30.0,1,0
58111,3.1385,-0.9971,0.6995,0.2961,0.0,0.0,0.0,0.0,0.0,0.0,-120.0,-31.0,1,0
58124,3.1385,-0.9971,0.698,0.2961,0.0,0.0,0.0,0.0,0.0,0.0,-120.0,-30.0,1,0
58132,3.1385,-0.9971,0.698,0.2961,0.0,0.0,0.0,0.0,0.0,0.0,-120.0,-30.0,1,0
58144,3.1385,-0.9971,0.698,0.2961,0.0,0.0,0.0,0.0,0.0,0.0,-120.0,-30.0,1,0
58156,3.1385,-0.9971,0.698,0.2961,0.0,0.0,0.0,0.0,0.0,0.0,-119.0,-30.0,1,0
58169,3.1385,-0.9971,0.698,0.2961,0.0,0.0,0.0,0.0,0.0,0.0,-123.0,-30.0,1,0
58181,3.1385,-0.9971,0.698,0.2961,0.0,0.0,0.0,0.0,0.0,0.0,-119.0,-30.0,1,0
58189,3.1385,-0.9971,0.6995,0.2961,0.0,0.0,0.0,0.0,0.0,0.0,-124.0,-30.0,1,0
58201,3.1385,-0.9971,0.698,0.2961,0.0,0.0,0.0,0.0,0.0,0.0,-121.0,-32.0,1,0
58214,3.1385,-0.9971,0.698,0.2961,0.0,0.0,0.0,0.0,0.0,0.0,-121.0,-30.0,1,0
58226,3.1385,-0.9986,0.698,0.2961,0.0,0.0,0.0,0.0,0.0,0.0,-120.0,-30.0,1,0
58238,3.1385,-0.9971,0.698,0.2961,0.0,0.0,0.0,0.0,0.0,0.0,-120.0,-29.0,1,0
58246,3.1401,-0.9986,0.698,0.2961,0.0,0.0,0.0,0.0,0.0,0.0,-121.0,-30.0,1,0
58259,3.1416,-0.9971,0.698,0.2961,0.0,0.0,0.0,0.0,-7.0,0.0,-121.0,-30.0,1,0
58271,3.1416,-0.9971,0.6995,0.2961,0.024,0.0,0.0,0.0,0.0,0.0,-124.0,-31.0,1,0
58283,3.1385,-0.9971,0.6995,0.2961,0.024,0.0,0.0,0.0,0.0,-1.0,-125.0,-30.0,1,0
58296,3.137,-0.9971,0.6995,0.2961,0.0,0.0,0.0,0.0,8.0,-3.0,-127.0,-33.0,7,0
58304,3.137,-0.9971,0.6995,0.2961,0.0,0.0,0.0,0.0,3.0,-5.0,-124.0,-31.0,6,0
58316,3.137,-0.9956,0.6995,0.2961,-0.024,0.0,0.0,0.0,2.0,-7.0,-124.0,-30.0,9,0
58328,3.137,-0.9971,0.6995,0.2961,-0.024,0.0,0.0,0.0,1.0,-4.0,-126.0,-31.0,11,1
58341,3.137,-0.9971,0.6995,0.2961,-0.0479,0.0,0.0,0.0,3.0,-9.0,-127.0,-30.0,16,1
58353,3.137,-0.9971,0.6995,0.2961,-0.024,0.0,0.0,0.0,5.0,-4.0,-126.0,-30.0,23,1
58365,3.137,-0.9956,0.6995,0.2961,-0.024,0.0,0.0,0.0,5.0,-4.0,-125.0,-30.0,30,1
58377,3.1385,-0.9956,0.6995,0.2961,0.0,0.0,0.0,0.0,10.0,-4.0,-128.0,-30.0,36,1
58390,3.137,-0.9971,0.6995,0.2961,0.0,0.0,0.0,0.0,7.0,-5.0,-125.0,-30.0,44,1
58406,3.137,-0.9971,0.6995,0.2961,0.0,0.0,0.0,0.0,7.0,-6.0,-129.0,-30.0,55,1
58418,3.137,-0.9956,0.6995,0.2961,0.0,0.0,0.0,0.0,8.0,-6.0,-127.0,-30.0,61,1
58431,3.1385,-0.9956,0.6995,0.2961,0.0,0.0,0.0,0.0,13.0,-7.0,-127.0,-30.0,66,1
58443,3.1385,-0.9956,0.6995,0.2961,0.0,0.0,0.0,0.0,16.0,-5.0,-127.0,-30.0,72,1
58455,3.1385,-0.9971,0.6995,0.2961,0.0,0.0,0.0,0.0,10.0,-11.0,-125.0,-30.0,75,1
58468,3.137,-0.9956,0.701,0.2961,0.0,0.0,0.0,0.0,14.0,-5.0,-126.0,-30.0,78,1
58480,3.1385,-0.9956,0.701,0.2961,0.0,0.0,0.0,0.0,8.0,-5.0,-130.0,-30.0,83,1
58492,3.137,-0.9971,0.701,0.2961,0.0,0.0,0.0,0.0,10.0,-5.0,-131.0,-30.0,88,1
58504,3.137,-0.9956,0.6995,0.2961,0.0,0.0,0.0,0.0,11.0,-6.0,-129.0,-30.0,90,1
58517,3.137,-0.9971,0.701,0.2961,0.0,0.0,0.0,0.0,7.0,-7.0,-126.0,-30.0,94,1
58529,3.137,-0.9956,0.6995,0.2961,0.0,0.0,0.0,0.0,16.0,-4.0,-128.0,-30.0,96,1
58541,3.1385,-0.9956,0.6995,0.2961,0.0,0.0,0.0,0.0,14.0,-9.0,-128.0,-30.0,99,1
58554,3.137,-0.9956,0.701,0.2961,0.0,0.0,0.0,0.0,19.0,-8.0,-129.0,-30.0,101,1
58570,3.1385,-0.9956,0.6995,0.2961,0.0,0.0,0.0,0.0,11.0,-8.0,-128.0,-30.0,102,1
58582,3.137,-0.9956,0.6995,0.2961,0.0,0.0,0.0,0.0,18.0,-7.0,-130.0,-30.0,103,1
58595,3.137,-0.9956,0.6995,0.2961,0.0,0.0,0.0,0.0,8.0,-4.0,-127.0,-30.0,102,1
58611,3.1385,-0.9956,0.6995,0.2961,0.0,0.0,0.0,0.0,3.0,-11.0,-127.0,-30.0,101,1
58623,3.1385,-0.9956,0.6995,0.2961,0.0,0.0,0.0,0.0,1.0,-11.0,-125.0,-30.0,99,1
58635,3.1385,-0.9956,0.6995,0.2961,0.0,0.0,0.0,0.0,0.0,-5.0,-128.0,-30.0,97,1
58648,3.1401,-0.9956,0.698,0.2961,0.0,0.0,0.0,0.0,0.0,-6.0,-125.0,-30.0,96,1
58660,3.1416,-0.9956,0.698,0.2961,0.024,0.0,0.0,0.0,0.0,-7.0,-121.0,-30.0,87,1
58672,3.1416,-0.9956,0.698,0.2961,0.024,0.0,0.0,0.0,-1.0,-11.0,-116.0,-30.0,76,1
58685,3.1431,-0.9956,0.698,0.2961,0.0479,0.0,0.0,0.0,-8.0,-10.0,-109.0,-30.0,57,1
58697,3.1447,-0.9956,0.6964,0.2961,0.0719,0.0,-0.024,0.0,-22.0,-9.0,-119.0,-30.0,36,1
58709,3.1431,-0.9956,0.698,0.2961,0.0719,0.0,-0.024,0.0,-11.0,-10.0,-121.0,-31.0,20,1
58721,3.1416,-0.9956,0.698,0.2961,0.0479,0.0,-0.024,0.0,0.0,-10.0,-118.0,-30.0,11,1
58734,3.137,-0.9956,0.698,0.2961,0.0,0.0,0.0,0.0,16.0,-8.0,-119.0,-30.0,8,0
58746,3.1339,-0.9956,0.698,0.2961,-0.024,0.0,0.0,0.0,17.0,-10.0,-116.0,-30.0,5,0
58754,3.1339,-0.9956,0.698,0.2945,-0.0719,0.0,0.0,0.0,24.0,-6.0,-117.0,-30.0,5,0
58767,3.1355,-0.9956,0.698,0.2961,-0.0959,0.0,0.0,0.0,11.0,-5.0,-117.0,-30.0,5,0
58779,3.1385,-0.9956,0.6964,0.2961,-0.0959,0.0,0.0,0.0,-1.0,-10.0,-115.0,-30.0,4,0
58791,3.1385,-0.9956,0.6964,0.2961,-0.0719,0.0,0.0,0.0,-6.0,-8.0,-116.0,-30.0,4,0
58803,3.1416,-0.9956,0.6964,0.2961,0.0,0.0,0.0,0.0,-8.0,-5.0,-114.0,-30.0,4,0
58812,3.1416,-0.9956,0.6964,0.2961,0.0,0.0,0.0,0.0,-8.0,-5.0,-114.0,-30.0,4,0
58824,3.1431,-0.9956,0.698,0.2976,0.0719,0.0,0.0,0.0,-10.0,-9.0,-114.0,-32.0,3,0
58836,3.1416,-0.9956,0.698,0.2961,0.0959,0.0,0.0,0.0,0.0,-9.0,-117.0,-30.0,2,0
58848,3.1401,-0.9956,0.698,0.2961,0.0719,0.0,0.0,0.0,3.0,-8.0,-118.0,-31.0,1,0
58861,3.1385,-0.9956,0.698,0.2961,0.0479,0.0,0.0,0.0,0.0,-10.0,-119.0,-30.0,0,0
58869,3.137,-0.9956,0.6964,0.2961,0.0,0.0,0.0,0.0,15.0,-9.0,-118.0,-30.0,0,0
58881,3.1355,-0.9956,0.6964,0.2961,-0.024,0.0,0.0,0.0,10.0,-5.0,-114.0,-30.0,1,0
58894,3.137,-0.9956,0.6964,0.2961,-0.0719,0.0,0.0,0.0,4.0,-7.0,-114.0,-30.0,1,0
58906,3.1401,-0.9971,0.6964,0.2961,-0.0719,0.0,0.0,0.0,-7.0,-8.0,-115.0,-30.0,1,0
58918,3.1401,-0.9956,0.698,0.2961,-0.0479,0.0,0.0,0.0,0.0,-10.0,-115.0,-30.0,1,0
58926,3.1401,-0.9956,0.6964,0.2961,0.0,0.0,0.0,0.0,0.0,-6.0,-114.0,-30.0,1,0
58939,3.1416,-0.9956,0.698,0.2961,0.0,0.0,0.0,0.0,-3.0,-6.0,-113.0,-30.0,0,0
58951,3.1416,-0.9956,0.6964,0.2961,0.0479,0.0,0.0,0.0,0.0,-7.0,-118.0,-30.0,0,0
58963,3.1401,-0.9956,0.6964,0.2961,0.0479,0.0,0.0,0.0,0.0,-7.0,-117.0,-30.0,1,0
58971,3.1401,-0.9956,0.6964,0.2961,0.0479,0.0,0.0,0.0,0.0,-7.0,-117.0,-30.0,0,0
58984,3.1401,-0.9956,0.6964,0.2961,0.024,0.0,0.0,0.0,0.0,-6.0,-115.0,-30.0,0,0
58996,3.1385,-0.9971,0.6964,0.2961,0.0,0.0,0.0,0.0,0.0,-5.0,-114.0,-31.0,1,0
59008,3.1385,-0.9956,0.6964,0.2961,0.0,0.0,0.0,0.0,0.0,-4.0,-114.0,-30.0,1,0
59020,3.137,-0.9956,0.6964,0.2961,-0.024,0.0,0.0,0.0,8.0,-7.0,-112.0,-30.0,1,0
59029,3.137,-0.9956,0.6964,0.2961,-0.0479,0.0,0.0,0.0,0.0,-9.0,-115.0,-30.0,2,0
59041,3.137,-0.9971,0.6964,0.2961,-0.024,0.0,0.0,0.0,-1.0,-8.0,-111.0,-30.0,1,0
59053,3.1385,-0.9956,0.6964,0.2961,-0.024,0.0,0.0,0.0,0.0,-4.0,-114.0,-30.0,1,0
59066,3.1385,-0.9956,0.698,0.2961,0.0,0.0,0.0,0.0,0.0,-5.0,-111.0,-30.0,1,0
59078,3.1385,-0.9956,0.698,0.2961,0.0,0.0,0.0,0.0,0.0,-6.0,-113.0,-30.0,2,0
59086,3.1385,-0.9956,0.698,0.2961,0.0,0.0,0.0,0.0,0.0,-10.0,-116.0,-30.0,2,0
59098,3.1385,-0.9956,0.6964,0.2961,0.0,0.0,0.0,0.0,1.0,-4.0,-115.0,-30.0,2,0
59111,3.1385,-0.9956,0.6964,0.2961,0.0,0.0,0.0,0.0,0.0,-7.0,-117.0,-30.0,2,0
59123,3.1385,-0.9956,0.6964,0.2961,0.0,0.0,0.0,0.0,0.0,-10.0,-115.0,-30.0,2,0
59135,3.1385,-0.9956,0.6964,0.2961,0.0,0.0,0.0,0.0,6.0,-11.0,-112.0,-30.0,2,0
59143,3.1385,-0.9971,0.6964,0.2961,0.0,0.0,0.0,0.0,2.0,-8.0,-115.0,-32.0,2,0
59156,3.1385,-0.9956,0.6964,0.2961,0.0,0.0,0.0,0.0,0.0,-9.0,-116.0,-30.0,1,0
59168,3.137,-0.9956,0.698,0.2961,0.0,0.0,0.0,0.0,0.0,-9.0,-114.0,-34.0,2,0
59180,3.1385,-0.9956,0.6964,0.2961,0.0,0.0,0.0,0.0,0.0,-7.0,-117.0,-30.0,2,0
59193,3.1385,-0.9956,0.698,0.2961,0.0,0.0,0.0,0.0,0.0,-7.0,-114.0,-30.0,2,0
59201,3.1385,-0.9956,0.698,0.2961,0.0,0.0,0.0,0.0,0.0,-7.0,-114.0,-30.0,2,0
59213,3.1385,-0.9956,0.698,0.2961,0.0,0.0,0.0,0.0,0.0,-10.0,-114.0,-30.0,2,0
59225,3.1385,-0.9956,0.6964,0.2961,0.0,0.0,0.0,0.0,3.0,-7.0,-114.0,-30.0,2,0
59238,3.1385,-0.9956,0.6964,0.2961,0.0,0.0,0.0,0.0,0.0,-6.0,-114.0,-33.0,2,0
59250,3.1385,-0.9956,0.6964,0.2961,0.0,0.0,0.0,0.0,2.0,-8.0,-117.0,-30.0,2,0
59258,3.1385,-0.9956,0.6964,0.2961,0.0,0.0,0.0,0.0,0.0,-9.0,-112.0,-30.0,2,0
59270,3.137,-0.9956,0.6964,0.2961,0.0,0.0,0.0,0.0,0.0,-9.0,-115.0,-32.0,2,0
59283,3.1385,-0.9956,0.6964,0.2961,0.0,0.0,0.0,0.0,0.0,-9.0,-113.0,-30.0,2,0
59295,3.1385,-0.9956,0.6964,0.2961,0.0,0.0,0.0,0.0,0.0,-7.0,-115.0,-30.0,2,0
59307,3.1385,-0.9971,0.698,0.2961,0.0,0.0,0.0,0.0,0.0,-9.0,-118.0,-30.0,2,0
59315,3.1385,-0.9956,0.698,0.2961,0.0,0.0,0.0,0.0,0.0,-7.0,-115.0,-30.0,2,0
59328,3.1385,-0.9956,0.698,0.2961,0.0,0.0,0.0,0.0,0.0,-7.0,-116.0,-30.0,2,0
59340,3.1385,-0.9956,0.6964,0.2961,0.0,0.0,0.0,0.0,0.0,-9.0,-117.0,-30.0,2,0
59352,3.1385,-0.9956,0.6964,0.2961,0.0,0.0,0.0,0.0,0.0,-8.0,-115.0,-30.0,2,0
59365,3.1401,-0.9956,0.698,0.2961,0.0,0.0,0.0,0.0,0.0,-9.0,-117.0,-33.0,2,0
59373,3.1385,-0.9956,0.698,0.2961,0.0,0.0,0.0,0.0,0.0,-8.0,-118.0,-30.0,2,0
59385,3.1385,-0.9956,0.6995,0.2961,0.0,0.0,0.0,0.0,0.0,-9.0,-121.0,-30.0,2,0
59397,3.1385,-0.9956,0.6995,0.2961,0.0,0.0,0.0,0.0,0.0,-22.0,-123.0,-30.0,3,0
59410,3.1401,-0.994,0.6995,0.2961,0.0,0.0,0.024,0.0,0.0,-34.0,-125.0,-30.0,3,0
59418,3.1401,-0.994,0.6995,0.2961,0.0,0.0,0.024,0.0,0.0,-36.0,-122.0,-30.0,1,0
59430,3.1416,-0.9925,0.6995,0.2961,0.0,0.0,0.024,0.0,-2.0,-38.0,-123.0,-31.0,1,0
59442,3.1416,-0.9925,0.6995,0.2961,0.0,0.0,0.024,0.0,0.0,-31.0,-125.0,-34.0,3,0
59455,3.1401,-0.9925,0.6995,0.2961,0.024,0.024,0.0,0.0,0.0,-27.0,-150.0,-32.0,7,0
59467,3.1401,-0.9925,0.6995,0.2961,0.0,0.024,0.0,0.0,-1.0,-30.0,-147.0,-32.0,15,1
59479,3.1416,-0.9925,0.6995,0.2961,0.0,0.024,0.0,0.0,-3.0,-31.0,-149.0,-33.0,16,1
59492,3.1401,-0.9925,0.6995,0.2961,0.0,0.024,0.0,0.0,0.0,-29.0,-150.0,-31.0,24,1
59504,3.1401,-0.9925,0.7026,0.2961,0.0,0.0,0.0,0.0,-2.0,-35.0,-171.0,-32.0,26,1
59516,3.1401,-0.991,0.7041,0.2961,0.0,0.0,0.024,0.0,-3.0,-50.0,-181.0,-32.0,27,1
59528,3.1401,-0.991,0.7056,0.2976,0.0,0.0,0.0479,0.0,-3.0,-49.0,-191.0,-33.0,27,1
59541,3.1401,-0.991,0.7072,0.2961,0.0,0.024,0.0719,0.0,-2.0,-53.0,-196.0,-30.0,53,1
59553,3.1416,-0.9894,0.7102,0.2961,0.0,0.024,0.1198,0.0,0.0,-54.0,-194.0,-33.0,66,1
59565,3.1401,-0.9894,0.7118,0.2961,0.0,0.024,0.1438,0.0,0.0,-53.0,-211.0,-31.0,75,1
59578,3.1401,-0.9894,0.7118,0.2961,0.0,0.024,0.1438,0.0,-2.0,-53.0,-209.0,-33.0,83,1
59590,3.1401,-0.9894,0.7118,0.2961,0.0,0.024,0.1198,0.0,0.0,-51.0,-210.0,-31.0,85,1
59602,3.1401,-0.9879,0.7118,0.2961,0.0,0.024,0.0959,0.0,-2.0,-58.0,-206.0,-35.0,88,1
59618,3.1401,-0.9879,0.7102,0.2961,0.0,0.024,0.0479,0.0,0.0,-54.0,-206.0,-30.0,89,1
59631,3.1401,-0.9879,0.7102,0.2961,0.0,0.024,0.0,0.0,0.0,-55.0,-202.0,-31.0,90,1
59643,3.1401,-0.9894,0.7102,0.2961,0.0,0.024,0.0,0.0,0.0,-54.0,-171.0,-31.0,87,1
59655,3.1401,-0.9894,0.7087,0.2961,0.0,0.0,0.0,0.0,-1.0,-48.0,-153.0,-32.0,85,1
59668,3.1401,-0.9894,0.7072,0.2961,0.0,0.0,-0.024,0.0,0.0,-44.0,-129.0,-30.0,78,1
59680,3.1401,-0.9894,0.7041,0.2961,0.0,0.0,-0.0479,0.0,-2.0,-41.0,-112.0,-30.0,67,1
59692,3.1401,-0.9894,0.7026,0.2961,0.0,0.0,-0.0719,0.0,0.0,-30.0,-104.0,-30.0,48,1
59705,3.1401,-0.991,0.698,0.2961,0.0,-0.024,-0.1198,0.0,-1.0,-21.0,-85.0,-29.0,27,1
59717,3.1416,-0.9925,0.6964,0.2961,0.0,-0.024,-0.1438,0.0,0.0,-13.0,-85.0,-29.0,19,1
59729,3.1401,-0.9925,0.6949,0.2961,0.0,-0.024,-0.1678,0.0,0.0,-17.0,-88.0,-29.0,7,0
59737,3.1401,-0.9925,0.6934,0.2961,0.0,-0.024,-0.1678,0.0,0.0,-18.0,-99.0,-30.0,5,0
59750,3.1385,-0.9925,0.6934,0.2961,0.0,-0.024,-0.1678,0.0,0.0,-19.0,-106.0,-30.0,5,0
59762,3.1385,-0.9925,0.6934,0.2961,0.0,-0.024,-0.1438,0.0,0.0,-20.0,-104.0,-30.0,5,0
59774,3.1385,-0.9925,0.6949,0.2961,0.0,0.0,-0.0719,0.0,0.0,-38.0,-110.0,-30.0,4,0
59786,3.1385,-0.9925,0.6949,0.2961,0.0,0.0,-0.0479,0.0,-1.0,-37.0,-112.0,-30.0,4,0
59795,3.1401,-0.9925,0.6949,0.2961,0.0,0.0,-0.024,0.0,0.0,-38.0,-105.0,-30.0,3,0
59807,3.1401,-0.9925,0.6949,0.2961,0.0,0.0,0.0,0.0,0.0,-38.0,-106.0,-30.0,4,0
59819,3.1401,-0.9925,0.6934,0.2961,0.0,0.0,0.0,0.0,0.0,-38.0,-106.0,-30.0,4,0
59831,3.1401,-0.9925,0.6949,0.2961,0.0,0.0,0.0,0.0,0.0,-38.0,-106.0,-30.0,4,0
59844,3.1385,-0.9925,0.6934,0.2961,0.0,0.0,0.0,0.0,0.0,-38.0,-108.0,-30.0,4,0
59852,3.1385,-0.9925,0.6934,0.2961,0.0,0.0,0.0,0.0,0.0,-38.0,-108.0,-30.0,4,0
59864,3.1401,-0.9925,0.6934,0.2961,0.0,0.0,0.0,0.0,0.0,-38.0,-109.0,-30.0,3,0
59877,3.1385,-0.9925,0.6949,0.2961,0.0,0.0,0.0,0.0,0.0,-38.0,-106.0,-30.0,3,0
59889,3.1401,-0.9925,0.6934,0.2961,0.0,0.0,0.0,0.0,0.0,-38.0,-105.0,-30.0,2,0
59901,3.1401,-0.9925,0.6949,0.2961,0.0,0.0,0.0,0.0,0.0,-38.0,-103.0,-29.0,3,0
59909,3.1401,-0.9925,0.6934,0.2961,0.0,0.0,0.0,0.0,0.0,-38.0,-106.0,-30.0,3,0
59922,3.1401,-0.9925,0.6934,0.2961,0.0,0.0,0.0,0.0,0.0,-38.0,-105.0,-27.0,2,0
59934,3.1401,-0.9925,0.6934,0.2961,0.0,0.0,0.0,0.0,0.0,-37.0,-106.0,-30.0,3,0
59946,3.1401,-0.9925,0.6934,0.2961,0.0,0.0,0.0,0.0,0.0,-39.0,-106.0,-30.0,2,0
59958,3.1385,-0.9925,0.6934,0.2961,0.0,0.0,0.0,0.0,0.0,-39.0,-107.0,-30.0,2,0
59967,3.1401,-0.9925,0.6949,0.2961,0.0,0.0,0.0,0.0,0.0,-38.0,-104.0,-30.0,2,0
59979,3.1401,-0.9925,0.6934,0.2961,0.0,0.0,0.0,0.0,0.0,-39.0,-107.0,-29.0,2,0
59991,3.1401,-0.9925,0.6934,0.2961,0.0,0.0,0.0,0.0,0.0,-40.0,-104.0,-30.0,2,0
60004,3.1385,-0.9925,0.6934,0.2961,0.0,0.0,0.0,0.0,0.0,-38.0,-105.0,-30.0,2,0
60016,3.1385,-0.9925,0.6934,0.2961,0.0,0.0,0.0,0.0,0.0,-36.0,-109.0,-30.0,2,0
60024,3.1401,-0.9925,0.6934,0.2961,0.0,0.0,0.0,0.0,0.0,-39.0,-107.0,-30.0,2,0
60036,3.1401,-0.9925,0.6934,0.2961,0.0,0.0,0.0,0.0,0.0,-40.0,-105.0,-30.0,2,0
60049,3.1401,-0.9925,0.6949,0.2961,0.0,0.0,0.0,0.0,0.0,-40.0,-106.0,-29.0,2,0
60061,3.1385,-0.9925,0.6934,0.2961,0.0,0.0,0.0,0.0,0.0,-39.0,-106.0,-29.0,2,0
60073,3.1385,-0.9925,0.6934,0.2961,0.0,0.0,0.0,0.0,0.0,-39.0,-105.0,-30.0,2,0
60081,3.1385,-0.9925,0.6934,0.2961,0.0,0.0,0.0,0.0,0.0,-39.0,-105.0,-30.0,2,0
60094,3.1401,-0.9925,0.6949,0.2961,0.0,0.0,0.0,0.0,0.0,-39.0,-109.0,-30.0,2,0
60106,3.1401,-0.9925,0.6934,0.2961,0.0,0.0,0.0,0.0,0.0,-39.0,-104.0,-30.0,2,0
60118,3.1401,-0.9925,0.6949,0.2961,0.0,0.0,0.0,0.0,0.0,-39.0,-105.0,-30.0,2,0
60130,3.1401,-0.9925,0.6949,0.2961,0.0,0.0,0.0,0.0,0.0,-39.0,-107.0,-30.0,2,0
60139,3.1401,-0.9925,0.6934,0.2961,0.0,0.0,0.0,0.0,0.0,-39.0,-104.0,-27.0,2,0
60151,3.1401,-0.9925,0.6949,0.2961,0.0,0.0,0.0,0.0,0.0,-39.0,-106.0,-29.0,2,0
60163,3.1401,-0.9925,0.6934,0.2961,0.0,0.0,0.0,0.0,0.0,-39.0,-102.0,-30.0,2,0
60176,3.1385,-0.9925,0.6934,0.2961,0.0,0.0,0.0,0.0,0.0,-39.0,-104.0,-30.0,2,0
60184,3.1401,-0.9925,0.6949,0.2961,0.0,0.0,0.0,0.0,0.0,-39.0,-102.0,-30.0,2,0
60196,3.1401,-0.994,0.6949,0.2961,0.0,0.0,0.0,0.0,0.0,-39.0,-105.0,-30.0,2,0
60208,3.1385,-0.9925,0.6934,0.2961,0.0,0.0,0.0,0.0,0.0,-39.0,-104.0,-30.0,2,0
60221,3.1401,-0.9925,0.6934,0.2961,0.0,0.0,0.0,0.0,0.0,-38.0,-102.0,-30.0,2,0
60233,3.1401,-0.9925,0.6949,0.2961,0.0,0.0,0.0,0.0,0.0,-39.0,-102.0,-30.0,2,0
60241,3.1401,-0.9925,0.6949,0.2961,0.0,0.0,0.0,0.0,0.0,-39.0,-102.0,-30.0,2,0
60253,3.1385,-0.9925,0.6934,0.2961,0.0,0.0,0.0,0.0,0.0,-39.0,-103.0,-30.0,2,0
60266,3.1385,-0.9925,0.6934,0.2961,0.0,0.0,0.0,0.0,0.0,-40.0,-104.0,-28.0,2,0
60278,3.1385,-0.9925,0.6934,0.2961,0.0,0.0,0.0,0.0,0.0,-40.0,-102.0,-31.0,2,0
60290,3.1401,-0.9925,0.6934,0.2961,0.0,0.0,0.0,0.0,0.0,-40.0,-105.0,-28.0,2,0
60298,3.1385,-0.9925,0.6949,0.2961,0.0,0.0,0.0,0.0,0.0,-43.0,-103.0,-29.0,2,0
60311,3.1385,-0.994,0.6934,0.2961,0.0,0.0,0.0,0.0,0.0,-39.0,-104.0,-30.0,2,0
60323,3.1401,-0.9925,0.6949,0.2945,0.0,0.0,0.0,0.0,0.0,-41.0,-103.0,-30.0,1,0
60335,3.1401,-0.9925,0.6934,0.2961,0.0,0.0,0.0,0.0,0.0,-36.0,-102.0,-28.0,2,0
60348,3.1401,-0.9925,0.6949,0.2961,0.0,0.0,0.0,0.0,0.0,-37.0,-100.0,-29.0,2,0
60356,3.1385,-0.9925,0.6934,0.2961,0.0,0.0,0.0,0.0,0.0,-37.0,-101.0,-30.0,2,0
60368,3.1385,-0.9925,0.6949,0.2961,0.0,0.0,0.0,0.0,0.0,-37.0,-101.0,-30.0,2,0
60380,3.1401,-0.9925,0.6934,0.2961,0.0,0.0,0.0,0.0,0.0,-43.0,-101.0,-29.0,2,0
60393,3.1385,-0.9925,0.6949,0.2961,0.0,0.0,0.0,0.0,3.0,-41.0,-101.0,-28.0,2,0
60405,3.137,-0.9925,0.6949,0.2961,-0.024,0.0,0.0,0.0,5.0,-41.0,-103.0,-30.0,2,0
60413,3.137,-0.9925,0.6949,0.2961,-0.024,0.0,0.0,0.0,0.0,-41.0,-104.0,-30.0,2,0
60425,3.137,-0.9925,0.6949,0.2961,-0.024,0.0,0.0,0.0,6.0,-57.0,-105.0,-31.0,3,0
60438,3.1385,-0.9925,0.6949,0.2961,-0.024,0.0,0.0,0.0,1.0,-50.0,-105.0,-30.0,1,0
60450,3.1385,-0.9925,0.6934,0.2961,-0.024,0.0,0.0,0.0,0.0,-52.0,-100.0,-30.0,1,0
60462,3.137,-0.9925,0.6934,0.2961,0.0,0.0,0.0,0.0,3.0,-53.0,-96.0,-27.0,1,0
60470,3.1385,-0.9925,0.6934,0.2961,0.0,0.0,0.0,0.0,0.0,-53.0,-103.0,-28.0,1,0
60483,3.1401,-0.9925,0.6949,0.2961,0.024,0.0,0.0,0.0,0.0,-52.0,-100.0,-28.0,2,0
60495,3.1416,-0.9925,0.6949,0.2961,0.024,0.0,0.0,0.0,-2.0,-54.0,-99.0,-30.0,1,0
60507,3.1431,-0.9925,0.6934,0.2961,0.0479,0.0,0.0,0.0,-6.0,-55.0,-98.0,-29.0,2,0
60520,3.1431,-0.9925,0.6934,0.2961,0.0479,0.0,0.0,0.0,-5.0,-55.0,-96.0,-25.0,8,0
60532,3.1431,-0.9894,0.6934,0.2945,0.0479,0.0,0.0,0.0,-7.0,-66.0,-99.0,-30.0,13,1
60544,3.1431,-0.9863,0.6934,0.2945,0.0479,0.024,0.0,0.0,-8.0,-99.0,-99.0,-30.0,18,1
60556,3.1416,-0.9848,0.6934,0.2961,0.0479,0.0479,0.0,0.0,-3.0,-109.0,-98.0,-30.0,22,1
60569,3.1416,-0.9833,0.6934,0.2945,0.024,0.0719,0.0,0.0,0.0,-112.0,-97.0,-26.0,27,1
60581,3.1401,-0.9817,0.6934,0.2945,0.0,0.0959,0.0,0.0,2.0,-131.0,-101.0,-30.0,31,1
60593,3.1401,-0.9771,0.6934,0.2961,-0.024,0.1438,0.0,0.0,0.0,-154.0,-99.0,-30.0,37,1
60606,3.1401,-0.9756,0.6949,0.2961,-0.024,0.1678,0.0,0.0,0.0,-159.0,-101.0,-29.0,41,1
60618,3.1401,-0.9741,0.6949,0.2961,-0.024,0.1678,0.0,0.0,0.0,-163.0,-101.0,-30.0,45,1
60630,3.1401,-0.9725,0.6949,0.2945,-0.024,0.1678,0.0,0.0,0.0,-152.0,-97.0,-30.0,50,1
60642,3.1401,-0.9725,0.6934,0.2961,-0.024,0.1678,0.0,0.0,0.0,-151.0,-101.0,-29.0,56,1
60655,3.1401,-0.971,0.6949,0.2961,0.0,0.1438,0.0,0.0,0.0,-140.0,-96.0,-30.0,60,1
60667,3.1401,-0.971,0.6949,0.2961,0.0,0.1198,0.0,0.0,0.0,-143.0,-97.0,-26.0,61,1
60679,3.1401,-0.971,0.6934,0.2961,0.0,0.0719,0.0,0.0,0.0,-143.0,-100.0,-29.0,62,1
60692,3.1401,-0.971,0.6934,0.2961,0.0,0.0479,0.0,0.0,0.0,-143.0,-98.0,-25.0,63,1
60704,3.1401,-0.971,0.6934,0.2961,0.0,0.024,0.0,0.0,0.0,-146.0,-96.0,-26.0,64,1
60716,3.1385,-0.971,0.6949,0.2961,0.0,0.0,0.0,0.0,0.0,-144.0,-102.0,-27.0,63,1
60728,3.1385,-0.9725,0.6934,0.2961,0.0,0.0,0.0,0.0,0.0,-143.0,-99.0,-28.0,60,1
60741,3.1385,-0.9725,0.6949,0.2961,0.0,0.0,0.0,0.0,0.0,-143.0,-98.0,-28.0,59,1
60753,3.1401,-0.9725,0.6949,0.2945,0.0,0.0,0.0,0.0,0.0,-143.0,-100.0,-27.0,58,1
60769,3.1401,-0.9725,0.6934,0.2961,0.0,0.0,0.0,0.0,0.0,-138.0,-98.0,-30.0,57,1
60782,3.1401,-0.9741,0.6934,0.2961,0.0,0.0,0.0,0.0,0.0,-125.0,-94.0,-28.0,51,1
60794,3.1401,-0.9771,0.6949,0.2961,0.0,-0.024,0.0,0.0,0.0,-75.0,-98.0,-29.0,47,1
60806,3.1385,-0.9817,0.6949,0.2961,0.0,-0.0479,0.0,0.0,0.0,-53.0,-94.0,-28.0,41,1
60819,3.1385,-0.9833,0.6934,0.2961,0.0,-0.0959,0.0,0.0,7.0,-39.0,-98.0,-28.0,29,1
60831,3.137,-0.9863,0.6934,0.2945,0.0,-0.1438,0.0,0.0,0.0,-28.0,-96.0,-30.0,11,1
60843,3.1385,-0.9925,0.6934,0.2961,-0.024,-0.2157,0.0,0.0,0.0,-20.0,-96.0,-28.0,1,0
60851,3.1385,-0.9925,0.6934,0.2961,-0.024,-0.2157,0.0,0.0,0.0,-20.0,-96.0,-28.0,0,0
60864,3.1385,-0.994,0.6934,0.2961,0.0,-0.2397,0.0,0.0,0.0,-29.0,-99.0,-27.0,0,0
60876,3.1385,-0.9956,0.6934,0.2961,0.0,-0.2397,0.0,0.0,0.0,-24.0,-96.0,-31.0,0,0
60888,3.1401,-0.9956,0.6934,0.2961,0.0,-0.1918,0.0,0.0,0.0,-28.0,-98.0,-29.0,1,0
60901,3.1385,-0.9971,0.6949,0.2945,0.0,-0.1678,0.0,0.0,0.0,-33.0,-98.0,-34.0,1,0
60909,3.1401,-0.9956,0.6934,0.2961,0.0,-0.1198,0.0,0.0,0.0,-41.0,-99.0,-28.0,1,0
60921,3.1401,-0.9971,0.6949,0.2945,0.0,-0.0959,0.0,0.0,0.0,-40.0,-97.0,-29.0,0,0
60933,3.1401,-0.9971,0.6934,0.2945,0.0,-0.0479,0.0,0.0,0.0,-42.0,-100.0,-30.0,0,0
60946,3.1401,-0.9956,0.6934,0.2945,0.0,-0.024,0.0,0.0,0.0,-37.0,-92.0,-27.0,0,0
60958,3.1401,-0.9956,0.6949,0.2945,0.0,0.0,0.0,0.0,0.0,-31.0,-96.0,-24.0,0,0
60966,3.1401,-0.9971,0.6934,0.2961,0.0,0.0,0.0,0.0,0.0,-30.0,-95.0,-27.0,1,0
60978,3.1401,-0.9956,0.6934,0.2961,0.0,0.0,0.0,0.0,0.0,-28.0,-96.0,-23.0,1,0
60991,3.1385,-0.9971,0.6949,0.2961,0.0,0.0,0.0,0.0,0.0,-33.0,-92.0,-22.0,1,0
61003,3.1385,-0.9956,0.6934,0.2961,0.0,0.0,0.0,0.0,0.0,-29.0,-94.0,-26.0,1,0
61011,3.1385,-0.9956,0.6934,0.2961,0.0,0.0,0.0,0.0,0.0,-29.0,-94.0,-26.0,0,0
61023,3.1385,-0.9956,0.6949,0.2961,0.0,0.0,0.0,0.0,0.0,-34.0,-96.0,-28.0,0,0
61036,3.1385,-0.9971,0.6934,0.2961,0.0,0.0,0.0,0.0,0.0,-34.0,-97.0,-27.0,0,0
61048,3.1385,-0.9956,0.6934,0.2961,0.0,0.0,0.0,0.0,0.0,-31.0,-98.0,-24.0,0,0
61060,3.1385,-0.9971,0.6934,0.2945,0.0,0.0,0.0,0.0,0.0,-31.0,-96.0,-24.0,0,0
61068,3.1385,-0.9956,0.6934,0.2961,0.0,0.0,0.0,0.0,0.0,-37.0,-93.0,-27.0,0,0
61081,3.1401,-0.9956,0.6934,0.2945,0.0,0.0,0.0,0.0,0.0,-28.0,-93.0,-21.0,0,0
61093,3.1385,-0.9956,0.6934,0.2961,0.0,0.0,0.0,0.0,0.0,-28.0,-93.0,-25.0,0,0
61105,3.1385,-0.9956,0.6934,0.2945,0.0,0.0,0.0,0.0,0.0,-36.0,-95.0,-24.0,0,0
61118,3.1385,-0.9956,0.6949,0.2961,0.0,0.0,0.0,0.0,0.0,-36.0,-92.0,-24.0,0,0
61126,3.1385,-0.9971,0.6934,0.2945,0.0,0.0,0.0,0.0,0.0,-36.0,-94.0,-22.0,0,0
61138,3.1385,-0.9956,0.6934,0.2961,0.0,0.0,0.0,0.0,0.0,-35.0,-94.0,-25.0,0,0
61150,3.1385,-0.9971,0.6934,0.2961,0.0,0.0,0.0,0.0,0.0,-35.0,-93.0,-28.0,0,0
61163,3.1385,-0.9971,0.6934,0.2961,0.0,0.0,0.0,0.0,0.0,-33.0,-95.0,-23.0,0,0
61175,3.1385,-0.9971,0.6934,0.2961,0.0,0.0,0.0,0.0,0.0,-31.0,-95.0,-23.0,0,0
61183,3.1385,-0.9971,0.6934,0.2961,0.0,0.0,0.0,0.0,0.0,-35.0,-94.0,-24.0,0,0
61195,3.1385,-0.9971,0.6949,0.2961,0.0,0.0,0.0,0.0,0.0,-35.0,-94.0,-19.0,0,0
61208,3.1385,-0.9971,0.6934,0.2961,0.0,0.0,0.0,0.0,0.0,-33.0,-95.0,-24.0,0,0
61220,3.1385,-0.9971,0.6949,0.2961,0.0,0.0,0.0,0.0,0.0,-32.0,-91.0,-27.0,1,0
61232,3.1385,-0.9971,0.6934,0.2961,0.0,0.0,0.0,0.0,0.0,-39.0,-95.0,-27.0,1,0
61240,3.1385,-0.9971,0.6934,0.2961,0.0,0.0,0.0,0.0,0.0,-33.0,-93.0,-22.0,1,0
61253,3.1401,-0.9971,0.6934,0.2945,0.0,0.0,0.0,0.0,0.0,-38.0,-94.0,-21.0,1,0
61265,3.1385,-0.9956,0.6934,0.2961,0.0,0.0,0.0,0.0,0.0,-36.0,-95.0,-26.0,1,0
61277,3.1385,-0.9971,0.6949,0.2961,0.0,0.0,0.0,0.0,0.0,-33.0,-94.0,-24.0,2,0
61290,3.1385,-0.9971,0.6934,0.2961,0.0,0.0,0.0,0.0,0.0,-35.0,-95.0,-21.0,2,0
61298,3.1385,-0.9971,0.6934,0.2945,0.0,0.0,0.0,0.0,0.0,-33.0,-95.0,-25.0,2,0
61310,3.1385,-0.9971,0.6934,0.2961,0.0,0.0,0.0,0.0,0.0,-36.0,-93.0,-22.0,2,0
61322,3.1385,-0.9971,0.6934,0.2961,0.0,0.0,0.0,0.0,0.0,-34.0,-95.0,-24.0,3,0
61335,3.1385,-0.9971,0.6934,0.2945,0.0,0.0,0.0,0.0,0.0,-38.0,-90.0,-23.0,3,0
61347,3.1385,-0.9971,0.6934,0.2961,0.0,0.0,0.0,0.0,0.0,-32.0,-95.0,-29.0,3,0
61355,3.1385,-0.9956,0.6934,0.2961,0.0,0.0,0.0,0.0,0.0,-32.0,-92.0,-23.0,3,0
61367,3.1385,-0.9971,0.6934,0.2961,0.0,0.0,0.0,0.0,0.0,-35.0,-94.0,-24.0,3,0
61380,3.1385,-0.9956,0.6934,0.2961,0.0,0.0,0.0,0.0,0.0,-34.0,-93.0,-26.0,4,0
61392,3.1385,-0.9971,0.6934,0.2961,0.0,0.0,0.0,0.0,0.0,-32.0,-91.0,-26.0,4,0
61404,3.1401,-0.9971,0.6934,0.2961,0.0,0.0,0.0,0.0,0.0,-35.0,-96.0,-27.0,4,0
61413,3.1385,-0.9971,0.6934,0.2945,0.0,0.0,0.0,0.0,0.0,-35.0,-93.0,-24.0,4,0
61425,3.1385,-0.9971,0.6934,0.2945,0.0,0.0,0.0,0.0,0.0,-36.0,-90.0,-25.0,4,0
61437,3.1401,-0.9971,0.6934,0.2945,0.0,0.0,0.0,0.0,0.0,-33.0,-93.0,-26.0,4,0
61449,3.1385,-0.9971,0.6934,0.2961,0.0,0.0,0.0,0.0,0.0,-36.0,-94.0,-22.0,4,0
61458,3.1385,-0.9971,0.6934,0.2945,0.0,0.0,0.0,0.0,0.0,-33.0,-92.0,-24.0,4,0
61470,3.1385,-0.9956,0.6934,0.2961,0.0,0.0,0.0,0.0,0.0,-35.0,-90.0,-20.0,4,0
61483,3.1385,-0.9971,0.6934,0.2961,0.0,0.0,0.0,0.0,0.0,-37.0,-91.0,-22.0,4,0
61494,3.1401,-0.9971,0.6934,0.2961,0.0,0.0,0.0,0.0,0.0,-31.0,-90.0,-21.0,4,0
61507,3.1431,-0.9971,0.6934,0.2961,0.0,0.0,0.0,0.0,-5.0,-34.0,-91.0,-25.0,4,0
61515,3.1431,-0.9971,0.6949,0.2961,0.024,0.0,0.0,0.0,-11.0,-31.0,-92.0,-22.0,4,0
61527,3.1431,-0.9971,0.6949,0.2961,0.0479,0.0,0.0,0.0,-8.0,-34.0,-94.0,-23.0,4,0
61539,3.1416,-0.9971,0.6949,0.2945,0.0479,0.0,0.0,0.0,4.0,-32.0,-97.0,-24.0,3,0
61552,3.1416,-0.9971,0.6949,0.2945,0.0479,0.0,0.0,0.0,-1.0,-33.0,-95.0,-19.0,4,0
61564,3.1416,-0.9971,0.6934,0.2945,0.024,0.0,0.0,0.0,-2.0,-32.0,-96.0,-22.0,9,0
61573,3.1416,-0.9971,0.6949,0.2961,0.0,0.0,0.0,0.0,-7.0,-31.0,-94.0,-23.0,9,0
61585,3.1431,-0.9971,0.6949,0.2945,0.0,0.0,0.0,0.0,-9.0,-33.0,-95.0,-21.0,11,1
61601,3.1431,-0.9971,0.6949,0.2945,0.0,0.0,0.0,0.0,-8.0,-30.0,-93.0,-26.0,14,1
61613,3.1431,-0.9971,0.6949,0.2961,0.0,0.0,0.0,0.0,-9.0,-30.0,-95.0,-22.0,16,1
61625,3.1431,-0.9971,0.6949,0.2961,0.0,0.0,0.0,0.0,-9.0,-30.0,-97.0,-21.0,19,1
61638,3.1416,-0.9971,0.6949,0.2945,0.0,0.0,0.0,0.0,-9.0,-31.0,-95.0,-22.0,25,1
61650,3.1431,-0.9971,0.6949,0.2945,0.0,0.0,0.0,0.0,-11.0,-31.0,-96.0,-24.0,29,1
61663,3.1431,-0.9956,0.6949,0.2961,0.0,0.0,0.0,0.0,-10.0,-30.0,-95.0,-26.0,32,1
61675,3.1431,-0.9971,0.6949,0.2945,0.0,0.0,0.0,0.0,-11.0,-31.0,-97.0,-24.0,32,1
61687,3.1416,-0.9971,0.6949,0.2961,0.0,0.0,0.0,0.0,-10.0,-30.0,-96.0,-22.0,32,1
61699,3.1416,-0.9971,0.6949,0.2961,0.0,0.0,0.0,0.0,-11.0,-31.0,-94.0,-24.0,31,1
61711,3.1431,-0.9971,0.6949,0.2961,0.0,0.0,0.0,0.0,-11.0,-34.0,-94.0,-24.0,30,1
61724,3.1431,-0.9971,0.6949,0.2961,0.0,0.0,0.0,0.0,-10.0,-31.0,-92.0,-25.0,29,1
61736,3.1431,-0.9971,0.6949,0.2945,0.0,0.0,0.0,0.0,-9.0,-30.0,-93.0,-25.0,28,1
61748,3.1416,-0.9971,0.6949,0.2945,0.0,0.0,0.0,0.0,-10.0,-30.0,-95.0,-25.0,27,1
61761,3.1431,-0.9971,0.6949,0.2961,0.0,0.0,0.0,0.0,-10.0,-33.0,-95.0,-25.0,25,1
61773,3.1431,-0.9971,0.6949,0.2961,0.0,0.0,0.0,0.0,-11.0,-30.0,-95.0,-22.0,26,1
61785,3.1431,-0.9971,0.6949,0.2961,0.0,0.0,0.0,0.0,-13.0,-30.0,-93.0,-27.0,24,1
61797,3.1416,-0.9971,0.6949,0.2961,0.0,0.0,0.0,0.0,-12.0,-31.0,-93.0,-23.0,22,1
61810,3.1431,-0.9971,0.6949,0.2945,0.0,0.0,0.0,0.0,-10.0,-30.0,-92.0,-20.0,18,1
61822,3.1431,-0.9971,0.6949,0.2961,0.0,0.0,0.0,0.0,-11.0,-31.0,-93.0,-21.0,12,1
61834,3.1416,-0.9971,0.6934,0.2945,0.0,0.0,0.0,0.0,-4.0,-31.0,-95.0,-28.0,5,0
61847,3.1416,-0.9971,0.6949,0.2945,0.0,0.0,0.0,0.0,-8.0,-31.0,-90.0,-22.0,15,1
61859,3.1416,-0.9956,0.6949,0.2961,0.0,0.0,0.0,0.0,0.0,-35.0,-93.0,-25.0,12,1
61871,3.1416,-0.9971,0.6934,0.2961,0.0,0.0,0.0,0.0,0.0,-31.0,-94.0,-23.0,9,0
61884,3.1416,-0.9971,0.6934,0.2961,-0.024,0.0,0.0,0.0,0.0,-33.0,-91.0,-21.0,3,0
61896,3.1416,-0.9971,0.6934,0.2961,-0.024,0.0,0.0,0.0,-9.0,-30.0,-95.0,-28.0,0,0
61904,3.1416,-0.9971,0.6934,0.2961,-0.024,0.0,0.0,0.0,-7.0,-31.0,-93.0,-23.0,0,0
61916,3.1401,-0.9971,0.6949,0.2945,0.0,0.0,0.0,0.0,-4.0,-33.0,-95.0,-23.0,1,0
61929,3.1401,-0.9956,0.6934,0.2961,0.0,0.0,0.0,0.0,0.0,-31.0,-90.0,-24.0,2,0
61941,3.1385,-0.9971,0.6949,0.2961,0.0,0.0,0.0,0.0,0.0,-30.0,-92.0,-24.0,4,0
61953,3.1355,-0.9971,0.6934,0.2961,-0.024,0.0,0.0,0.0,12.0,-31.0,-89.0,-22.0,4,0
61961,3.1355,-0.9971,0.6934,0.2961,-0.024,0.0,0.0,0.0,12.0,-31.0,-89.0,-22.0,4,0
61974,3.1355,-0.9971,0.6934,0.2961,-0.0719,0.0,0.0,0.0,16.0,-30.0,-92.0,-20.0,4,0
61986,3.137,-0.9956,0.6949,0.2961,-0.0719,0.0,0.0,0.0,-1.0,-30.0,-90.0,-24.0,4,0
61998,3.1401,-0.9971,0.6949,0.2945,-0.0479,0.0,0.0,0.0,-3.0,-30.0,-92.0,-27.0,4,0
62010,3.1416,-0.9971,0.6949,0.2945,-0.024,0.0,0.0,0.0,-2.0,-31.0,-90.0,-24.0,4,0
62019,3.1416,-0.9971,0.6949,0.2961,0.0,0.0,0.0,0.0,-5.0,-32.0,-94.0,-26.0,4,0
62031,3.1431,-0.9956,0.6934,0.2961,0.0479,0.0,0.0,0.0,-4.0,-30.0,-90.0,-20.0,3,0
62043,3.1416,-0.9971,0.6949,0.2945,0.0959,0.0,0.0,0.0,0.0,-31.0,-93.0,-17.0,4,0
62056,3.1416,-0.9971,0.6949,0.2961,0.0719,0.0,0.0,0.0,5.0,-33.0,-92.0,-24.0,3,0
62068,3.1401,-0.9971,0.6934,0.2961,0.0479,0.0,0.0,0.0,2.0,-31.0,-91.0,-24.0,2,0
62076,3.1385,-0.9971,0.6934,0.2945,0.0,0.0,0.0,0.0,0.0,-30.0,-86.0,-22.0,2,0
62088,3.137,-0.9971,0.6934,0.2961,-0.024,0.0,0.0,0.0,12.0,-30.0,-91.0,-26.0,2,0
62101,3.1355,-0.9971,0.6934,0.2961,-0.0479,0.0,0.0,0.0,14.0,-30.0,-90.0,-27.0,2,0
62113,3.1385,-0.9971,0.6949,0.2945,-0.0719,0.0,0.0,0.0,-1.0,-30.0,-90.0,-19.0,2,0
62125,3.1401,-0.9971,0.6949,0.2945,-0.0479,0.0,0.0,0.0,-3.0,-30.0,-85.0,-25.0,2,0
62133,3.1416,-0.9971,0.6949,0.2961,-0.024,0.0,0.0,0.0,0.0,-30.0,-92.0,-28.0,2,0
62146,3.1416,-0.9971,0.6949,0.2945,0.0,0.0,0.0,0.0,-2.0,-33.0,-92.0,-19.0,2,0
62158,3.1416,-0.9971,0.6934,0.2945,0.024,0.0,0.0,0.0,-2.0,-31.0,-92.0,-28.0,2,0
62170,3.1416,-0.9971,0.6949,0.2961,0.0479,0.0,0.0,0.0,0.0,-31.0,-92.0,-21.0,2,0
62183,3.1416,-0.9971,0.6949,0.2961,0.0479,0.0,0.0,0.0,0.0,-32.0,-91.0,-20.0,2,0
62191,3.1416,-0.9971,0.6949,0.2961,0.0479,0.0,0.0,0.0,0.0,-32.0,-91.0,-20.0,2,0
62203,3.1416,-0.9971,0.6934,0.2961,0.024,0.0,0.0,0.0,0.0,-31.0,-90.0,-20.0,2,0
62215,3.1401,-0.9971,0.6934,0.2945,0.0,0.0,0.0,0.0,0.0,-31.0,-84.0,-26.0,1,0
62228,3.1401,-0.9971,0.6934,0.2945,0.0,0.0,0.0,0.0,0.0,-32.0,-90.0,-23.0,1,0
62240,3.1385,-0.9956,0.6949,0.2945,0.0,0.0,0.0,0.0,0.0,-31.0,-90.0,-27.0,0,0
62248,3.1385,-0.9956,0.6949,0.2961,-0.024,0.0,0.0,0.0,0.0,-31.0,-88.0,-23.0,0,0
62260,3.1385,-0.9971,0.6949,0.2945,-0.024,0.0,0.0,0.0,0.0,-30.0,-91.0,-21.0,0,0
62273,3.1385,-0.9971,0.6949,0.2961,-0.024,0.0,0.0,0.0,0.0,-30.0,-90.0,-24.0,1,0
62285,3.1385,-0.9971,0.6949,0.2961,-0.024,0.0,0.0,0.0,0.0,-30.0,-87.0,-26.0,1,0
62297,3.1385,-0.9971,0.6934,0.2961,-0.024,0.0,0.0,0.0,0.0,-30.0,-89.0,-18.0,2,0
62305,3.1385,-0.9971,0.6949,0.2945,0.0,0.0,0.0,0.0,0.0,-31.0,-91.0,-20.0,2,0
62318,3.1385,-0.9971,0.6949,0.2945,0.0,0.0,0.0,0.0,0.0,-30.0,-90.0,-21.0,2,0
62330,3.1385,-0.9971,0.6934,0.2961,0.0,0.0,0.0,0.0,0.0,-31.0,-89.0,-25.0,2,0
62343,3.1385,-0.9971,0.6934,0.2961,0.0,0.0,0.0,0.0,0.0,-31.0,-85.0,-23.0,2,0
62350,3.1385,-0.9971,0.6934,0.2961,0.0,0.0,0.0,0.0,0.0,-31.0,-85.0,-23.0,2,0
62363,3.1385,-0.9971,0.6949,0.2945,0.0,0.0,0.0,0.0,0.0,-30.0,-89.0,-25.0,2,0
62375,3.1385,-0.9971,0.6949,0.2945,0.0,0.0,0.0,0.0,0.0,-30.0,-90.0,-28.0,2,0
62387,3.1385,-0.9971,0.6949,0.2945,0.0,0.0,0.0,0.0,0.0,-31.0,-86.0,-28.0,2,0
62400,3.1385,-0.9971,0.6934,0.2961,0.0,0.0,0.0,0.0,0.0,-31.0,-83.0,-26.0,1,0
62408,3.1385,-0.9971,0.6934,0.2961,0.0,0.0,0.0,0.0,0.0,-30.0,-88.0,-27.0,1,0
62420,3.1385,-0.9971,0.6949,0.2961,0.0,0.0,0.0,0.0,0.0,-30.0,-86.0,-25.0,0,0
62433,3.1385,-0.9971,0.6949,0.2961,0.0,0.0,0.0,0.0,0.0,-28.0,-87.0,-23.0,0,0
62445,3.1385,-0.9971,0.6949,0.2961,0.0,0.0,0.0,0.0,0.0,-25.0,-89.0,-25.0,1,0
62457,3.1385,-0.9971,0.6934,0.2961,0.0,0.0,0.0,0.0,0.0,-25.0,-87.0,-25.0,1,0
62466,3.1385,-0.9971,0.6949,0.2945,0.0,0.0,0.0,0.0,0.0,-25.0,-88.0,-26.0,1,0
62477,3.1385,-0.9971,0.6949,0.2945,0.0,0.0,0.0,0.0,0.0,-25.0,-88.0,-26.0,1,0
62490,3.1385,-0.9971,0.6934,0.2945,0.0,0.0,0.0,0.0,0.0,-24.0,-85.0,-25.0,1,0
62502,3.1385,-0.9956,0.6949,0.2945,0.0,0.0,0.0,0.0,0.0,-30.0,-88.0,-25.0,2,0
62514,3.1385,-0.9971,0.6949,0.2961,0.0,0.0,0.0,0.0,0.0,-31.0,-89.0,-22.0,2,0
62523,3.1385,-0.9971,0.6949,0.2945,0.0,0.0,0.0,0.0,0.0,-31.0,-86.0,-21.0,2,0
62535,3.1385,-0.9971,0.6949,0.2961,0.0,0.0,0.0,0.0,0.0,-31.0,-87.0,-24.0,2,0
62547,3.1385,-0.9971,0.6949,0.2961,0.0,0.0,0.0,0.0,0.0,-27.0,-85.0,-24.0,1,0
62559,3.1385,-0.9971,0.6934,0.2961,0.0,0.0,0.0,0.0,0.0,-24.0,-85.0,-26.0,2,0
62572,3.1385,-0.9956,0.6949,0.2961,0.0,0.0,0.0,0.0,0.0,-31.0,-89.0,-23.0,1,0
62580,3.1385,-0.9971,0.6934,0.2945,0.0,0.0,0.0,0.0,0.0,-31.0,-88.0,-23.0,2,0
62593,3.1385,-0.9971,0.6949,0.2945,0.0,0.0,0.0,0.0,0.0,-31.0,-87.0,-25.0,1,0
62604,3.1385,-0.9971,0.6934,0.2945,0.0,0.0,0.0,0.0,0.0,-31.0,-86.0,-26.0,1,0
62617,3.1385,-0.9971,0.6949,0.2961,0.0,0.0,0.0,0.0,0.0,-31.0,-83.0,-24.0,1,0
62629,3.1385,-0.9971,0.6934,0.2945,0.0,0.0,0.0,0.0,0.0,-31.0,-85.0,-24.0,1,0
62637,3.1385,-0.9971,0.6934,0.2961,0.0,0.0,0.0,0.0,0.0,-29.0,-86.0,-28.0,2,0
62649,3.1385,-0.9971,0.6934,0.2961,0.0,0.0,0.0,0.0,0.0,-31.0,-87.0,-23.0,1,0
62662,3.1385,-0.9971,0.6934,0.2961,0.0,0.0,0.0,0.0,0.0,-29.0,-84.0,-25.0,1,0
62674,3.137,-0.9971,0.6949,0.2961,0.0,0.0,0.0,0.0,0.0,-30.0,-86.0,-22.0,1,0
62686,3.137,-0.9971,0.6934,0.2945,0.0,0.0,0.0,0.0,9.0,-29.0,-85.0,-27.0,1,0
62694,3.137,-0.9971,0.6949,0.2945,0.0,0.0,0.0,0.0,8.0,-28.0,-80.0,-24.0,0,0
62707,3.137,-0.9971,0.6934,0.2961,0.0,0.0,0.0,0.0,15.0,-28.0,-84.0,-25.0,0,0
62719,3.137,-0.9971,0.6949,0.2945,0.0,0.0,0.0,0.0,17.0,-29.0,-84.0,-24.0,0,0
62731,3.1385,-0.9971,0.6949,0.2961,0.0,0.0,0.0,0.0,14.0,-29.0,-87.0,-24.0,1,0
62744,3.137,-0.9971,0.6934,0.2961,0.0,0.0,0.0,0.0,18.0,-29.0,-82.0,-20.0,1,0
62752,3.137,-0.9971,0.6934,0.2961,0.0,0.0,0.0,0.0,18.0,-29.0,-82.0,-20.0,1,0
62764,3.137,-0.9956,0.6949,0.2945,0.0,0.0,0.0,0.0,20.0,-29.0,-84.0,-21.0,2,0
62776,3.1355,-0.9971,0.6949,0.2945,0.0,0.0,0.0,0.0,27.0,-31.0,-82.0,-23.0,2,0
62789,3.137,-0.9971,0.6934,0.2961,0.0,0.0,0.0,0.0,31.0,-30.0,-84.0,-26.0,5,0
62797,3.137,-0.9971,0.6934,0.2961,0.0,0.0,0.0,0.0,24.0,-31.0,-87.0,-21.0,5,0
62809,3.1355,-0.9971,0.6949,0.2961,0.0,0.0,0.0,0.0,33.0,-30.0,-83.0,-23.0,6,0
62821,3.1355,-0.9956,0.6949,0.2961,0.0,0.0,0.0,0.0,34.0,-29.0,-87.0,-25.0,6,0
62834,3.1355,-0.9971,0.6934,0.2945,0.0,0.0,0.0,0.0,34.0,-29.0,-84.0,-24.0,10,0
62846,3.1355,-0.9956,0.6934,0.2961,0.0,0.0,0.0,0.0,36.0,-30.0,-86.0,-26.0,13,1
62858,3.1339,-0.9971,0.6934,0.2961,0.0,0.0,0.0,0.0,40.0,-30.0,-84.0,-22.0,15,1
62871,3.1339,-0.9956,0.6949,0.2961,0.0,0.0,0.0,0.0,49.0,-31.0,-87.0,-24.0,27,1
62883,3.1324,-0.9971,0.6949,0.2961,-0.024,0.0,0.0,0.0,60.0,-30.0,-85.0,-24.0,36,1
62895,3.1324,-0.9971,0.6949,0.2961,-0.024,0.0,0.0,0.0,58.0,-29.0,-81.0,-24.0,45,1
62907,3.1309,-0.9971,0.6949,0.2945,-0.0479,0.0,0.0,0.0,65.0,-31.0,-79.0,-23.0,50,1
62920,3.1293,-0.9956,0.6949,0.2961,-0.0479,0.0,0.0,0.0,71.0,-30.0,-84.0,-22.0,55,1
62936,3.1293,-0.9956,0.6949,0.2961,-0.0479,0.0,0.0,0.0,74.0,-30.0,-79.0,-24.0,64,1
62948,3.1278,-0.9956,0.6934,0.2961,-0.0719,0.0,0.0,0.0,82.0,-29.0,-82.0,-21.0,69,1
62961,3.1278,-0.9971,0.6949,0.2945,-0.0719,0.0,0.0,0.0,86.0,-29.0,-86.0,-23.0,75,1
62973,3.1263,-0.9956,0.6949,0.2961,-0.0719,0.0,0.0,0.0,91.0,-29.0,-84.0,-25.0,83,1
62985,3.1247,-0.9956,0.6949,0.2945,-0.0719,0.0,0.0,0.0,93.0,-30.0,-84.0,-26.0,89,1
62998,3.1232,-0.9956,0.6949,0.2945,-0.0719,0.0,0.0,0.0,107.0,-32.0,-87.0,-19.0,94,1
63010,3.1217,-0.9956,0.6949,0.2945,-0.0719,0.0,0.0,0.0,110.0,-34.0,-84.0,-21.0,99,1
63023,3.1217,-0.9956,0.6934,0.2961,-0.0719,0.0,0.0,0.0,98.0,-42.0,-82.0,-26.0,102,1
63034,3.1217,-0.9956,0.6934,0.2945,-0.0719,0.0,0.0,0.0,97.0,-39.0,-82.0,-24.0,104,1
63051,3.1217,-0.9956,0.6949,0.2945,-0.0479,0.0,0.0,0.0,97.0,-39.0,-82.0,-25.0,108,1
63063,3.1217,-0.9956,0.6934,0.2945,-0.024,0.0,0.0,0.0,98.0,-38.0,-82.0,-23.0,111,1
63075,3.1217,-0.9956,0.6949,0.2961,-0.024,0.0,0.0,0.0,98.0,-39.0,-84.0,-26.0,112,1
63092,3.1232,-0.9956,0.6949,0.2961,0.0,0.0,0.0,0.0,97.0,-39.0,-85.0,-19.0,113,1
63104,3.1232,-0.9956,0.6949,0.2961,0.0,0.0,0.0,0.0,92.0,-39.0,-84.0,-22.0,112,1
63116,3.1232,-0.9956,0.6949,0.2945,0.0,0.0,0.0,0.0,91.0,-39.0,-80.0,-23.0,110,1
63133,3.1247,-0.9956,0.6934,0.2961,0.024,0.0,0.0,0.0,66.0,-39.0,-82.0,-22.0,107,1
63145,3.1278,-0.9956,0.6949,0.2945,0.0479,0.0,0.0,0.0,44.0,-39.0,-80.0,-25.0,103,1
63157,3.1293,-0.9956,0.6949,0.2961,0.0479,0.0,0.0,0.0,31.0,-38.0,-85.0,-22.0,95,1
63170,3.1309,-0.9956,0.6949,0.2945,0.0719,0.0,0.0,0.0,18.0,-38.0,-77.0,-27.0,79,1
63182,3.1355,-0.9956,0.6934,0.2961,0.1198,0.0,0.0,0.0,1.0,-39.0,-80.0,-21.0,55,1
63194,3.1401,-0.9956,0.6949,0.2945,0.1678,0.0,0.0,0.0,0.0,-38.0,-81.0,-24.0,26,1
63206,3.1401,-0.9956,0.6949,0.2961,0.1918,0.0,0.0,0.0,0.0,-39.0,-81.0,-21.0,13,1
63219,3.1416,-0.9956,0.6949,0.2961,0.1918,0.0,0.0,0.0,2.0,-38.0,-84.0,-24.0,8,0
63231,3.1431,-0.9956,0.6934,0.2961,0.1918,0.0,0.0,0.0,0.0,-39.0,-84.0,-25.0,8,0
63239,3.1431,-0.9956,0.6949,0.2945,0.1678,0.0,0.0,0.0,0.0,-38.0,-82.0,-24.0,7,0
63252,3.1431,-0.9956,0.6949,0.2945,0.1438,0.0,0.0,0.0,0.0,-39.0,-79.0,-26.0,6,0
63264,3.1431,-0.9956,0.6949,0.2945,0.0719,0.0,0.0,0.0,0.0,-39.0,-83.0,-25.0,5,0
63276,3.1431,-0.9971,0.6949,0.2945,0.0479,0.0,0.0,0.0,0.0,-39.0,-82.0,-23.0,5,0
63288,3.1416,-0.9956,0.6934,0.2945,0.024,0.0,0.0,0.0,0.0,-38.0,-80.0,-25.0,5,0
63297,3.1416,-0.9956,0.6934,0.2961,0.0,0.0,0.0,0.0,0.0,-38.0,-83.0,-24.0,5,0
63309,3.1416,-0.9956,0.6949,0.2961,0.0,0.0,0.0,0.0,0.0,-39.0,-78.0,-25.0,5,0
63321,3.1416,-0.9956,0.6949,0.2961,0.0,0.0,0.0,0.0,4.0,-39.0,-82.0,-19.0,5,0
63333,3.1416,-0.9956,0.6949,0.2961,0.0,0.0,0.0,0.0,0.0,-39.0,-84.0,-23.0,4,0
63346,3.1416,-0.9956,0.6949,0.2961,0.0,0.0,0.0,0.0,0.0,-39.0,-80.0,-23.0,4,0
63354,3.1416,-0.9956,0.6949,0.2945,0.0,0.0,0.0,0.0,0.0,-39.0,-78.0,-25.0,3,0
63366,3.1416,-0.9956,0.6949,0.2961,0.0,0.0,0.0,0.0,0.0,-39.0,-84.0,-24.0,3,0
63378,3.1416,-0.9956,0.6934,0.2945,0.0,0.0,0.0,0.0,3.0,-38.0,-85.0,-21.0,2,0
63391,3.1416,-0.9956,0.6949,0.2961,0.0,0.0,0.0,0.0,0.0,-39.0,-84.0,-19.0,2,0
63403,3.1416,-0.9956,0.6949,0.2961,0.0,0.0,0.0,0.0,0.0,-39.0,-78.0,-26.0,2,0
63411,3.1416,-0.9956,0.6949,0.2961,0.0,0.0,0.0,0.0,0.0,-39.0,-78.0,-26.0,3,0
63424,3.1401,-0.9956,0.6934,0.2961,0.0,0.0,0.0,0.0,0.0,-38.0,-80.0,-22.0,3,0
63436,3.1416,-0.9956,0.6949,0.2961,0.0,0.0,0.0,0.0,0.0,-38.0,-82.0,-21.0,3,0
63448,3.1416,-0.9956,0.6949,0.2961,0.0,0.0,0.0,0.0,0.0,-39.0,-78.0,-21.0,3,0
63460,3.1416,-0.9956,0.6949,0.2945,0.0,0.0,0.0,0.0,0.0,-39.0,-79.0,-25.0,3,0
63469,3.1416,-0.9971,0.6934,0.2945,0.0,0.0,0.0,0.0,0.0,-39.0,-79.0,-20.0,2,0
63481,3.1416,-0.9956,0.6949,0.2961,0.0,0.0,0.0,0.0,0.0,-39.0,-78.0,-26.0,2,0
63493,3.1416,-0.9956,0.6949,0.2961,0.0,0.0,0.0,0.0,0.0,-40.0,-77.0,-23.0,3,0
63505,3.1416,-0.9956,0.6934,0.2961,0.0,0.0,0.0,0.0,0.0,-38.0,-81.0,-25.0,3,0
63518,3.1416,-0.9956,0.6934,0.2961,0.0,0.0,0.0,0.0,0.0,-39.0,-81.0,-23.0,3,0
63526,3.1416,-0.9956,0.6949,0.2961,0.0,0.0,0.0,0.0,0.0,-38.0,-82.0,-22.0,2,0
63538,3.1416,-0.9956,0.6934,0.2961,0.0,0.0,0.0,0.0,0.0,-39.0,-79.0,-21.0,2,0
63551,3.1416,-0.9956,0.6949,0.2961,0.0,0.0,0.0,0.0,0.0,-39.0,-80.0,-19.0,1,0
63563,3.1416,-0.9956,0.6949,0.2945,0.0,0.0,0.0,0.0,0.0,-39.0,-81.0,-25.0,1,0
63575,3.1416,-0.9956,0.6934,0.2945,0.0,0.0,0.0,0.0,1.0,-39.0,-80.0,-25.0,1,0
63583,3.1416,-0.9956,0.6949,0.2961,0.0,0.0,0.0,0.0,0.0,-40.0,-77.0,-27.0,1,0
63596,3.1416,-0.9956,0.6949,0.2945,0.0,0.0,0.0,0.0,0.0,-38.0,-78.0,-25.0,1,0
63608,3.1416,-0.9956,0.6934,0.2961,0.0,0.0,0.0,0.0,0.0,-39.0,-78.0,-22.0,1,0
63620,3.1416,-0.9956,0.6934,0.2961,0.0,0.0,0.0,0.0,0.0,-38.0,-79.0,-25.0,0,0
63628,3.1416,-0.9956,0.6949,0.2945,0.0,0.0,0.0,0.0,0.0,-39.0,-79.0,-23.0,1,0
63641,3.1416,-0.9956,0.6949,0.2961,0.0,0.0,0.0,0.0,0.0,-39.0,-78.0,-23.0,0,0
63653,3.1416,-0.9956,0.6949,0.2945,0.0,0.0,0.0,0.0,0.0,-39.0,-77.0,-27.0,0,0
63665,3.1416,-0.9956,0.6949,0.2961,0.0,0.0,0.0,0.0,0.0,-39.0,-82.0,-31.0,0,0
63678,3.1416,-0.9956,0.6949,0.2961,0.0,0.0,0.0,0.0,0.0,-39.0,-79.0,-21.0,0,0
63686,3.1416,-0.9956,0.6949,0.2945,0.0,0.0,0.0,0.0,3.0,-38.0,-80.0,-29.0,0,0
63698,3.1416,-0.9956,0.6949,0.2961,0.0,0.0,0.0,0.0,0.0,-39.0,-77.0,-31.0,0,0
63711,3.1416,-0.9956,0.6949,0.2961,0.0,0.0,0.0,0.0,0.0,-39.0,-78.0,-31.0,0,0
63723,3.1416,-0.9956,0.6949,0.2945,0.0,0.0,0.0,0.0,0.0,-38.0,-79.0,-33.0,0,0
63735,3.1416,-0.9956,0.6949,0.2961,0.0,0.0,0.0,0.0,0.0,-39.0,-79.0,-25.0,0,0
63743,3.1416,-0.9956,0.6949,0.2961,0.0,0.0,0.0,0.0,0.0,-38.0,-81.0,-30.0,0,0
63756,3.1416,-0.9956,0.6949,0.2945,0.0,0.0,0.0,0.0,0.0,-38.0,-83.0,-31.0,0,0
63768,3.1416,-0.9956,0.6949,0.2961,0.0,0.0,0.0,0.0,1.0,-38.0,-78.0,-30.0,0,0
63780,3.1416,-0.9956,0.6934,0.2961,0.0,0.0,0.0,0.0,0.0,-39.0,-79.0,-27.0,0,0
63793,3.1416,-0.9956,0.6934,0.2961,0.0,0.0,0.0,0.0,0.0,-38.0,-78.0,-24.0,0,0
63800,3.1416,-0.9956,0.6934,0.2961,0.0,0.0,0.0,0.0,0.0,-38.0,-78.0,-24.0,0,0
63813,3.1416,-0.9956,0.6934,0.2961,0.0,0.0,0.0,0.0,5.0,-38.0,-80.0,-23.0,0,0
63825,3.1416,-0.9956,0.6949,0.2961,0.0,0.0,0.0,0.0,1.0,-30.0,-76.0,-30.0,0,0
63837,3.1416,-0.9971,0.6934,0.2945,0.0,0.0,0.0,0.0,0.0,-30.0,-76.0,-19.0,1,0
63850,3.1416,-0.9956,0.6934,0.2945,0.0,0.0,0.0,0.0,0.0,-30.0,-76.0,-35.0,1,0
63858,3.1416,-0.9956,0.6934,0.2961,0.0,0.0,0.0,0.0,0.0,-30.0,-76.0,-30.0,1,0
63870,3.1416,-0.9956,0.6949,0.2945,0.0,0.0,0.0,0.0,3.0,-30.0,-77.0,-27.0,1,0
63883,3.1416,-0.9956,0.6934,0.2945,0.0,0.0,0.0,0.0,0.0,-30.0,-76.0,-26.0,1,0
63895,3.1416,-0.9971,0.6949,0.2961,0.0,0.0,0.0,0.0,0.0,-31.0,-76.0,-29.0,2,0
63907,3.1416,-0.9971,0.6934,0.2961,0.0,0.0,0.0,0.0,0.0,-31.0,-79.0,-35.0,2,0
63915,3.1416,-0.9971,0.6934,0.2961,0.0,0.0,0.0,0.0,0.0,-29.0,-78.0,-27.0,2,0
63927,3.1416,-0.9971,0.6949,0.2961,0.0,0.0,0.0,0.0,0.0,-29.0,-75.0,-21.0,2,0
63940,3.1416,-0.9956,0.6949,0.2945,0.0,0.0,0.0,0.0,0.0,-30.0,-76.0,-33.0,3,0
63952,3.1416,-0.9956,0.6949,0.2961,0.0,0.0,0.0,0.0,0.0,-29.0,-81.0,-25.0,3,0
63964,3.1416,-0.9971,0.6949,0.2961,0.0,0.0,0.0,0.0,0.0,-29.0,-80.0,-22.0,3,0
63973,3.1416,-0.9956,0.6934,0.2961,0.0,0.0,0.0,0.0,0.0,-30.0,-78.0,-27.0,3,0
63985,3.1416,-0.9956,0.6949,0.2945,0.0,0.0,0.0,0.0,0.0,-29.0,-80.0,-22.0,3,0
63997,3.1416,-0.9956,0.6949,0.2945,0.0,0.0,0.0,0.0,0.0,-30.0,-77.0,-30.0,3,0
64009,3.1416,-0.9956,0.6949,0.2945,0.0,0.0,0.0,0.0,0.0,-30.0,-76.0,-22.0,3,0
64022,3.1416,-0.9956,0.6949,0.2961,0.0,0.0,0.0,0.0,0.0,-29.0,-75.0,-30.0,3,0
64030,3.1416,-0.9956,0.6949,0.2961,0.0,0.0,0.0,0.0,0.0,-29.0,-78.0,-25.0,3,0
64042,3.1416,-0.9956,0.6949,0.2961,0.0,0.0,0.0,0.0,0.0,-30.0,-73.0,-26.0,3,0
64054,3.1416,-0.9956,0.6949,0.2961,0.0,0.0,0.0,0.0,0.0,-30.0,-75.0,-27.0,3,0
64067,3.1416,-0.9956,0.6949,0.2961,0.0,0.0,0.0,0.0,0.0,-30.0,-72.0,-30.0,3,0
64075,3.1416,-0.9956,0.6934,0.2945,0.0,0.0,0.0,0.0,0.0,-29.0,-73.0,-27.0,3,0
64087,3.1416,-0.9956,0.6934,0.2961,0.0,0.0,0.0,0.0,0.0,-29.0,-76.0,-28.0,3,0
64099,3.1431,-0.9956,0.6949,0.2961,0.0,0.0,0.0,0.0,-1.0,-29.0,-75.0,-28.0,3,0
64112,3.1431,-0.9956,0.6949,0.2961,0.0,0.0,0.0,0.0,0.0,-30.0,-79.0,-24.0,4,0
64124,3.1447,-0.9956,0.6949,0.2961,0.024,0.0,0.0,0.0,1.0,-28.0,-79.0,-26.0,4,0
64133,3.1431,-0.9971,0.6949,0.2961,0.024,0.0,0.0,0.0,2.0,-29.0,-80.0,-28.0,4,0
64144,3.1416,-0.9956,0.6949,0.2961,0.0,0.0,0.0,0.0,0.0,-30.0,-79.0,-22.0,7,0
64157,3.1401,-0.9956,0.6949,0.2961,0.0,0.0,0.0,0.0,3.0,-30.0,-77.0,-29.0,19,1
64169,3.1401,-0.9971,0.6949,0.2961,0.0,0.0,0.0,0.0,9.0,-30.0,-77.0,-26.0,27,1
64181,3.1401,-0.9956,0.6949,0.2945,-0.024,0.0,0.0,0.0,7.0,-30.0,-77.0,-23.0,28,1
64194,3.1401,-0.9956,0.6949,0.2961,-0.0479,0.0,0.0,0.0,8.0,-29.0,-78.0,-24.0,36,1
64210,3.1401,-0.9956,0.6949,0.2945,-0.0479,0.0,0.0,0.0,8.0,-29.0,-77.0,-32.0,37,1
64222,3.1401,-0.9956,0.6964,0.2945,0.0,0.0,0.0,0.0,16.0,-35.0,-86.0,-30.0,41,1
64235,3.1401,-0.9956,0.6964,0.2945,0.0,0.0,0.0,0.0,12.0,-33.0,-90.0,-25.0,46,1
64247,3.1401,-0.9956,0.6964,0.2961,0.0,0.0,0.0,0.0,14.0,-41.0,-97.0,-25.0,50,1
64259,3.1401,-0.9971,0.698,0.2945,0.0,0.0,0.024,0.0,13.0,-43.0,-109.0,-26.0,53,1
64271,3.1401,-0.9956,0.6995,0.2961,0.0,0.0,0.024,0.0,13.0,-43.0,-108.0,-25.0,58,1
64284,3.1401,-0.9956,0.6995,0.2961,0.0,0.0,0.0479,0.0,8.0,-32.0,-105.0,-23.0,62,1
64296,3.1416,-0.9971,0.6995,0.2945,0.0,0.0,0.0479,0.0,9.0,-33.0,-103.0,-32.0,65,1
64308,3.1401,-0.9956,0.701,0.2945,0.0,0.0,0.0479,0.0,13.0,-34.0,-104.0,-18.0,72,1
64321,3.1401,-0.9956,0.701,0.2961,0.0,0.0,0.0479,0.0,13.0,-33.0,-120.0,-24.0,76,1
64333,3.1416,-0.9956,0.7026,0.2945,0.0,0.0,0.0479,0.0,14.0,-33.0,-110.0,-24.0,78,1
64345,3.1401,-0.9956,0.7026,0.2961,0.0,0.0,0.0479,0.0,14.0,-33.0,-105.0,-29.0,81,1
64357,3.1401,-0.9956,0.7026,0.2961,0.0,0.0,0.024,0.0,15.0,-33.0,-108.0,-21.0,83,1
64370,3.1401,-0.9971,0.7026,0.2945,0.0,0.0,0.024,0.0,16.0,-33.0,-110.0,-28.0,89,1
64382,3.1401,-0.9956,0.7026,0.2961,0.0,0.0,0.024,0.0,13.0,-34.0,-107.0,-21.0,94,1
64394,3.1401,-0.9956,0.701,0.2961,0.0,0.0,0.0,0.0,15.0,-30.0,-107.0,-26.0,97,1
64407,3.1401,-0.9956,0.7026,0.2961,0.0,0.0,0.0,0.0,14.0,-44.0,-104.0,-22.0,99,1
64423,3.1401,-0.9956,0.701,0.2961,0.0,0.0,0.0,0.0,14.0,-43.0,-103.0,-21.0,100,1
64435,3.1401,-0.9956,0.701,0.2945,0.0,0.0,0.0,0.0,14.0,-42.0,-103.0,-16.0,100,1
64448,3.1416,-0.9956,0.701,0.2961,0.0,0.0,0.0,0.0,1.0,-42.0,-103.0,-14.0,99,1
64460,3.1416,-0.9956,0.701,0.2961,0.0,0.0,0.0,0.0,0.0,-43.0,-99.0,-24.0,96,1
64472,3.1447,-0.9971,0.701,0.2945,0.024,0.0,0.0,0.0,-4.0,-33.0,-97.0,-20.0,92,1
64484,3.1447,-0.9956,0.6995,0.2945,0.0479,0.0,0.0,0.0,-2.0,-30.0,-97.0,-25.0,87,1
64497,3.1462,-0.9971,0.6995,0.2945,0.0479,0.0,0.0,0.0,-1.0,-26.0,-97.0,-25.0,76,1
64509,3.1462,-0.9971,0.6995,0.2945,0.0479,0.0,0.0,0.0,-14.0,-29.0,-97.0,-18.0,61,1
64521,3.1477,-0.9971,0.6995,0.2961,0.0479,0.0,0.0,0.0,-21.0,-33.0,-96.0,-17.0,36,1
64534,3.1447,-0.9971,0.6995,0.2961,0.0479,0.0,0.0,0.0,1.0,-34.0,-99.0,-25.0,18,1
64546,3.1416,-0.9971,0.6995,0.2961,0.0,0.0,0.0,0.0,3.0,-35.0,-100.0,-29.0,8,0
64558,3.1401,-0.9956,0.6995,0.2945,0.0,0.0,0.0,0.0,1.0,-34.0,-99.0,-21.0,4,0
64570,3.1385,-0.9956,0.6995,0.2961,-0.0479,0.0,0.0,0.0,15.0,-33.0,-99.0,-25.0,3,0
64579,3.137,-0.9971,0.6995,0.2945,-0.0719,0.0,0.0,0.0,25.0,-34.0,-100.0,-17.0,3,0
64591,3.1385,-0.9971,0.6995,0.2961,-0.0959,0.0,0.0,0.0,11.0,-34.0,-97.0,-20.0,2,0
64603,3.1431,-0.9956,0.6995,0.2945,-0.0719,0.0,0.0,0.0,-1.0,-34.0,-97.0,-22.0,2,0
64615,3.1431,-0.9971,0.6995,0.2945,-0.024,0.0,0.0,0.0,-3.0,-32.0,-98.0,-24.0,2,0
64628,3.1447,-0.9971,0.6995,0.2945,0.0,0.0,0.0,0.0,-5.0,-33.0,-99.0,-27.0,2,0
64636,3.1447,-0.9971,0.6995,0.2961,0.0479,0.0,0.0,0.0,-2.0,-34.0,-98.0,-20.0,2,0
64648,3.1447,-0.9971,0.6995,0.2945,0.0719,0.0,0.0,0.0,-1.0,-35.0,-97.0,-24.0,2,0
64661,3.1447,-0.9971,0.6995,0.2945,0.0719,0.0,0.0,0.0,3.0,-23.0,-96.0,-23.0,1,0
64673,3.1416,-0.9971,0.6995,0.2945,0.024,0.0,0.0,0.0,0.0,-22.0,-98.0,-20.0,0,0
64685,3.1401,-0.9971,0.6995,0.2961,0.0,0.0,0.0,0.0,0.0,-22.0,-97.0,-22.0,0,0
64693,3.1401,-0.9971,0.6995,0.2945,-0.024,0.0,0.0,0.0,9.0,-22.0,-97.0,-24.0,0,0
64706,3.1385,-0.9971,0.6995,0.2961,-0.0479,0.0,0.0,0.0,14.0,-21.0,-96.0,-19.0,0,0
64718,3.1385,-0.9971,0.6995,0.2961,-0.0719,0.0,0.0,0.0,6.0,-21.0,-97.0,-26.0,0,0
64731,3.1401,-0.9971,0.6995,0.2961,-0.0479,0.0,0.0,0.0,-2.0,-23.0,-96.0,-25.0,0,0
64743,3.1431,-0.9971,0.6995,0.2961,-0.024,0.0,0.0,0.0,0.0,-23.0,-101.0,-20.0,0,0
64751,3.1431,-0.9971,0.6995,0.2961,-0.024,0.0,0.0,0.0,0.0,-23.0,-101.0,-20.0,0,0
64763,3.1431,-0.9971,0.6995,0.2945,0.024,0.0,0.0,0.0,-1.0,-22.0,-99.0,-21.0,0,0
64775,3.1431,-0.9971,0.6995,0.2961,0.0479,0.0,0.0,0.0,0.0,-21.0,-101.0,-23.0,0,0
64787,3.1431,-0.9971,0.6995,0.2961,0.0479,0.0,0.0,0.0,0.0,-22.0,-97.0,-21.0,0,0
64800,3.1431,-0.9971,0.6995,0.2961,0.0479,0.0,0.0,0.0,0.0,-26.0,-97.0,-23.0,0,0
64808,3.1431,-0.9971,0.6995,0.2961,0.024,0.0,0.0,0.0,0.0,-27.0,-96.0,-28.0,0,0
64820,3.1431,-0.9971,0.6995,0.2961,0.0,0.0,0.0,0.0,0.0,-27.0,-102.0,-25.0,0,0
64833,3.1416,-0.9971,0.6995,0.2945,0.0,0.0,0.0,0.0,0.0,-27.0,-99.0,-29.0,0,0
64845,3.1416,-0.9971,0.6995,0.2961,0.0,0.0,0.0,0.0,0.0,-26.0,-97.0,-24.0,0,0
64857,3.1416,-0.9971,0.6995,0.2961,0.0,0.0,0.0,0.0,0.0,-27.0,-97.0,-22.0,0,0
64865,3.1416,-0.9971,0.701,0.2961,0.0,0.0,0.0,0.0,0.0,-27.0,-99.0,-22.0,0,0
64878,3.1416,-0.9971,0.6995,0.2945,0.0,0.0,0.0,0.0,-1.0,-27.0,-100.0,-25.0,0,0
64890,3.1431,-0.9971,0.6995,0.2961,0.0,0.0,0.0,0.0,0.0,-26.0,-102.0,-27.0,0,0
64902,3.1416,-0.9971,0.6995,0.2961,0.0,0.0,0.0,0.0,0.0,-27.0,-100.0,-27.0,0,0
64914,3.1416,-0.9971,0.6995,0.2961,0.0,0.0,0.0,0.0,0.0,-23.0,-100.0,-28.0,0,0
64923,3.1416,-0.9971,0.6995,0.2961,0.0,0.0,0.0,0.0,0.0,-27.0,-98.0,-25.0,0,0
64935,3.1416,-0.9971,0.6995,0.2945,0.0,0.0,0.0,0.0,0.0,-27.0,-101.0,-19.0,0,0
64947,3.1416,-0.9971,0.6995,0.2961,0.0,0.0,0.0,0.0,0.0,-27.0,-99.0,-24.0,0,0
64960,3.1416,-0.9971,0.6995,0.2961,0.0,0.0,0.0,0.0,0.0,-27.0,-100.0,-26.0,0,0
64968,3.1416,-0.9971,0.6995,0.2961,0.0,0.0,0.0,0.0,0.0,-27.0,-99.0,-20.0,0,0
64980,3.1416,-0.9971,0.6995,0.2961,0.0,0.0,0.0,0.0,0.0,-27.0,-101.0,-29.0,0,0
64992,3.1416,-0.9971,0.6995,0.2961,0.0,0.0,0.0,0.0,0.0,-27.0,-100.0,-26.0,0,0
65005,3.1416,-0.9971,0.6995,0.2945,0.0,0.0,0.0,0.0,0.0,-27.0,-101.0,-23.0,0,0
65017,3.1416,-0.9971,0.6995,0.2961,0.0,0.0,0.0,0.0,0.0,-27.0,-102.0,-25.0,0,0
65025,3.1416,-0.9971,0.6995,0.2945,0.0,0.0,0.0,0.0,0.0,-27.0,-100.0,-21.0,0,0
65037,3.1416,-0.9971,0.6995,0.2945,0.0,0.0,0.0,0.0,0.0,-27.0,-101.0,-26.0,0,0
65050,3.1416,-0.9971,0.6995,0.2961,0.0,0.0,0.0,0.0,0.0,-27.0,-100.0,-29.0,0,0
65062,3.1416,-0.9971,0.6995,0.2961,0.0,0.0,0.0,0.0,0.0,-27.0,-102.0,-25.0,0,0
65074,3.1416,-0.9971,0.6995,0.2945,0.0,0.0,0.0,0.0,0.0,-27.0,-100.0,-20.0,0,0
65082,3.1416,-0.9971,0.6995,0.2961,0.0,0.0,0.0,0.0,0.0,-27.0,-99.0,-24.0,0,0
65095,3.1416,-0.9971,0.6995,0.2961,0.0,0.0,0.0,0.0,0.0,-27.0,-98.0,-21.0,0,0
65107,3.1416,-0.9971,0.6995,0.2961,0.0,0.0,0.0,0.0,0.0,-27.0,-99.0,-27.0,0,0
65119,3.1416,-0.9971,0.6995,0.2961,0.0,0.0,0.0,0.0,0.0,-27.0,-99.0,-26.0,0,0
65132,3.1416,-0.9971,0.6995,0.2945,0.0,0.0,0.0,0.0,0.0,-24.0,-99.0,-20.0,0,0
65140,3.1416,-0.9971,0.6995,0.2945,0.0,0.0,0.0,0.0,0.0,-25.0,-98.0,-25.0,0,0
65152,3.1416,-0.9971,0.6995,0.2961,0.0,0.0,0.0,0.0,0.0,-25.0,-98.0,-23.0,0,0
65164,3.1416,-0.9971,0.6995,0.2961,0.0,0.0,0.0,0.0,0.0,-25.0,-100.0,-24.0,0,0
65177,3.1416,-0.9971,0.6995,0.2961,0.0,0.0,0.0,0.0,0.0,-24.0,-101.0,-19.0,0,0
65189,3.1416,-0.9971,0.6995,0.2961,0.0,0.0,0.0,0.0,0.0,-25.0,-100.0,-23.0,0,0
65197,3.1416,-0.9971,0.6995,0.2945,0.0,0.0,0.0,0.0,0.0,-24.0,-102.0,-29.0,0,0
65209,3.1416,-0.9971,0.6995,0.2945,0.0,0.0,0.0,0.0,0.0,-24.0,-100.0,-24.0,0,0
65222,3.1416,-0.9971,0.6995,0.2945,0.0,0.0,0.0,0.0,0.0,-24.0,-101.0,-26.0,0,0
65234,3.1416,-0.9971,0.6995,0.2961,0.0,0.0,0.0,0.0,0.0,-24.0,-103.0,-25.0,0,0
65246,3.1416,-0.9971,0.6995,0.2961,0.0,0.0,0.0,0.0,0.0,-25.0,-102.0,-24.0,0,0
65254,3.1416,-0.9971,0.6995,0.2961,0.0,0.0,0.0,0.0,0.0,-25.0,-101.0,-25.0,0,0
65267,3.1416,-0.9971,0.6995,0.2945,0.0,0.0,0.0,0.0,0.0,-25.0,-100.0,-25.0,0,0
65279,3.1401,-0.9971,0.701,0.2961,0.0,0.0,0.0,0.0,0.0,-24.0,-100.0,-22.0,0,0
65291,3.1416,-0.9971,0.6995,0.2961,0.0,0.0,0.0,0.0,0.0,-24.0,-101.0,-18.0,0,0
65304,3.1401,-0.9971,0.6995,0.2961,0.0,0.0,0.0,0.0,0.0,-25.0,-101.0,-20.0,0,0
65312,3.1401,-0.9971,0.6995,0.2961,0.0,0.0,0.0,0.0,0.0,-25.0,-101.0,-20.0,0,0
65324,3.1416,-0.9971,0.6995,0.2961,0.0,0.0,0.0,0.0,0.0,-25.0,-101.0,-18.0,0,0
65336,3.1416,-0.9971,0.6995,0.2945,0.0,0.0,0.0,0.0,0.0,-25.0,-101.0,-21.0,0,0
65349,3.1416,-0.9971,0.6995,0.2945,0.0,0.0,0.0,0.0,0.0,-24.0,-100.0,-21.0,0,0
65361,3.1416,-0.9971,0.6995,0.2961,0.0,0.0,0.0,0.0,0.0,-25.0,-101.0,-18.0,0,0
65369,3.1416,-0.9971,0.6995,0.2945,0.0,0.0,0.0,0.0,0.0,-25.0,-101.0,-17.0,0,0
65381,3.1416,-0.9971,0.6995,0.2945,0.0,0.0,0.0,0.0,0.0,-25.0,-101.0,-16.0,0,0
65394,3.1416,-0.9971,0.6995,0.2961,0.0,0.0,0.0,0.0,0.0,-27.0,-101.0,-22.0,0,0
65406,3.1416,-0.9971,0.6995,0.2945,0.0,0.0,0.0,0.0,0.0,-23.0,-100.0,-19.0,0,0
65414,3.1416,-0.9971,0.6995,0.2961,0.0,0.0,0.0,0.0,0.0,-27.0,-101.0,-19.0,0,0
65426,3.1416,-0.9971,0.701,0.2961,0.0,0.0,0.0,0.0,0.0,-27.0,-101.0,-17.0,0,0
65439,3.1416,-0.9971,0.6995,0.2945,0.0,0.0,0.0,0.0,0.0,-27.0,-101.0,-18.0,0,0
65451,3.1416,-0.9971,0.6995,0.2961,0.0,0.0,0.0,0.0,0.0,-27.0,-101.0,-22.0,0,0
65463,3.1416,-0.9971,0.6995,0.2961,0.0,0.0,0.0,0.0,0.0,-18.0,-100.0,-18.0,0,0
65471,3.1416,-0.9971,0.6995,0.2961,0.0,0.0,0.0,0.0,0.0,-18.0,-100.0,-18.0,0,0
65484,3.1401,-0.9971,0.6995,0.2945,0.0,0.0,0.0,0.0,0.0,-18.0,-101.0,-22.0,0,0
65496,3.1416,-0.9971,0.6995,0.2945,0.0,0.0,0.0,0.0,0.0,-18.0,-101.0,-19.0,0,0
65508,3.1416,-0.9971,0.6995,0.2961,0.0,0.0,0.0,0.0,0.0,-18.0,-102.0,-18.0,0,0
65521,3.1416,-0.9971,0.6995,0.2945,0.0,0.0,0.0,0.0,0.0,-19.0,-102.0,-21.0,0,0
65529,3.1416,-0.9971,0.6995,0.2961,0.0,0.0,0.0,0.0,0.0,-18.0,-103.0,-18.0,0,0
65541,3.1416,-0.9971,0.6995,0.2961,0.0,0.0,0.0,0.0,0.0,-18.0,-102.0,-18.0,0,0
65553,3.1416,-0.9971,0.6995,0.2961,0.0,0.0,0.0,0.0,0.0,-18.0,-102.0,-19.0,0,0
65566,3.1416,-0.9971,0.6995,0.2945,0.0,0.0,0.0,0.0,0.0,-18.0,-102.0,-17.0,0,0
65578,3.1416,-0.9971,0.6995,0.2961,0.0,0.0,0.0,0.0,0.0,-18.0,-102.0,-21.0,0,0
65586,3.1416,-0.9971,0.6995,0.2945,0.0,0.0,0.0,0.0,0.0,-18.0,-104.0,-19.0,0,0
65598,3.1416,-0.9971,0.6995,0.2961,0.0,0.0,0.0,0.0,0.0,-18.0,-102.0,-15.0,0,0
65611,3.1416,-0.9971,0.6995,0.2945,0.0,0.0,0.0,0.0,0.0,-18.0,-102.0,-19.0,0,0
65623,3.1416,-0.9971,0.6995,0.2961,0.0,0.0,0.0,0.0,0.0,-18.0,-102.0,-20.0,0,0
65635,3.1416,-0.9971,0.6995,0.2945,0.0,0.0,0.0,0.0,0.0,-18.0,-102.0,-19.0,0,0
65644,3.1401,-0.9971,0.6995,0.2961,0.0,0.0,0.0,0.0,0.0,-18.0,-105.0,-22.0,0,0
65656,3.1401,-0.9971,0.6995,0.2961,0.0,0.0,0.0,0.0,0.0,-18.0,-102.0,-19.0,0,0
65668,3.1416,-0.9971,0.701,0.2961,0.0,0.0,0.0,0.0,0.0,-18.0,-104.0,-21.0,0,0
65680,3.1416,-0.9971,0.6995,0.2961,0.0,0.0,0.0,0.0,0.0,-18.0,-102.0,-16.0,0,0
65693,3.1416,-0.9971,0.6995,0.2961,0.0,0.0,0.0,0.0,0.0,-18.0,-102.0,-20.0,0,0
65701,3.1416,-0.9971,0.6995,0.2961,0.0,0.0,0.0,0.0,0.0,-18.0,-102.0,-19.0,0,0
65713,3.1401,-0.9971,0.6995,0.2945,0.0,0.0,0.0,0.0,0.0,-18.0,-102.0,-18.0,0,0
65725,3.1416,-0.9971,0.6995,0.2961,0.0,0.0,0.0,0.0,0.0,-18.0,-102.0,-21.0,0,0
65738,3.1401,-0.9971,0.6995,0.2945,0.0,0.0,0.0,0.0,0.0,-18.0,-102.0,-18.0,0,0
65750,3.1416,-0.9971,0.6995,0.2945,0.0,0.0,0.0,0.0,0.0,-18.0,-101.0,-19.0,0,0
65758,3.1416,-0.9971,0.6995,0.2961,0.0,0.0,0.0,0.0,0.0,-18.0,-101.0,-22.0,0,0
65770,3.1416,-0.9971,0.6995,0.2945,0.0,0.0,0.0,0.0,0.0,-18.0,-101.0,-20.0,0,0
65783,3.1416,-0.9971,0.6995,0.2961,0.0,0.0,0.0,0.0,0.0,-18.0,-101.0,-22.0,0,0
65795,3.1416,-0.9971,0.6995,0.2945,0.0,0.0,0.0,0.0,0.0,-10.0,-102.0,-17.0,0,0
65807,3.1416,-0.9971,0.6995,0.2961,0.0,0.0,0.0,0.0,0.0,-12.0,-102.0,-17.0,0,0
65816,3.1416,-0.9971,0.6995,0.2961,0.0,0.0,0.0,0.0,0.0,-12.0,-104.0,-21.0,0,0
65828,3.1416,-0.9971,0.6995,0.2945,0.0,0.0,0.0,0.0,0.0,-12.0,-103.0,-19.0,0,0
65840,3.1401,-0.9971,0.6995,0.2945,0.0,0.0,0.0,0.0,0.0,-11.0,-103.0,-19.0,0,0
65852,3.1416,-0.9971,0.6995,0.2961,0.0,0.0,0.0,0.0,0.0,-14.0,-103.0,-21.0,0,0
65861,3.1416,-0.9971,0.6995,0.2961,0.0,0.0,0.0,0.0,0.0,-12.0,-103.0,-19.0,0,0
65873,3.1416,-0.9971,0.6995,0.2961,0.0,0.0,0.0,0.0,0.0,-14.0,-103.0,-19.0,0,0
65885,3.1447,-0.9971,0.6995,0.2961,0.0,0.0,0.0,0.0,-20.0,-12.0,-103.0,-20.0,0,0
65897,3.1431,-0.9971,0.701,0.2945,0.024,0.0,0.0,0.0,-18.0,-12.0,-103.0,-19.0,0,0
65910,3.1431,-0.9971,0.6995,0.2961,0.024,0.0,0.0,0.0,0.0,-12.0,-106.0,-18.0,0,0
65918,3.1416,-0.9971,0.701,0.2945,0.024,0.0,0.0,0.0,4.0,-12.0,-105.0,-20.0,0,0
65930,3.1431,-0.9971,0.6995,0.2961,0.0,0.0,0.0,0.0,-1.0,-11.0,-108.0,-20.0,0,0
65943,3.1431,-0.9971,0.701,0.2961,0.0,0.0,0.0,0.0,-10.0,-9.0,-109.0,-18.0,6,0
65955,3.1431,-0.9971,0.6995,0.2961,0.0,0.0,0.0,0.0,-15.0,-12.0,-106.0,-21.0,7,0
65967,3.1431,-0.9971,0.701,0.2961,0.0,0.0,0.0,0.0,-15.0,-12.0,-112.0,-22.0,8,0
65975,3.1431,-0.9971,0.701,0.2945,0.0,0.0,0.0,0.0,-14.0,-10.0,-110.0,-21.0,8,0
65988,3.1431,-0.9971,0.701,0.2961,0.0,0.0,0.0,0.0,-15.0,-10.0,-106.0,-16.0,8,0
66000,3.1431,-0.9971,0.701,0.2961,0.0,0.0,0.0,0.0,-14.0,-8.0,-108.0,-20.0,9,0
66012,3.1431,-0.9971,0.701,0.2961,0.0,0.0,0.0,0.0,-14.0,-11.0,-110.0,-19.0,9,0
66024,3.1431,-0.9971,0.701,0.2945,0.0,0.0,0.0,0.0,-16.0,-10.0,-110.0,-22.0,11,1
66037,3.1431,-0.9971,0.701,0.2961,0.0,0.0,0.0,0.0,-15.0,-7.0,-110.0,-15.0,11,1
66049,3.1431,-0.9971,0.701,0.2945,0.0,0.0,0.0,0.0,-12.0,-10.0,-109.0,-19.0,19,1
66061,3.1431,-0.9971,0.701,0.2961,0.0,0.0,0.0,0.0,-11.0,-7.0,-111.0,-18.0,27,1
66074,3.1431,-0.9971,0.701,0.2961,0.0,0.0,0.0,0.0,-11.0,-7.0,-110.0,-22.0,31,1
66086,3.1431,-0.9971,0.701,0.2961,0.0,0.0,0.0,0.0,-11.0,-12.0,-110.0,-18.0,35,1
66098,3.1431,-0.9971,0.701,0.2961,0.0,0.0,0.0,0.0,-12.0,-12.0,-109.0,-20.0,37,1
66110,3.1431,-0.9971,0.701,0.2945,0.0,0.0,0.0,0.0,-19.0,-12.0,-110.0,-18.0,37,1
66123,3.1431,-0.9971,0.701,0.2945,0.0,0.0,0.0,0.0,-18.0,-16.0,-109.0,-20.0,38,1
66135,3.1447,-0.9971,0.701,0.2961,0.0,0.0,0.0,0.0,-21.0,-16.0,-108.0,-20.0,39,1
66147,3.1431,-0.9971,0.701,0.2945,0.0,0.0,0.0,0.0,-16.0,-13.0,-112.0,-18.0,41,1
66160,3.1431,-0.9971,0.701,0.2945,0.0,0.0,0.0,0.0,-19.0,-15.0,-109.0,-17.0,43,1
66172,3.1431,-0.9971,0.701,0.2961,0.0,0.0,0.0,0.0,-18.0,-14.0,-111.0,-15.0,46,1
66188,3.1431,-0.9971,0.701,0.2961,0.0,0.0,0.0,0.0,-13.0,-15.0,-112.0,-21.0,48,1
66201,3.1431,-0.9971,0.701,0.2961,0.0,0.0,0.0,0.0,-22.0,-15.0,-108.0,-16.0,49,1
66213,3.1431,-0.9971,0.701,0.2945,0.0,0.0,0.0,0.0,-27.0,-14.0,-112.0,-15.0,50,1
66225,3.1447,-0.9971,0.6995,0.2961,0.0,0.0,0.0,0.0,-16.0,-13.0,-106.0,-15.0,48,1
66237,3.1431,-0.9971,0.701,0.2961,0.0,0.0,0.0,0.0,-20.0,-14.0,-109.0,-15.0,46,1
66250,3.1447,-0.9971,0.6995,0.2945,0.0,0.0,0.0,0.0,-8.0,-15.0,-105.0,-15.0,42,1
66262,3.1431,-0.9986,0.6995,0.2961,0.0,0.0,0.0,0.0,-8.0,-16.0,-104.0,-15.0,34,1
66274,3.1416,-0.9971,0.6995,0.2945,0.0,0.0,0.0,0.0,-7.0,-15.0,-102.0,-14.0,23,1
66287,3.1431,-0.9971,0.6995,0.2961,0.0,0.0,0.0,0.0,-9.0,-14.0,-101.0,-14.0,18,1
66299,3.1431,-0.9986,0.6995,0.2961,0.0,0.0,0.0,0.0,-8.0,-13.0,-104.0,-15.0,14,1
66311,3.1416,-0.9986,0.6995,0.2961,0.0,0.0,0.0,0.0,-7.0,-14.0,-105.0,-15.0,6,0
66323,3.1401,-0.9971,0.6995,0.2961,-0.024,0.0,0.0,0.0,0.0,-15.0,-105.0,-15.0,1,0
66332,3.1401,-0.9971,0.6995,0.2961,-0.024,0.0,0.0,0.0,0.0,-15.0,-105.0,-15.0,0,0
66344,3.137,-0.9971,0.6995,0.2961,-0.0479,0.0,0.0,0.0,12.0,-15.0,-105.0,-15.0,0,0
66356,3.1355,-0.9971,0.6995,0.2961,-0.0479,0.0,0.0,0.0,18.0,-15.0,-105.0,-15.0,0,0
66368,3.137,-0.9971,0.6995,0.2961,-0.0719,0.0,0.0,0.0,9.0,-15.0,-104.0,-15.0,0,0
66381,3.1385,-0.9971,0.6995,0.2961,-0.0719,0.0,0.0,0.0,-5.0,-15.0,-104.0,-14.0,0,0
66389,3.1416,-0.9971,0.6995,0.2961,-0.0479,0.0,0.0,0.0,-2.0,-16.0,-105.0,-15.0,0,0
66401,3.1431,-0.9971,0.6995,0.2961,0.0,0.0,0.0,0.0,-7.0,-13.0,-105.0,-16.0,0,0
66414,3.1431,-0.9971,0.6995,0.2961,0.0479,0.0,0.0,0.0,-1.0,-14.0,-105.0,-15.0,0,0
66426,3.1416,-0.9971,0.6995,0.2945,0.0719,0.0,0.0,0.0,0.0,-16.0,-105.0,-15.0,0,0
66434,3.1416,-0.9971,0.6995,0.2961,0.0719,0.0,0.0,0.0,0.0,-16.0,-104.0,-15.0,0,0
66446,3.1401,-0.9971,0.6995,0.2961,0.0479,0.0,0.0,0.0,0.0,-16.0,-105.0,-15.0,0,0
66459,3.1401,-0.9971,0.6995,0.2961,0.0,0.0,0.0,0.0,0.0,-15.0,-103.0,-15.0,0,0
66471,3.1385,-0.9971,0.6995,0.2961,0.0,0.0,0.0,0.0,0.0,-16.0,-103.0,-15.0,0,0
66483,3.137,-0.9971,0.6995,0.2945,-0.0479,0.0,0.0,0.0,6.0,-12.0,-105.0,-15.0,0,0
66491,3.137,-0.9971,0.6995,0.2945,-0.0479,0.0,0.0,0.0,6.0,-12.0,-105.0,-15.0,0,0
66504,3.1385,-0.9971,0.6995,0.2961,-0.0479,0.0,0.0,0.0,-5.0,-12.0,-105.0,-15.0,0,0
66516,3.1401,-0.9971,0.6995,0.2945,-0.024,0.0,0.0,0.0,0.0,-12.0,-106.0,-15.0,0,0
66528,3.1401,-0.9971,0.6995,0.2961,-0.024,0.0,0.0,0.0,0.0,-14.0,-103.0,-15.0,0,0
66541,3.1416,-0.9971,0.6995,0.2945,0.0,0.0,0.0,0.0,-1.0,-16.0,-105.0,-15.0,0,0
66549,3.1416,-0.9971,0.6995,0.2945,0.024,0.0,0.0,0.0,0.0,-15.0,-105.0,-15.0,0,0
66561,3.1416,-0.9971,0.6995,0.2945,0.0479,0.0,0.0,0.0,0.0,-16.0,-106.0,-15.0,0,0
66573,3.1401,-0.9971,0.6995,0.2961,0.024,0.0,0.0,0.0,0.0,-15.0,-105.0,-15.0,0,0
66586,3.1416,-0.9971,0.6995,0.2945,0.024,0.0,0.0,0.0,0.0,-16.0,-105.0,-15.0,0,0
66598,3.1416,-0.9971,0.6995,0.2945,0.0,0.0,0.0,0.0,0.0,-13.0,-105.0,-15.0,0,0
66606,3.1401,-0.9986,0.6995,0.2961,0.0,0.0,0.0,0.0,0.0,-16.0,-105.0,-15.0,0,0
66618,3.1416,-0.9971,0.6995,0.2945,0.0,0.0,0.0,0.0,0.0,-16.0,-106.0,-14.0,0,0
66631,3.1401,-0.9971,0.6995,0.2945,0.0,0.0,0.0,0.0,0.0,-16.0,-104.0,-15.0,0,0
66643,3.1401,-0.9971,0.6995,0.2945,0.0,0.0,0.0,0.0,0.0,-16.0,-107.0,-15.0,0,0
66655,3.1401,-0.9971,0.6995,0.2961,0.0,0.0,0.0,0.0,0.0,-14.0,-104.0,-15.0,0,0
66663,3.1401,-0.9971,0.6995,0.2945,0.0,0.0,0.0,0.0,0.0,-15.0,-107.0,-15.0,0,0
66676,3.1401,-0.9971,0.6995,0.2961,0.0,0.0,0.0,0.0,0.0,-13.0,-105.0,-15.0,0,0
66688,3.1401,-0.9971,0.6995,0.2945,0.0,0.0,0.0,0.0,0.0,-16.0,-104.0,-15.0,0,0
66700,3.1401,-0.9971,0.6995,0.2945,0.0,0.0,0.0,0.0,0.0,-16.0,-104.0,-15.0,0,0
66713,3.1401,-0.9971,0.6995,0.2961,0.0,0.0,0.0,0.0,0.0,-15.0,-104.0,-14.0,0,0
66721,3.1401,-0.9971,0.6995,0.2961,0.0,0.0,0.0,0.0,0.0,-16.0,-105.0,-15.0,0,0
66733,3.1401,-0.9971,0.6995,0.2945,0.0,0.0,0.0,0.0,0.0,-15.0,-106.0,-14.0,0,0
66745,3.1401,-0.9971,0.6995,0.2961,0.0,0.0,0.0,0.0,0.0,-15.0,-106.0,-15.0,0,0
66758,3.1401,-0.9971,0.6995,0.2961,0.0,0.0,0.0,0.0,0.0,-15.0,-107.0,-15.0,0,0
66770,3.1401,-0.9971,0.6995,0.2945,0.0,0.0,0.0,0.0,0.0,-15.0,-106.0,-15.0,0,0
66778,3.1401,-0.9971,0.6995,0.2961,0.0,0.0,0.0,0.0,0.0,-13.0,-107.0,-15.0,0,0
66790,3.1401,-0.9971,0.6995,0.2945,0.0,0.0,0.0,0.0,0.0,-13.0,-106.0,-15.0,1,0
66803,3.1401,-0.9971,0.6995,0.2961,0.0,0.0,0.0,0.0,0.0,-14.0,-105.0,-15.0,1,0
66815,3.1401,-0.9971,0.6995,0.2961,0.0,0.0,0.0,0.0,0.0,-13.0,-107.0,-15.0,1,0
66827,3.1401,-0.9971,0.6995,0.2961,0.0,0.0,0.0,0.0,0.0,-11.0,-105.0,-15.0,1,0
66835,3.1401,-0.9971,0.6995,0.2961,0.0,0.0,0.0,0.0,0.0,-14.0,-108.0,-14.0,1,0
66848,3.1401,-0.9971,0.6995,0.2961,0.0,0.0,0.0,0.0,0.0,-14.0,-108.0,-15.0,1,0
66860,3.1401,-0.9971,0.6995,0.2945,0.0,0.0,0.0,0.0,0.0,-13.0,-105.0,-15.0,2,0
66872,3.1401,-0.9971,0.6995,0.2961,0.0,0.0,0.0,0.0,0.0,-14.0,-106.0,-15.0,2,0
66880,3.1401,-0.9971,0.6995,0.2961,0.0,0.0,0.0,0.0,0.0,-14.0,-107.0,-15.0,2,0
66893,3.1401,-0.9971,0.6995,0.2961,0.0,0.0,0.0,0.0,-1.0,-14.0,-106.0,-15.0,2,0
66905,3.1401,-0.9971,0.6995,0.2961,0.0,0.0,0.0,0.0,0.0,-13.0,-105.0,-15.0,1,0
66917,3.1401,-0.9971,0.6995,0.2961,0.0,0.0,0.0,0.0,0.0,-13.0,-105.0,-15.0,2,0
66930,3.1401,-0.9971,0.6995,0.2961,0.0,0.0,0.0,0.0,-1.0,-12.0,-105.0,-14.0,2,0
66938,3.1401,-0.9971,0.6995,0.2945,0.0,0.0,0.0,0.0,0.0,-11.0,-108.0,-15.0,2,0
66950,3.1401,-0.9971,0.6995,0.2961,0.0,0.0,0.0,0.0,0.0,-13.0,-107.0,-15.0,2,0
66962,3.1401,-0.9971,0.6995,0.2945,0.0,0.0,0.0,0.0,0.0,-11.0,-108.0,-15.0,2,0
66975,3.1401,-0.9971,0.6995,0.2961,0.0,0.0,0.0,0.0,0.0,-13.0,-108.0,-15.0,2,0
66987,3.1401,-0.9971,0.6995,0.2961,0.0,0.0,0.0,0.0,0.0,-13.0,-107.0,-15.0,2,0
66995,3.1401,-0.9971,0.6995,0.2961,0.0,0.0,0.0,0.0,0.0,-13.0,-107.0,-15.0,2,0
67007,3.1401,-0.9971,0.6995,0.2945,0.0,0.0,0.0,0.0,0.0,-13.0,-106.0,-15.0,2,0
67020,3.1401,-0.9971,0.6995,0.2961,0.0,0.0,0.0,0.0,0.0,-13.0,-107.0,-15.0,3,0
67032,3.1401,-0.9971,0.6995,0.2961,0.0,0.0,0.0,0.0,0.0,-13.0,-106.0,-15.0,3,0
67044,3.1401,-0.9971,0.6995,0.2961,0.0,0.0,0.0,0.0,0.0,-13.0,-105.0,-15.0,3,0
67052,3.1401,-0.9971,0.6995,0.2961,0.0,0.0,0.0,0.0,0.0,-13.0,-105.0,-15.0,2,0
67065,3.1401,-0.9971,0.6995,0.2961,0.0,0.0,0.0,0.0,0.0,-12.0,-108.0,-15.0,2,0
67077,3.1401,-0.9971,0.6995,0.2961,0.0,0.0,0.0,0.0,0.0,-10.0,-105.0,-15.0,2,0
67089,3.1401,-0.9971,0.6995,0.2961,0.0,0.0,0.0,0.0,0.0,-11.0,-106.0,-15.0,3,0
67102,3.1401,-0.9971,0.6995,0.2945,0.0,0.0,0.0,0.0,0.0,-13.0,-107.0,-15.0,3,0
67110,3.1401,-0.9971,0.6995,0.2945,0.0,0.0,0.0,0.0,0.0,-11.0,-106.0,-14.0,3,0
67122,3.1385,-0.9971,0.6995,0.2961,0.0,0.0,0.0,0.0,0.0,-10.0,-105.0,-15.0,3,0
67134,3.137,-0.9971,0.6995,0.2961,-0.024,0.0,0.0,0.0,10.0,-11.0,-105.0,-15.0,3,0
67147,3.137,-0.9971,0.6995,0.2961,-0.024,0.0,0.0,0.0,9.0,-8.0,-108.0,-15.0,3,0
67159,3.137,-0.9971,0.6995,0.2961,-0.024,0.0,0.0,0.0,6.0,-11.0,-105.0,-15.0,3,0
67167,3.1385,-0.9971,0.6995,0.2961,-0.024,0.0,0.0,0.0,12.0,-11.0,-103.0,-14.0,4,0
67179,3.137,-0.9971,0.6995,0.2961,-0.024,0.0,0.0,0.0,14.0,-9.0,-107.0,-15.0,4,0
67192,3.1385,-0.9971,0.6995,0.2961,-0.024,0.0,0.0,0.0,9.0,-10.0,-105.0,-14.0,4,0
67204,3.1385,-0.9971,0.6995,0.2961,0.0,0.0,0.0,0.0,12.0,-10.0,-106.0,-13.0,5,0
67216,3.1385,-0.9971,0.6995,0.2961,0.0,0.0,0.0,0.0,14.0,-10.0,-105.0,-13.0,5,0
67225,3.137,-0.9971,0.6995,0.2961,0.0,0.0,0.0,0.0,12.0,-11.0,-105.0,-13.0,5,0
67237,3.1385,-0.9971,0.6995,0.2945,0.0,0.0,0.0,0.0,19.0,-11.0,-110.0,-15.0,6,0
67249,3.137,-0.9971,0.6995,0.2961,0.0,0.0,0.0,0.0,18.0,-11.0,-110.0,-12.0,6,0
67261,3.1355,-0.9971,0.6995,0.2945,0.0,0.0,0.0,0.0,22.0,-11.0,-109.0,-12.0,5,0
67274,3.1355,-0.9971,0.6995,0.2961,0.0,0.0,0.0,0.0,39.0,-11.0,-106.0,-17.0,5,0
67282,3.1355,-0.9971,0.6995,0.2961,0.0,0.0,0.0,0.0,39.0,-11.0,-106.0,-17.0,5,0
67294,3.1355,-0.9971,0.6995,0.2961,0.0,0.0,0.0,0.0,39.0,-11.0,-108.0,-20.0,6,0
67306,3.1355,-0.9971,0.6995,0.2961,0.0,0.0,0.0,0.0,41.0,-12.0,-109.0,-18.0,6,0
67319,3.1355,-0.9986,0.6995,0.2961,0.0,0.0,0.0,0.0,41.0,-12.0,-106.0,-15.0,22,1
67331,3.1355,-0.9971,0.698,0.2961,0.0,0.0,0.0,0.0,41.0,-11.0,-106.0,-14.0,29,1
67343,3.1355,-0.9971,0.6995,0.2961,0.0,0.0,0.0,0.0,42.0,-11.0,-101.0,-21.0,37,1
67356,3.1355,-0.9971,0.698,0.2945,0.0,0.0,0.0,0.0,39.0,-11.0,-104.0,-18.0,48,1
67368,3.1355,-0.9971,0.6995,0.2961,0.0,0.0,0.0,0.0,39.0,-11.0,-102.0,-17.0,52,1
67380,3.1339,-0.9971,0.698,0.2945,0.0,0.0,0.0,0.0,37.0,-11.0,-100.0,-15.0,58,1
67392,3.1339,-0.9971,0.698,0.2945,0.0,0.0,0.0,0.0,42.0,-8.0,-101.0,-19.0,64,1
67405,3.1339,-0.9971,0.698,0.2961,0.0,0.0,0.0,0.0,58.0,-9.0,-100.0,-18.0,69,1
67417,3.1324,-0.9971,0.698,0.2945,-0.024,0.0,0.0,0.0,54.0,-8.0,-103.0,-20.0,76,1
67429,3.1324,-0.9971,0.698,0.2961,-0.024,0.0,0.0,0.0,55.0,-9.0,-100.0,-18.0,84,1
67442,3.1324,-0.9971,0.698,0.2961,-0.024,0.0,0.0,0.0,54.0,-10.0,-100.0,-19.0,88,1
67454,3.1309,-0.9971,0.698,0.2961,-0.024,0.0,0.0,0.0,58.0,-10.0,-102.0,-20.0,92,1
67470,3.1309,-0.9971,0.698,0.2961,-0.024,0.0,0.0,0.0,55.0,-10.0,-102.0,-20.0,96,1
67483,3.1309,-0.9971,0.698,0.2961,-0.024,0.0,0.0,0.0,55.0,-9.0,-103.0,-18.0,99,1
67495,3.1309,-0.9971,0.698,0.2945,-0.024,0.0,0.0,0.0,56.0,-9.0,-101.0,-19.0,102,1
67507,3.1324,-0.9971,0.698,0.2945,-0.024,0.0,0.0,0.0,55.0,-9.0,-101.0,-15.0,105,1
67519,3.1309,-0.9971,0.6995,0.2961,0.0,0.0,0.0,0.0,55.0,-9.0,-102.0,-18.0,107,1
67536,3.1309,-0.9971,0.6995,0.2961,0.0,0.0,0.0,0.0,54.0,-9.0,-99.0,-20.0,109,1
67548,3.1309,-0.9971,0.698,0.2961,0.0,0.0,0.0,0.0,54.0,-9.0,-100.0,-14.0,110,1
67560,3.1324,-0.9971,0.698,0.2945,0.0,0.0,0.0,0.0,56.0,-9.0,-101.0,-16.0,110,1
67577,3.1309,-0.9971,0.6995,0.2945,0.0,0.0,0.0,0.0,52.0,-9.0,-105.0,-16.0,109,1
67589,3.1324,-0.9971,0.6995,0.2945,0.0,0.0,0.0,0.0,48.0,-8.0,-103.0,-17.0,108,1
67601,3.1324,-0.9971,0.6995,0.2945,0.0,0.0,0.0,0.0,47.0,-10.0,-106.0,-17.0,105,1
67614,3.1339,-0.9971,0.6995,0.2961,0.024,0.0,0.0,0.0,33.0,-9.0,-104.0,-18.0,99,1
67626,3.1339,-0.9971,0.6995,0.2961,0.024,0.0,0.0,0.0,26.0,-9.0,-106.0,-15.0,88,1
67638,3.1355,-0.9971,0.6995,0.2961,0.024,0.0,0.0,0.0,21.0,-6.0,-109.0,-18.0,68,1
67655,3.137,-0.9971,0.698,0.2945,0.0479,0.0,0.0,0.0,5.0,-9.0,-104.0,-16.0,41,1
67667,3.1401,-0.9971,0.6995,0.2961,0.0719,0.0,0.0,0.0,-1.0,-8.0,-109.0,-15.0,15,1
67675,3.1401,-0.9971,0.6995,0.2961,0.0719,0.0,0.0,0.0,-1.0,-7.0,-108.0,-19.0,5,0
67687,3.1431,-0.9971,0.6995,0.2945,0.0959,0.0,0.0,0.0,-2.0,-9.0,-106.0,-20.0,4,0
67700,3.1447,-0.9971,0.6995,0.2961,0.1198,0.0,0.0,0.0,-8.0,-9.0,-109.0,-18.0,1,0
67712,3.1447,-0.9971,0.6995,0.2945,0.1198,0.0,0.0,0.0,-5.0,-9.0,-110.0,-18.0,0,0
67724,3.1431,-0.9971,0.6995,0.2945,0.0959,0.0,0.0,0.0,1.0,-12.0,-105.0,-13.0,0,0
67732,3.1431,-0.9971,0.6995,0.2945,0.0959,0.0,0.0,0.0,1.0,-12.0,-105.0,-13.0,2,0
67745,3.1416,-0.9971,0.6995,0.2945,0.0479,0.0,0.0,0.0,0.0,-11.0,-108.0,-19.0,3,0
67757,3.1385,-0.9971,0.6995,0.2961,0.0,0.0,0.0,0.0,10.0,-12.0,-110.0,-18.0,3,0
67769,3.1385,-0.9971,0.698,0.2961,-0.024,0.0,0.0,0.0,15.0,-12.0,-112.0,-15.0,2,0
67782,3.1385,-0.9971,0.6995,0.2961,-0.0479,0.0,0.0,0.0,11.0,-12.0,-108.0,-18.0,2,0
67790,3.1401,-0.9971,0.6995,0.2961,-0.0719,0.0,0.0,0.0,-2.0,-12.0,-107.0,-19.0,2,0
67802,3.1401,-0.9971,0.6995,0.2945,-0.0479,0.0,0.0,0.0,0.0,-11.0,-106.0,-14.0,2,0
67814,3.1431,-0.9971,0.6995,0.2945,0.0,0.0,0.0,0.0,-2.0,-13.0,-105.0,-17.0,2,0
67827,3.1431,-0.9971,0.6995,0.2945,0.024,0.0,0.0,0.0,-1.0,-15.0,-107.0,-17.0,2,0
67835,3.1431,-0.9971,0.6995,0.2961,0.024,0.0,0.0,0.0,0.0,-15.0,-108.0,-16.0,1,0
67847,3.1431,-0.9971,0.6995,0.2961,0.0479,0.0,0.0,0.0,0.0,-12.0,-108.0,-16.0,2,0
67859,3.1431,-0.9971,0.6995,0.2961,0.0479,0.0,0.0,0.0,0.0,-15.0,-106.0,-18.0,1,0
67872,3.1431,-0.9971,0.6995,0.2961,0.024,0.0,0.0,0.0,0.0,-15.0,-105.0,-19.0,1,0
67884,3.1416,-0.9971,0.6995,0.2945,0.0,0.0,0.0,0.0,0.0,-14.0,-107.0,-19.0,1,0
67892,3.1416,-0.9971,0.6995,0.2945,0.0,0.0,0.0,0.0,0.0,-14.0,-107.0,-19.0,2,0
67904,3.1401,-0.9971,0.6995,0.2961,-0.024,0.0,0.0,0.0,0.0,-11.0,-107.0,-16.0,2,0
67917,3.1401,-0.9971,0.6995,0.2961,-0.024,0.0,0.0,0.0,0.0,-14.0,-107.0,-19.0,2,0
67929,3.1401,-0.9971,0.6995,0.2961,-0.024,0.0,0.0,0.0,0.0,-15.0,-113.0,-17.0,2,0
67941,3.1416,-0.9971,0.6995,0.2961,-0.024,0.0,0.0,0.0,0.0,-14.0,-112.0,-17.0,2,0
67949,3.1401,-0.9971,0.698,0.2945,-0.024,0.0,0.0,0.0,0.0,-14.0,-110.0,-17.0,2,0
67962,3.1401,-0.9971,0.6995,0.2945,-0.024,0.0,0.0,0.0,0.0,-14.0,-113.0,-14.0,2,0
67974,3.1401,-0.9971,0.6995,0.2961,0.0,0.0,0.0,0.0,0.0,-14.0,-106.0,-13.0,2,0
67986,3.1401,-0.9971,0.6995,0.2945,0.0,0.0,0.0,0.0,0.0,-14.0,-109.0,-16.0,2,0
67999,3.1401,-0.9971,0.6995,0.2961,0.0,0.0,0.0,0.0,0.0,-15.0,-110.0,-18.0,2,0
68007,3.1401,-0.9971,0.6995,0.2961,0.0,0.0,0.0,0.0,0.0,-15.0,-110.0,-18.0,2,0
68019,3.1401,-0.9971,0.6995,0.2961,0.0,0.0,0.0,0.0,0.0,-14.0,-109.0,-19.0,1,0
68031,3.1401,-0.9971,0.6995,0.2961,0.0,0.0,0.0,0.0,0.0,-9.0,-108.0,-19.0,1,0
68044,3.1401,-0.9971,0.6995,0.2945,0.0,0.0,0.0,0.0,0.0,-6.0,-109.0,-18.0,2,0
68056,3.1401,-0.9971,0.6995,0.2945,0.0,0.0,0.0,0.0,0.0,-7.0,-108.0,-18.0,2,0
68064,3.1401,-0.9971,0.6995,0.2961,0.0,0.0,0.0,0.0,0.0,-7.0,-107.0,-18.0,1,0
68076,3.1401,-0.9971,0.6995,0.2961,0.0,0.0,0.0,0.0,0.0,-7.0,-109.0,-17.0,1,0
68089,3.1401,-0.9971,0.6995,0.2961,0.0,0.0,0.0,0.0,0.0,-7.0,-107.0,-20.0,1,0
68101,3.1401,-0.9971,0.6995,0.2961,0.0,0.0,0.0,0.0,0.0,-7.0,-111.0,-19.0,1,0
68113,3.1401,-0.9971,0.6995,0.2945,0.0,0.0,0.0,0.0,0.0,-7.0,-109.0,-15.0,1,0
68122,3.1401,-0.9971,0.6995,0.2945,0.0,0.0,0.0,0.0,0.0,-7.0,-109.0,-15.0,1,0
68134,3.1401,-0.9971,0.6995,0.2961,0.0,0.0,0.0,0.0,0.0,-7.0,-114.0,-19.0,1,0
68146,3.1401,-0.9971,0.6995,0.2961,0.0,0.0,0.0,0.0,0.0,-7.0,-110.0,-19.0,1,0
68158,3.1401,-0.9971,0.6995,0.2961,0.0,0.0,0.0,0.0,0.0,-7.0,-110.0,-11.0,1,0
68171,3.1416,-0.9971,0.6995,0.2961,0.0,0.0,0.0,0.0,0.0,-7.0,-110.0,-17.0,1,0
68179,3.1401,-0.9971,0.6995,0.2961,0.0,0.0,0.0,0.0,0.0,-7.0,-109.0,-12.0,1,0
68191,3.1401,-0.9971,0.6995,0.2945,0.0,0.0,0.0,0.0,0.0,-7.0,-108.0,-13.0,2,0
68203,3.1401,-0.9971,0.6995,0.2961,0.0,0.0,0.0,0.0,0.0,-7.0,-108.0,-12.0,2,0
68216,3.1401,-0.9971,0.6995,0.2961,0.0,0.0,0.0,0.0,0.0,-7.0,-110.0,-14.0,2,0
68228,3.1401,-0.9971,0.6995,0.2961,0.0,0.0,0.0,0.0,0.0,-7.0,-109.0,-10.0,3,0
68236,3.1401,-0.9971,0.6995,0.2961,0.0,0.0,0.0,0.0,0.0,-7.0,-108.0,-16.0,3,0
68248,3.1401,-0.9971,0.6995,0.2961,0.0,0.0,0.0,0.0,0.0,-7.0,-108.0,-13.0,3,0
68261,3.1401,-0.9971,0.6995,0.2961,0.0,0.0,0.0,0.0,0.0,-7.0,-112.0,-12.0,3,0
68273,3.1401,-0.9971,0.6995,0.2961,0.0,0.0,0.0,0.0,0.0,-7.0,-106.0,-16.0,3,0
68281,3.1401,-0.9971,0.6995,0.2961,0.0,0.0,0.0,0.0,0.0,-7.0,-106.0,-16.0,4,0
68294,3.1401,-0.9971,0.6995,0.2945,0.0,0.0,0.0,0.0,0.0,-7.0,-108.0,-15.0,4,0
68306,3.1401,-0.9971,0.6995,0.2961,0.0,0.0,0.0,0.0,0.0,-7.0,-106.0,-12.0,4,0
68318,3.1401,-0.9971,0.6995,0.2961,0.0,0.0,0.0,0.0,0.0,-7.0,-108.0,-10.0,4,0
68330,3.1401,-0.9971,0.6995,0.2961,0.0,0.0,0.0,0.0,0.0,-7.0,-108.0,-14.0,4,0
68339,3.1401,-0.9971,0.6995,0.2961,0.0,0.0,0.0,0.0,0.0,-7.0,-108.0,-11.0,4,0
68351,3.1401,-0.9971,0.6995,0.2961,0.0,0.0,0.0,0.0,0.0,-7.0,-110.0,-16.0,4,0
68363,3.1401,-0.9971,0.698,0.2961,0.0,0.0,0.0,0.0,0.0,-4.0,-107.0,-16.0,4,0
68375,3.1416,-0.9971,0.6995,0.2945,0.0,0.0,0.0,0.0,0.0,-2.0,-109.0,-16.0,4,0
68388,3.1416,-0.9971,0.6995,0.2961,0.0,0.0,0.0,0.0,0.0,-2.0,-111.0,-16.0,4,0
68396,3.1431,-0.9971,0.6995,0.2961,0.0,0.0,0.0,0.0,-2.0,-1.0,-112.0,-15.0,4,0
68408,3.1431,-0.9971,0.6995,0.2961,0.024,0.0,0.0,0.0,-3.0,-1.0,-112.0,-15.0,4,0
68421,3.1431,-0.9971,0.6995,0.2961,0.024,0.0,0.0,0.0,-3.0,-1.0,-108.0,-11.0,4,0
68433,3.1431,-0.9971,0.6995,0.2945,0.024,0.0,0.0,0.0,-11.0,-1.0,-110.0,-13.0,3,0
68445,3.1447,-0.9971,0.6995,0.2945,0.024,0.0,0.0,0.0,-17.0,-1.0,-109.0,-15.0,4,0
68453,3.1447,-0.9971,0.6995,0.2961,0.024,0.0,0.0,0.0,-11.0,-1.0,-112.0,-13.0,5,0
68466,3.1447,-0.9971,0.6995,0.2945,0.024,0.0,0.0,0.0,-12.0,-1.0,-106.0,-16.0,4,0
68478,3.1447,-0.9971,0.6995,0.2961,0.024,0.0,0.0,0.0,-16.0,-1.0,-111.0,-16.0,3,0
68490,3.1447,-0.9971,0.698,0.2961,0.024,0.0,0.0,0.0,-24.0,-1.0,-108.0,-16.0,1,0
68502,3.1462,-0.9971,0.6995,0.2961,0.024,0.0,0.0,0.0,-36.0,-1.0,-110.0,-16.0,9,0
68515,3.1462,-0.9986,0.6995,0.2961,0.024,0.0,0.0,0.0,-38.0,-1.0,-108.0,-14.0,15,1
68527,3.1477,-0.9986,0.6995,0.2961,0.024,0.0,0.0,0.0,-46.0,0.0,-110.0,-15.0,25,1
68539,3.1477,-0.9986,0.6995,0.2945,0.024,0.0,0.0,0.0,-43.0,0.0,-108.0,-10.0,36,1
68552,3.1477,-1.0017,0.6995,0.2961,0.024,-0.024,0.0,0.0,-47.0,0.0,-110.0,-15.0,42,1
68564,3.1493,-1.0017,0.698,0.2961,0.024,-0.0479,0.0,0.0,-47.0,18.0,-110.0,-15.0,45,1
68576,3.1477,-1.0032,0.698,0.2961,0.024,-0.0479,0.0,0.0,-43.0,12.0,-112.0,-16.0,53,1
68588,3.1477,-1.0032,0.6995,0.2961,0.024,-0.0479,0.0,0.0,-44.0,18.0,-111.0,-15.0,56,1
68601,3.1493,-1.0032,0.698,0.2961,0.024,-0.0479,0.0,0.0,-48.0,19.0,-111.0,-15.0,61,1
68613,3.1477,-1.0032,0.6995,0.2961,0.024,-0.0479,0.0,0.0,-48.0,30.0,-109.0,-16.0,65,1
68625,3.1493,-1.0032,0.6995,0.2961,0.0,-0.024,0.0,0.0,-51.0,28.0,-112.0,-15.0,68,1
68638,3.1493,-1.0017,0.6995,0.2961,0.0,-0.024,0.0,0.0,-57.0,28.0,-112.0,-15.0,71,1
68650,3.1493,-1.0032,0.6995,0.2945,0.0,0.0,0.0,0.0,-62.0,29.0,-108.0,-16.0,72,1
68662,3.1493,-1.0032,0.6995,0.2961,0.0,0.0,0.0,0.0,-60.0,30.0,-112.0,-13.0,74,1
68674,3.1508,-1.0032,0.6995,0.2961,0.0,0.0,0.0,0.0,-60.0,24.0,-111.0,-16.0,77,1
68687,3.1508,-1.0032,0.6995,0.2961,0.0,0.0,0.0,0.0,-58.0,31.0,-109.0,-16.0,81,1
68699,3.1508,-1.0017,0.6995,0.2961,0.0,0.0,0.0,0.0,-57.0,24.0,-109.0,-15.0,84,1
68711,3.1508,-1.0032,0.6995,0.2961,0.0,0.0,0.0,0.0,-58.0,26.0,-112.0,-16.0,86,1
68724,3.1493,-1.0032,0.6995,0.2961,0.0,0.0,0.0,0.0,-55.0,27.0,-113.0,-14.0,87,1
68740,3.1493,-1.0032,0.6995,0.2961,0.0,0.0,0.0,0.0,-51.0,33.0,-110.0,-16.0,86,1
68752,3.1493,-1.0032,0.6995,0.2961,0.0,0.0,0.0,0.0,-48.0,29.0,-113.0,-15.0,84,1
68765,3.1493,-1.0032,0.6995,0.2961,0.0,0.0,0.0,0.0,-27.0,23.0,-109.0,-16.0,80,1
68777,3.1477,-1.0032,0.698,0.2961,-0.024,0.0,0.0,0.0,-26.0,20.0,-105.0,-11.0,70,1
68789,3.1462,-1.0017,0.698,0.2961,-0.024,0.0,0.0,0.0,-16.0,15.0,-109.0,-14.0,61,1
68801,3.1462,-1.0017,0.6995,0.2961,-0.0479,0.0,0.0,0.0,-10.0,10.0,-111.0,-15.0,47,1
68814,3.1431,-1.0017,0.698,0.2961,-0.0719,0.0,0.0,0.0,0.0,5.0,-111.0,-16.0,28,1
68826,3.1416,-1.0017,0.6995,0.2961,-0.0719,0.0,0.0,0.0,2.0,1.0,-111.0,-16.0,16,1
68838,3.1385,-0.9986,0.6995,0.2945,-0.0959,0.024,0.0,0.0,1.0,7.0,-111.0,-16.0,10,0
68851,3.137,-0.9986,0.6995,0.2961,-0.1198,0.024,0.0,0.0,13.0,0.0,-110.0,-16.0,7,0
68859,3.1355,-0.9986,0.6995,0.2961,-0.1198,0.024,0.0,0.0,15.0,8.0,-111.0,-14.0,3,0
68871,3.137,-0.9986,0.6995,0.2961,-0.1198,0.024,0.0,0.0,3.0,9.0,-112.0,-14.0,2,0
68883,3.1401,-0.9986,0.698,0.2961,-0.0719,0.024,0.0,0.0,0.0,7.0,-108.0,-13.0,4,0
68896,3.1416,-0.9986,0.6995,0.2961,-0.024,0.024,0.0,0.0,-1.0,8.0,-110.0,-14.0,4,0
68908,3.1416,-1.0002,0.698,0.2961,0.0,0.0,0.0,0.0,0.0,3.0,-112.0,-16.0,5,0
68916,3.1416,-0.9986,0.6995,0.2961,0.024,0.0,0.0,0.0,0.0,5.0,-110.0,-14.0,6,0
68928,3.1401,-0.9986,0.698,0.2961,0.024,0.0,0.0,0.0,3.0,0.0,-111.0,-16.0,5,0
68941,3.1401,-0.9986,0.6995,0.2961,0.024,0.0,0.0,0.0,0.0,0.0,-112.0,-14.0,5,0
68953,3.1385,-0.9986,0.6995,0.2961,0.0,0.0,0.0,0.0,0.0,0.0,-108.0,-11.0,3,0
68965,3.1385,-1.0002,0.6995,0.2961,0.0,0.0,0.0,0.0,0.0,0.0,-111.0,-15.0,3,0
68973,3.137,-0.9986,0.6995,0.2961,-0.024,0.0,0.0,0.0,3.0,0.0,-110.0,-16.0,3,0
68986,3.1385,-0.9986,0.6995,0.2961,-0.0479,0.0,0.0,0.0,6.0,0.0,-109.0,-13.0,2,0
68998,3.137,-0.9986,0.6995,0.2961,-0.0479,0.0,0.0,0.0,2.0,0.0,-112.0,-15.0,1,0
69010,3.1385,-0.9986,0.698,0.2961,-0.024,0.0,0.0,0.0,0.0,0.0,-109.0,-15.0,1,0
69023,3.1401,-0.9986,0.6995,0.2961,0.0,0.0,0.0,0.0,0.0,0.0,-108.0,-13.0,1,0
69031,3.1401,-0.9986,0.6995,0.2961,0.0,0.0,0.0,0.0,0.0,0.0,-108.0,-13.0,1,0
69043,3.1401,-0.9986,0.6995,0.2961,0.0,0.0,0.0,0.0,0.0,0.0,-107.0,-16.0,3,0
69055,3.1401,-0.9986,0.698,0.2961,0.024,0.0,0.0,0.0,0.0,5.0,-110.0,-16.0,3,0
69068,3.1401,-0.9986,0.6995,0.2961,0.024,0.0,0.0,0.0,0.0,0.0,-112.0,-14.0,4,0
69080,3.1401,-0.9986,0.698,0.2961,0.024,0.0,0.0,0.0,0.0,0.0,-108.0,-15.0,4,0
69088,3.1416,-0.9986,0.6995,0.2945,0.024,0.0,0.0,0.0,0.0,1.0,-111.0,-16.0,4,0
69100,3.1401,-0.9986,0.6995,0.2961,0.0,0.0,0.0,0.0,0.0,0.0,-107.0,-14.0,4,0
69113,3.1401,-0.9986,0.6995,0.2961,0.0,0.0,0.0,0.0,0.0,1.0,-112.0,-14.0,4,0
69125,3.1401,-0.9986,0.6995,0.2961,0.0,0.0,0.0,0.0,0.0,0.0,-108.0,-14.0,4,0
69137,3.1401,-0.9986,0.698,0.2961,0.0,0.0,0.0,0.0,0.0,2.0,-108.0,-15.0,4,0
69146,3.1401,-0.9986,0.6995,0.2961,0.0,0.0,0.0,0.0,0.0,1.0,-112.0,-16.0,4,0
69158,3.1401,-1.0002,0.6995,0.2961,0.0,0.0,0.0,0.0,0.0,0.0,-109.0,-16.0,4,0
69170,3.1401,-1.0002,0.6995,0.2961,0.0,0.0,0.0,0.0,0.0,0.0,-115.0,-14.0,4,0
69182,3.1401,-0.9986,0.6995,0.2961,0.0,0.0,0.0,0.0,0.0,0.0,-109.0,-14.0,3,0
69195,3.1401,-0.9986,0.6995,0.2961,0.0,0.0,0.0,0.0,-1.0,0.0,-110.0,-15.0,3,0
69203,3.1401,-0.9986,0.6995,0.2961,0.0,0.0,0.0,0.0,0.0,0.0,-111.0,-16.0,3,0
69215,3.1401,-0.9986,0.6995,0.2961,0.0,0.0,0.0,0.0,0.0,1.0,-110.0,-16.0,3,0
69227,3.1401,-0.9986,0.6995,0.2945,0.0,0.0,0.0,0.0,0.0,0.0,-112.0,-16.0,3,0
69240,3.1401,-0.9986,0.6995,0.2961,0.0,0.0,0.0,0.0,0.0,0.0,-112.0,-16.0,3,0
69252,3.1416,-0.9986,0.698,0.2961,0.0,0.0,0.0,0.0,0.0,1.0,-113.0,-14.0,3,0
69260,3.1401,-0.9986,0.698,0.2961,0.0,0.0,0.0,0.0,0.0,0.0,-114.0,-16.0,2,0
69272,3.1401,-0.9986,0.6995,0.2961,0.0,0.0,0.0,0.0,0.0,0.0,-113.0,-13.0,3,0
69285,3.1401,-0.9986,0.6995,0.2961,0.0,0.0,0.0,0.0,0.0,0.0,-113.0,-16.0,3,0
69297,3.1401,-0.9986,0.6995,0.2961,0.0,0.0,0.0,0.0,0.0,0.0,-113.0,-15.0,3,0
69305,3.1401,-0.9986,0.698,0.2961,0.0,0.0,0.0,0.0,0.0,0.0,-111.0,-14.0,3,0
69318,3.1401,-0.9986,0.6995,0.2961,0.0,0.0,0.0,0.0,0.0,1.0,-113.0,-16.0,3,0
69330,3.1401,-0.9986,0.6995,0.2961,0.0,0.0,0.0,0.0,0.0,0.0,-111.0,-16.0,3,0
69342,3.1401,-0.9986,0.698,0.2945,0.0,0.0,0.0,0.0,0.0,0.0,-112.0,-15.0,3,0
69354,3.1401,-0.9986,0.698,0.2961,0.0,0.0,0.0,0.0,0.0,4.0,-114.0,-10.0,3,0
69363,3.1401,-0.9986,0.6995,0.2945,0.0,0.0,0.0,0.0,0.0,2.0,-115.0,-16.0,3,0
69375,3.1401,-0.9986,0.6995,0.2961,0.0,0.0,0.0,0.0,0.0,1.0,-111.0,-12.0,2,0
69387,3.1401,-0.9986,0.6995,0.2961,0.0,0.0,0.0,0.0,0.0,2.0,-109.0,-15.0,3,0
69399,3.1401,-0.9986,0.6995,0.2961,0.0,0.0,0.0,0.0,0.0,1.0,-109.0,-13.0,2,0
69412,3.1401,-1.0002,0.698,0.2945,0.0,0.0,0.0,0.0,0.0,3.0,-110.0,-16.0,2,0
69420,3.1401,-0.9986,0.6995,0.2961,0.0,0.0,0.0,0.0,0.0,5.0,-111.0,-16.0,2,0
69432,3.1401,-0.9986,0.6995,0.2961,0.0,0.0,0.0,0.0,0.0,4.0,-110.0,-13.0,2,0
69444,3.1401,-0.9986,0.698,0.2961,0.0,0.0,0.0,0.0,0.0,5.0,-112.0,-16.0,2,0
69457,3.1401,-0.9986,0.6995,0.2961,0.0,0.0,0.0,0.0,0.0,3.0,-114.0,-12.0,2,0
69469,3.1401,-0.9986,0.6995,0.2961,0.0,0.0,0.0,0.0,0.0,0.0,-111.0,-16.0,2,0
69477,3.1401,-0.9986,0.6995,0.2961,0.0,0.0,0.0,0.0,0.0,4.0,-113.0,-15.0,2,0
69490,3.1416,-0.9986,0.6995,0.2961,0.0,0.0,0.0,0.0,0.0,0.0,-111.0,-12.0,2,0
69502,3.1401,-0.9986,0.698,0.2961,0.0,0.0,0.0,0.0,0.0,7.0,-111.0,-16.0,2,0
69514,3.1401,-0.9986,0.6995,0.2961,0.0,0.0,0.0,0.0,0.0,18.0,-108.0,-13.0,2,0
69526,3.1401,-0.9986,0.6995,0.2961,0.0,0.0,0.0,0.0,0.0,11.0,-111.0,-16.0,2,0
69535,3.1401,-0.9986,0.6995,0.2961,0.0,0.0,0.0,0.0,-1.0,17.0,-113.0,-16.0,1,0
69547,3.1401,-0.9986,0.6995,0.2961,0.0,0.0,0.0,0.0,0.0,21.0,-110.0,-15.0,2,0
69559,3.1401,-0.9986,0.6995,0.2961,0.0,0.0,0.0,0.0,0.0,16.0,-112.0,-15.0,1,0
69571,3.1401,-0.9986,0.6995,0.2945,0.0,0.0,0.0,0.0,0.0,13.0,-113.0,-15.0,1,0
69584,3.1401,-0.9956,0.698,0.2961,0.0,0.0,0.0,0.0,0.0,-10.0,-95.0,-11.0,1,0
69592,3.1401,-0.9956,0.698,0.2961,0.0,0.0,0.0,0.0,0.0,-10.0,-95.0,-11.0,1,0
69604,3.1355,-0.991,0.6964,0.2961,0.0,0.0479,-0.024,0.0,16.0,-43.0,-92.0,-16.0,1,0
69617,3.137,-0.9894,0.6964,0.2961,-0.024,0.0719,-0.024,0.0,18.0,-63.0,-100.0,-16.0,5,0
69629,3.137,-0.9879,0.6964,0.2961,-0.024,0.1198,-0.024,0.0,7.0,-78.0,-103.0,-16.0,10,0
69641,3.137,-0.9863,0.6964,0.2961,-0.024,0.1438,-0.024,0.0,12.0,-80.0,-101.0,-16.0,34,1
69653,3.137,-0.9833,0.6964,0.2961,-0.0479,0.1438,-0.024,0.0,23.0,-94.0,-98.0,-16.0,31,1
69666,3.137,-0.9833,0.6964,0.2961,-0.024,0.1438,0.0,0.0,17.0,-90.0,-100.0,-16.0,38,1
69678,3.137,-0.9817,0.6964,0.2961,0.0,0.1438,0.0,0.0,11.0,-87.0,-101.0,-16.0,47,1
69690,3.1385,-0.9817,0.6964,0.2961,0.0,0.1198,0.0,0.0,1.0,-79.0,-99.0,-16.0,52,1
69703,3.1385,-0.9817,0.6964,0.2961,0.0,0.0719,0.0,0.0,5.0,-77.0,-99.0,-15.0,56,1
69715,3.137,-0.9817,0.6964,0.2961,0.0,0.0479,0.0,0.0,1.0,-78.0,-95.0,-16.0,55,1
69727,3.1385,-0.9817,0.6964,0.2961,0.0,0.0479,0.0,0.0,2.0,-80.0,-98.0,-15.0,55,1
69739,3.1385,-0.9817,0.6964,0.2961,0.0,0.024,0.0,0.0,3.0,-84.0,-100.0,-16.0,57,1
69752,3.137,-0.9802,0.6964,0.2961,0.0,0.0,0.0,0.0,4.0,-100.0,-100.0,-16.0,62,1
69768,3.137,-0.9787,0.6964,0.2961,0.0,0.024,0.0,0.0,2.0,-123.0,-102.0,-16.0,65,1
69780,3.137,-0.9756,0.6964,0.2961,0.0,0.0479,0.0,0.0,19.0,-132.0,-100.0,-16.0,68,1
69793,3.1385,-0.9741,0.6964,0.2961,0.0,0.0719,0.0,0.0,15.0,-122.0,-100.0,-16.0,71,1
69805,3.137,-0.9741,0.6964,0.2961,0.0,0.0959,0.0,0.0,20.0,-122.0,-99.0,-16.0,73,1
69817,3.137,-0.9741,0.6964,0.2961,0.0,0.0959,0.0,0.0,18.0,-138.0,-100.0,-16.0,76,1
69829,3.137,-0.9741,0.6964,0.2961,0.0,0.0719,0.0,0.0,20.0,-119.0,-98.0,-16.0,78,1
69842,3.137,-0.9741,0.6964,0.2961,0.0,0.0719,0.0,0.0,14.0,-118.0,-99.0,-16.0,79,1
69854,3.137,-0.9741,0.6964,0.2961,0.0,0.024,0.0,0.0,6.0,-118.0,-98.0,-15.0,79,1
69866,3.1385,-0.9756,0.6964,0.2961,0.0,0.0,0.0,0.0,2.0,-118.0,-98.0,-16.0,77,1
69879,3.1385,-0.9741,0.6964,0.2945,0.0,0.0,0.0,0.0,3.0,-116.0,-101.0,-16.0,76,1
69891,3.1385,-0.9741,0.6964,0.2961,0.0,0.0,0.0,0.0,0.0,-115.0,-99.0,-15.0,69,1
69903,3.1385,-0.9756,0.6964,0.2961,0.0,0.0,0.0,0.0,0.0,-102.0,-99.0,-16.0,63,1
69916,3.1385,-0.9771,0.6964,0.2961,0.0,0.0,0.0,0.0,0.0,-82.0,-101.0,-16.0,59,1
69928,3.1385,-0.9787,0.6964,0.2961,0.0,-0.024,0.0,0.0,0.0,-62.0,-101.0,-13.0,55,1
69940,3.1385,-0.9817,0.6964,0.2961,0.0,-0.0479,0.0,0.0,0.0,-49.0,-100.0,-13.0,46,1
69952,3.1385,-0.9833,0.6964,0.2961,0.0,-0.0719,0.0,0.0,0.0,-44.0,-100.0,-16.0,39,1
69965,3.1385,-0.9863,0.6964,0.2961,0.0,-0.1198,0.0,0.0,0.0,-34.0,-96.0,-15.0,27,1
69977,3.1385,-0.9894,0.6964,0.2961,0.0,-0.1438,0.0,0.0,0.0,-27.0,-98.0,-16.0,14,1
69989,3.1401,-0.9894,0.6964,0.2961,0.0,-0.1678,0.0,0.0,0.0,-29.0,-99.0,-14.0,6,0
70002,3.1385,-0.991,0.6964,0.2961,0.0,-0.1678,0.0,0.0,0.0,-34.0,-98.0,-16.0,4,0
70014,3.1385,-0.991,0.6964,0.2961,0.0,-0.1198,0.0,0.0,0.0,-39.0,-99.0,-16.0,3,0
70027,3.1401,-0.991,0.6964,0.2961,0.0,-0.1198,0.0,0.0,0.0,-45.0,-98.0,-16.0,3,0
70034,3.1385,-0.9925,0.6964,0.2961,0.0,-0.0959,0.0,0.0,0.0,-42.0,-98.0,-16.0,3,0
70047,3.1401,-0.9925,0.6964,0.2961,0.0,-0.0719,0.0,0.0,0.0,-46.0,-99.0,-14.0,3,0
70059,3.1385,-0.9925,0.6964,0.2961,0.0,-0.0479,0.0,0.0,0.0,-44.0,-99.0,-16.0,3,0
70071,3.1385,-0.9925,0.6964,0.2961,0.0,-0.024,0.0,0.0,0.0,-43.0,-99.0,-15.0,3,0
70083,3.1401,-0.991,0.6964,0.2961,0.0,0.0,0.0,0.0,0.0,-43.0,-97.0,-13.0,3,0
70092,3.1401,-0.991,0.6964,0.2961,0.0,0.0,0.0,0.0,0.0,-43.0,-97.0,-13.0,3,0
70104,3.1401,-0.9925,0.6964,0.2961,0.0,0.0,0.0,0.0,0.0,-42.0,-99.0,-16.0,3,0
70116,3.1401,-0.9925,0.6964,0.2961,0.0,0.0,0.0,0.0,0.0,-43.0,-100.0,-16.0,3,0
70128,3.1401,-0.991,0.6964,0.2961,0.0,0.0,0.0,0.0,0.0,-44.0,-99.0,-15.0,3,0
70137,3.1401,-0.9925,0.6964,0.2961,0.0,0.0,0.0,0.0,0.0,-44.0,-97.0,-16.0,3,0
70149,3.1401,-0.991,0.6964,0.2961,0.0,0.0,0.0,0.0,0.0,-41.0,-99.0,-16.0,3,0
70161,3.1401,-0.9925,0.6964,0.2945,0.0,0.0,0.0,0.0,0.0,-45.0,-98.0,-16.0,3,0
70174,3.1401,-0.9925,0.6964,0.2961,0.0,0.0,0.0,0.0,0.0,-42.0,-96.0,-15.0,3,0
70186,3.1401,-0.9925,0.6964,0.2961,0.0,0.0,0.0,0.0,0.0,-41.0,-98.0,-16.0,3,0
70194,3.1401,-0.9925,0.6964,0.2961,0.0,0.0,0.0,0.0,0.0,-41.0,-99.0,-16.0,3,0
70206,3.1401,-0.991,0.6964,0.2961,0.0,0.0,0.0,0.0,0.0,-44.0,-97.0,-16.0,3,0
70219,3.1385,-0.991,0.6964,0.2961,0.0,0.0,0.0,0.0,8.0,-46.0,-98.0,-16.0,3,0
70231,3.1401,-0.991,0.6964,0.2961,0.0,0.0,0.0,0.0,0.0,-38.0,-99.0,-16.0,3,0
70243,3.1401,-0.991,0.6964,0.2961,0.0,0.0,0.0,0.0,0.0,-39.0,-100.0,-15.0,2,0
70251,3.1401,-0.991,0.6964,0.2961,0.0,0.0,0.0,0.0,0.0,-39.0,-100.0,-15.0,2,0
70264,3.1401,-0.9925,0.6964,0.2961,0.0,0.0,0.0,0.0,0.0,-37.0,-98.0,-16.0,2,0
70276,3.1401,-0.991,0.6964,0.2961,0.0,0.0,0.0,0.0,0.0,-37.0,-99.0,-15.0,3,0
70288,3.1401,-0.9925,0.6964,0.2961,0.0,0.0,0.0,0.0,0.0,-44.0,-100.0,-15.0,3,0
70301,3.1401,-0.9925,0.6964,0.2961,0.0,0.0,0.0,0.0,0.0,-40.0,-99.0,-16.0,3,0
70309,3.1401,-0.9925,0.6964,0.2961,0.0,0.0,0.0,0.0,0.0,-45.0,-99.0,-16.0,3,0
70321,3.1401,-0.9925,0.6964,0.2961,0.0,0.0,0.0,0.0,0.0,-45.0,-99.0,-16.0,3,0
70333,3.1401,-0.9925,0.6964,0.2961,0.0,0.0,0.0,0.0,0.0,-46.0,-101.0,-16.0,3,0
70346,3.1401,-0.991,0.6964,0.2961,0.0,0.0,0.0,0.0,0.0,-44.0,-95.0,-16.0,3,0
70358,3.1401,-0.9925,0.6964,0.2961,0.0,0.0,0.0,0.0,0.0,-38.0,-95.0,-16.0,3,0
70366,3.1401,-0.9925,0.6964,0.2961,0.0,0.0,0.0,0.0,0.0,-40.0,-101.0,-15.0,4,0
70378,3.1401,-0.9925,0.6964,0.2961,0.0,0.0,0.0,0.0,0.0,-43.0,-100.0,-16.0,3,0
70391,3.1401,-0.9925,0.6964,0.2961,0.0,0.0,0.0,0.0,0.0,-44.0,-95.0,-16.0,2,0
70403,3.1401,-0.991,0.6964,0.2961,0.0,0.0,0.0,0.0,0.0,-45.0,-96.0,-16.0,2,0
70415,3.1401,-0.9925,0.6964,0.2961,0.0,0.0,0.0,0.0,0.0,-43.0,-96.0,-16.0,3,0
70423,3.1401,-0.9925,0.6964,0.2961,0.0,0.0,0.0,0.0,0.0,-44.0,-101.0,-16.0,3,0
70436,3.1401,-0.991,0.6964,0.2961,0.0,0.0,0.0,0.0,0.0,-49.0,-102.0,-15.0,3,0
70448,3.1401,-0.9925,0.6964,0.2961,0.0,0.0,0.0,0.0,0.0,-39.0,-94.0,-13.0,3,0
70460,3.1401,-0.9925,0.6964,0.2961,0.0,0.0,0.0,0.0,0.0,-44.0,-98.0,-16.0,3,0
70473,3.1401,-0.991,0.6964,0.2961,0.0,0.0,0.0,0.0,0.0,-46.0,-98.0,-14.0,3,0
70481,3.1401,-0.991,0.6964,0.2961,0.0,0.0,0.0,0.0,0.0,-46.0,-98.0,-14.0,3,0
70493,3.1401,-0.9925,0.6964,0.2961,0.0,0.0,0.0,0.0,0.0,-44.0,-97.0,-13.0,3,0
70505,3.1401,-0.9925,0.6964,0.2961,0.0,0.0,0.0,0.0,0.0,-45.0,-101.0,-16.0,3,0
70518,3.1401,-0.9925,0.6964,0.2961,0.0,0.0,0.0,0.0,0.0,-47.0,-96.0,-16.0,3,0
70530,3.1401,-0.991,0.6964,0.2961,0.0,0.0,0.0,0.0,0.0,-48.0,-98.0,-16.0,3,0
70538,3.1401,-0.991,0.6964,0.2961,0.0,0.0,0.0,0.0,0.0,-48.0,-96.0,-16.0,3,0
70550,3.1401,-0.9925,0.6964,0.2961,0.0,0.0,0.0,0.0,0.0,-47.0,-93.0,-16.0,3,0
70563,3.1401,-0.991,0.6964,0.2961,0.0,0.0,0.0,0.0,0.0,-47.0,-97.0,-16.0,3,0
70575,3.1401,-0.9925,0.6964,0.2961,0.0,0.0,0.0,0.0,0.0,-47.0,-95.0,-16.0,3,0
70583,3.1401,-0.9925,0.6964,0.2961,0.0,0.0,0.0,0.0,0.0,-45.0,-101.0,-15.0,3,0
70595,3.1401,-0.9925,0.6964,0.2961,0.0,0.0,0.0,0.0,0.0,-46.0,-96.0,-15.0,3,0
70608,3.1401,-0.9925,0.6964,0.2961,0.0,0.0,0.0,0.0,2.0,-45.0,-96.0,-16.0,3,0
70620,3.1401,-0.9925,0.6964,0.2961,0.0,0.0,0.0,0.0,0.0,-45.0,-94.0,-16.0,3,0
70632,3.1401,-0.9925,0.6964,0.2961,0.0,0.0,0.0,0.0,0.0,-46.0,-91.0,-16.0,3,0
70640,3.1401,-0.9925,0.6964,0.2945,0.0,0.0,0.0,0.0,0.0,-45.0,-96.0,-14.0,3,0
70653,3.1401,-0.9925,0.6964,0.2961,0.0,0.0,0.0,0.0,0.0,-47.0,-97.0,-12.0,3,0
70665,3.1401,-0.9925,0.6964,0.2961,0.0,0.0,0.0,0.0,0.0,-47.0,-95.0,-16.0,3,0
70677,3.1401,-0.991,0.6964,0.2961,0.0,0.0,0.0,0.0,0.0,-49.0,-97.0,-16.0,3,0
70690,3.1401,-0.9925,0.6964,0.2961,0.0,0.0,0.0,0.0,0.0,-50.0,-96.0,-15.0,3,0
70698,3.1401,-0.9925,0.6964,0.2961,0.0,0.0,0.0,0.0,0.0,-45.0,-97.0,-15.0,3,0
70710,3.1401,-0.9925,0.6964,0.2961,0.0,0.0,0.0,0.0,0.0,-49.0,-95.0,-16.0,3,0
70722,3.1401,-0.991,0.6964,0.2961,0.0,0.0,0.0,0.0,0.0,-49.0,-95.0,-16.0,3,0
70735,3.1401,-0.9925,0.6964,0.2961,0.0,0.0,0.0,0.0,0.0,-46.0,-99.0,-16.0,4,0
70747,3.1401,-0.991,0.6964,0.2961,0.0,0.0,0.0,0.0,0.0,-46.0,-99.0,-15.0,4,0
70755,3.1416,-0.9925,0.6964,0.2961,0.0,0.0,0.0,0.0,0.0,-47.0,-98.0,-9.0,4,0
70767,3.1447,-0.9925,0.6964,0.2961,0.0,0.0,0.0,0.0,-7.0,-47.0,-93.0,-14.0,4,0
70780,3.1431,-0.991,0.6964,0.2961,0.024,0.0,0.0,0.0,-4.0,-47.0,-101.0,-16.0,4,0
70792,3.1416,-0.9925,0.6964,0.2961,0.024,0.0,0.0,0.0,9.0,-48.0,-102.0,-16.0,4,0
70804,3.137,-0.9925,0.698,0.2961,0.0,0.0,0.0,0.0,15.0,-46.0,-101.0,-16.0,5,0
70817,3.137,-0.9925,0.698,0.2961,-0.024,0.0,0.0,0.0,12.0,-45.0,-101.0,-16.0,29,1
70829,3.137,-0.9925,0.698,0.2961,-0.0479,0.0,0.0,0.0,8.0,-46.0,-101.0,-16.0,33,1
70841,3.137,-0.9925,0.698,0.2961,-0.0719,0.0,0.0,0.0,10.0,-44.0,-102.0,-15.0,35,1
70853,3.137,-0.9925,0.6964,0.2961,-0.0479,0.0,0.0,0.0,10.0,-48.0,-100.0,-16.0,39,1
70866,3.1385,-0.9925,0.698,0.2961,-0.024,0.0,0.0,0.0,8.0,-48.0,-101.0,-16.0,42,1
70878,3.1385,-0.9925,0.698,0.2961,0.0,0.0,0.0,0.0,13.0,-47.0,-102.0,-16.0,46,1
70890,3.1385,-0.9925,0.698,0.2961,0.0,0.0,0.0,0.0,16.0,-47.0,-102.0,-16.0,51,1
70903,3.1385,-0.9925,0.698,0.2961,0.0,0.0,0.0,0.0,16.0,-47.0,-106.0,-13.0,56,1
70915,3.137,-0.9925,0.698,0.2961,0.0,0.0,0.0,0.0,18.0,-48.0,-113.0,-16.0,57,1
70927,3.137,-0.9925,0.698,0.2961,0.0,0.0,0.0,0.0,19.0,-48.0,-113.0,-16.0,61,1
70939,3.137,-0.9925,0.6995,0.2961,0.0,0.0,0.0,0.0,18.0,-49.0,-115.0,-16.0,68,1
70952,3.137,-0.9925,0.701,0.2961,0.0,0.0,0.0,0.0,18.0,-46.0,-117.0,-16.0,74,1
70964,3.137,-0.9925,0.701,0.2961,0.0,0.0,0.024,0.0,19.0,-47.0,-123.0,-16.0,80,1
70976,3.137,-0.9925,0.701,0.2961,0.0,0.0,0.024,0.0,18.0,-47.0,-139.0,-16.0,81,1
70989,3.137,-0.991,0.7026,0.2961,0.0,0.0,0.0479,0.0,19.0,-48.0,-132.0,-16.0,83,1
71001,3.137,-0.9925,0.7041,0.2961,0.0,0.0,0.0479,0.0,19.0,-49.0,-147.0,-16.0,84,1
71013,3.137,-0.991,0.7041,0.2961,0.0,0.0,0.0479,0.0,19.0,-49.0,-129.0,-16.0,85,1
71025,3.1385,-0.9925,0.7041,0.2961,0.0,0.0,0.0479,0.0,20.0,-47.0,-129.0,-16.0,86,1
71042,3.1385,-0.9925,0.7041,0.2961,0.0,0.0,0.0479,0.0,19.0,-48.0,-129.0,-16.0,87,1
71054,3.137,-0.9925,0.7041,0.2961,0.0,0.0,0.024,0.0,20.0,-46.0,-126.0,-16.0,88,1
71066,3.1385,-0.9925,0.7026,0.2961,0.0,0.0,0.0,0.0,20.0,-47.0,-123.0,-15.0,88,1
71079,3.1385,-0.9925,0.7026,0.2961,0.0,0.0,0.0,0.0,21.0,-48.0,-125.0,-16.0,88,1
71091,3.1385,-0.991,0.7026,0.2961,0.0,0.0,0.0,0.0,10.0,-48.0,-124.0,-16.0,87,1
71103,3.1416,-0.991,0.7026,0.2945,0.024,0.0,0.0,0.0,0.0,-50.0,-118.0,-15.0,83,1
71116,3.1416,-0.9925,0.701,0.2961,0.024,0.0,0.0,0.0,-3.0,-50.0,-111.0,-15.0,77,1
71128,3.1431,-0.9925,0.701,0.2961,0.0479,0.0,-0.024,0.0,0.0,-49.0,-108.0,-16.0,68,1
71140,3.1447,-0.9925,0.6995,0.2945,0.0479,0.0,-0.024,0.0,-6.0,-42.0,-107.0,-16.0,53,1
71152,3.1447,-0.994,0.6995,0.2961,0.0719,0.0,-0.024,0.0,-11.0,-28.0,-108.0,-14.0,30,1
71165,3.1431,-0.994,0.6995,0.2961,0.0719,0.0,-0.024,0.0,-1.0,-42.0,-112.0,-16.0,15,1
71177,3.1416,-0.994,0.6995,0.2961,0.0479,-0.024,-0.024,0.0,6.0,-43.0,-109.0,-14.0,7,0
71189,3.1401,-0.994,0.6995,0.2961,0.0,-0.024,-0.024,0.0,0.0,-37.0,-112.0,-15.0,3,0
71198,3.1385,-0.994,0.6995,0.2961,0.0,-0.024,-0.024,0.0,9.0,-44.0,-112.0,-16.0,4,0
71210,3.137,-0.994,0.6995,0.2961,-0.0479,-0.024,0.0,0.0,18.0,-43.0,-112.0,-16.0,4,0
71222,3.137,-0.994,0.6995,0.2961,-0.0719,0.0,0.0,0.0,15.0,-37.0,-115.0,-13.0,4,0
71234,3.1401,-0.994,0.6995,0.2961,-0.0719,0.0,0.0,0.0,-4.0,-44.0,-110.0,-16.0,4,0
71247,3.1416,-0.994,0.6995,0.2961,-0.0479,0.0,0.0,0.0,0.0,-38.0,-112.0,-16.0,4,0
71255,3.1431,-0.994,0.6995,0.2961,0.0,0.0,0.0,0.0,-6.0,-40.0,-110.0,-16.0,4,0
71267,3.1431,-0.994,0.6995,0.2961,0.024,0.0,0.0,0.0,-1.0,-35.0,-113.0,-11.0,5,0
71279,3.1431,-0.994,0.6995,0.2961,0.0479,0.0,0.0,0.0,-1.0,-41.0,-113.0,-16.0,4,0
71292,3.1431,-0.994,0.6995,0.2961,0.0719,0.0,0.0,0.0,1.0,-42.0,-115.0,-13.0,3,0
71304,3.1401,-0.994,0.6995,0.2961,0.024,0.0,0.0,0.0,4.0,-37.0,-110.0,-16.0,3,0
71312,3.1401,-0.994,0.6995,0.2961,0.024,0.0,0.0,0.0,4.0,-37.0,-110.0,-16.0,3,0
71324,3.1385,-0.994,0.6995,0.2961,0.0,0.0,0.0,0.0,7.0,-43.0,-109.0,-16.0,3,0
71337,3.137,-0.994,0.6995,0.2961,-0.024,0.0,0.0,0.0,8.0,-41.0,-110.0,-16.0,3,0
71349,3.137,-0.994,0.6995,0.2961,-0.0479,0.0,0.0,0.0,10.0,-42.0,-115.0,-16.0,3,0
71361,3.1401,-0.994,0.6995,0.2961,-0.0719,0.0,0.0,0.0,1.0,-36.0,-113.0,-16.0,3,0
71370,3.1401,-0.994,0.6995,0.2961,-0.0479,0.0,0.0,0.0,-2.0,-38.0,-111.0,-16.0,2,0
71382,3.1416,-0.994,0.6995,0.2961,-0.024,0.0,0.0,0.0,0.0,-35.0,-110.0,-16.0,2,0
71394,3.1431,-0.994,0.6995,0.2961,0.024,0.0,0.0,0.0,0.0,-42.0,-110.0,-15.0,2,0
71406,3.1431,-0.994,0.6995,0.2961,0.0479,0.0,0.0,0.0,0.0,-36.0,-110.0,-13.0,2,0
71419,3.1416,-0.994,0.6995,0.2961,0.0479,0.0,0.0,0.0,1.0,-41.0,-113.0,-13.0,2,0
71427,3.1416,-0.994,0.6995,0.2961,0.0479,0.0,0.0,0.0,0.0,-38.0,-113.0,-15.0,1,0
71439,3.1416,-0.994,0.6995,0.2961,0.024,0.0,0.0,0.0,0.0,-42.0,-111.0,-16.0,1,0
71451,3.1401,-0.994,0.6995,0.2961,0.0,0.0,0.0,0.0,0.0,-39.0,-111.0,-13.0,1,0
71464,3.1401,-0.994,0.6995,0.2961,-0.024,0.0,0.0,0.0,0.0,-39.0,-112.0,-15.0,1,0
71472,3.1401,-0.994,0.6995,0.2961,-0.024,0.0,0.0,0.0,0.0,-39.0,-112.0,-15.0,1,0
71484,3.1401,-0.994,0.6995,0.2961,-0.024,0.0,0.0,0.0,0.0,-42.0,-115.0,-16.0,1,0
71497,3.1401,-0.994,0.6995,0.2961,-0.024,0.0,0.0,0.0,0.0,-42.0,-110.0,-16.0,1,0
71509,3.1401,-0.994,0.6995,0.2961,-0.024,0.0,0.0,0.0,0.0,-42.0,-111.0,-16.0,1,0
71521,3.1401,-0.994,0.6995,0.2961,0.0,0.0,0.0,0.0,0.0,-42.0,-115.0,-16.0,1,0
71529,3.1401,-0.9956,0.6995,0.2961,0.0,0.0,0.0,0.0,0.0,-42.0,-115.0,-16.0,0,0
71542,3.1401,-0.994,0.6995,0.2961,0.0,0.0,0.0,0.0,0.0,-43.0,-116.0,-16.0,0,0
71554,3.1401,-0.994,0.6995,0.2961,0.0,0.0,0.0,0.0,0.0,-43.0,-111.0,-16.0,0,0
71566,3.1401,-0.994,0.6995,0.2961,0.0,0.0,0.0,0.0,0.0,-41.0,-111.0,-14.0,1,0
71578,3.1401,-0.994,0.6995,0.2961,0.0,0.0,0.0,0.0,0.0,-43.0,-112.0,-15.0,1,0
71587,3.1401,-0.994,0.6995,0.2961,0.0,0.0,0.0,0.0,0.0,-43.0,-115.0,-15.0,1,0
71599,3.1401,-0.994,0.6995,0.2961,0.0,0.0,0.0,0.0,0.0,-43.0,-114.0,-10.0,1,0
71611,3.1401,-0.994,0.6995,0.2961,0.0,0.0,0.0,0.0,0.0,-41.0,-114.0,-16.0,1,0
71623,3.1401,-0.994,0.6995,0.2961,0.0,0.0,0.0,0.0,0.0,-46.0,-112.0,-12.0,1,0
71636,3.1401,-0.994,0.6995,0.2961,0.0,0.0,0.0,0.0,0.0,-39.0,-115.0,-13.0,0,0
71644,3.1401,-0.994,0.6995,0.2961,0.0,0.0,0.0,0.0,0.0,-48.0,-115.0,-16.0,1,0
71656,3.1401,-0.994,0.6995,0.2961,0.0,0.0,0.0,0.0,0.0,-43.0,-111.0,-16.0,1,0
71669,3.1401,-0.994,0.6995,0.2961,0.0,0.0,0.0,0.0,0.0,-48.0,-113.0,-16.0,0,0
71681,3.1401,-0.994,0.6995,0.2945,0.0,0.0,0.0,0.0,0.0,-47.0,-111.0,-16.0,1,0
71693,3.1401,-0.994,0.6995,0.2961,0.0,0.0,0.0,0.0,0.0,-43.0,-116.0,-16.0,0,0
71701,3.1401,-0.994,0.6995,0.2961,0.0,0.0,0.0,0.0,0.0,-43.0,-116.0,-16.0,0,0
71714,3.1401,-0.994,0.6995,0.2961,0.0,0.0,0.0,0.0,0.0,-46.0,-115.0,-15.0,0,0
71726,3.1401,-0.994,0.6995,0.2961,0.0,0.0,0.0,0.0,0.0,-38.0,-113.0,-16.0,0,0
71738,3.1401,-0.9956,0.6995,0.2961,0.0,0.0,0.0,0.0,0.0,-40.0,-113.0,-16.0,0,0
71750,3.1401,-0.994,0.6995,0.2961,0.0,0.0,0.0,0.0,0.0,-40.0,-114.0,-16.0,0,0
71759,3.1401,-0.994,0.6995,0.2961,0.0,0.0,0.0,0.0,0.0,-37.0,-113.0,-16.0,0,0
71771,3.1416,-0.994,0.6995,0.2961,0.0,0.0,0.0,0.0,0.0,-43.0,-112.0,-13.0,1,0
71783,3.1431,-0.994,0.6995,0.2961,0.024,0.0,0.0,0.0,-7.0,-40.0,-114.0,-14.0,1,0
71796,3.1431,-0.994,0.6995,0.2961,0.024,0.0,0.0,0.0,-6.0,-43.0,-113.0,-16.0,1,0
71808,3.1416,-0.994,0.6995,0.2961,0.024,0.0,0.0,0.0,-3.0,-43.0,-114.0,-16.0,4,0
71816,3.1431,-0.994,0.6995,0.2961,0.024,0.0,0.0,0.0,-1.0,-43.0,-114.0,-16.0,9,0
71828,3.1416,-0.994,0.6995,0.2961,0.024,0.0,0.0,0.0,-4.0,-43.0,-113.0,-16.0,9,0
71841,3.1416,-0.994,0.6995,0.2961,0.0,0.0,0.0,0.0,0.0,-43.0,-107.0,-16.0,12,1
71853,3.1401,-0.994,0.698,0.2961,0.0,0.0,0.0,0.0,0.0,-49.0,-92.0,-15.0,12,1
71865,3.1385,-0.994,0.6964,0.2961,-0.024,0.0,0.0,0.0,4.0,-51.0,-100.0,-16.0,11,1
71877,3.137,-0.994,0.6964,0.2961,-0.0479,0.0,0.0,0.0,8.0,-52.0,-103.0,-15.0,15,1
71890,3.137,-0.994,0.698,0.2961,-0.0719,0.0,0.0,0.0,27.0,-49.0,-103.0,-14.0,19,1
71902,3.1355,-0.994,0.698,0.2961,-0.0719,0.0,0.0,0.0,34.0,-56.0,-107.0,-16.0,31,1
71914,3.1355,-0.991,0.698,0.2961,-0.0719,0.0,0.0,0.0,33.0,-77.0,-107.0,-16.0,41,1
71931,3.1355,-0.9894,0.698,0.2961,-0.0719,0.024,0.0,0.0,34.0,-80.0,-104.0,-16.0,42,1
71943,3.1339,-0.9863,0.6964,0.2961,-0.0479,0.0479,0.0,0.0,38.0,-102.0,-111.0,-16.0,45,1
71955,3.1339,-0.9863,0.698,0.2961,-0.024,0.0719,0.0,0.0,42.0,-101.0,-100.0,-16.0,49,1
71968,3.1339,-0.9848,0.698,0.2961,-0.024,0.0959,0.0,0.0,42.0,-112.0,-100.0,-16.0,56,1
71980,3.1339,-0.9833,0.698,0.2961,-0.024,0.0959,0.0,0.0,43.0,-107.0,-102.0,-16.0,60,1
71992,3.1339,-0.9833,0.698,0.2961,-0.024,0.0959,0.0,0.0,48.0,-117.0,-103.0,-15.0,66,1
72004,3.1339,-0.9802,0.6964,0.2961,0.0,0.0959,0.0,0.0,49.0,-126.0,-106.0,-16.0,70,1
72017,3.1339,-0.9787,0.698,0.2961,0.0,0.0959,0.0,0.0,50.0,-130.0,-107.0,-16.0,72,1
72029,3.1324,-0.9787,0.6964,0.2961,0.0,0.0959,0.0,0.0,49.0,-128.0,-104.0,-16.0,72,1
72041,3.1339,-0.9787,0.6964,0.2961,0.0,0.0959,0.0,0.0,51.0,-119.0,-105.0,-15.0,74,1
72054,3.1339,-0.9787,0.698,0.2961,0.0,0.0719,0.0,0.0,51.0,-118.0,-103.0,-16.0,76,1
72066,3.1339,-0.9787,0.698,0.2961,0.0,0.0479,0.0,0.0,51.0,-118.0,-102.0,-16.0,79,1
72078,3.1339,-0.9787,0.6964,0.2961,0.0,0.024,0.0,0.0,52.0,-117.0,-100.0,-16.0,79,1
72090,3.1339,-0.9787,0.698,0.2961,0.0,0.024,0.0,0.0,49.0,-117.0,-108.0,-16.0,77,1
72103,3.1339,-0.9787,0.698,0.2961,0.0,0.0,0.0,0.0,42.0,-114.0,-108.0,-15.0,74,1
72115,3.1355,-0.9802,0.698,0.2961,0.0,0.0,0.0,0.0,29.0,-112.0,-106.0,-16.0,73,1
72127,3.1355,-0.9802,0.698,0.2961,0.0,0.0,0.0,0.0,22.0,-110.0,-106.0,-16.0,70,1
72140,3.137,-0.9802,0.6964,0.2961,0.024,0.0,0.0,0.0,16.0,-92.0,-104.0,-13.0,69,1
72152,3.1385,-0.9817,0.6964,0.2961,0.024,-0.024,0.0,0.0,11.0,-78.0,-103.0,-16.0,63,1
72164,3.1401,-0.9863,0.698,0.2961,0.0479,-0.0479,0.0,0.0,2.0,-48.0,-107.0,-16.0,50,1
72176,3.1401,-0.9879,0.698,0.2961,0.0479,-0.0719,0.0,0.0,5.0,-39.0,-104.0,-16.0,38,1
72193,3.1401,-0.991,0.6964,0.2961,0.0479,-0.1438,0.0,0.0,0.0,-28.0,-104.0,-14.0,18,1
72205,3.1401,-0.994,0.6964,0.2945,0.0479,-0.1438,0.0,0.0,0.0,-30.0,-103.0,-11.0,12,1
72217,3.1401,-0.994,0.6964,0.2961,0.0479,-0.1678,0.0,0.0,0.0,-29.0,-103.0,-13.0,11,1
72226,3.1401,-0.9956,0.698,0.2961,0.024,-0.1678,0.0,0.0,0.0,-34.0,-101.0,-14.0,7,0
72238,3.1401,-0.9956,0.6964,0.2961,0.0,-0.1438,0.0,0.0,0.0,-32.0,-101.0,-15.0,7,0
72251,3.1401,-0.9956,0.698,0.2961,0.0,-0.1198,0.0,0.0,0.0,-37.0,-102.0,-16.0,7,0
72262,3.1401,-0.9956,0.698,0.2961,0.0,-0.0959,0.0,0.0,0.0,-42.0,-102.0,-16.0,6,0
72275,3.1401,-0.9956,0.6964,0.2961,0.0,-0.0479,0.0,0.0,0.0,-43.0,-102.0,-16.0,5,0
72283,3.1401,-0.9956,0.6964,0.2961,0.0,-0.024,0.0,0.0,0.0,-43.0,-104.0,-16.0,4,0
72296,3.1401,-0.9956,0.6964,0.2961,0.0,-0.024,0.0,0.0,0.0,-44.0,-104.0,-16.0,4,0
72307,3.1401,-0.9956,0.698,0.2961,0.0,0.0,0.0,0.0,0.0,-40.0,-103.0,-16.0,4,0
72320,3.1401,-0.9956,0.6964,0.2961,0.0,0.0,0.0,0.0,0.0,-38.0,-101.0,-14.0,3,0
72332,3.1401,-0.9956,0.6964,0.2961,0.0,0.0,0.0,0.0,0.0,-35.0,-100.0,-15.0,2,0
72340,3.1401,-0.9956,0.6964,0.2945,0.0,0.0,0.0,0.0,0.0,-41.0,-101.0,-16.0,2,0
72353,3.1401,-0.9956,0.698,0.2961,0.0,0.0,0.0,0.0,0.0,-33.0,-102.0,-16.0,2,0
72365,3.1401,-0.9956,0.698,0.2961,0.0,0.0,0.0,0.0,0.0,-35.0,-99.0,-13.0,2,0
72377,3.1401,-0.9956,0.6964,0.2961,0.0,0.0,0.0,0.0,0.0,-36.0,-104.0,-15.0,2,0
72389,3.1401,-0.9971,0.698,0.2961,0.0,0.0,0.0,0.0,0.0,-31.0,-103.0,-15.0,2,0
72398,3.1401,-0.9956,0.698,0.2961,0.0,0.0,0.0,0.0,0.0,-30.0,-97.0,-16.0,2,0
72410,3.1401,-0.9956,0.6964,0.2961,0.0,0.0,0.0,0.0,0.0,-42.0,-104.0,-16.0,2,0
72422,3.1401,-0.9956,0.6964,0.2961,0.0,0.0,0.0,0.0,0.0,-27.0,-102.0,-13.0,1,0
72434,3.1401,-0.9956,0.6964,0.2961,0.0,0.0,0.0,0.0,0.0,-35.0,-103.0,-14.0,1,0
72447,3.1401,-0.9956,0.6964,0.2961,0.0,0.0,0.0,0.0,0.0,-30.0,-102.0,-16.0,1,0
72455,3.1401,-0.9971,0.6964,0.2961,0.0,0.0,0.0,0.0,0.0,-22.0,-101.0,-16.0,1,0
72467,3.1401,-0.9956,0.698,0.2961,0.0,0.0,0.0,0.0,0.0,-34.0,-102.0,-16.0,1,0
72480,3.1401,-0.9971,0.6964,0.2961,0.0,0.0,0.0,0.0,0.0,-36.0,-103.0,-13.0,1,0
72492,3.1401,-0.9971,0.6964,0.2961,0.0,0.0,0.0,0.0,0.0,-34.0,-103.0,-14.0,1,0
72504,3.1401,-0.9956,0.6964,0.2961,0.0,0.0,0.0,0.0,0.0,-27.0,-102.0,-15.0,1,0
72512,3.1401,-0.9956,0.6964,0.2961,0.0,0.0,0.0,0.0,0.0,-27.0,-102.0,-15.0,1,0
72525,3.1401,-0.9956,0.698,0.2961,0.0,0.0,0.0,0.0,0.0,-40.0,-104.0,-16.0,1,0
72537,3.1401,-0.9971,0.698,0.2961,0.0,0.0,0.0,0.0,0.0,-33.0,-103.0,-15.0,1,0
72549,3.1401,-0.9971,0.6964,0.2961,0.0,0.0,0.0,0.0,0.0,-29.0,-101.0,-15.0,1,0
72557,3.1401,-0.9971,0.6964,0.2961,0.0,0.0,0.0,0.0,0.0,-30.0,-102.0,-16.0,1,0
72570,3.1401,-0.9956,0.698,0.2961,0.0,0.0,0.0,0.0,0.0,-30.0,-102.0,-16.0,1,0
72582,3.1401,-0.9956,0.698,0.2961,0.0,0.0,0.0,0.0,0.0,-31.0,-105.0,-15.0,1,0
72594,3.1401,-0.9956,0.6964,0.2961,0.0,0.0,0.0,0.0,0.0,-28.0,-102.0,-16.0,0,0
72606,3.1401,-0.9956,0.698,0.2961,0.0,0.0,0.0,0.0,0.0,-28.0,-100.0,-13.0,1,0
72615,3.1401,-0.9971,0.698,0.2961,0.0,0.0,0.0,0.0,0.0,-34.0,-107.0,-15.0,0,0
72627,3.1401,-0.9971,0.698,0.2961,0.0,0.0,0.0,0.0,0.0,-34.0,-100.0,-11.0,0,0
72639,3.1401,-0.9971,0.6964,0.2961,0.0,0.0,0.0,0.0,0.0,-36.0,-101.0,-16.0,0,0
72652,3.1401,-0.9971,0.698,0.2961,0.0,0.0,0.0,0.0,0.0,-26.0,-104.0,-14.0,0,0
72664,3.1401,-0.9971,0.698,0.2961,0.0,0.0,0.0,0.0,0.0,-26.0,-103.0,-15.0,0,0
72672,3.1401,-0.9971,0.698,0.2961,0.0,0.0,0.0,0.0,0.0,-26.0,-103.0,-15.0,0,0
72684,3.1401,-0.9956,0.6964,0.2961,0.0,0.0,0.0,0.0,0.0,-34.0,-98.0,-15.0,0,0
72697,3.1401,-0.9956,0.6964,0.2961,0.0,0.0,0.0,0.0,0.0,-28.0,-103.0,-12.0,0,0
72709,3.1401,-0.9971,0.6964,0.2961,0.0,0.0,0.0,0.0,0.0,-37.0,-101.0,-16.0,0,0
72721,3.1401,-0.9956,0.6964,0.2961,0.0,0.0,0.0,0.0,0.0,-36.0,-98.0,-16.0,0,0
72729,3.1401,-0.9956,0.6964,0.2961,0.0,0.0,0.0,0.0,0.0,-35.0,-103.0,-16.0,0,0
72742,3.1401,-0.9956,0.698,0.2961,0.0,0.0,0.0,0.0,0.0,-26.0,-104.0,-15.0,0,0
72754,3.1401,-0.9956,0.6964,0.2961,0.0,0.0,0.0,0.0,0.0,-32.0,-103.0,-15.0,0,0
72766,3.1401,-0.9971,0.6964,0.2961,0.0,0.0,0.0,0.0,0.0,-38.0,-105.0,-14.0,0,0
72779,3.1401,-0.9956,0.6964,0.2961,0.0,0.0,0.0,0.0,0.0,-33.0,-101.0,-16.0,0,0
72787,3.1401,-0.9956,0.698,0.2961,0.0,0.0,0.0,0.0,0.0,-26.0,-103.0,-15.0,0,0
72799,3.1401,-0.9971,0.698,0.2961,0.0,0.0,0.0,0.0,0.0,-33.0,-101.0,-14.0,0,0
72811,3.1401,-0.9971,0.6964,0.2961,0.0,0.0,0.0,0.0,0.0,-33.0,-103.0,-16.0,0,0
72824,3.1401,-0.9956,0.6964,0.2961,0.0,0.0,0.0,0.0,0.0,-25.0,-104.0,-15.0,0,0
72836,3.1401,-0.9956,0.698,0.2961,0.0,0.0,0.0,0.0,0.0,-25.0,-102.0,-16.0,0,0
72844,3.1401,-0.9971,0.698,0.2961,0.0,0.0,0.0,0.0,0.0,-33.0,-101.0,-16.0,0,0
72856,3.1401,-0.9971,0.698,0.2961,0.0,0.0,0.0,0.0,0.0,-29.0,-99.0,-16.0,0,0
72869,3.1401,-0.9956,0.698,0.2961,0.0,0.0,0.0,0.0,0.0,-28.0,-102.0,-16.0,0,0
72881,3.1401,-0.9971,0.698,0.2961,0.0,0.0,0.0,0.0,0.0,-33.0,-99.0,-16.0,0,0
72893,3.1401,-0.9971,0.6964,0.2961,0.0,0.0,0.0,0.0,0.0,-34.0,-100.0,-16.0,0,0
72901,3.1401,-0.9971,0.6964,0.2961,0.0,0.0,0.0,0.0,0.0,-34.0,-100.0,-16.0,0,0
72914,3.1401,-0.9956,0.6964,0.2961,0.0,0.0,0.0,0.0,0.0,-34.0,-101.0,-16.0,0,0
72926,3.1401,-0.9956,0.698,0.2961,0.0,0.0,0.0,0.0,0.0,-32.0,-101.0,-16.0,0,0
72938,3.1401,-0.9971,0.698,0.2961,0.0,0.0,0.0,0.0,0.0,-37.0,-103.0,-14.0,0,0
72951,3.1401,-0.9971,0.698,0.2961,0.0,0.0,0.0,0.0,0.0,-36.0,-102.0,-15.0,0,0
72959,3.1401,-0.9971,0.698,0.2884,0.0,0.0,0.0,0.0,0.0,-32.0,-105.0,10.0,0,0
72971,3.1401,-0.9956,0.6995,0.2961,0.0,0.0,0.0,-0.024,4.0,-34.0,-131.0,-19.0,0,0
72983,3.1385,-0.9956,0.7026,0.2961,0.0,0.0,0.024,0.0,9.0,-43.0,-151.0,-17.0,1,0
72996,3.1401,-0.9956,0.7026,0.2976,0.0,0.0,0.0479,0.0,0.0,-56.0,-155.0,-20.0,2,0
73004,3.1416,-0.994,0.7041,0.2961,0.0,0.0,0.0479,0.0,0.0,-61.0,-164.0,-19.0,2,0
73020,3.1431,-0.994,0.7072,0.2961,0.0,0.0,0.0719,0.0,0.0,-49.0,-173.0,-18.0,49,1
73032,3.1416,-0.994,0.7087,0.2961,0.0,0.024,0.0959,0.024,0.0,-44.0,-172.0,-18.0,45,1
73045,3.1385,-0.994,0.7118,0.2961,0.0,0.024,0.1438,0.0,3.0,-44.0,-170.0,-17.0,52,1
73057,3.1385,-0.994,0.7118,0.2961,0.0,0.024,0.1198,0.0,13.0,-44.0,-184.0,-17.0,56,1
73069,3.1401,-0.994,0.7102,0.2961,0.0,0.024,0.1198,0.0,-1.0,-45.0,-188.0,-20.0,56,1
73082,3.1401,-0.994,0.7118,0.2961,0.0,0.0,0.0959,0.0,0.0,-50.0,-187.0,-18.0,57,1
73094,3.1401,-0.994,0.7118,0.2961,-0.024,0.0,0.0719,0.0,0.0,-52.0,-197.0,-17.0,65,1
73106,3.1401,-0.994,0.7118,0.2976,0.0,0.0,0.0479,0.0,0.0,-60.0,-195.0,-16.0,72,1
73118,3.1401,-0.9925,0.7118,0.2961,0.0,0.0,0.024,0.0,0.0,-70.0,-191.0,-18.0,77,1
73131,3.1401,-0.9925,0.7118,0.2976,0.0,0.0,0.024,0.0,0.0,-74.0,-196.0,-18.0,81,1
73143,3.1401,-0.991,0.7118,0.2961,0.0,0.024,0.0,0.0,0.0,-74.0,-197.0,-18.0,83,1
73155,3.1401,-0.991,0.7118,0.2961,0.0,0.024,0.0,0.0,6.0,-59.0,-196.0,-17.0,85,1
73168,3.1385,-0.991,0.7102,0.2976,0.0,0.024,0.0,0.0,1.0,-59.0,-195.0,-22.0,84,1
73180,3.1401,-0.991,0.7102,0.2961,0.0,0.024,0.0,0.0,5.0,-66.0,-192.0,-20.0,83,1
73192,3.1401,-0.991,0.7102,0.2961,0.0,0.024,0.0,0.0,0.0,-64.0,-163.0,-19.0,81,1
73204,3.1401,-0.9925,0.7087,0.2961,0.0,0.0,-0.024,0.0,0.0,-58.0,-131.0,-16.0,74,1
73217,3.1416,-0.9925,0.7056,0.2961,0.0,0.0,-0.0479,0.0,0.0,-49.0,-110.0,-16.0,64,1
73229,3.1431,-0.9925,0.7041,0.2961,0.0,0.0,-0.0719,0.0,-2.0,-37.0,-92.0,-16.0,52,1
73241,3.1431,-0.994,0.7026,0.2961,0.024,-0.024,-0.0719,0.0,-1.0,-28.0,-91.0,-19.0,42,1
73254,3.1431,-0.9971,0.6995,0.2961,0.024,-0.0479,-0.1198,0.0,3.0,-23.0,-94.0,-16.0,30,1
73270,3.1401,-0.9971,0.6964,0.2961,0.024,-0.0719,-0.1438,0.0,0.0,-29.0,-87.0,-17.0,15,1
73278,3.1385,-0.9971,0.6964,0.2961,0.0,-0.0719,-0.1438,0.0,0.0,-33.0,-96.0,-16.0,2,0
73291,3.1385,-0.9971,0.6964,0.2961,0.0,-0.0719,-0.1438,0.0,12.0,-31.0,-102.0,-18.0,2,0
73303,3.1401,-0.9971,0.6964,0.2961,-0.024,-0.0479,-0.0959,0.0,-1.0,-32.0,-105.0,-16.0,2,0
73315,3.1416,-0.9986,0.6964,0.2976,-0.024,-0.024,-0.0719,0.0,0.0,-32.0,-104.0,-17.0,2,0
73323,3.1416,-0.9971,0.6964,0.2961,-0.024,-0.024,-0.0479,0.0,0.0,-33.0,-105.0,-16.0,2,0
73336,3.1416,-0.9971,0.6964,0.2961,0.0,0.0,-0.024,0.0,0.0,-21.0,-105.0,-16.0,2,0
73348,3.1416,-0.9971,0.6964,0.2961,0.0,0.0,0.0,0.0,0.0,-19.0,-105.0,-18.0,2,0
73360,3.1416,-0.9971,0.6964,0.2961,0.024,0.0,0.0,0.0,0.0,-20.0,-103.0,-16.0,2,0
73372,3.1416,-0.9971,0.6964,0.2961,0.024,0.0,0.0,0.0,0.0,-29.0,-103.0,-16.0,1,0
73381,3.1416,-0.9971,0.6964,0.2961,0.024,0.0,0.0,0.0,0.0,-32.0,-103.0,-16.0,1,0
73393,3.1416,-0.9971,0.6964,0.2961,0.0,0.0,0.0,0.0,0.0,-32.0,-105.0,-16.0,1,0
73405,3.1416,-0.9971,0.6964,0.2961,0.0,0.0,0.0,0.0,4.0,-19.0,-105.0,-16.0,1,0
73417,3.1416,-0.9971,0.6964,0.2961,0.0,0.0,0.0,0.0,0.0,-32.0,-104.0,-16.0,1,0
73430,3.1401,-0.9971,0.6964,0.2961,0.0,0.0,0.0,0.0,0.0,-22.0,-106.0,-16.0,1,0
73438,3.1401,-0.9971,0.6964,0.2961,0.0,0.0,0.0,0.0,0.0,-25.0,-103.0,-16.0,1,0
73450,3.1401,-0.9971,0.6964,0.2961,0.0,0.0,0.0,0.0,0.0,-19.0,-103.0,-16.0,1,0
73463,3.1401,-0.9971,0.6964,0.2961,0.0,0.0,0.0,0.0,0.0,-29.0,-105.0,-16.0,1,0
73475,3.1416,-0.9971,0.6964,0.2961,0.0,0.0,0.0,0.0,0.0,-33.0,-104.0,-17.0,1,0
73487,3.1416,-0.9971,0.6964,0.2961,0.0,0.0,0.0,0.0,0.0,-30.0,-104.0,-17.0,0,0
73495,3.1416,-0.9971,0.6964,0.2961,0.0,0.0,0.0,0.0,0.0,-32.0,-103.0,-16.0,0,0
73508,3.1416,-0.9971,0.6964,0.2961,0.0,0.0,0.0,0.0,0.0,-32.0,-103.0,-16.0,0,0
73520,3.1416,-0.9971,0.6964,0.2961,0.0,0.0,0.0,0.0,0.0,-19.0,-103.0,-16.0,0,0
73532,3.1416,-0.9971,0.6964,0.2961,0.0,0.0,0.0,0.0,0.0,-20.0,-103.0,-19.0,0,0
73544,3.1416,-0.9971,0.6964,0.2961,0.0,0.0,0.0,0.0,0.0,-29.0,-103.0,-16.0,0,0
73553,3.1401,-0.9971,0.6964,0.2961,0.0,0.0,0.0,0.0,0.0,-30.0,-103.0,-18.0,0,0
73565,3.1416,-0.9971,0.6964,0.2961,0.0,0.0,0.0,0.0,0.0,-29.0,-103.0,-18.0,0,0
73577,3.1416,-0.9971,0.6964,0.2961,0.0,0.0,0.0,0.0,0.0,-33.0,-103.0,-16.0,0,0
73590,3.1401,-0.9971,0.6964,0.2961,0.0,0.0,0.0,0.0,0.0,-33.0,-103.0,-16.0,0,0
73602,3.1401,-0.9971,0.6964,0.2961,0.0,0.0,0.0,0.0,0.0,-28.0,-103.0,-16.0,0,0
73610,3.1401,-0.9971,0.6964,0.2961,0.0,0.0,0.0,0.0,0.0,-29.0,-103.0,-16.0,0,0
73622,3.1416,-0.9971,0.6964,0.2961,0.0,0.0,0.0,0.0,0.0,-29.0,-104.0,-16.0,0,0
73635,3.1416,-0.9971,0.6964,0.2961,0.0,0.0,0.0,0.0,0.0,-29.0,-103.0,-16.0,0,0
73647,3.1416,-0.9971,0.6964,0.2961,0.0,0.0,0.0,0.0,0.0,-29.0,-104.0,-16.0,0,0
73660,3.1401,-0.9971,0.6964,0.2961,0.0,0.0,0.0,0.0,0.0,-29.0,-103.0,-16.0,0,0
73668,3.1416,-0.9971,0.6964,0.2961,0.0,0.0,0.0,0.0,0.0,-30.0,-103.0,-16.0,0,0
73680,3.1401,-0.9971,0.6964,0.2961,0.0,0.0,0.0,0.0,0.0,-29.0,-103.0,-18.0,0,0
73692,3.1401,-0.9971,0.6964,0.2961,0.0,0.0,0.0,0.0,0.0,-29.0,-103.0,-17.0,0,0
73705,3.1401,-0.9971,0.6964,0.2961,0.0,0.0,0.0,0.0,0.0,-29.0,-103.0,-19.0,0,0
73717,3.1401,-0.9971,0.6964,0.2961,0.0,0.0,0.0,0.0,0.0,-29.0,-103.0,-17.0,0,0
73725,3.1416,-0.9971,0.6964,0.2961,0.0,0.0,0.0,0.0,0.0,-29.0,-104.0,-16.0,0,0
73737,3.1416,-0.9971,0.6964,0.2961,0.0,0.0,0.0,0.0,0.0,-29.0,-104.0,-16.0,0,0
73749,3.1416,-0.9971,0.6964,0.2961,0.0,0.0,0.0,0.0,0.0,-29.0,-103.0,-16.0,0,0
73762,3.1416,-0.9971,0.6964,0.2976,0.0,0.0,0.0,0.0,0.0,-29.0,-104.0,-16.0,0,0
73770,3.1416,-0.9971,0.6964,0.2961,0.0,0.0,0.0,0.0,0.0,-29.0,-104.0,-16.0,0,0
73782,3.1416,-0.9971,0.6964,0.2961,0.0,0.0,0.0,0.0,0.0,-29.0,-104.0,-16.0,0,0
73795,3.1401,-0.9971,0.6964,0.2961,0.0,0.0,0.0,0.0,0.0,-29.0,-104.0,-16.0,0,0
73807,3.1416,-0.9971,0.6964,0.2961,0.0,0.0,0.0,0.0,0.0,-29.0,-103.0,-16.0,0,0
73819,3.1401,-0.9971,0.6964,0.2961,0.0,0.0,0.0,0.0,0.0,-29.0,-103.0,-19.0,0,0
73827,3.1401,-0.9971,0.6964,0.2961,0.0,0.0,0.0,0.0,0.0,-29.0,-103.0,-16.0,0,0
73839,3.1416,-0.9971,0.6964,0.2961,0.0,0.0,0.0,0.0,0.0,-28.0,-103.0,-16.0,0,0
73852,3.1416,-0.9971,0.6964,0.2961,0.0,0.0,0.0,0.0,0.0,-29.0,-103.0,-16.0,0,0
73864,3.1416,-0.9971,0.6964,0.2961,0.0,0.0,0.0,0.0,0.0,-29.0,-103.0,-16.0,0,0
73876,3.1416,-0.9971,0.6964,0.2961,0.0,0.0,0.0,0.0,0.0,-29.0,-103.0,-16.0,0,0
73884,3.1416,-0.9971,0.6964,0.2961,0.0,0.0,0.0,0.0,0.0,-28.0,-103.0,-16.0,0,0
73897,3.1416,-0.9971,0.6964,0.2961,0.0,0.0,0.0,0.0,0.0,-29.0,-103.0,-17.0,0,0
73909,3.1401,-0.9971,0.6964,0.2961,0.0,0.0,0.0,0.0,0.0,-27.0,-103.0,-16.0,0,0
73922,3.1401,-0.9971,0.6964,0.2961,0.0,0.0,0.0,0.0,0.0,-31.0,-103.0,-16.0,0,0
73934,3.1416,-0.9971,0.6964,0.2961,0.0,0.0,0.0,0.0,0.0,-19.0,-103.0,-16.0,0,0
73942,3.1416,-0.9971,0.6964,0.2961,0.0,0.0,0.0,0.0,0.0,-19.0,-103.0,-16.0,0,0
73954,3.1401,-0.9971,0.6964,0.2961,0.0,0.0,0.0,0.0,0.0,-19.0,-102.0,-16.0,0,0
73966,3.1401,-0.9971,0.6964,0.2961,0.0,0.0,0.0,0.0,0.0,-30.0,-102.0,-16.0,0,0
73979,3.1416,-0.9971,0.6964,0.2961,0.0,0.0,0.0,0.0,0.0,-20.0,-102.0,-18.0,0,0
73991,3.1401,-0.9971,0.6964,0.2961,0.0,0.0,0.0,0.0,0.0,-27.0,-102.0,-16.0,0,0
73999,3.1416,-0.9971,0.6964,0.2961,0.0,0.0,0.0,0.0,0.0,-29.0,-102.0,-16.0,0,0
74012,3.1416,-0.9971,0.6964,0.2961,0.0,0.0,0.0,0.0,0.0,-30.0,-102.0,-16.0,0,0
74024,3.1416,-0.9971,0.6964,0.2961,0.0,0.0,0.0,0.0,0.0,-25.0,-102.0,-16.0,0,0
74036,3.1431,-0.9971,0.6964,0.2961,0.0,0.0,0.0,0.0,-6.0,-31.0,-99.0,-16.0,0,0
74048,3.1447,-0.9971,0.6949,0.2961,0.0,0.0,0.0,0.0,-7.0,-33.0,-81.0,-16.0,0,0
74057,3.1447,-0.9956,0.6949,0.2961,0.024,0.0,0.0,0.0,-15.0,-50.0,-78.0,-16.0,0,0
74069,3.1447,-0.9956,0.6949,0.2961,0.024,0.0,0.0,0.0,-14.0,-63.0,-96.0,-16.0,0,0
74081,3.1447,-0.994,0.6949,0.2961,0.024,0.0,0.0,0.0,-14.0,-66.0,-98.0,-17.0,2,0
74093,3.1447,-0.991,0.6949,0.2961,0.024,0.0479,0.0,0.0,-18.0,-95.0,-94.0,-16.0,55,1
74106,3.1447,-0.9894,0.6949,0.2961,0.024,0.0719,0.0,0.0,-20.0,-103.0,-98.0,-16.0,65,1
74118,3.1447,-0.9879,0.6949,0.2961,0.0,0.0959,0.0,0.0,-25.0,-104.0,-96.0,-16.0,75,1
74130,3.1447,-0.9863,0.6949,0.2961,0.0,0.1198,0.0,0.0,-24.0,-100.0,-90.0,-16.0,78,1
74142,3.1431,-0.9863,0.6949,0.2961,0.0,0.1198,0.0,0.0,-22.0,-94.0,-92.0,-16.0,85,1
74155,3.1447,-0.9848,0.6949,0.2961,0.0,0.1198,0.0,0.0,-19.0,-108.0,-92.0,-16.0,87,1
74167,3.1447,-0.9848,0.6949,0.2961,0.0,0.0959,0.0,0.0,-12.0,-101.0,-89.0,-18.0,92,1
74179,3.1431,-0.9848,0.6949,0.2961,0.0,0.0719,0.0,0.0,-4.0,-109.0,-93.0,-17.0,98,1
74192,3.1431,-0.9848,0.6949,0.2961,0.0,0.0479,0.0,0.0,-3.0,-110.0,-91.0,-16.0,99,1
74204,3.1416,-0.9848,0.6949,0.2961,-0.024,0.024,0.0,0.0,-6.0,-110.0,-96.0,-19.0,99,1
74220,3.1416,-0.9848,0.6949,0.2961,-0.024,0.024,0.0,0.0,-7.0,-110.0,-89.0,-16.0,100,1
74233,3.1416,-0.9848,0.6949,0.2961,-0.024,0.0,0.0,0.0,-3.0,-112.0,-97.0,-16.0,102,1
74245,3.1431,-0.9848,0.6949,0.2961,0.0,0.0,0.0,0.0,-1.0,-113.0,-97.0,-17.0,100,1
74257,3.1431,-0.9863,0.6949,0.2961,0.0,0.0,0.0,0.0,-4.0,-107.0,-98.0,-16.0,98,1
74269,3.1431,-0.9863,0.6949,0.2961,0.0,0.0,0.0,0.0,-1.0,-95.0,-93.0,-16.0,96,1
74282,3.1416,-0.9863,0.6949,0.2961,0.0,0.0,0.0,0.0,0.0,-82.0,-92.0,-16.0,90,1
74298,3.1416,-0.9894,0.6949,0.2961,0.0,-0.024,0.0,0.0,0.0,-45.0,-89.0,-16.0,86,1
74310,3.1416,-0.991,0.6949,0.2961,0.0,-0.0479,0.0,0.0,0.0,-45.0,-97.0,-16.0,78,1
74323,3.1416,-0.994,0.6949,0.2961,0.0,-0.0719,0.0,0.0,0.0,-42.0,-96.0,-16.0,61,1
74335,3.1416,-0.994,0.6949,0.2961,0.0,-0.0959,0.0,0.0,0.0,-39.0,-94.0,-16.0,47,1
74347,3.1416,-0.994,0.6949,0.2961,0.0,-0.0959,0.0,0.0,-4.0,-46.0,-95.0,-16.0,26,1
74360,3.1431,-0.994,0.6949,0.2961,0.0,-0.0959,0.0,0.0,-3.0,-45.0,-92.0,-16.0,8,0
74368,3.1431,-0.9956,0.6949,0.2961,0.0,-0.0719,0.0,0.0,-3.0,-53.0,-96.0,-16.0,4,0
74380,3.1416,-0.9956,0.6949,0.2961,0.0,-0.0719,0.0,0.0,0.0,-48.0,-95.0,-16.0,1,0
74392,3.1416,-0.994,0.6949,0.2961,0.0,-0.0479,0.0,0.0,0.0,-48.0,-97.0,-16.0,1,0
74405,3.1416,-0.9956,0.6949,0.2961,0.0,-0.024,0.0,0.0,0.0,-47.0,-93.0,-16.0,1,0
74417,3.1416,-0.9956,0.6949,0.2961,0.0,-0.024,0.0,0.0,0.0,-46.0,-96.0,-16.0,1,0
74425,3.1401,-0.9956,0.6949,0.2961,0.0,-0.024,0.0,0.0,0.0,-45.0,-95.0,-16.0,1,0
74437,3.1401,-0.9956,0.6949,0.2961,0.0,0.0,0.0,0.0,0.0,-44.0,-95.0,-15.0,1,0
74450,3.1416,-0.9956,0.6949,0.2961,0.0,0.0,0.0,0.0,0.0,-39.0,-92.0,-16.0,1,0
74462,3.1416,-0.9956,0.6949,0.2961,0.0,0.0,0.0,0.0,0.0,-45.0,-91.0,-16.0,1,0
74470,3.1416,-0.9956,0.6949,0.2961,0.0,0.0,0.0,0.0,0.0,-45.0,-95.0,-16.0,1,0
74482,3.1416,-0.9956,0.6949,0.2961,0.0,0.0,0.0,0.0,0.0,-46.0,-95.0,-16.0,1,0
74495,3.1416,-0.9956,0.6949,0.2961,0.0,0.0,0.0,0.0,0.0,-46.0,-90.0,-16.0,1,0
74507,3.1416,-0.9956,0.6949,0.2961,0.0,0.0,0.0,0.0,0.0,-46.0,-92.0,-16.0,1,0
74519,3.1416,-0.9956,0.6949,0.2961,0.0,0.0,0.0,0.0,0.0,-46.0,-95.0,-16.0,0,0
74527,3.1416,-0.9956,0.6949,0.2961,0.0,0.0,0.0,0.0,0.0,-52.0,-96.0,-16.0,0,0
74540,3.1416,-0.9956,0.6949,0.2961,0.0,0.0,0.0,0.0,0.0,-52.0,-91.0,-18.0,0,0
74552,3.1416,-0.9956,0.6949,0.2961,0.0,0.0,0.0,0.0,0.0,-45.0,-91.0,-16.0,0,0
74564,3.1416,-0.9956,0.6949,0.2961,0.0,0.0,0.0,0.0,0.0,-46.0,-95.0,-16.0,0,0
74577,3.1416,-0.9956,0.6949,0.2961,0.0,0.0,0.0,0.0,0.0,-44.0,-90.0,-16.0,0,0
74585,3.1416,-0.9956,0.6949,0.2961,0.0,0.0,0.0,0.0,0.0,-46.0,-90.0,-16.0,0,0
74597,3.1416,-0.9956,0.6949,0.2961,0.0,0.0,0.0,0.0,0.0,-46.0,-93.0,-16.0,0,0
74609,3.1416,-0.9956,0.6949,0.2961,0.0,0.0,0.0,0.0,0.0,-46.0,-94.0,-16.0,0,0
74622,3.1416,-0.9956,0.6949,0.2961,0.0,0.0,0.0,0.0,0.0,-45.0,-89.0,-18.0,0,0
74634,3.1416,-0.9956,0.6949,0.2961,0.0,0.0,0.0,0.0,0.0,-47.0,-89.0,-16.0,0,0
74642,3.1416,-0.9956,0.6949,0.2961,0.0,0.0,0.0,0.0,0.0,-47.0,-89.0,-16.0,0,0
74654,3.1416,-0.9956,0.6949,0.2961,0.0,0.0,0.0,0.0,0.0,-46.0,-97.0,-16.0,0,0
74667,3.1416,-0.9956,0.6949,0.2961,0.0,0.0,0.0,0.0,0.0,-46.0,-91.0,-16.0,0,0
74679,3.1416,-0.9971,0.6949,0.2961,0.0,0.0,0.0,0.0,0.0,-46.0,-94.0,-16.0,0,0
74692,3.1416,-0.9971,0.6949,0.2961,0.0,0.0,0.0,0.0,0.0,-45.0,-91.0,-16.0,0,0
74699,3.1401,-0.9956,0.6949,0.2976,0.0,0.0,0.0,0.0,0.0,-46.0,-90.0,-19.0,0,0
74712,3.1416,-0.9956,0.6949,0.2961,0.0,0.0,0.0,0.0,-1.0,-46.0,-93.0,-19.0,0,0
74724,3.1401,-0.9971,0.6949,0.2961,0.0,0.0,0.0,0.0,0.0,-46.0,-95.0,-16.0,0,0
74736,3.1401,-0.9971,0.6949,0.2961,0.0,0.0,0.0,0.0,0.0,-45.0,-90.0,-18.0,0,0
74749,3.1416,-0.9956,0.6949,0.2961,0.0,0.0,0.0,0.0,0.0,-45.0,-93.0,-18.0,0,0
74757,3.1416,-0.9956,0.6949,0.2961,0.0,0.0,0.0,0.0,-1.0,-46.0,-90.0,-16.0,0,0
74770,3.1401,-0.9971,0.6949,0.2961,0.0,0.0,0.0,0.0,0.0,-44.0,-91.0,-16.0,0,0
74781,3.1416,-0.9971,0.6949,0.2961,0.0,0.0,0.0,0.0,-2.0,-46.0,-92.0,-17.0,0,0
74794,3.1401,-0.9956,0.6949,0.2961,0.0,0.0,0.0,0.0,0.0,-46.0,-92.0,-17.0,0,0
74806,3.1401,-0.9956,0.6949,0.2961,0.0,0.0,0.0,0.0,-1.0,-46.0,-93.0,-17.0,0,0
74814,3.1401,-0.9956,0.6949,0.2961,0.0,0.0,0.0,0.0,0.0,-46.0,-89.0,-16.0,0,0
74826,3.1401,-0.9971,0.6949,0.2961,0.0,0.0,0.0,0.0,0.0,-45.0,-91.0,-16.0,0,0
74839,3.1416,-0.9971,0.6949,0.2961,0.0,0.0,0.0,0.0,-1.0,-46.0,-90.0,-16.0,0,0
74851,3.1401,-0.9956,0.6949,0.2961,0.0,0.0,0.0,0.0,0.0,-45.0,-92.0,-16.0,0,0
74863,3.1416,-0.9956,0.6949,0.2961,0.0,0.0,0.0,0.0,-1.0,-44.0,-91.0,-16.0,0,0
74872,3.1416,-0.9956,0.6949,0.2961,0.0,0.0,0.0,0.0,-1.0,-44.0,-91.0,-16.0,0,0
74884,3.1401,-0.9956,0.6934,0.2961,0.0,0.0,0.0,0.0,0.0,-47.0,-80.0,-16.0,0,0
74896,3.1401,-0.9956,0.6949,0.2961,0.0,0.0,0.0,0.0,0.0,-66.0,-89.0,-16.0,0,0
74908,3.1401,-0.994,0.6949,0.2961,0.0,0.0,0.0,0.0,0.0,-70.0,-89.0,-16.0,0,0
74921,3.1401,-0.994,0.6949,0.2961,0.0,0.0,0.0,0.0,0.0,-78.0,-89.0,-16.0,11,1
74933,3.1401,-0.9879,0.6934,0.2961,0.0,0.0479,0.0,0.0,0.0,-136.0,-90.0,-16.0,16,1
74945,3.1401,-0.9848,0.6934,0.2961,0.0,0.0719,0.0,0.0,0.0,-152.0,-89.0,-16.0,17,1
74958,3.1401,-0.9817,0.6949,0.2961,0.0,0.1198,0.0,0.0,0.0,-158.0,-88.0,-16.0,19,1
74970,3.1401,-0.9802,0.6949,0.2961,0.0,0.1678,0.0,0.0,0.0,-162.0,-90.0,-16.0,18,1
74982,3.1385,-0.9771,0.6949,0.2961,0.0,0.1918,0.0,0.0,4.0,-173.0,-89.0,-16.0,29,1
74994,3.1355,-0.9741,0.6949,0.2976,-0.024,0.2397,0.0,0.0,14.0,-188.0,-90.0,-16.0,53,1
75007,3.1355,-0.971,0.6949,0.2961,-0.0479,0.2397,0.0,0.0,15.0,-192.0,-90.0,-16.0,65,1
75019,3.1355,-0.9695,0.6949,0.2961,-0.0479,0.2397,0.0,0.0,22.0,-188.0,-91.0,-18.0,72,1
75032,3.1355,-0.9695,0.6949,0.2961,-0.0479,0.2157,0.0,0.0,25.0,-169.0,-89.0,-16.0,76,1
75044,3.1355,-0.9695,0.6949,0.2961,-0.0479,0.1438,0.0,0.0,31.0,-170.0,-89.0,-16.0,76,1
75056,3.1355,-0.9695,0.6949,0.2961,-0.024,0.1198,0.0,0.0,29.0,-168.0,-89.0,-19.0,77,1
75068,3.137,-0.971,0.6949,0.2961,0.0,0.0719,0.0,0.0,15.0,-164.0,-90.0,-16.0,75,1
75080,3.137,-0.971,0.6934,0.2961,0.0,0.0479,0.0,0.0,13.0,-163.0,-87.0,-16.0,74,1
75093,3.1385,-0.9725,0.6949,0.2961,0.0,0.0,0.0,0.0,0.0,-126.0,-87.0,-16.0,70,1
75105,3.1385,-0.9741,0.6949,0.2961,0.024,-0.024,0.0,0.0,1.0,-100.0,-88.0,-16.0,65,1
75122,3.137,-0.9771,0.6949,0.2961,0.024,-0.0479,0.0,0.0,7.0,-75.0,-88.0,-18.0,59,1
75134,3.1385,-0.9848,0.6949,0.2961,0.024,-0.1438,0.0,0.0,1.0,-38.0,-89.0,-16.0,45,1
75146,3.1385,-0.9894,0.6934,0.2961,0.024,-0.1918,0.0,0.0,0.0,-16.0,-89.0,-16.0,28,1
75158,3.1385,-0.9925,0.6949,0.2961,0.024,-0.2157,0.0,0.0,0.0,-12.0,-86.0,-16.0,23,1
75171,3.1401,-0.994,0.6949,0.2961,0.024,-0.2637,0.0,0.0,0.0,-15.0,-87.0,-16.0,23,1
75183,3.1401,-0.9986,0.6949,0.2961,0.024,-0.2876,0.0,0.0,0.0,-23.0,-88.0,-16.0,9,0
75191,3.1401,-0.9986,0.6949,0.2961,0.024,-0.2876,0.0,0.0,0.0,-23.0,-88.0,-16.0,2,0
75203,3.1416,-0.9986,0.6949,0.2961,0.024,-0.2397,0.0,0.0,0.0,-31.0,-87.0,-16.0,1,0
75216,3.1416,-1.0002,0.6949,0.2961,0.024,-0.1918,0.0,0.0,0.0,-34.0,-87.0,-16.0,1,0
75228,3.1416,-1.0002,0.6949,0.2961,0.024,-0.1438,0.0,0.0,0.0,-33.0,-89.0,-16.0,1,0
75236,3.1401,-1.0002,0.6949,0.2961,0.024,-0.1198,0.0,0.0,0.0,-33.0,-86.0,-16.0,1,0
75248,3.1401,-1.0002,0.6949,0.2961,0.0,-0.0719,0.0,0.0,0.0,-33.0,-87.0,-15.0,1,0
75261,3.1401,-1.0002,0.6934,0.2961,0.0,-0.0479,0.0,0.0,0.0,-35.0,-88.0,-16.0,1,0
75273,3.1401,-0.9986,0.6934,0.2961,0.0,-0.024,0.0,0.0,0.0,-30.0,-88.0,-16.0,1,0
75285,3.1401,-1.0002,0.6949,0.2961,0.0,0.0,0.0,0.0,0.0,-30.0,-89.0,-16.0,1,0
75293,3.1401,-1.0002,0.6934,0.2961,0.0,0.0,0.0,0.0,0.0,-31.0,-87.0,-16.0,2,0
75306,3.1401,-1.0002,0.6949,0.2961,0.0,0.0,0.0,0.0,0.0,-31.0,-87.0,-16.0,0,0
75318,3.1401,-1.0002,0.6949,0.2961,0.0,0.0,0.0,0.0,0.0,-20.0,-89.0,-16.0,0,0
75330,3.1401,-1.0002,0.6949,0.2961,0.0,0.0,0.0,0.0,0.0,-32.0,-88.0,-16.0,1,0
75343,3.1385,-1.0002,0.6949,0.2961,0.0,0.0,0.0,0.0,0.0,-35.0,-89.0,-16.0,0,0
75351,3.1385,-1.0002,0.6949,0.2961,0.0,0.0,0.0,0.0,0.0,-35.0,-89.0,-16.0,0,0
75363,3.1401,-1.0002,0.6949,0.2961,0.0,0.0,0.0,0.0,0.0,-32.0,-83.0,-16.0,0,0
75375,3.1401,-1.0002,0.6949,0.2961,0.0,0.0,0.0,0.0,0.0,-31.0,-87.0,-16.0,0,0
75388,3.1401,-1.0002,0.6949,0.2961,0.0,0.0,0.0,0.0,0.0,-31.0,-85.0,-16.0,0,0
75400,3.1401,-1.0002,0.6949,0.2961,0.0,0.0,0.0,0.0,0.0,-32.0,-84.0,-16.0,0,0
75408,3.1385,-1.0002,0.6949,0.2961,0.0,0.0,0.0,0.0,0.0,-32.0,-86.0,-16.0,0,0
75420,3.1401,-1.0002,0.6949,0.2961,0.0,0.0,0.0,0.0,0.0,-31.0,-85.0,-16.0,0,0
75433,3.1385,-1.0002,0.6949,0.2976,0.0,0.0,0.0,0.0,0.0,-32.0,-88.0,-16.0,0,0
75445,3.1385,-1.0002,0.6949,0.2961,0.0,0.0,0.0,0.0,0.0,-32.0,-86.0,-16.0,0,0
75457,3.1401,-1.0002,0.6949,0.2961,0.0,0.0,0.0,0.0,0.0,-34.0,-88.0,-16.0,0,0
75465,3.1401,-1.0002,0.6949,0.2961,0.0,0.0,0.0,0.0,0.0,-32.0,-85.0,-16.0,0,0
75478,3.1401,-0.9986,0.6949,0.2961,0.0,0.0,0.0,0.0,0.0,-31.0,-85.0,-16.0,0,0
75490,3.1401,-1.0002,0.6949,0.2961,0.0,0.0,0.0,0.0,0.0,-31.0,-88.0,-16.0,0,0
75502,3.1401,-1.0002,0.6949,0.2961,0.0,0.0,0.0,0.0,0.0,-33.0,-89.0,-16.0,0,0
75515,3.1385,-1.0002,0.6949,0.2961,0.0,0.0,0.0,0.0,0.0,-31.0,-84.0,-16.0,0,0
75523,3.1401,-1.0002,0.6949,0.2961,0.0,0.0,0.0,0.0,0.0,-32.0,-88.0,-16.0,0,0
75535,3.1401,-1.0002,0.6949,0.2961,0.0,0.0,0.0,0.0,0.0,-32.0,-85.0,-16.0,0,0
75547,3.1385,-1.0002,0.6949,0.2961,0.0,0.0,0.0,0.0,0.0,-33.0,-86.0,-17.0,0,0
75560,3.1385,-1.0002,0.6949,0.2961,0.0,0.0,0.0,0.0,0.0,-33.0,-86.0,-17.0,1,0
75572,3.1401,-1.0002,0.6949,0.2961,0.0,0.0,0.0,0.0,0.0,-32.0,-87.0,-17.0,1,0
75580,3.1401,-1.0002,0.6949,0.2961,0.0,0.0,0.0,0.0,0.0,-30.0,-86.0,-16.0,2,0
75592,3.1401,-1.0002,0.6934,0.2961,0.0,0.0,0.0,0.0,0.0,-31.0,-87.0,-16.0,2,0
75605,3.1401,-1.0002,0.6949,0.2961,0.0,0.0,0.0,0.0,0.0,-31.0,-88.0,-16.0,2,0
75617,3.1401,-1.0002,0.6949,0.2961,0.0,0.0,0.0,0.0,0.0,-32.0,-86.0,-16.0,2,0
75629,3.1401,-1.0002,0.6949,0.2961,0.0,0.0,0.0,0.0,0.0,-31.0,-87.0,-16.0,3,0
75638,3.1401,-1.0002,0.6949,0.2961,0.0,0.0,0.0,0.0,0.0,-31.0,-83.0,-16.0,3,0
75650,3.1401,-1.0002,0.6949,0.2961,0.0,0.0,0.0,0.0,0.0,-33.0,-87.0,-16.0,3,0
75662,3.1401,-1.0002,0.6949,0.2961,0.0,0.0,0.0,0.0,0.0,-32.0,-87.0,-18.0,4,0
75674,3.1401,-1.0002,0.6949,0.2961,0.0,0.0,0.0,0.0,0.0,-30.0,-81.0,-16.0,4,0
75682,3.1401,-1.0002,0.6949,0.2961,0.0,0.0,0.0,0.0,0.0,-30.0,-81.0,-16.0,4,0
75695,3.1431,-1.0002,0.6949,0.2961,0.0,0.0,0.0,0.0,-7.0,-31.0,-87.0,-16.0,4,0
75707,3.1462,-1.0002,0.6949,0.2961,0.024,0.0,0.0,0.0,-26.0,-31.0,-82.0,-16.0,4,0
75719,3.1462,-1.0002,0.6949,0.2961,0.0479,0.0,0.0,0.0,-47.0,-24.0,-86.0,-19.0,5,0
75732,3.1477,-1.0017,0.6949,0.2961,0.0719,0.0,0.0,0.0,-39.0,-4.0,-83.0,-16.0,5,0
75740,3.1462,-1.0032,0.6949,0.2961,0.0959,0.0,0.0,0.0,-31.0,0.0,-82.0,-18.0,5,0
75753,3.1477,-1.0032,0.6949,0.2961,0.0959,-0.024,0.0,0.0,-40.0,0.0,-87.0,-17.0,7,0
75765,3.1477,-1.0063,0.6949,0.2961,0.0719,-0.0479,0.0,0.0,-53.0,0.0,-77.0,-16.0,24,1
75777,3.1477,-1.0063,0.6949,0.2961,0.0479,-0.0719,0.0,0.0,-59.0,0.0,-80.0,-16.0,27,1
75789,3.1493,-1.0063,0.6949,0.2961,0.024,-0.0719,0.0,0.0,-57.0,0.0,-88.0,-16.0,35,1
75802,3.1493,-1.0063,0.6949,0.2961,0.024,-0.0719,0.0,0.0,-56.0,4.0,-83.0,-16.0,35,1
75814,3.1493,-1.0063,0.6934,0.2961,0.024,-0.0479,0.0,0.0,-62.0,0.0,-86.0,-16.0,41,1
75830,3.1508,-1.0063,0.6949,0.2961,0.024,-0.024,0.0,0.0,-62.0,2.0,-81.0,-16.0,49,1
75842,3.1508,-1.0063,0.6949,0.2961,0.024,-0.024,0.0,0.0,-66.0,1.0,-79.0,-16.0,56,1
75855,3.1508,-1.0063,0.6949,0.2961,0.024,0.0,0.0,0.0,-67.0,1.0,-85.0,-16.0,59,1
75867,3.1508,-1.0063,0.6949,0.2961,0.024,0.0,0.0,0.0,-66.0,4.0,-85.0,-16.0,60,1
75879,3.1523,-1.0063,0.6949,0.2961,0.024,0.0,0.0,0.0,-75.0,8.0,-86.0,-16.0,61,1
75891,3.1508,-1.0078,0.6949,0.2961,0.024,0.0,0.0,0.0,-77.0,11.0,-82.0,-16.0,61,1
75904,3.1508,-1.0094,0.6934,0.2976,0.0,0.0,0.0,0.0,-76.0,31.0,-88.0,-16.0,61,1
75916,3.1508,-1.0094,0.6949,0.2961,0.0,-0.024,0.0,0.0,-79.0,35.0,-84.0,-16.0,59,1
75928,3.1523,-1.0094,0.6949,0.2961,0.0,-0.024,0.0,0.0,-79.0,34.0,-79.0,-16.0,59,1
75941,3.1523,-1.0094,0.6949,0.2961,0.0,-0.024,0.0,0.0,-76.0,29.0,-86.0,-18.0,59,1
75953,3.1508,-1.0094,0.6949,0.2961,0.0,-0.024,0.0,0.0,-75.0,27.0,-82.0,-16.0,60,1
75965,3.1508,-1.0094,0.6949,0.2961,0.0,0.0,0.0,0.0,-75.0,26.0,-77.0,-16.0,61,1
75977,3.1508,-1.0094,0.6949,0.2961,0.0,0.0,0.0,0.0,-74.0,26.0,-87.0,-16.0,59,1
75990,3.1508,-1.0094,0.6949,0.2961,0.0,0.0,0.0,0.0,-67.0,32.0,-79.0,-16.0,57,1
76002,3.1508,-1.0078,0.6949,0.2961,0.0,0.0,0.0,0.0,-60.0,25.0,-78.0,-16.0,54,1
76015,3.1477,-1.0078,0.6934,0.2961,0.0,0.0,0.0,0.0,-9.0,4.0,-79.0,-16.0,50,1
76027,3.1447,-1.0063,0.6949,0.2961,-0.024,0.024,0.0,0.0,0.0,1.0,-78.0,-16.0,44,1
76039,3.1447,-1.0063,0.6949,0.2961,-0.0479,0.024,0.0,0.0,-10.0,8.0,-79.0,-16.0,31,1
76051,3.1431,-1.0048,0.6949,0.2961,-0.0719,0.0479,0.0,0.0,-23.0,0.0,-78.0,-16.0,17,1
76063,3.1416,-1.0048,0.6934,0.2961,-0.0959,0.0479,0.0,0.0,4.0,0.0,-85.0,-18.0,8,0
76076,3.1401,-1.0048,0.6949,0.2961,-0.1198,0.0479,0.0,0.0,3.0,0.0,-87.0,-16.0,5,0
76088,3.137,-1.0048,0.6949,0.2961,-0.1198,0.024,0.0,0.0,0.0,0.0,-78.0,-16.0,4,0
76100,3.1355,-1.0048,0.6934,0.2961,-0.1198,0.024,0.0,0.0,15.0,0.0,-80.0,-16.0,4,0
76109,3.1339,-1.0048,0.6949,0.2961,-0.1198,0.0,0.0,0.0,22.0,0.0,-84.0,-19.0,3,0
76121,3.1355,-1.0032,0.6949,0.2961,-0.1198,0.0,0.0,0.0,8.0,0.0,-84.0,-18.0,3,0
76133,3.1385,-1.0048,0.6934,0.2961,-0.0719,0.0,0.0,0.0,-2.0,0.0,-77.0,-16.0,3,0
76145,3.1401,-1.0048,0.6934,0.2961,-0.0479,0.0,0.0,0.0,-1.0,0.0,-78.0,-16.0,2,0
76158,3.1416,-1.0048,0.6949,0.2961,0.0,0.0,0.0,0.0,-6.0,0.0,-78.0,-16.0,3,0
76166,3.1416,-1.0048,0.6949,0.2961,0.024,0.0,0.0,0.0,-1.0,0.0,-84.0,-16.0,3,0
76178,3.1401,-1.0032,0.6949,0.2961,0.0719,0.0,0.0,0.0,0.0,0.0,-84.0,-16.0,3,0
76190,3.1401,-1.0032,0.6949,0.2961,0.0719,0.0,0.0,0.0,0.0,1.0,-83.0,-16.0,3,0
76203,3.1401,-1.0032,0.6949,0.2961,0.024,0.0,0.0,0.0,0.0,0.0,-78.0,-16.0,3,0
76215,3.1385,-1.0032,0.6949,0.2961,0.0,0.0,0.0,0.0,0.0,3.0,-79.0,-16.0,4,0
76223,3.137,-1.0032,0.6949,0.2961,0.0,0.0,0.0,0.0,0.0,0.0,-85.0,-15.0,4,0
76235,3.1355,-1.0032,0.6949,0.2961,-0.024,0.0,0.0,0.0,7.0,3.0,-76.0,-16.0,4,0
76248,3.1355,-1.0032,0.6949,0.2961,-0.0479,0.0,0.0,0.0,1.0,2.0,-76.0,-16.0,4,0
76260,3.137,-1.0032,0.6949,0.2961,-0.0479,0.0,0.0,0.0,0.0,0.0,-85.0,-16.0,4,0
76272,3.137,-1.0032,0.6949,0.2961,-0.0479,0.0,0.0,0.0,1.0,0.0,-85.0,-16.0,4,0
76281,3.1385,-1.0032,0.6949,0.2961,-0.024,0.0,0.0,0.0,-2.0,3.0,-81.0,-16.0,4,0
76293,3.1401,-1.0032,0.6949,0.2961,0.0,0.0,0.0,0.0,0.0,0.0,-77.0,-16.0,5,0
76305,3.1401,-1.0032,0.6949,0.2961,0.024,0.0,0.0,0.0,0.0,0.0,-83.0,-16.0,5,0
76317,3.1401,-1.0048,0.6949,0.2961,0.0479,0.0,0.0,0.0,0.0,2.0,-78.0,-16.0,5,0
76330,3.1401,-1.0032,0.6949,0.2961,0.0479,0.0,0.0,0.0,0.0,0.0,-80.0,-16.0,5,0
76338,3.1401,-1.0032,0.6949,0.2961,0.024,0.0,0.0,0.0,0.0,2.0,-82.0,-16.0,5,0
76350,3.1401,-1.0032,0.6949,0.2961,0.024,0.0,0.0,0.0,0.0,0.0,-78.0,-16.0,5,0
76362,3.1401,-1.0048,0.6949,0.2961,0.0,0.0,0.0,0.0,0.0,0.0,-78.0,-16.0,5,0
76375,3.1401,-1.0032,0.6934,0.2961,0.0,0.0,0.0,0.0,0.0,0.0,-79.0,-16.0,5,0
76383,3.1401,-1.0032,0.6949,0.2961,0.0,0.0,0.0,0.0,0.0,1.0,-79.0,-16.0,5,0
76395,3.1401,-1.0032,0.6949,0.2961,0.0,0.0,0.0,0.0,0.0,0.0,-82.0,-16.0,5,0
76407,3.1401,-1.0032,0.6934,0.2961,0.0,0.0,0.0,0.0,0.0,0.0,-79.0,-16.0,5,0
76420,3.1401,-1.0032,0.6949,0.2961,0.0,0.0,0.0,0.0,0.0,4.0,-82.0,-16.0,5,0
76432,3.1401,-1.0032,0.6949,0.2961,0.0,0.0,0.0,0.0,0.0,0.0,-81.0,-17.0,5,0
76440,3.1401,-1.0048,0.6949,0.2961,0.0,0.0,0.0,0.0,0.0,2.0,-82.0,-16.0,5,0
76453,3.1401,-1.0032,0.6949,0.2961,0.0,0.0,0.0,0.0,0.0,0.0,-79.0,-16.0,5,0
76465,3.1401,-1.0032,0.6934,0.2961,0.0,0.0,0.0,0.0,0.0,0.0,-77.0,-16.0,5,0
76477,3.1401,-1.0032,0.6949,0.2961,0.0,0.0,0.0,0.0,0.0,0.0,-85.0,-17.0,5,0
76489,3.1401,-1.0032,0.6949,0.2961,0.0,0.0,0.0,0.0,0.0,0.0,-77.0,-16.0,5,0
76498,3.1401,-1.0032,0.6949,0.2961,0.0,0.0,0.0,0.0,0.0,0.0,-83.0,-16.0,5,0
76510,3.1401,-1.0048,0.6934,0.2961,0.0,0.0,0.0,0.0,0.0,1.0,-80.0,-17.0,5,0
76522,3.1416,-1.0032,0.6949,0.2961,0.0,0.0,0.0,0.0,0.0,0.0,-80.0,-16.0,5,0
76534,3.1416,-1.0032,0.6949,0.2961,0.0,0.0,0.0,0.0,-2.0,1.0,-77.0,-16.0,5,0
76547,3.1401,-1.0017,0.6949,0.2961,0.0,0.0,0.0,0.0,0.0,0.0,-76.0,-16.0,5,0
76555,3.1401,-1.0002,0.6949,0.2961,0.0,0.0,0.0,0.0,0.0,-1.0,-77.0,-16.0,7,0
76567,3.1385,-1.0002,0.6949,0.2961,0.0,0.024,0.0,0.0,0.0,-2.0,-83.0,-19.0,11,1
76579,3.1355,-0.9986,0.6949,0.2961,0.0,0.024,0.0,0.0,13.0,-6.0,-80.0,-17.0,11,1
76596,3.1339,-0.9986,0.6964,0.2961,-0.0719,0.0479,0.0,0.0,26.0,-7.0,-86.0,-18.0,12,1
76608,3.1339,-0.9986,0.6964,0.2961,-0.0719,0.0479,0.0,0.0,17.0,-10.0,-85.0,-16.0,17,1
76620,3.1355,-0.9986,0.6964,0.2961,-0.0959,0.0479,0.0,0.0,21.0,-12.0,-82.0,-16.0,24,1
76633,3.1355,-0.9986,0.6964,0.2961,-0.0479,0.024,0.0,0.0,17.0,-12.0,-86.0,-16.0,32,1
76645,3.1355,-0.9986,0.6964,0.2961,-0.024,0.0,0.0,0.0,15.0,-13.0,-84.0,-18.0,37,1
76657,3.1355,-0.9986,0.6964,0.2961,0.0,0.0,0.0,0.0,16.0,-13.0,-93.0,-16.0,45,1
76670,3.1355,-0.9986,0.698,0.2961,0.0,0.0,0.0,0.0,20.0,-12.0,-113.0,-16.0,50,1
76682,3.1355,-0.9986,0.6995,0.2961,0.0,0.0,0.0,0.0,20.0,-11.0,-116.0,-16.0,58,1
76694,3.1355,-0.9986,0.701,0.2961,0.0,0.0,0.024,0.0,20.0,-11.0,-109.0,-16.0,63,1
76706,3.1355,-0.9971,0.701,0.2961,0.0,0.0,0.0479,0.0,20.0,-11.0,-117.0,-19.0,66,1
76719,3.1355,-0.9986,0.7026,0.2961,0.0,0.0,0.0479,0.0,20.0,-12.0,-113.0,-16.0,69,1
76731,3.1355,-0.9986,0.7026,0.2961,0.0,0.0,0.0719,0.0,22.0,-12.0,-118.0,-16.0,72,1
76743,3.1355,-0.9986,0.7041,0.2961,0.0,0.0,0.0719,0.0,22.0,-9.0,-132.0,-18.0,75,1
76756,3.1355,-0.9986,0.7041,0.2961,0.0,0.0,0.0479,0.0,23.0,-10.0,-124.0,-16.0,77,1
76768,3.1355,-0.9986,0.7041,0.2961,0.0,0.0,0.0479,0.0,22.0,-9.0,-118.0,-17.0,79,1
76780,3.1355,-0.9986,0.7041,0.2961,0.0,0.0,0.0479,0.0,23.0,-13.0,-117.0,-16.0,81,1
76792,3.1355,-0.9986,0.7041,0.2961,0.0,0.0,0.024,0.0,26.0,-15.0,-119.0,-16.0,82,1
76805,3.1355,-0.9986,0.7041,0.2961,0.0,0.0,0.024,0.0,26.0,-15.0,-118.0,-16.0,83,1
76817,3.1355,-0.9986,0.7041,0.2961,0.0,0.0,0.0,0.0,24.0,-13.0,-118.0,-15.0,83,1
76830,3.1355,-0.9986,0.7026,0.2961,0.0,0.0,0.0,0.0,22.0,-13.0,-111.0,-16.0,83,1
76846,3.1401,-0.9986,0.7026,0.2961,0.024,0.0,0.0,0.0,-1.0,-14.0,-102.0,-18.0,82,1
76858,3.1431,-0.9986,0.7026,0.2961,0.0479,0.0,-0.024,0.0,-3.0,-7.0,-100.0,-16.0,79,1
76870,3.1447,-0.9986,0.701,0.2961,0.0719,0.0,-0.024,0.0,-12.0,-8.0,-117.0,-16.0,71,1
76883,3.1431,-0.9986,0.701,0.2961,0.0959,0.0,-0.024,0.0,-3.0,-7.0,-102.0,-18.0,61,1
76895,3.1431,-0.9986,0.701,0.2961,0.0959,0.0,-0.024,0.0,-11.0,-9.0,-107.0,-16.0,48,1
76907,3.1431,-0.9986,0.701,0.2961,0.0959,0.0,-0.024,0.0,-10.0,-15.0,-110.0,-16.0,33,1
76919,3.1416,-0.9986,0.701,0.2961,0.0479,0.0,0.0,0.0,-1.0,-15.0,-110.0,-17.0,20,1
76932,3.1401,-0.9986,0.701,0.2961,0.0,0.0,0.0,0.0,4.0,-14.0,-113.0,-16.0,10,0
76944,3.1355,-0.9986,0.701,0.2961,-0.0479,0.0,0.0,0.0,14.0,-14.0,-112.0,-16.0,6,0
76952,3.1355,-0.9986,0.701,0.2961,-0.0479,0.0,0.0,0.0,14.0,-14.0,-112.0,-16.0,5,0
76965,3.1355,-0.9986,0.701,0.2961,-0.0959,0.0,0.0,0.0,14.0,-13.0,-102.0,-16.0,4,0
76977,3.1385,-0.9986,0.701,0.2961,-0.0959,0.0,0.0,0.0,-1.0,-14.0,-108.0,-16.0,3,0
76989,3.1401,-0.9986,0.701,0.2961,-0.0719,0.0,0.0,0.0,-1.0,-16.0,-99.0,-16.0,2,0
77001,3.1416,-0.9986,0.6995,0.2961,-0.024,0.0,0.0,0.0,-4.0,-15.0,-108.0,-16.0,2,0
77010,3.1416,-0.9986,0.701,0.2961,0.0,0.0,0.0,0.0,-3.0,-14.0,-107.0,-16.0,1,0
77022,3.1416,-0.9986,0.701,0.2961,0.024,0.0,0.0,0.0,-6.0,-14.0,-108.0,-16.0,1,0
77034,3.1401,-0.9986,0.701,0.2961,0.0719,0.0,0.0,0.0,0.0,-14.0,-103.0,-16.0,1,0
77046,3.1416,-0.9986,0.701,0.2961,0.0479,0.0,0.0,0.0,0.0,-14.0,-106.0,-17.0,0,0
77059,3.1401,-0.9986,0.701,0.2961,0.024,0.0,0.0,0.0,0.0,-14.0,-110.0,-16.0,0,0
77067,3.1385,-0.9986,0.701,0.2961,0.0,0.0,0.0,0.0,0.0,-13.0,-105.0,-16.0,0,0
77079,3.137,-0.9986,0.701,0.2961,-0.024,0.0,0.0,0.0,6.0,-9.0,-106.0,-16.0,0,0
77091,3.1355,-0.9986,0.701,0.2961,-0.0479,0.0,0.0,0.0,8.0,-8.0,-103.0,-16.0,0,0
77104,3.1385,-0.9986,0.701,0.2961,-0.0479,0.0,0.0,0.0,1.0,-8.0,-103.0,-16.0,0,0
77116,3.1401,-0.9986,0.701,0.2961,-0.024,0.0,0.0,0.0,-1.0,-8.0,-108.0,-16.0,0,0
77124,3.1401,-0.9986,0.6995,0.2961,-0.024,0.0,0.0,0.0,0.0,-8.0,-107.0,-16.0,0,0
77137,3.1416,-0.9986,0.6995,0.2976,0.0,0.0,0.0,0.0,-6.0,-8.0,-107.0,-16.0,0,0
77149,3.1416,-0.9986,0.701,0.2961,0.024,0.0,0.0,0.0,0.0,-8.0,-104.0,-16.0,0,0
77161,3.1416,-0.9986,0.701,0.2961,0.0479,0.0,0.0,0.0,0.0,-8.0,-104.0,-16.0,0,0
77173,3.1401,-0.9986,0.6995,0.2961,0.0479,0.0,0.0,0.0,0.0,-8.0,-110.0,-16.0,0,0
77182,3.1401,-0.9986,0.6995,0.2961,0.0479,0.0,0.0,0.0,0.0,-8.0,-110.0,-16.0,0,0
77194,3.1401,-0.9986,0.701,0.2961,0.0,0.0,0.0,0.0,0.0,-8.0,-105.0,-17.0,0,0
77206,3.1401,-0.9986,0.6995,0.2961,0.0,0.0,0.0,0.0,0.0,-8.0,-108.0,-16.0,0,0
77218,3.1401,-0.9986,0.6995,0.2961,0.0,0.0,0.0,0.0,0.0,-9.0,-108.0,-16.0,0,0
77231,3.1385,-0.9986,0.6995,0.2961,0.0,0.0,0.0,0.0,0.0,-9.0,-110.0,-16.0,0,0
77239,3.1385,-0.9986,0.6995,0.2961,0.0,0.0,0.0,0.0,0.0,-3.0,-106.0,-16.0,0,0
77251,3.1385,-0.9986,0.701,0.2961,0.0,0.0,0.0,0.0,0.0,-3.0,-104.0,-14.0,0,0
77263,3.1401,-0.9986,0.701,0.2961,0.0,0.0,0.0,0.0,0.0,-2.0,-108.0,-16.0,0,0
77276,3.1385,-0.9986,0.701,0.2961,0.0,0.0,0.0,0.0,0.0,-5.0,-109.0,-16.0,0,0
77288,3.1385,-0.9986,0.701,0.2961,0.0,0.0,0.0,0.0,0.0,-3.0,-105.0,-16.0,0,0
77296,3.1401,-0.9971,0.701,0.2961,0.0,0.0,0.0,0.0,0.0,-6.0,-107.0,-16.0,0,0
77309,3.1401,-0.9986,0.701,0.2961,0.0,0.0,0.0,0.0,0.0,-2.0,-108.0,-16.0,0,0
77321,3.1385,-0.9986,0.701,0.2961,0.0,0.0,0.0,0.0,0.0,-1.0,-104.0,-16.0,0,0
77333,3.1385,-0.9986,0.6995,0.2961,0.0,0.0,0.0,0.0,0.0,-1.0,-104.0,-16.0,0,0
77341,3.1385,-0.9986,0.6995,0.2961,0.0,0.0,0.0,0.0,0.0,-1.0,-104.0,-16.0,0,0
77354,3.1385,-0.9986,0.701,0.2961,0.0,0.0,0.0,0.0,0.0,-4.0,-106.0,-16.0,0,0
77366,3.1385,-0.9986,0.701,0.2961,0.0,0.0,0.0,0.0,0.0,-3.0,-111.0,-16.0,0,0
77378,3.1385,-0.9971,0.701,0.2961,0.0,0.0,0.0,0.0,0.0,-2.0,-106.0,-16.0,0,0
77390,3.1385,-0.9986,0.701,0.2961,0.0,0.0,0.0,0.0,0.0,-1.0,-107.0,-18.0,0,0
77399,3.1385,-0.9986,0.6995,0.2961,0.0,0.0,0.0,0.0,0.0,-3.0,-113.0,-16.0,0,0
77411,3.1401,-0.9986,0.701,0.2961,0.0,0.0,0.0,0.0,0.0,-4.0,-109.0,-16.0,0,0
77423,3.1385,-0.9971,0.701,0.2961,0.0,0.0,0.0,0.0,0.0,-1.0,-108.0,-16.0,0,0
77436,3.1401,-0.9986,0.6995,0.2961,0.0,0.0,0.0,0.0,0.0,-2.0,-107.0,-16.0,0,0
77448,3.1385,-0.9986,0.701,0.2961,0.0,0.0,0.0,0.0,0.0,-1.0,-104.0,-16.0,0,0
77456,3.1385,-0.9986,0.6995,0.2961,0.0,0.0,0.0,0.0,0.0,-4.0,-111.0,-16.0,0,0
77468,3.1385,-0.9986,0.701,0.2961,0.0,0.0,0.0,0.0,0.0,-1.0,-105.0,-16.0,0,0
77481,3.1385,-0.9971,0.701,0.2961,0.0,0.0,0.0,0.0,0.0,-5.0,-109.0,-16.0,0,0
77493,3.1385,-0.9986,0.701,0.2961,0.0,0.0,0.0,0.0,0.0,-1.0,-107.0,-16.0,0,0
77505,3.1401,-0.9971,0.701,0.2961,0.0,0.0,0.0,0.0,0.0,-1.0,-112.0,-17.0,0,0
77513,3.1385,-0.9986,0.701,0.2961,0.0,0.0,0.0,0.0,0.0,-4.0,-110.0,-17.0,0,0
77526,3.1401,-0.9986,0.6995,0.2961,0.0,0.0,0.0,0.0,0.0,-1.0,-114.0,-16.0,0,0
77538,3.1385,-0.9986,0.701,0.2961,0.0,0.0,0.0,0.0,0.0,-3.0,-112.0,-16.0,0,0
77550,3.1385,-0.9986,0.701,0.2961,0.0,0.0,0.0,0.0,0.0,-1.0,-109.0,-16.0,0,0
77563,3.1385,-0.9986,0.701,0.2961,0.0,0.0,0.0,0.0,0.0,-2.0,-110.0,-16.0,0,0
77571,3.1385,-0.9986,0.701,0.2961,0.0,0.0,0.0,0.0,0.0,-2.0,-110.0,-16.0,0,0
77583,3.1385,-0.9986,0.701,0.2961,0.0,0.0,0.0,0.0,0.0,-2.0,-105.0,-16.0,0,0
77595,3.1385,-0.9986,0.701,0.2961,0.0,0.0,0.0,0.0,0.0,-2.0,-108.0,-16.0,0,0
77608,3.1385,-0.9986,0.6995,0.2961,0.0,0.0,0.0,0.0,0.0,-1.0,-109.0,-17.0,0,0
77620,3.1385,-0.9986,0.6995,0.2961,0.0,0.0,0.0,0.0,0.0,-3.0,-110.0,-17.0,0,0
77628,3.1385,-0.9986,0.6995,0.2961,0.0,0.0,0.0,0.0,0.0,-1.0,-110.0,-16.0,0,0
77640,3.1385,-0.9971,0.6995,0.2961,0.0,0.0,0.0,0.0,0.0,-1.0,-106.0,-16.0,0,0
77653,3.1401,-0.9986,0.701,0.2961,0.0,0.0,0.0,0.0,0.0,-1.0,-109.0,-16.0,0,0
77665,3.1385,-0.9986,0.701,0.2961,0.0,0.0,0.0,0.0,0.0,-1.0,-110.0,-16.0,0,0
77677,3.1385,-0.9986,0.701,0.2961,0.0,0.0,0.0,0.0,0.0,-3.0,-107.0,-16.0,0,0
77685,3.1385,-0.9971,0.701,0.2961,0.0,0.0,0.0,0.0,0.0,-3.0,-106.0,-16.0,0,0
77698,3.1385,-0.9986,0.701,0.2961,0.0,0.0,0.0,0.0,0.0,-3.0,-109.0,-18.0,0,0
77710,3.1385,-0.9986,0.701,0.2961,0.0,0.0,0.0,0.0,0.0,-1.0,-109.0,-16.0,0,0
77723,3.1385,-0.9986,0.6995,0.2961,0.0,0.0,0.0,0.0,0.0,-1.0,-112.0,-16.0,0,0
77735,3.1385,-0.9986,0.6995,0.2961,0.0,0.0,0.0,0.0,0.0,-2.0,-113.0,-16.0,0,0
77743,3.1401,-0.9971,0.701,0.2961,0.0,0.0,0.0,0.0,0.0,-3.0,-111.0,-16.0,0,0
77755,3.1385,-0.9986,0.701,0.2961,0.0,0.0,0.0,0.0,0.0,-5.0,-110.0,-16.0,0,0
77767,3.1385,-0.9971,0.701,0.2961,0.0,0.0,0.0,0.0,0.0,-3.0,-110.0,-16.0,0,0
77780,3.1385,-0.9986,0.701,0.2961,0.0,0.0,0.0,0.0,0.0,-4.0,-107.0,-16.0,0,0
77788,3.1401,-0.9986,0.701,0.2961,0.0,0.0,0.0,0.0,0.0,-3.0,-109.0,-16.0,0,0
77800,3.1401,-0.9986,0.701,0.2961,0.0,0.0,0.0,0.0,0.0,-3.0,-110.0,-16.0,0,0
77813,3.1385,-0.9971,0.701,0.2961,0.0,0.0,0.0,0.0,0.0,-1.0,-115.0,-16.0,0,0
77825,3.1401,-0.9986,0.701,0.2961,0.0,0.0,0.0,0.0,0.0,-1.0,-114.0,-20.0,0,0
77837,3.1385,-0.9986,0.701,0.2961,0.0,0.0,0.0,0.0,0.0,-1.0,-106.0,-16.0,0,0
77845,3.1385,-0.9971,0.6995,0.2961,0.0,0.0,0.0,0.0,0.0,-2.0,-107.0,-16.0,0,0
77857,3.1401,-0.9986,0.6995,0.2961,0.0,0.0,0.0,0.0,0.0,-2.0,-114.0,-16.0,0,0
77870,3.1385,-0.9986,0.701,0.2961,0.0,0.0,0.0,0.0,0.0,-2.0,-106.0,-17.0,0,0
77882,3.1385,-0.9986,0.701,0.2961,0.0,0.0,0.0,0.0,0.0,-3.0,-113.0,-16.0,0,0
77894,3.1401,-0.9986,0.6995,0.2961,0.0,0.0,0.0,0.0,0.0,-5.0,-111.0,-18.0,0,0
77903,3.1385,-0.9986,0.6995,0.2961,0.0,0.0,0.0,0.0,0.0,-4.0,-111.0,-17.0,0,0
77915,3.1385,-0.9986,0.701,0.2961,0.0,0.0,0.0,0.0,0.0,-1.0,-109.0,-16.0,0,0
77927,3.1385,-0.9986,0.701,0.2961,0.0,0.0,0.0,0.0,0.0,-1.0,-110.0,-16.0,0,0
77939,3.1385,-0.9986,0.701,0.2961,0.0,0.0,0.0,0.0,0.0,-2.0,-114.0,-16.0,0,0
77952,3.1385,-0.9986,0.701,0.2961,0.0,0.0,0.0,0.0,0.0,-6.0,-114.0,-16.0,0,0
77960,3.1401,-0.9986,0.6995,0.2961,0.0,0.0,0.0,0.0,0.0,-1.0,-113.0,-16.0,0,0
77972,3.1385,-0.9986,0.6995,0.2961,0.0,0.0,0.0,0.0,0.0,-4.0,-103.0,-16.0,0,0
77984,3.1385,-0.9986,0.701,0.2961,0.0,0.0,0.0,0.0,0.0,-4.0,-106.0,-16.0,0,0
77997,3.1385,-0.9986,0.6995,0.2961,0.0,0.0,0.0,0.0,0.0,-1.0,-111.0,-16.0,0,0
78009,3.1385,-0.9986,0.701,0.2961,0.0,0.0,0.0,0.0,0.0,-1.0,-109.0,-16.0,0,0
78018,3.1401,-0.9986,0.701,0.2961,0.0,0.0,0.0,0.0,0.0,-3.0,-108.0,-16.0,0,0
78029,3.1385,-0.9986,0.701,0.2961,0.0,0.0,0.0,0.0,0.0,-2.0,-108.0,-16.0,0,0
78042,3.1385,-0.9986,0.701,0.2961,0.0,0.0,0.0,0.0,0.0,-2.0,-112.0,-16.0,0,0
78054,3.1401,-0.9986,0.701,0.2961,0.0,0.0,0.0,0.0,0.0,-4.0,-111.0,-16.0,0,0
78066,3.1385,-0.9971,0.6995,0.2961,0.0,0.0,0.0,0.0,0.0,-1.0,-112.0,-16.0,0,0
78075,3.1401,-0.9971,0.701,0.2961,0.0,0.0,0.0,0.0,0.0,-3.0,-109.0,-16.0,0,0
78087,3.1385,-0.9986,0.6995,0.2961,0.0,0.0,0.0,0.0,0.0,-3.0,-111.0,-16.0,0,0
78099,3.1385,-0.9986,0.6995,0.2961,0.0,0.0,0.0,0.0,0.0,-2.0,-110.0,-16.0,0,0
78111,3.1385,-0.9986,0.701,0.2961,0.0,0.0,0.0,0.0,0.0,-3.0,-105.0,-16.0,0,0
78124,3.1385,-0.9986,0.701,0.2961,0.0,0.0,0.0,0.0,0.0,-4.0,-109.0,-16.0,0,0
78132,3.1385,-0.9986,0.701,0.2961,0.0,0.0,0.0,0.0,0.0,-4.0,-109.0,-16.0,0,0
78145,3.1385,-0.9986,0.701,0.2961,0.0,0.0,0.0,0.0,0.0,-2.0,-112.0,-16.0,0,0
78157,3.1385,-0.9986,0.6995,0.2961,0.0,0.0,0.0,0.0,0.0,-1.0,-113.0,-16.0,0,0
78169,3.1385,-0.9986,0.6995,0.2961,0.0,0.0,0.0,0.0,0.0,-3.0,-112.0,-16.0,0,0
78181,3.1385,-0.9986,0.6995,0.2961,0.0,0.0,0.0,0.0,0.0,-1.0,-115.0,-16.0,0,0
78190,3.1385,-0.9986,0.6995,0.2961,0.0,0.0,0.0,0.0,0.0,-2.0,-108.0,-16.0,0,0
78202,3.1385,-0.9986,0.6995,0.2961,0.0,0.0,0.0,0.0,0.0,-1.0,-113.0,-16.0,0,0
78214,3.1385,-0.9986,0.701,0.2961,0.0,0.0,0.0,0.0,0.0,-1.0,-108.0,-16.0,0,0
78226,3.1385,-0.9986,0.701,0.2961,0.0,0.0,0.0,0.0,0.0,-1.0,-111.0,-16.0,0,0
78235,3.1385,-0.9986,0.701,0.2961,0.0,0.0,0.0,0.0,0.0,-2.0,-111.0,-18.0,0,0
78246,3.1401,-0.9986,0.6995,0.2961,0.0,0.0,0.0,0.0,0.0,-1.0,-114.0,-16.0,0,0
78259,3.1385,-0.9986,0.6995,0.2961,0.0,0.0,0.0,0.0,0.0,-2.0,-112.0,-16.0,0,0
78271,3.1385,-0.9986,0.701,0.2961,0.0,0.0,0.0,0.0,0.0,-1.0,-112.0,-16.0,0,0
78283,3.1385,-0.9986,0.701,0.2961,0.0,0.0,0.0,0.0,0.0,-1.0,-112.0,-16.0,0,0
78292,3.1385,-0.9986,0.701,0.2961,0.0,0.0,0.0,0.0,0.0,-1.0,-112.0,-16.0,0,0
78304,3.1401,-0.9986,0.6995,0.2961,0.0,0.0,0.0,0.0,0.0,-1.0,-112.0,-16.0,0,0
78316,3.1385,-0.9986,0.701,0.2961,0.0,0.0,0.0,0.0,0.0,-1.0,-115.0,-16.0,0,0
78328,3.1401,-0.9971,0.6995,0.2961,0.0,0.0,0.0,0.0,0.0,-1.0,-114.0,-16.0,0,0
78341,3.1385,-0.9986,0.6995,0.2961,0.0,0.0,0.0,0.0,0.0,-1.0,-114.0,-16.0,0,0
78349,3.1385,-0.9986,0.6995,0.2961,0.0,0.0,0.0,0.0,0.0,-1.0,-114.0,-16.0,0,0
78361,3.1385,-0.9986,0.701,0.2961,0.0,0.0,0.0,0.0,0.0,-1.0,-113.0,-16.0,0,0
78373,3.1401,-0.9986,0.6995,0.2961,0.0,0.0,0.0,0.0,0.0,-1.0,-114.0,-16.0,0,0
78386,3.1385,-0.9971,0.6995,0.2961,0.0,0.0,0.0,0.0,0.0,-1.0,-114.0,-16.0,0,0
78398,3.1385,-0.9986,0.701,0.2961,0.0,0.0,0.0,0.0,0.0,-1.0,-108.0,-16.0,0,0
78406,3.1385,-0.9986,0.6995,0.2961,0.0,0.0,0.0,0.0,0.0,-1.0,-114.0,-17.0,0,0
78419,3.1385,-0.9986,0.701,0.2961,0.0,0.0,0.0,0.0,0.0,-1.0,-115.0,-16.0,0,0
78431,3.1385,-0.9986,0.701,0.2961,0.0,0.0,0.0,0.0,0.0,-1.0,-110.0,-16.0,0,0
78443,3.1401,-0.9986,0.701,0.2961,0.0,0.0,0.0,0.0,0.0,-1.0,-111.0,-16.0,0,0
78455,3.1401,-0.9986,0.701,0.2961,0.0,0.0,0.0,0.0,0.0,-1.0,-112.0,-16.0,0,0
78464,3.1385,-0.9986,0.701,0.2961,0.0,0.0,0.0,0.0,0.0,-1.0,-115.0,-16.0,0,0
78476,3.1385,-0.9986,0.701,0.2961,0.0,0.0,0.0,0.0,0.0,-1.0,-115.0,-17.0,0,0
78488,3.1385,-0.9986,0.701,0.2961,0.0,0.0,0.0,0.0,0.0,-1.0,-113.0,-16.0,0,0
78500,3.1385,-0.9986,0.6995,0.2961,0.0,0.0,0.0,0.0,0.0,-1.0,-116.0,-16.0,0,0
78513,3.1385,-0.9986,0.6995,0.2961,0.0,0.0,0.0,0.0,0.0,-1.0,-114.0,-16.0,0,0
78521,3.1385,-0.9986,0.6995,0.2961,0.0,0.0,0.0,0.0,0.0,-1.0,-114.0,-16.0,0,0
78533,3.1385,-0.9971,0.6995,0.2961,0.0,0.0,0.0,0.0,0.0,-1.0,-112.0,-20.0,0,0
78545,3.1401,-0.9986,0.6995,0.2961,0.0,0.0,0.0,0.0,0.0,-1.0,-114.0,-16.0,0,0
78558,3.1401,-0.9986,0.6995,0.2961,0.0,0.0,0.0,0.0,0.0,-1.0,-116.0,-16.0,0,0
78570,3.1401,-0.9986,0.701,0.2961,0.0,0.0,0.0,0.0,0.0,-1.0,-111.0,-16.0,0,0
78578,3.1401,-0.9971,0.6995,0.2961,0.0,0.0,0.0,0.0,0.0,-1.0,-111.0,-16.0,0,0
78591,3.1385,-0.9986,0.6995,0.2961,0.0,0.0,0.0,0.0,0.0,-1.0,-112.0,-16.0,0,0
78603,3.1385,-0.9986,0.701,0.2961,0.0,0.0,0.0,0.0,0.0,-1.0,-113.0,-16.0,0,0
78615,3.1385,-0.9986,0.6995,0.2961,0.0,0.0,0.0,0.0,0.0,-1.0,-112.0,-16.0,0,0
78627,3.1401,-0.9986,0.701,0.2961,0.0,0.0,0.0,0.0,0.0,-1.0,-114.0,-16.0,0,0
78636,3.1385,-0.9986,0.701,0.2961,0.0,0.0,0.0,0.0,0.0,-1.0,-115.0,-16.0,0,0
78648,3.1385,-0.9986,0.701,0.2961,0.0,0.0,0.0,0.0,0.0,-1.0,-115.0,-16.0,0,0
78660,3.1385,-0.9986,0.6995,0.2961,0.0,0.0,0.0,0.0,0.0,-1.0,-114.0,-16.0,0,0
78673,3.1385,-0.9986,0.701,0.2961,0.0,0.0,0.0,0.0,2.0,-1.0,-113.0,-16.0,0,0
78681,3.1385,-0.9986,0.701,0.2961,0.0,0.0,0.0,0.0,2.0,-1.0,-113.0,-16.0,0,0
78693,3.1401,-0.9986,0.701,0.2961,0.0,0.0,0.0,0.0,0.0,-1.0,-114.0,-16.0,0,0
78705,3.1385,-0.9971,0.701,0.2961,0.0,0.0,0.0,0.0,0.0,-1.0,-115.0,-16.0,0,0
78718,3.1401,-0.9971,0.701,0.2961,0.0,0.0,0.0,0.0,0.0,-1.0,-116.0,-16.0,0,0
78730,3.1401,-0.9986,0.701,0.2961,0.0,0.0,0.0,0.0,0.0,-1.0,-113.0,-16.0,0,0
78738,3.1401,-0.9971,0.6995,0.2961,0.0,0.0,0.0,0.0,0.0,-1.0,-113.0,-16.0,0,0
78751,3.1401,-0.9986,0.701,0.2961,0.0,0.0,0.0,0.0,0.0,-1.0,-115.0,-17.0,0,0
78763,3.1401,-0.9971,0.701,0.2961,0.0,0.0,0.0,0.0,0.0,-1.0,-115.0,-16.0,0,0
78775,3.1401,-0.9986,0.701,0.2961,0.0,0.0,0.0,0.0,3.0,-1.0,-114.0,-16.0,0,0
78787,3.1401,-0.9986,0.701,0.2961,0.0,0.0,0.0,0.0,0.0,-1.0,-115.0,-16.0,0,0
78795,3.1401,-0.9986,0.701,0.2961,0.0,0.0,0.0,0.0,0.0,-1.0,-115.0,-16.0,0,0
78808,3.1401,-0.9986,0.6995,0.2961,0.0,0.0,0.0,0.0,0.0,-1.0,-116.0,-16.0,0,0
78820,3.1401,-0.9986,0.6995,0.2961,0.0,0.0,0.0,0.0,0.0,-1.0,-114.0,-16.0,0,0
78833,3.1401,-0.9986,0.6995,0.2961,0.0,0.0,0.0,0.0,0.0,-1.0,-111.0,-16.0,0,0
78844,3.1401,-0.9986,0.6995,0.2961,0.0,0.0,0.0,0.0,0.0,-1.0,-116.0,-16.0,0,0
78853,3.1401,-0.9986,0.701,0.2961,0.0,0.0,0.0,0.0,0.0,-1.0,-111.0,-16.0,0,0
78865,3.1385,-0.9986,0.701,0.2961,0.0,0.0,0.0,0.0,0.0,-1.0,-116.0,-16.0,0,0
78877,3.1401,-0.9986,0.701,0.2961,0.0,0.0,0.0,0.0,0.0,-1.0,-113.0,-16.0,0,0
78890,3.1401,-0.9971,0.701,0.2961,0.0,0.0,0.0,0.0,0.0,-1.0,-118.0,-16.0,0,0
78902,3.1385,-0.9986,0.701,0.2961,0.0,0.0,0.0,0.0,0.0,-1.0,-115.0,-16.0,0,0
78910,3.1401,-0.9986,0.701,0.2961,0.0,0.0,0.0,0.0,0.0,-1.0,-116.0,-16.0,0,0
78923,3.1401,-0.9986,0.6995,0.2961,0.0,0.0,0.0,0.0,0.0,-1.0,-115.0,-16.0,0,0
78935,3.1401,-0.9986,0.701,0.2961,0.0,0.0,0.0,0.0,0.0,-1.0,-116.0,-16.0,0,0
78947,3.1401,-0.9986,0.701,0.2961,0.0,0.0,0.0,0.0,0.0,-1.0,-116.0,-16.0,0,0
78959,3.1401,-0.9986,0.6995,0.2961,0.0,0.0,0.0,0.0,0.0,-1.0,-116.0,-16.0,0,0
78967,3.1401,-0.9986,0.701,0.2961,0.0,0.0,0.0,0.0,0.0,-1.0,-115.0,-16.0,0,0
78980,3.1401,-0.9986,0.701,0.2961,0.0,0.0,0.0,0.0,0.0,-1.0,-115.0,-16.0,0,0
78992,3.1401,-0.9986,0.701,0.2961,0.0,0.0,0.0,0.0,3.0,-1.0,-115.0,-16.0,0,0
79004,3.1401,-0.9986,0.701,0.2961,0.0,0.0,0.0,0.0,0.0,-1.0,-118.0,-16.0,0,0
79017,3.1401,-0.9986,0.701,0.2961,0.0,0.0,0.0,0.0,0.0,-1.0,-113.0,-17.0,0,0
79025,3.1401,-0.9986,0.6995,0.2961,0.0,0.0,0.0,0.0,0.0,-1.0,-114.0,-16.0,0,0
79037,3.1401,-0.9971,0.701,0.2961,0.0,0.0,0.0,0.0,0.0,-1.0,-115.0,-16.0,0,0
79049,3.1401,-0.9986,0.701,0.2961,0.0,0.0,0.0,0.0,0.0,-1.0,-114.0,-16.0,0,0
79062,3.1401,-0.9986,0.6995,0.2961,0.0,0.0,0.0,0.0,0.0,-1.0,-115.0,-16.0,0,0
79074,3.1401,-0.9986,0.701,0.2961,0.0,0.0,0.0,0.0,0.0,-1.0,-114.0,-16.0,0,0
79082,3.1401,-0.9986,0.701,0.2961,0.0,0.0,0.0,0.0,0.0,-1.0,-114.0,-16.0,0,0
79094,3.1401,-0.9986,0.6995,0.2961,0.0,0.0,0.0,0.0,0.0,-1.0,-116.0,-16.0,0,0
79107,3.1401,-0.9986,0.701,0.2961,0.0,0.0,0.0,0.0,0.0,-1.0,-117.0,-16.0,0,0
79119,3.1401,-0.9971,0.6995,0.2961,0.0,0.0,0.0,0.0,0.0,-1.0,-117.0,-16.0,0,0
79127,3.1401,-0.9986,0.6995,0.2961,0.0,0.0,0.0,0.0,0.0,-1.0,-117.0,-16.0,0,0
79139,3.1401,-0.9986,0.701,0.2961,0.0,0.0,0.0,0.0,1.0,0.0,-116.0,-16.0,0,0
79152,3.1401,-0.9986,0.701,0.2961,0.0,0.0,0.0,0.0,0.0,0.0,-116.0,-17.0,0,0
79164,3.1401,-0.9986,0.701,0.2961,0.0,0.0,0.0,0.0,0.0,0.0,-113.0,-16.0,0,0
79176,3.1401,-0.9971,0.6995,0.2961,0.0,0.0,0.0,0.0,0.0,0.0,-118.0,-16.0,0,0
79184,3.1401,-0.9986,0.701,0.2961,0.0,0.0,0.0,0.0,0.0,0.0,-118.0,-15.0,0,0
79197,3.1401,-0.9986,0.701,0.2961,0.0,0.0,0.0,0.0,0.0,0.0,-113.0,-18.0,0,0
79209,3.1401,-0.9971,0.6995,0.2961,0.0,0.0,0.0,0.0,0.0,0.0,-119.0,-16.0,0,0
79221,3.1401,-0.9986,0.6995,0.2961,0.0,0.0,0.0,0.0,0.0,0.0,-118.0,-16.0,0,0
79234,3.1401,-0.9971,0.6995,0.2961,0.0,0.0,0.0,0.0,0.0,0.0,-116.0,-16.0,0,0
79242,3.1401,-0.9971,0.6995,0.2961,0.0,0.0,0.0,0.0,0.0,0.0,-116.0,-16.0,0,0
79254,3.1401,-0.9971,0.701,0.2961,0.0,0.0,0.0,0.0,0.0,0.0,-114.0,-16.0,0,0
79266,3.1401,-0.9986,0.701,0.2961,0.0,0.0,0.0,0.0,0.0,0.0,-116.0,-16.0,0,0
79279,3.1401,-0.9971,0.701,0.2961,0.0,0.0,0.0,0.0,0.0,0.0,-117.0,-16.0,0,0
79291,3.1401,-0.9971,0.701,0.2961,0.0,0.0,0.0,0.0,0.0,0.0,-118.0,-16.0,0,0
79299,3.1401,-0.9971,0.6995,0.2961,0.0,0.0,0.0,0.0,0.0,0.0,-119.0,-18.0,0,0
79311,3.1401,-0.9986,0.701,0.2961,0.0,0.0,0.0,0.0,0.0,0.0,-119.0,-16.0,0,0
79324,3.1401,-0.9986,0.6995,0.2961,0.0,0.0,0.0,0.0,0.0,0.0,-118.0,-16.0,0,0
79336,3.1401,-0.9986,0.6995,0.2961,0.0,0.0,0.0,0.0,0.0,0.0,-118.0,-16.0,0,0
79348,3.1401,-0.9986,0.6995,0.2961,0.0,0.0,0.0,0.0,0.0,0.0,-118.0,-16.0,0,0
79356,3.1401,-0.9971,0.6995,0.2961,0.0,0.0,0.0,0.0,0.0,0.0,-116.0,-16.0,0,0
79369,3.1401,-0.9986,0.701,0.2961,0.0,0.0,0.0,0.0,0.0,0.0,-115.0,-16.0,0,0
79381,3.1401,-0.9986,0.6995,0.2961,0.0,0.0,0.0,0.0,0.0,0.0,-118.0,-16.0,0,0
79393,3.1401,-0.9986,0.701,0.2961,0.0,0.0,0.0,0.0,0.0,0.0,-116.0,-17.0,0,0
79406,3.1401,-0.9971,0.701,0.2961,0.0,0.0,0.0,0.0,0.0,0.0,-117.0,-16.0,0,0
79414,3.1401,-0.9986,0.6995,0.2961,0.0,0.0,0.0,0.0,0.0,0.0,-119.0,-16.0,0,0
79426,3.1401,-0.9971,0.6995,0.2961,0.0,0.0,0.0,0.0,0.0,0.0,-116.0,-16.0,0,0
79438,3.1401,-0.9986,0.701,0.2961,0.0,0.0,0.0,0.0,0.0,0.0,-114.0,-16.0,0,0
79451,3.1401,-0.9986,0.701,0.2961,0.0,0.0,0.0,0.0,0.0,0.0,-118.0,-16.0,0,0
79463,3.1401,-0.9986,0.701,0.2961,0.0,0.0,0.0,0.0,0.0,0.0,-117.0,-16.0,0,0
79471,3.1401,-0.9986,0.701,0.2961,0.0,0.0,0.0,0.0,0.0,0.0,-117.0,-16.0,0,0
79483,3.1401,-0.9986,0.701,0.2961,0.0,0.0,0.0,0.0,0.0,0.0,-116.0,-16.0,0,0
79496,3.1401,-0.9986,0.6995,0.2961,0.0,0.0,0.0,0.0,0.0,0.0,-117.0,-16.0,0,0
79508,3.1401,-0.9986,0.6995,0.2961,0.0,0.0,0.0,0.0,0.0,0.0,-116.0,-19.0,0,0
79520,3.1401,-0.9986,0.6995,0.2961,0.0,0.0,0.0,0.0,0.0,0.0,-115.0,-16.0,0,0
79529,3.1401,-0.9986,0.701,0.2961,0.0,0.0,0.0,0.0,0.0,0.0,-121.0,-16.0,0,0
79541,3.1401,-0.9971,0.701,0.2961,0.0,0.0,0.0,0.0,0.0,0.0,-117.0,-16.0,0,0
79553,3.1401,-0.9986,0.6995,0.2961,0.0,0.0,0.0,0.0,0.0,0.0,-116.0,-16.0,0,0
79565,3.1401,-0.9971,0.6995,0.2961,0.0,0.0,0.0,0.0,0.0,0.0,-120.0,-16.0,0,0
79574,3.1401,-0.9986,0.6995,0.2961,0.0,0.0,0.0,0.0,0.0,0.0,-117.0,-19.0,0,0
79586,3.1401,-0.9986,0.6995,0.2961,0.0,0.0,0.0,0.0,0.0,0.0,-117.0,-17.0,0,0
79599,3.1401,-0.9986,0.701,0.2961,0.0,0.0,0.0,0.0,0.0,0.0,-118.0,-16.0,0,0
79610,3.1401,-0.9986,0.701,0.2961,0.0,0.0,0.0,0.0,0.0,0.0,-119.0,-16.0,0,0
