time_ms,q1,q2,q3,q4,v1,v2,v3,v4,e1,e2,e3,e4,fsr_raw,label
2003,3.1401,-1.0002,0.6995,0.2945,0.0,0.0,0.0,0.0,0.0,20.0,-127.0,-13.0,1,0
2003,3.1401,-1.0002,0.6995,0.2945,0.0,0.0,0.0,0.0,0.0,20.0,-127.0,-13.0,1,0
2003,3.1401,-1.0002,0.6995,0.2945,0.0,0.0,0.0,0.0,0.0,20.0,-127.0,-13.0,1,0
2003,3.1401,-1.0002,0.6995,0.2945,0.0,0.0,0.0,0.0,0.0,20.0,-127.0,-13.0,1,0
2003,3.1401,-1.0002,0.6995,0.2945,0.0,0.0,0.0,0.0,0.0,20.0,-127.0,-13.0,1,0
2003,3.1401,-1.0002,0.6995,0.2945,0.0,0.0,0.0,0.0,0.0,20.0,-127.0,-13.0,0,0
2003,3.1401,-1.0002,0.6995,0.2945,0.0,0.0,0.0,0.0,0.0,20.0,-127.0,-13.0,0,0
2003,3.1401,-1.0002,0.6995,0.2945,0.0,0.0,0.0,0.0,0.0,20.0,-127.0,-13.0,1,0
2003,3.1401,-1.0002,0.6995,0.2945,0.0,0.0,0.0,0.0,0.0,20.0,-127.0,-13.0,1,0
2003,3.1401,-1.0002,0.6995,0.2945,0.0,0.0,0.0,0.0,0.0,20.0,-127.0,-13.0,1,0
2003,3.1401,-1.0002,0.6995,0.2945,0.0,0.0,0.0,0.0,0.0,20.0,-127.0,-13.0,1,0
2003,3.1401,-1.0002,0.6995,0.2945,0.0,0.0,0.0,0.0,0.0,20.0,-127.0,-13.0,1,0
2003,3.1401,-1.0002,0.6995,0.2945,0.0,0.0,0.0,0.0,0.0,20.0,-127.0,-13.0,1,0
2003,3.1401,-1.0002,0.6995,0.2945,0.0,0.0,0.0,0.0,0.0,20.0,-127.0,-13.0,1,0
2003,3.1401,-1.0002,0.6995,0.2945,0.0,0.0,0.0,0.0,0.0,20.0,-127.0,-13.0,1,0
2004,3.1401,-1.0002,0.6995,0.2945,0.0,0.0,0.0,0.0,0.0,20.0,-127.0,-13.0,0,0
2004,3.1401,-1.0002,0.6995,0.2945,0.0,0.0,0.0,0.0,0.0,20.0,-127.0,-13.0,1,0
2004,3.1401,-1.0002,0.6995,0.2945,0.0,0.0,0.0,0.0,0.0,20.0,-127.0,-13.0,1,0
2004,3.1401,-1.0002,0.6995,0.2945,0.0,0.0,0.0,0.0,0.0,20.0,-127.0,-13.0,1,0
2004,3.1401,-1.0002,0.6995,0.2945,0.0,0.0,0.0,0.0,0.0,20.0,-127.0,-13.0,1,0
2004,3.1401,-1.0002,0.6995,0.2945,0.0,0.0,0.0,0.0,0.0,20.0,-127.0,-13.0,0,0
2004,3.1401,-1.0002,0.6995,0.2945,0.0,0.0,0.0,0.0,0.0,20.0,-127.0,-13.0,1,0
2004,3.1401,-1.0002,0.6995,0.2945,0.0,0.0,0.0,0.0,0.0,20.0,-127.0,-13.0,1,0
2004,3.1401,-1.0002,0.6995,0.2945,0.0,0.0,0.0,0.0,0.0,20.0,-127.0,-13.0,1,0
2004,3.1401,-1.0002,0.6995,0.2945,0.0,0.0,0.0,0.0,0.0,20.0,-127.0,-13.0,1,0
2004,3.1401,-1.0002,0.6995,0.2945,0.0,0.0,0.0,0.0,0.0,20.0,-127.0,-13.0,0,0
2004,3.1401,-1.0002,0.6995,0.2945,0.0,0.0,0.0,0.0,0.0,20.0,-127.0,-13.0,0,0
2004,3.1401,-1.0002,0.6995,0.2945,0.0,0.0,0.0,0.0,0.0,20.0,-127.0,-13.0,0,0
2004,3.1401,-1.0002,0.6995,0.2945,0.0,0.0,0.0,0.0,0.0,20.0,-127.0,-13.0,1,0
2004,3.1401,-1.0002,0.6995,0.2945,0.0,0.0,0.0,0.0,0.0,20.0,-127.0,-13.0,1,0
2004,3.1401,-1.0002,0.6995,0.2945,0.0,0.0,0.0,0.0,0.0,20.0,-127.0,-13.0,1,0
2004,3.1401,-1.0002,0.6995,0.2945,0.0,0.0,0.0,0.0,0.0,20.0,-127.0,-13.0,1,0
2004,3.1401,-1.0002,0.6995,0.2945,0.0,0.0,0.0,0.0,0.0,20.0,-127.0,-13.0,0,0
2004,3.1401,-1.0002,0.6995,0.2945,0.0,0.0,0.0,0.0,0.0,20.0,-127.0,-13.0,1,0
2005,3.1401,-1.0002,0.6995,0.2945,0.0,0.0,0.0,0.0,0.0,20.0,-127.0,-13.0,1,0
2005,3.1401,-1.0002,0.6995,0.2945,0.0,0.0,0.0,0.0,0.0,20.0,-127.0,-13.0,1,0
2005,3.1401,-1.0002,0.6995,0.2945,0.0,0.0,0.0,0.0,0.0,20.0,-127.0,-13.0,1,0
2005,3.1401,-1.0002,0.6995,0.2945,0.0,0.0,0.0,0.0,0.0,20.0,-127.0,-13.0,1,0
2005,3.1401,-1.0002,0.6995,0.2945,0.0,0.0,0.0,0.0,0.0,20.0,-127.0,-13.0,1,0
2005,3.1401,-1.0002,0.6995,0.2945,0.0,0.0,0.0,0.0,0.0,20.0,-127.0,-13.0,1,0
2005,3.1401,-1.0002,0.6995,0.2945,0.0,0.0,0.0,0.0,0.0,20.0,-127.0,-13.0,1,0
2005,3.1401,-1.0002,0.6995,0.2945,0.0,0.0,0.0,0.0,0.0,20.0,-127.0,-13.0,1,0
2005,3.1401,-1.0002,0.6995,0.2945,0.0,0.0,0.0,0.0,0.0,20.0,-127.0,-13.0,1,0
2005,3.1401,-1.0002,0.6995,0.2945,0.0,0.0,0.0,0.0,0.0,20.0,-127.0,-13.0,0,0
2005,3.1401,-1.0002,0.6995,0.2945,0.0,0.0,0.0,0.0,0.0,20.0,-127.0,-13.0,1,0
2005,3.1401,-1.0002,0.6995,0.2945,0.0,0.0,0.0,0.0,0.0,20.0,-127.0,-13.0,1,0
2005,3.1401,-1.0002,0.6995,0.2945,0.0,0.0,0.0,0.0,0.0,20.0,-127.0,-13.0,1,0
2005,3.1401,-1.0002,0.6995,0.2945,0.0,0.0,0.0,0.0,0.0,20.0,-127.0,-13.0,1,0
2005,3.1401,-1.0002,0.6995,0.2945,0.0,0.0,0.0,0.0,0.0,20.0,-127.0,-13.0,1,0
2005,3.1401,-1.0002,0.6995,0.2945,0.0,0.0,0.0,0.0,0.0,20.0,-127.0,-13.0,1,0
2005,3.1401,-1.0002,0.6995,0.2945,0.0,0.0,0.0,0.0,0.0,20.0,-127.0,-13.0,1,0
2005,3.1401,-1.0002,0.6995,0.2945,0.0,0.0,0.0,0.0,0.0,20.0,-127.0,-13.0,1,0
2005,3.1401,-1.0002,0.6995,0.2945,0.0,0.0,0.0,0.0,0.0,20.0,-127.0,-13.0,1,0
2005,3.1401,-1.0002,0.6995,0.2945,0.0,0.0,0.0,0.0,0.0,20.0,-127.0,-13.0,1,0
2005,3.1401,-1.0002,0.6995,0.2945,0.0,0.0,0.0,0.0,0.0,20.0,-127.0,-13.0,0,0
2005,3.1401,-1.0002,0.6995,0.2945,0.0,0.0,0.0,0.0,0.0,20.0,-127.0,-13.0,1,0
2006,3.1401,-1.0002,0.6995,0.2945,0.0,0.0,0.0,0.0,0.0,20.0,-127.0,-13.0,1,0
2006,3.1401,-1.0002,0.6995,0.2945,0.0,0.0,0.0,0.0,0.0,20.0,-127.0,-13.0,1,0
2006,3.1401,-1.0002,0.6995,0.2945,0.0,0.0,0.0,0.0,0.0,20.0,-127.0,-13.0,1,0
2006,3.1401,-1.0002,0.6995,0.2945,0.0,0.0,0.0,0.0,0.0,20.0,-127.0,-13.0,1,0
2006,3.1401,-1.0002,0.6995,0.2945,0.0,0.0,0.0,0.0,0.0,20.0,-127.0,-13.0,1,0
2018,3.1401,-1.0002,0.6995,0.2945,0.0,0.0,0.0,0.0,0.0,21.0,-128.0,-13.0,0,0
2026,3.1401,-1.0002,0.6995,0.2945,0.0,0.0,0.0,0.0,0.0,14.0,-126.0,-12.0,1,0
2039,3.1401,-1.0002,0.6995,0.2945,0.0,0.0,0.0,0.0,0.0,15.0,-126.0,-10.0,1,0
2047,3.1401,-1.0002,0.6995,0.2945,0.0,0.0,0.0,0.0,0.0,20.0,-129.0,-13.0,1,0
2059,3.1401,-1.0002,0.6995,0.2945,0.0,0.0,0.0,0.0,0.0,18.0,-129.0,-11.0,1,0
2067,3.1401,-1.0002,0.6995,0.2945,0.0,0.0,0.0,0.0,0.0,13.0,-129.0,-12.0,0,0
2080,3.1401,-1.0002,0.6995,0.2945,0.0,0.0,0.0,0.0,0.0,17.0,-126.0,-12.0,1,0
2088,3.1401,-1.0002,0.6995,0.2945,0.0,0.0,0.0,0.0,0.0,24.0,-129.0,-12.0,1,0
2100,3.1401,-1.0002,0.6995,0.2945,0.0,0.0,0.0,0.0,0.0,17.0,-128.0,-12.0,1,0
2113,3.1401,-1.0002,0.6995,0.2945,0.0,0.0,0.0,0.0,0.0,18.0,-129.0,-11.0,1,0
2121,3.1401,-1.0002,0.6995,0.2945,0.0,0.0,0.0,0.0,0.0,18.0,-129.0,-11.0,1,0
2133,3.1401,-1.0002,0.6995,0.2945,0.0,0.0,0.0,0.0,0.0,25.0,-129.0,-12.0,1,0
2141,3.1401,-1.0002,0.6995,0.2945,0.0,0.0,0.0,0.0,0.0,25.0,-129.0,-12.0,1,0
2153,3.1401,-1.0002,0.6995,0.2945,0.0,0.0,0.0,0.0,0.0,19.0,-128.0,-14.0,1,0
2162,3.1401,-0.9986,0.6995,0.2945,0.0,0.0,0.0,0.0,0.0,14.0,-129.0,-13.0,1,0
2174,3.1401,-0.9986,0.6995,0.2945,0.0,0.0,0.0,0.0,0.0,15.0,-128.0,-11.0,1,0
2182,3.1401,-1.0002,0.6995,0.2945,0.0,0.0,0.0,0.0,0.0,23.0,-129.0,-9.0,0,0
2194,3.1401,-1.0002,0.6995,0.2945,0.0,0.0,0.0,0.0,0.0,16.0,-126.0,-12.0,0,0
2203,3.1401,-0.9986,0.6995,0.2945,0.0,0.0,0.0,0.0,0.0,17.0,-128.0,-12.0,0,0
2215,3.1401,-0.9986,0.6995,0.2945,0.0,0.0,0.0,0.0,0.0,11.0,-127.0,-11.0,1,0
2227,3.1401,-1.0002,0.6995,0.2945,0.0,0.0,0.0,0.0,0.0,13.0,-129.0,-13.0,1,0
2235,3.1401,-0.9986,0.6995,0.2945,0.0,0.0,0.0,0.0,0.0,22.0,-128.0,-13.0,1,0
2248,3.1401,-0.9986,0.6995,0.2945,0.0,0.0,0.0,0.0,0.0,18.0,-129.0,-14.0,1,0
2256,3.1401,-1.0002,0.6995,0.2945,0.0,0.0,0.0,0.0,0.0,14.0,-128.0,-14.0,1,0
2268,3.1401,-1.0002,0.6995,0.2945,0.0,0.0,0.0,0.0,0.0,20.0,-128.0,-10.0,1,0
2276,3.1401,-0.9986,0.6995,0.2945,0.0,0.0,0.0,0.0,0.0,17.0,-127.0,-12.0,1,0
2289,3.1401,-0.9986,0.6995,0.293,0.0,0.0,0.0,0.0,0.0,15.0,-130.0,-10.0,1,0
2297,3.1401,-0.9986,0.6995,0.2945,0.0,0.0,0.0,0.0,0.0,13.0,-127.0,-13.0,1,0
2309,3.1401,-1.0002,0.6995,0.2945,0.0,0.0,0.0,0.0,0.0,20.0,-130.0,-14.0,1,0
2317,3.1401,-0.9986,0.6995,0.2945,0.0,0.0,0.0,0.0,0.0,13.0,-130.0,-12.0,1,0
2330,3.1401,-0.9986,0.6995,0.2945,0.0,0.0,0.0,0.0,0.0,18.0,-129.0,-14.0,0,0
2342,3.1401,-0.9986,0.6995,0.293,0.0,0.0,0.0,0.0,0.0,16.0,-128.0,-14.0,1,0
2350,3.1401,-0.9986,0.6995,0.293,0.0,0.0,0.0,0.0,0.0,16.0,-128.0,-14.0,1,0
2362,3.1401,-1.0002,0.6995,0.2945,0.0,0.0,0.0,0.0,0.0,18.0,-129.0,-14.0,1,0
2371,3.1401,-1.0002,0.6995,0.2945,0.0,0.0,0.0,0.0,0.0,18.0,-129.0,-14.0,1,0
2383,3.1401,-0.9986,0.6995,0.2945,0.0,0.0,0.0,0.0,0.0,13.0,-129.0,-12.0,1,0
2391,3.1401,-0.9986,0.6995,0.2945,0.0,0.0,0.0,0.0,0.0,13.0,-129.0,-12.0,0,0
2403,3.1401,-0.9986,0.6995,0.2945,0.0,0.0,0.0,0.0,0.0,13.0,-129.0,-11.0,1,0
2412,3.1401,-0.9986,0.6995,0.293,0.0,0.0,0.0,0.0,0.0,23.0,-127.0,-14.0,1,0
2424,3.1401,-0.9986,0.701,0.2945,0.0,0.0,0.0,0.0,0.0,19.0,-128.0,-13.0,1,0
2432,3.1401,-1.0002,0.6995,0.2945,0.0,0.0,0.0,0.0,0.0,18.0,-129.0,-13.0,1,0
2444,3.1401,-0.9986,0.6995,0.2945,0.0,0.0,0.0,0.0,0.0,14.0,-127.0,-9.0,1,0
2452,3.1401,-0.9986,0.6995,0.2945,0.0,0.0,0.0,0.0,1.0,14.0,-130.0,-7.0,1,0
2465,3.1401,-0.9986,0.6995,0.2945,0.0,0.0,0.0,0.0,0.0,20.0,-129.0,-8.0,1,0
2477,3.1401,-0.9986,0.6995,0.2945,0.0,0.0,0.0,0.0,0.0,19.0,-129.0,-8.0,1,0
2485,3.1401,-0.9986,0.6995,0.2945,0.0,0.0,0.0,0.0,0.0,20.0,-129.0,-8.0,1,0
2498,3.1401,-0.9986,0.6995,0.2945,0.0,0.0,0.0,0.0,0.0,21.0,-129.0,-8.0,1,0
2506,3.1401,-0.9986,0.6995,0.2945,0.0,0.0,0.0,0.0,0.0,17.0,-130.0,-8.0,0,0
2518,3.1401,-0.9986,0.6995,0.2945,0.0,0.0,0.0,0.0,0.0,21.0,-132.0,-9.0,1,0
2526,3.1401,-0.9986,0.6995,0.293,0.0,0.0,0.0,0.0,0.0,14.0,-129.0,-7.0,1,0
2538,3.1401,-0.9986,0.6995,0.2945,0.0,0.0,0.0,0.0,0.0,14.0,-129.0,-8.0,1,0
2551,3.1401,-0.9986,0.701,0.2945,0.0,0.0,0.0,0.0,0.0,15.0,-129.0,-9.0,0,0
2559,3.1401,-0.9986,0.6995,0.2945,0.0,0.0,0.0,0.0,0.0,18.0,-131.0,-8.0,1,0
2571,3.1401,-0.9986,0.6995,0.293,0.0,0.0,0.0,0.0,0.0,15.0,-130.0,-7.0,1,0
2579,3.1401,-0.9986,0.6995,0.2945,0.0,0.0,0.0,0.0,0.0,19.0,-130.0,-8.0,1,0
2592,3.1401,-0.9986,0.6995,0.2945,0.0,0.0,0.0,0.0,0.0,18.0,-131.0,-8.0,1,0
2600,3.1401,-0.9986,0.6995,0.2945,0.0,0.0,0.0,0.0,0.0,18.0,-131.0,-8.0,1,0
2612,3.1401,-0.9986,0.701,0.2945,0.0,0.0,0.0,0.0,0.0,18.0,-131.0,-8.0,0,0
2620,3.1401,-0.9986,0.701,0.2945,0.0,0.0,0.0,0.0,0.0,18.0,-131.0,-8.0,1,0
2633,3.1401,-0.9986,0.6995,0.2945,0.0,0.0,0.0,0.0,0.0,14.0,-132.0,-8.0,1,0
2645,3.1401,-0.9986,0.6995,0.2945,0.0,0.0,0.0,0.0,0.0,18.0,-130.0,-8.0,1,0
2653,3.1401,-0.9986,0.6995,0.2945,0.0,0.0,0.0,0.0,0.0,17.0,-129.0,-9.0,0,0
2665,3.1401,-0.9986,0.6995,0.2945,0.0,0.0,0.0,0.0,0.0,17.0,-129.0,-9.0,0,0
2674,3.1401,-0.9986,0.6995,0.293,0.0,0.0,0.0,0.0,0.0,16.0,-130.0,-8.0,0,0
2686,3.1401,-0.9986,0.6995,0.2945,0.0,0.0,0.0,0.0,0.0,17.0,-130.0,-8.0,1,0
2694,3.1401,-0.9986,0.6995,0.2945,0.0,0.0,0.0,0.0,0.0,19.0,-130.0,-9.0,0,0
2706,3.1401,-0.9986,0.6995,0.2945,0.0,0.0,0.0,0.0,0.0,14.0,-130.0,-9.0,1,0
2715,3.1401,-0.9986,0.701,0.2945,0.0,0.0,0.0,0.0,0.0,16.0,-130.0,-7.0,1,0
2727,3.1401,-0.9986,0.701,0.2945,0.0,0.0,0.0,0.0,0.0,16.0,-129.0,-9.0,0,0
2739,3.1401,-0.9986,0.6995,0.2945,0.0,0.0,0.0,0.0,0.0,17.0,-129.0,-9.0,1,0
2747,3.1401,-0.9986,0.6995,0.2945,0.0,0.0,0.0,0.0,0.0,16.0,-133.0,-8.0,1,0
2760,3.1401,-0.9986,0.701,0.2945,0.0,0.0,0.0,0.0,0.0,15.0,-134.0,-6.0,1,0
2768,3.1401,-0.9986,0.6995,0.2945,0.0,0.0,0.0,0.0,0.0,18.0,-129.0,-7.0,1,0
2780,3.1401,-0.9986,0.6995,0.2945,0.0,0.0,0.0,0.0,0.0,17.0,-130.0,-8.0,1,0
2788,3.1401,-0.9986,0.6995,0.2945,0.0,0.0,0.0,0.0,0.0,19.0,-129.0,-8.0,1,0
2801,3.1401,-0.9986,0.6995,0.2961,0.0,0.0,0.0,0.0,0.0,15.0,-134.0,-10.0,1,0
2809,3.1401,-0.9986,0.701,0.2945,0.0,0.0,0.0,0.0,0.0,19.0,-130.0,-12.0,1,0
2821,3.1401,-0.9986,0.6995,0.2945,0.0,0.0,0.0,0.0,0.0,17.0,-130.0,-13.0,0,0
2833,3.1401,-0.9986,0.6995,0.2961,0.0,0.0,0.0,0.0,0.0,19.0,-130.0,-12.0,0,0
2842,3.1401,-0.9986,0.6995,0.2961,0.0,0.0,0.0,0.0,0.0,18.0,-130.0,-14.0,1,0
2854,3.1401,-0.9986,0.6995,0.2961,0.0,0.0,0.0,0.0,0.0,18.0,-131.0,-13.0,1,0
2862,3.1401,-0.9986,0.6995,0.2961,0.0,0.0,0.0,0.0,0.0,19.0,-130.0,-8.0,1,0
2874,3.1401,-0.9986,0.6995,0.2961,0.0,0.0,0.0,0.0,0.0,18.0,-130.0,-16.0,0,0
2883,3.1401,-0.9986,0.6995,0.2961,0.0,0.0,0.0,0.0,0.0,19.0,-130.0,-15.0,0,0
2895,3.1401,-0.9986,0.701,0.2961,0.0,0.0,0.0,0.0,0.0,15.0,-130.0,-14.0,1,0
2903,3.1401,-0.9986,0.6995,0.2961,0.0,0.0,0.0,0.0,0.0,15.0,-130.0,-12.0,1,0
2915,3.1401,-0.9986,0.701,0.2961,0.0,0.0,0.0,0.0,0.0,17.0,-130.0,-13.0,1,0
2928,3.1401,-0.9986,0.6995,0.2945,0.0,0.0,0.0,0.0,0.0,17.0,-130.0,-10.0,0,0
2936,3.1401,-0.9986,0.6995,0.2945,0.0,0.0,0.0,0.0,0.0,19.0,-130.0,-14.0,0,0
2948,3.1401,-0.9986,0.6995,0.2945,0.0,0.0,0.0,0.0,0.0,19.0,-134.0,-14.0,1,0
2956,3.1401,-0.9986,0.6995,0.2961,0.0,0.0,0.0,0.0,0.0,16.0,-130.0,-11.0,1,0
2969,3.1401,-0.9986,0.6995,0.2961,0.0,0.0,0.0,0.0,0.0,19.0,-130.0,-14.0,0,0
2977,3.1401,-0.9986,0.6995,0.2961,0.0,0.0,0.0,0.0,0.0,17.0,-130.0,-13.0,0,0
2989,3.1401,-0.9986,0.6995,0.2961,0.0,0.0,0.0,0.0,0.0,18.0,-130.0,-9.0,1,0
2997,3.1401,-0.9986,0.6995,0.2961,0.0,0.0,0.0,0.0,0.0,14.0,-131.0,-12.0,0,0
3010,3.1401,-0.9986,0.6995,0.2961,0.0,0.0,0.0,0.0,0.0,17.0,-131.0,-10.0,0,0
3022,3.1401,-0.9971,0.6995,0.2961,0.0,0.0,0.0,0.0,0.0,20.0,-130.0,-16.0,0,0
3030,3.1401,-0.9971,0.6995,0.2961,0.0,0.0,0.0,0.0,0.0,20.0,-130.0,-16.0,0,0
3042,3.1401,-0.9986,0.6995,0.2961,0.0,0.0,0.0,0.0,0.0,25.0,-133.0,-12.0,0,0
3050,3.1401,-0.9986,0.6995,0.2961,0.0,0.0,0.0,0.0,0.0,25.0,-133.0,-12.0,1,0
3063,3.1401,-0.9986,0.6995,0.2961,0.0,0.0,0.0,0.0,0.0,19.0,-133.0,-15.0,0,0
3071,3.1401,-0.9986,0.6995,0.2961,0.0,0.0,0.0,0.0,0.0,19.0,-133.0,-15.0,0,0
3083,3.1401,-0.9986,0.6995,0.2961,0.0,0.0,0.0,0.0,0.0,21.0,-130.0,-15.0,0,0
3091,3.1401,-0.9986,0.6995,0.2961,0.0,0.0,0.0,0.0,0.0,21.0,-130.0,-15.0,0,0
3104,3.1401,-0.9986,0.6995,0.2961,0.0,0.0,0.0,0.0,0.0,19.0,-130.0,-16.0,0,0
3116,3.1401,-0.9986,0.6995,0.2961,0.0,0.0,0.0,0.0,0.0,23.0,-133.0,-12.0,0,0
3124,3.1401,-0.9986,0.6995,0.2945,0.0,0.0,0.0,0.0,0.0,18.0,-131.0,-13.0,0,0
3136,3.1401,-0.9986,0.6995,0.2961,0.0,0.0,0.0,0.0,0.0,19.0,-133.0,-13.0,0,0
3145,3.1401,-0.9986,0.6995,0.2961,0.0,0.0,0.0,0.0,0.0,19.0,-131.0,-12.0,0,0
3157,3.1401,-0.9986,0.6995,0.2961,0.0,0.0,0.0,0.0,0.0,20.0,-131.0,-16.0,0,0
3165,3.1401,-0.9986,0.6995,0.2961,0.0,0.0,0.0,0.0,0.0,21.0,-131.0,-13.0,0,0
3177,3.1401,-0.9986,0.6995,0.2945,0.0,0.0,0.0,0.0,0.0,18.0,-134.0,-16.0,0,0
3186,3.1401,-0.9986,0.6995,0.2961,0.0,0.0,0.0,0.0,0.0,24.0,-130.0,-11.0,0,0
3198,3.1401,-0.9986,0.6995,0.2961,0.0,0.0,0.0,0.0,0.0,22.0,-133.0,-9.0,0,0
3206,3.1401,-0.9971,0.6995,0.2945,0.0,0.0,0.0,0.0,0.0,20.0,-132.0,-13.0,0,0
3218,3.1401,-0.9986,0.6995,0.2961,0.0,0.0,0.0,0.0,0.0,23.0,-130.0,-11.0,0,0
3231,3.1401,-0.9986,0.6995,0.2961,0.0,0.0,0.0,0.0,0.0,18.0,-132.0,-15.0,0,0
3239,3.1401,-0.9986,0.6995,0.2961,0.0,0.0,0.0,0.0,0.0,24.0,-130.0,-13.0,0,0
3251,3.1401,-0.9986,0.701,0.2961,0.0,0.0,0.0,0.0,0.0,18.0,-131.0,-15.0,0,0
3259,3.1401,-0.9971,0.6995,0.2961,0.0,0.0,0.0,0.0,0.0,22.0,-131.0,-10.0,0,0
3272,3.1401,-0.9971,0.6995,0.2961,0.0,0.0,0.0,0.0,0.0,21.0,-130.0,-14.0,0,0
3280,3.1401,-0.9971,0.6995,0.2961,0.0,0.0,0.0,0.0,0.0,21.0,-130.0,-14.0,0,0
3292,3.1401,-0.9971,0.6995,0.2961,0.0,0.0,0.0,0.0,0.0,17.0,-132.0,-16.0,0,0
3300,3.1401,-0.9971,0.6995,0.2961,0.0,0.0,0.0,0.0,0.0,17.0,-132.0,-16.0,0,0
3313,3.1401,-0.9971,0.701,0.2961,0.0,0.0,0.0,0.0,0.0,23.0,-130.0,-14.0,0,0
3325,3.1401,-0.9986,0.701,0.2945,0.0,0.0,0.0,0.0,0.0,24.0,-133.0,-16.0,0,0
3333,3.1401,-0.9986,0.6995,0.2961,0.0,0.0,0.0,0.0,0.0,18.0,-132.0,-13.0,0,0
3345,3.1401,-0.9986,0.6995,0.2961,0.0,0.0,0.0,0.0,0.0,27.0,-132.0,-12.0,0,0
3354,3.1401,-0.9971,0.6995,0.2961,0.0,0.0,0.0,0.0,0.0,16.0,-130.0,-15.0,0,0
3366,3.1401,-0.9986,0.6995,0.2961,0.0,0.0,0.0,0.0,0.0,18.0,-132.0,-13.0,0,0
3374,3.1401,-0.9986,0.6995,0.2961,0.0,0.0,0.0,0.0,0.0,23.0,-130.0,-14.0,0,0
3386,3.1401,-0.9986,0.6995,0.2961,0.0,0.0,0.0,0.0,0.0,15.0,-135.0,-14.0,0,0
3395,3.1401,-0.9986,0.6995,0.2961,0.0,0.0,0.0,0.0,0.0,20.0,-133.0,-13.0,0,0
3407,3.1401,-0.9971,0.701,0.2961,0.0,0.0,0.0,0.0,0.0,17.0,-133.0,-13.0,1,0
3419,3.1401,-0.9971,0.6995,0.2961,0.0,0.0,0.0,0.0,0.0,20.0,-130.0,-12.0,0,0
3427,3.1401,-0.9971,0.6995,0.2961,0.0,0.0,0.0,0.0,0.0,17.0,-131.0,-15.0,0,0
3440,3.1401,-0.9971,0.6995,0.2961,0.0,0.0,0.0,0.0,0.0,18.0,-134.0,-15.0,0,0
3448,3.1401,-0.9971,0.6995,0.2961,0.0,0.0,0.0,0.0,0.0,17.0,-131.0,-11.0,0,0
3460,3.1401,-0.9971,0.6995,0.2945,0.0,0.0,0.0,0.0,0.0,17.0,-130.0,-12.0,0,0
3468,3.1401,-0.9971,0.6995,0.2961,0.0,0.0,0.0,0.0,0.0,17.0,-134.0,-14.0,0,0
3481,3.1401,-0.9971,0.6995,0.2961,0.0,0.0,0.0,0.0,0.0,17.0,-134.0,-13.0,0,0
3489,3.1401,-0.9971,0.6995,0.2961,0.0,0.0,0.0,0.0,0.0,14.0,-133.0,-13.0,0,0
3501,3.1401,-0.9971,0.6995,0.2961,0.0,0.0,0.0,0.0,0.0,15.0,-131.0,-13.0,0,0
3513,3.1401,-0.9986,0.6995,0.2961,0.0,0.0,0.0,0.0,0.0,18.0,-133.0,-16.0,0,0
3521,3.1401,-0.9986,0.6995,0.2961,0.0,0.0,0.0,0.0,0.0,18.0,-133.0,-16.0,0,0
3534,3.1401,-0.9971,0.6995,0.2961,0.0,0.0,0.0,0.0,0.0,18.0,-133.0,-12.0,0,0
3542,3.1401,-0.9971,0.6995,0.2961,0.0,0.0,0.0,0.0,0.0,16.0,-133.0,-11.0,0,0
3554,3.1401,-0.9971,0.6995,0.2961,0.0,0.0,0.0,0.0,0.0,22.0,-131.0,-12.0,0,0
3562,3.1401,-0.9971,0.6995,0.2961,0.0,0.0,0.0,0.0,0.0,18.0,-134.0,-15.0,0,0
3575,3.1401,-0.9971,0.6995,0.2961,0.0,0.0,0.0,0.0,0.0,18.0,-134.0,-13.0,0,0
3583,3.1401,-0.9971,0.701,0.2961,0.0,0.0,0.0,0.0,0.0,18.0,-129.0,-12.0,0,0
3595,3.1401,-0.9971,0.6995,0.2961,0.0,0.0,0.0,0.0,0.0,16.0,-130.0,-16.0,0,0
3608,3.1401,-0.9971,0.6995,0.2961,0.0,0.0,0.0,0.0,0.0,19.0,-135.0,-15.0,0,0
3616,3.1401,-0.9971,0.6995,0.2961,0.0,0.0,0.0,0.0,0.0,17.0,-131.0,-14.0,0,0
3628,3.1401,-0.9971,0.6995,0.2961,0.0,0.0,0.0,0.0,0.0,17.0,-136.0,-12.0,0,0
3636,3.1401,-0.9971,0.6995,0.2961,0.0,0.0,0.0,0.0,0.0,15.0,-130.0,-15.0,0,0
3648,3.1401,-0.9971,0.6995,0.2961,0.0,0.0,0.0,0.0,0.0,16.0,-134.0,-15.0,0,0
3657,3.1401,-0.9971,0.6995,0.2961,0.0,0.0,0.0,0.0,0.0,19.0,-129.0,-13.0,0,0
3669,3.1401,-0.9971,0.6995,0.2961,0.0,0.0,0.0,0.0,0.0,15.0,-135.0,-14.0,0,0
3677,3.1401,-0.9971,0.6995,0.2961,0.0,0.0,0.0,0.0,0.0,16.0,-133.0,-13.0,0,0
3689,3.1401,-0.9971,0.6995,0.2961,0.0,0.0,0.0,0.0,0.0,18.0,-129.0,-14.0,0,0
3698,3.1401,-0.9971,0.6995,0.2961,0.0,0.0,0.0,0.0,0.0,16.0,-136.0,-10.0,0,0
3710,3.1401,-0.9971,0.6995,0.2961,0.0,0.0,0.0,0.0,0.0,16.0,-135.0,-11.0,0,0
3722,3.1401,-0.9971,0.6995,0.2945,0.0,0.0,0.0,0.0,0.0,18.0,-129.0,-13.0,0,0
3730,3.1401,-0.9971,0.6995,0.2945,0.0,0.0,0.0,0.0,0.0,18.0,-129.0,-13.0,0,0
3743,3.1401,-0.9971,0.6995,0.2961,0.0,0.0,0.0,0.0,0.0,17.0,-132.0,-12.0,0,0
3751,3.1401,-0.9971,0.6995,0.2961,0.0,0.0,0.0,0.0,0.0,17.0,-132.0,-12.0,0,0
3763,3.1401,-0.9971,0.6995,0.2961,0.0,0.0,0.0,0.0,0.0,19.0,-133.0,-16.0,0,0
3771,3.1401,-0.9971,0.6995,0.2961,0.0,0.0,0.0,0.0,0.0,19.0,-133.0,-16.0,0,0
3784,3.1401,-0.9971,0.6995,0.2945,0.0,0.0,0.0,0.0,0.0,19.0,-131.0,-12.0,0,0
3792,3.1401,-0.9971,0.6995,0.2961,0.0,0.0,0.0,0.0,0.0,18.0,-135.0,-16.0,0,0
3804,3.1401,-0.9971,0.6995,0.2961,0.0,0.0,0.0,0.0,0.0,18.0,-130.0,-16.0,0,0
3816,3.1401,-0.9971,0.6995,0.2961,0.0,0.0,0.0,0.0,0.0,17.0,-129.0,-16.0,0,0
3825,3.1401,-0.9971,0.6995,0.2961,0.0,0.0,0.0,0.0,0.0,17.0,-138.0,-13.0,0,0
3837,3.1401,-0.9971,0.6995,0.2961,0.0,0.0,0.0,0.0,0.0,19.0,-131.0,-16.0,0,0
3845,3.1401,-0.9971,0.6995,0.2961,0.0,0.0,0.0,0.0,0.0,18.0,-136.0,-16.0,0,0
3857,3.1401,-0.9971,0.6995,0.2961,0.0,0.0,0.0,0.0,0.0,17.0,-133.0,-16.0,0,0
3866,3.1401,-0.9971,0.6995,0.2945,0.0,0.0,0.0,0.0,0.0,13.0,-136.0,-12.0,0,0
3878,3.1401,-0.9971,0.6995,0.2961,0.0,0.0,0.0,0.0,0.0,16.0,-134.0,-14.0,0,0
3886,3.1401,-0.9971,0.6995,0.2961,0.0,0.0,0.0,0.0,0.0,18.0,-131.0,-13.0,0,0
3898,3.1401,-0.9971,0.6995,0.2961,0.0,0.0,0.0,0.0,0.0,18.0,-132.0,-13.0,0,0
3911,3.1401,-0.9971,0.6995,0.2961,0.0,0.0,0.0,0.0,0.0,17.0,-134.0,-15.0,0,0
3919,3.1401,-0.9971,0.6995,0.2961,0.0,0.0,0.0,0.0,0.0,17.0,-132.0,-12.0,0,0
3931,3.1401,-0.9956,0.6995,0.2945,0.0,0.0,0.0,0.0,0.0,12.0,-134.0,-15.0,0,0
3939,3.1401,-0.9971,0.6995,0.2961,0.0,0.0,0.0,0.0,2.0,17.0,-131.0,-13.0,0,0
3952,3.1401,-0.9971,0.6995,0.2961,0.0,0.0,0.0,0.0,0.0,17.0,-129.0,-11.0,0,0
3960,3.1401,-0.9971,0.6995,0.2961,0.0,0.0,0.0,0.0,0.0,17.0,-129.0,-11.0,0,0
3972,3.1401,-0.9971,0.6995,0.2961,0.0,0.0,0.0,0.0,0.0,18.0,-138.0,-13.0,0,0
3980,3.1401,-0.9971,0.6995,0.2961,0.0,0.0,0.0,0.0,0.0,18.0,-138.0,-13.0,0,0
3993,3.1401,-0.9971,0.6995,0.2961,0.0,0.0,0.0,0.0,0.0,16.0,-134.0,-14.0,0,0
4005,3.1401,-0.9971,0.6995,0.2961,0.0,0.0,0.0,0.0,0.0,15.0,-129.0,-13.0,0,0
4013,3.1401,-0.9971,0.6995,0.2961,0.0,0.0,0.0,0.0,0.0,17.0,-138.0,-16.0,0,0
4025,3.1401,-0.9971,0.6995,0.2961,0.0,0.0,0.0,0.0,0.0,20.0,-131.0,-14.0,0,0
4033,3.1401,-0.9971,0.6995,0.2961,0.0,0.0,0.0,0.0,0.0,14.0,-133.0,-15.0,0,0
4046,3.1401,-0.9971,0.6995,0.2945,0.0,0.0,0.0,0.0,0.0,15.0,-129.0,-16.0,0,0
4054,3.1401,-0.9971,0.6995,0.2961,0.0,0.0,0.0,0.0,0.0,14.0,-136.0,-14.0,0,0
4066,3.1401,-0.9971,0.6995,0.2961,0.0,0.0,0.0,0.0,0.0,19.0,-139.0,-14.0,0,0
4074,3.1401,-0.9971,0.6995,0.2961,0.0,0.0,0.0,0.0,0.0,13.0,-132.0,-12.0,0,0
4087,3.1401,-0.9971,0.6995,0.2961,0.0,0.0,0.0,0.0,0.0,15.0,-137.0,-16.0,0,0
4099,3.1401,-0.9971,0.6995,0.2961,0.0,0.0,0.0,0.0,0.0,17.0,-140.0,-16.0,0,0
4107,3.1401,-0.9971,0.6995,0.2945,0.0,0.0,0.0,0.0,0.0,18.0,-133.0,-14.0,0,0
4119,3.1401,-0.9971,0.6995,0.2945,0.0,0.0,0.0,0.0,0.0,16.0,-139.0,-14.0,0,0
4128,3.1401,-0.9971,0.6995,0.2961,0.0,0.0,0.0,0.0,0.0,17.0,-133.0,-16.0,0,0
4140,3.1401,-0.9971,0.6995,0.2961,0.0,0.0,0.0,0.0,0.0,16.0,-135.0,-10.0,0,0
4148,3.1401,-0.9971,0.6995,0.2961,0.0,0.0,0.0,0.0,0.0,20.0,-130.0,-13.0,0,0
4160,3.1401,-0.9971,0.6995,0.2961,0.0,0.0,0.0,0.0,0.0,16.0,-132.0,-15.0,0,0
4169,3.1401,-0.9971,0.701,0.2961,0.0,0.0,0.0,0.0,0.0,17.0,-135.0,-15.0,0,0
4181,3.1401,-0.9971,0.6995,0.2961,0.0,0.0,0.0,0.0,0.0,14.0,-133.0,-15.0,0,0
4193,3.1401,-0.9956,0.6995,0.2945,0.0,0.0,0.0,0.0,0.0,15.0,-131.0,-15.0,0,0
4201,3.1401,-0.9956,0.6995,0.2945,0.0,0.0,0.0,0.0,0.0,15.0,-131.0,-15.0,0,0
4214,3.1401,-0.9956,0.6995,0.2961,0.0,0.0,0.0,0.0,0.0,8.0,-134.0,-15.0,0,0
4222,3.1401,-0.9925,0.698,0.2961,0.0,0.0,0.0,0.0,0.0,-14.0,-88.0,-14.0,65,1
4234,3.1401,-0.9879,0.6934,0.2945,0.0,0.0479,-0.024,0.0,0.0,-71.0,-39.0,-6.0,53,1
4246,3.1385,-0.9848,0.6903,0.2961,0.0,0.0959,-0.0479,0.0,1.0,-109.0,-32.0,-5.0,62,1
4259,3.1401,-0.9802,0.6888,0.2961,0.0,0.1438,-0.0959,0.0,3.0,-141.0,-62.0,-5.0,66,1
4271,3.1401,-0.9756,0.6888,0.2961,0.0,0.2157,-0.1198,0.0,0.0,-183.0,-90.0,-14.0,70,1
4279,3.1416,-0.971,0.6903,0.2961,0.0,0.2637,-0.1438,0.0,0.0,-201.0,-94.0,-17.0,70,1
4292,3.1447,-0.9633,0.6903,0.2961,0.024,0.3595,-0.1198,0.0,-16.0,-214.0,-98.0,-19.0,71,1
4304,3.1462,-0.9603,0.6903,0.2961,0.0479,0.3835,-0.0959,0.0,-27.0,-225.0,-96.0,-17.0,70,1
4316,3.1447,-0.9572,0.6888,0.2945,0.0719,0.3835,-0.0479,0.0,-27.0,-207.0,-92.0,-16.0,69,1
4328,3.1447,-0.9572,0.6888,0.2961,0.0719,0.3835,-0.024,0.0,-24.0,-190.0,-88.0,-16.0,68,1
4337,3.1447,-0.9572,0.6903,0.2961,0.0719,0.3356,0.0,0.0,-28.0,-177.0,-88.0,-16.0,62,1
4349,3.1462,-0.9572,0.6888,0.2961,0.0719,0.2637,0.0,0.0,-29.0,-178.0,-86.0,-16.0,60,1
4361,3.1447,-0.9572,0.6888,0.2961,0.0479,0.1918,0.0,0.0,-27.0,-175.0,-88.0,-16.0,57,1
4373,3.1447,-0.9587,0.6888,0.2961,0.0,0.0719,0.0,0.0,-26.0,-173.0,-87.0,-16.0,56,1
4386,3.1447,-0.9587,0.6888,0.2961,0.0,0.024,0.0,0.0,-8.0,-173.0,-87.0,-16.0,53,1
4394,3.1431,-0.9587,0.6888,0.2961,0.0,0.0,0.0,0.0,0.0,-170.0,-87.0,-16.0,50,1
4406,3.1401,-0.9587,0.6888,0.2961,-0.024,0.0,0.0,0.0,3.0,-161.0,-90.0,-16.0,49,1
4418,3.1385,-0.9603,0.6888,0.2961,-0.0479,0.0,0.0,0.0,0.0,-157.0,-86.0,-16.0,47,1
4431,3.1385,-0.9603,0.6903,0.2961,-0.0719,-0.024,0.0,0.0,7.0,-158.0,-86.0,-16.0,45,1
4443,3.137,-0.9633,0.6888,0.2961,-0.0959,-0.0479,0.0,0.0,8.0,-135.0,-87.0,-16.0,46,1
4451,3.137,-0.9633,0.6888,0.2961,-0.0959,-0.0479,0.0,0.0,8.0,-135.0,-87.0,-16.0,40,1
4464,3.1385,-0.9679,0.6903,0.2961,-0.0719,-0.0719,0.0,0.0,0.0,-95.0,-86.0,-16.0,30,1
4476,3.1385,-0.971,0.6888,0.2961,-0.0479,-0.0959,0.0,0.0,0.0,-68.0,-86.0,-16.0,20,1
4488,3.1385,-0.9741,0.6888,0.2961,-0.024,-0.1438,0.0,0.0,0.0,-55.0,-83.0,-14.0,16,1
4500,3.1385,-0.9771,0.6888,0.2961,0.0,-0.1678,0.0,0.0,0.0,-41.0,-85.0,-15.0,11,1
4509,3.1385,-0.9802,0.6888,0.2961,0.0,-0.2157,0.0,0.0,0.0,-24.0,-87.0,-16.0,6,0
4521,3.1385,-0.9848,0.6888,0.2961,0.0,-0.2397,0.0,0.0,0.0,-21.0,-88.0,-16.0,4,0
4529,3.1385,-0.9863,0.6888,0.2961,0.0,-0.2637,0.0,0.0,0.0,-13.0,-86.0,-15.0,4,0
4541,3.1385,-0.9894,0.6888,0.2961,0.0,-0.2876,0.0,0.0,0.0,-6.0,-85.0,-16.0,4,0
4550,3.1385,-0.9894,0.6888,0.2961,0.0,-0.2876,0.0,0.0,0.0,-12.0,-80.0,-16.0,3,0
4562,3.1385,-0.9925,0.6888,0.2961,0.0,-0.2397,0.0,0.0,0.0,-21.0,-85.0,-16.0,2,0
4570,3.1385,-0.9925,0.6888,0.2961,0.0,-0.2397,0.0,0.0,0.0,-21.0,-85.0,-16.0,1,0
4582,3.1385,-0.9925,0.6903,0.2961,0.0,-0.1678,0.0,0.0,0.0,-30.0,-86.0,-16.0,0,0
4591,3.1385,-0.9925,0.6903,0.2961,0.0,-0.1678,0.0,0.0,0.0,-30.0,-86.0,-16.0,0,0
4603,3.1385,-0.9925,0.6888,0.2961,0.0,-0.0959,0.0,0.0,0.0,-29.0,-78.0,-16.0,0,0
4611,3.1385,-0.9925,0.6888,0.2961,0.0,-0.0959,0.0,0.0,0.0,-29.0,-78.0,-16.0,0,0
4623,3.1401,-0.9925,0.6888,0.2961,0.0,-0.024,0.0,0.0,0.0,-31.0,-86.0,-16.0,1,0
4636,3.1401,-0.9925,0.6888,0.2961,0.0,0.0,0.0,0.0,0.0,-32.0,-81.0,-16.0,1,0
4644,3.1401,-0.9925,0.6888,0.2961,0.0,0.0,0.0,0.0,0.0,-31.0,-85.0,-16.0,1,0
4656,3.1401,-0.9925,0.6888,0.2961,0.0,0.0,0.0,0.0,0.0,-31.0,-84.0,-15.0,1,0
4664,3.1401,-0.9925,0.6888,0.2961,0.0,0.0,0.0,0.0,0.0,-31.0,-83.0,-16.0,0,0
4677,3.1401,-0.9925,0.6888,0.2961,0.0,0.0,0.0,0.0,0.0,-32.0,-81.0,-15.0,0,0
4685,3.1401,-0.9925,0.6888,0.2961,0.0,0.0,0.0,0.0,1.0,-31.0,-78.0,-16.0,1,0
4697,3.1401,-0.9925,0.6888,0.2961,0.0,0.0,0.0,0.0,0.0,-32.0,-79.0,-16.0,0,0
4705,3.1385,-0.9925,0.6888,0.2961,0.0,0.0,0.0,0.0,2.0,-31.0,-82.0,-15.0,0,0
4717,3.1401,-0.9925,0.6888,0.2961,0.0,0.0,0.0,0.0,0.0,-31.0,-78.0,-15.0,0,0
4726,3.1385,-0.9925,0.6888,0.2961,0.0,0.0,0.0,0.0,0.0,-31.0,-86.0,-16.0,0,0
4738,3.1401,-0.9925,0.6888,0.2961,0.0,0.0,0.0,0.0,2.0,-32.0,-76.0,-16.0,0,0
4746,3.1401,-0.9925,0.6888,0.2961,0.0,0.0,0.0,0.0,0.0,-31.0,-86.0,-16.0,0,0
4758,3.1401,-0.9925,0.6888,0.2961,0.0,0.0,0.0,0.0,0.0,-31.0,-83.0,-14.0,0,0
4771,3.1401,-0.991,0.6888,0.2961,0.0,0.0,0.0,0.0,0.0,-31.0,-81.0,-15.0,0,0
4779,3.1401,-0.9925,0.6888,0.2961,0.0,0.0,0.0,0.0,0.0,-31.0,-80.0,-16.0,0,0
4791,3.1401,-0.9925,0.6888,0.2961,0.0,0.0,0.0,0.0,0.0,-34.0,-75.0,-16.0,0,0
4799,3.1401,-0.9925,0.6888,0.2961,0.0,0.0,0.0,0.0,0.0,-33.0,-84.0,-16.0,0,0
4812,3.1401,-0.9925,0.6888,0.2961,0.0,0.0,0.0,0.0,2.0,-35.0,-85.0,-16.0,0,0
4820,3.1401,-0.9925,0.6888,0.2961,0.0,0.0,0.0,0.0,2.0,-35.0,-85.0,-16.0,0,0
4832,3.1401,-0.9925,0.6888,0.2961,0.0,0.0,0.0,0.0,0.0,-35.0,-85.0,-16.0,0,0
4840,3.1401,-0.9925,0.6888,0.2961,0.0,0.0,0.0,0.0,0.0,-35.0,-85.0,-16.0,0,0
4853,3.1401,-0.9925,0.6903,0.2961,0.0,0.0,0.0,0.0,0.0,-33.0,-85.0,-16.0,0,0
4861,3.1401,-0.9925,0.6903,0.2961,0.0,0.0,0.0,0.0,0.0,-33.0,-85.0,-16.0,0,0
4873,3.1401,-0.9925,0.6888,0.2961,0.0,0.0,0.0,0.0,0.0,-33.0,-80.0,-16.0,0,0
4885,3.1401,-0.9925,0.6888,0.2961,0.0,0.0,0.0,0.0,0.0,-33.0,-82.0,-16.0,0,0
4894,3.1401,-0.9925,0.6888,0.2961,0.0,0.0,0.0,0.0,2.0,-32.0,-75.0,-16.0,0,0
4906,3.1401,-0.9925,0.6888,0.2961,0.0,0.0,0.0,0.0,0.0,-34.0,-78.0,-16.0,0,0
4914,3.1401,-0.9925,0.6888,0.2961,0.0,0.0,0.0,0.0,0.0,-34.0,-79.0,-14.0,0,0
4926,3.1401,-0.9925,0.6888,0.2961,0.0,0.0,0.0,0.0,0.0,-34.0,-80.0,-16.0,0,0
4935,3.1401,-0.9925,0.6888,0.2961,0.0,0.0,0.0,0.0,0.0,-32.0,-81.0,-16.0,0,0
4947,3.1401,-0.9925,0.6888,0.2961,0.0,0.0,0.0,0.0,0.0,-32.0,-81.0,-16.0,0,0
4955,3.1401,-0.9925,0.6903,0.2961,0.0,0.0,0.0,0.0,0.0,-31.0,-78.0,-16.0,0,0
4967,3.1401,-0.9925,0.6888,0.2961,0.0,0.0,0.0,0.0,0.0,-31.0,-77.0,-16.0,0,0
4976,3.1401,-0.9925,0.6888,0.2961,0.0,0.0,0.0,0.0,0.0,-31.0,-77.0,-16.0,0,0
4988,3.1401,-0.9925,0.6888,0.2961,0.0,0.0,0.0,0.0,0.0,-32.0,-78.0,-16.0,0,0
4996,3.1401,-0.9925,0.6903,0.2961,0.0,0.0,0.0,0.0,0.0,-32.0,-76.0,-16.0,0,0
5008,3.1401,-0.9925,0.6888,0.2961,0.0,0.0,0.0,0.0,3.0,-32.0,-77.0,-15.0,0,0
5021,3.1401,-0.9925,0.6888,0.2961,0.0,0.0,0.0,0.0,0.0,-32.0,-75.0,-16.0,0,0
5029,3.1401,-0.9925,0.6888,0.2961,0.0,0.0,0.0,0.0,0.0,-32.0,-75.0,-16.0,0,0
5041,3.1401,-0.9925,0.6888,0.2961,0.0,0.0,0.0,0.0,0.0,-32.0,-78.0,-16.0,0,0
5049,3.1401,-0.9925,0.6903,0.2961,0.0,0.0,0.0,0.0,0.0,-32.0,-75.0,-16.0,0,0
5062,3.1401,-0.9925,0.6888,0.2961,0.0,0.0,0.0,0.0,0.0,-33.0,-76.0,-16.0,0,0
5070,3.1401,-0.9925,0.6888,0.2961,0.0,0.0,0.0,0.0,0.0,-33.0,-76.0,-16.0,0,0
5082,3.1401,-0.9925,0.6888,0.2961,0.0,0.0,0.0,0.0,0.0,-32.0,-73.0,-16.0,0,0
5090,3.1401,-0.9925,0.6888,0.2961,0.0,0.0,0.0,0.0,0.0,-32.0,-73.0,-16.0,0,0
5102,3.1401,-0.9925,0.6888,0.2961,0.0,0.0,0.0,0.0,0.0,-32.0,-74.0,-16.0,0,0
5111,3.1401,-0.9925,0.6888,0.2961,0.0,0.0,0.0,0.0,0.0,-32.0,-74.0,-16.0,0,0
5123,3.1401,-0.9925,0.6888,0.2961,0.0,0.0,0.0,0.0,0.0,-33.0,-71.0,-16.0,0,0
5135,3.1401,-0.9925,0.6888,0.2961,0.0,0.0,0.0,0.0,3.0,-34.0,-75.0,-16.0,0,0
5143,3.1401,-0.9925,0.6888,0.2961,0.0,0.0,0.0,0.0,0.0,-33.0,-73.0,-16.0,0,0
5156,3.1401,-0.9925,0.6888,0.2961,0.0,0.0,0.0,0.0,0.0,-33.0,-69.0,-16.0,0,0
5164,3.1401,-0.9925,0.6888,0.2961,0.0,0.0,0.0,0.0,0.0,-33.0,-75.0,-16.0,0,0
5176,3.1401,-0.9925,0.6888,0.2961,0.0,0.0,0.0,0.0,0.0,-33.0,-66.0,-16.0,0,0
5184,3.1401,-0.9925,0.6888,0.2961,0.0,0.0,0.0,0.0,0.0,-33.0,-70.0,-16.0,0,0
5197,3.1401,-0.9925,0.6888,0.2961,0.0,0.0,0.0,0.0,0.0,-33.0,-68.0,-16.0,0,0
5205,3.1401,-0.9925,0.6888,0.2961,0.0,0.0,0.0,0.0,0.0,-33.0,-68.0,-16.0,0,0
5217,3.1401,-0.9925,0.6888,0.2961,0.0,0.0,0.0,0.0,0.0,-33.0,-71.0,-16.0,0,0
5225,3.1401,-0.9925,0.6888,0.2961,0.0,0.0,0.0,0.0,0.0,-33.0,-66.0,-16.0,0,0
5238,3.1401,-0.9925,0.6903,0.2961,0.0,0.0,0.0,0.0,0.0,-32.0,-67.0,-16.0,0,0
5246,3.1401,-0.9925,0.6888,0.2961,0.0,0.0,0.0,0.0,0.0,-32.0,-65.0,-16.0,0,0
5258,3.1401,-0.9925,0.6888,0.2961,0.0,0.0,0.0,0.0,0.0,-32.0,-66.0,-16.0,0,0
5270,3.1401,-0.9925,0.6888,0.2961,0.0,0.0,0.0,0.0,0.0,-37.0,-67.0,-16.0,0,0
5279,3.1401,-0.9925,0.6903,0.2961,0.0,0.0,0.0,0.0,0.0,-37.0,-75.0,-16.0,0,0
5291,3.1401,-0.9925,0.6888,0.2961,0.0,0.0,0.0,0.0,0.0,-37.0,-66.0,-16.0,0,0
5299,3.1401,-0.9925,0.6888,0.2961,0.0,0.0,0.0,0.0,0.0,-38.0,-65.0,-16.0,0,0
5311,3.1401,-0.9925,0.6888,0.2961,0.0,0.0,0.0,0.0,0.0,-37.0,-64.0,-16.0,0,0
5320,3.1401,-0.9925,0.6888,0.2961,0.0,0.0,0.0,0.0,0.0,-37.0,-64.0,-16.0,0,0
5332,3.1401,-0.9925,0.6903,0.2961,0.0,0.0,0.0,0.0,0.0,-38.0,-67.0,-16.0,0,0
5340,3.1401,-0.9925,0.6903,0.2961,0.0,0.0,0.0,0.0,0.0,-38.0,-67.0,-16.0,0,0
5352,3.1401,-0.9925,0.6888,0.2961,0.0,0.0,0.0,0.0,0.0,-39.0,-74.0,-14.0,0,0
5361,3.1401,-0.9925,0.6888,0.2961,0.0,0.0,0.0,0.0,0.0,-39.0,-74.0,-14.0,0,0
5373,3.1401,-0.9925,0.6888,0.2961,0.0,0.0,0.0,0.0,0.0,-40.0,-67.0,-16.0,0,0
5381,3.1401,-0.9925,0.6888,0.2961,0.0,0.0,0.0,0.0,0.0,-40.0,-67.0,-16.0,0,0
5393,3.1416,-0.9925,0.6903,0.2945,0.0,0.0,0.0,0.0,0.0,-38.0,-72.0,-4.0,0,0
5406,3.1462,-0.9925,0.6903,0.2961,0.024,0.0,0.0,0.0,-32.0,-37.0,-78.0,-16.0,0,0
5414,3.1477,-0.9925,0.6918,0.2961,0.0479,0.0,0.0,0.0,-51.0,-35.0,-95.0,-14.0,10,0
5426,3.1416,-0.9925,0.6934,0.2961,0.0719,0.0,0.024,0.0,1.0,-37.0,-113.0,-16.0,21,1
5438,3.137,-0.9925,0.6949,0.2961,0.024,0.0,0.0479,0.0,16.0,-38.0,-134.0,-16.0,30,1
5451,3.1355,-0.9925,0.6964,0.2961,0.0,0.0,0.0719,0.0,30.0,-38.0,-134.0,-19.0,46,1
5463,3.137,-0.9925,0.698,0.2961,-0.0479,0.0,0.0959,0.0,25.0,-38.0,-103.0,-16.0,52,1
5471,3.137,-0.9925,0.698,0.2961,-0.0479,0.0,0.0959,0.0,25.0,-38.0,-103.0,-16.0,60,1
5483,3.137,-0.9925,0.6964,0.2961,-0.1198,0.0,0.0959,0.0,25.0,-39.0,-98.0,-16.0,66,1
5496,3.1355,-0.9925,0.698,0.2961,-0.0959,0.0,0.0719,0.0,28.0,-40.0,-108.0,-16.0,73,1
5508,3.137,-0.9925,0.698,0.2961,-0.0719,0.0,0.0479,0.0,32.0,-43.0,-103.0,-16.0,73,1
5520,3.137,-0.9925,0.698,0.2961,-0.024,0.0,0.024,0.0,27.0,-42.0,-108.0,-16.0,72,1
5528,3.137,-0.9925,0.698,0.2961,0.0,0.0,0.024,0.0,24.0,-38.0,-102.0,-16.0,69,1
5541,3.1355,-0.9925,0.698,0.2961,0.0,0.0,0.0,0.0,24.0,-42.0,-109.0,-16.0,65,1
5553,3.137,-0.9925,0.698,0.2961,0.0,0.0,0.0,0.0,18.0,-43.0,-109.0,-16.0,64,1
5565,3.137,-0.9925,0.6964,0.2961,0.0,0.0,0.0,0.0,19.0,-42.0,-106.0,-16.0,62,1
5574,3.137,-0.9925,0.6964,0.2961,0.0,0.0,0.0,0.0,18.0,-36.0,-102.0,-16.0,57,1
5586,3.137,-0.994,0.6964,0.2961,0.0,0.0,0.0,0.0,21.0,-11.0,-101.0,-16.0,53,1
5598,3.137,-0.9956,0.6964,0.2961,0.0,0.0,0.0,0.0,16.0,-3.0,-96.0,-16.0,48,1
5610,3.1385,-0.9956,0.6964,0.2961,0.0,-0.024,0.0,0.0,14.0,-1.0,-92.0,-16.0,41,1
5623,3.1401,-0.9971,0.6964,0.2961,0.024,-0.0479,-0.024,0.0,0.0,-6.0,-92.0,-15.0,30,1
5631,3.1401,-0.9971,0.6964,0.2961,0.024,-0.0479,-0.024,0.0,0.0,-6.0,-92.0,-15.0,24,1
5643,3.1431,-0.9971,0.6949,0.2961,0.0479,-0.0479,-0.024,0.0,-6.0,-10.0,-93.0,-16.0,18,1
5655,3.1462,-0.9971,0.6964,0.2961,0.0719,-0.0479,0.0,0.0,-24.0,-11.0,-93.0,-16.0,11,1
5668,3.1462,-0.9971,0.6964,0.2961,0.0959,-0.024,0.0,0.0,-39.0,-12.0,-98.0,-16.0,7,0
5676,3.1447,-0.9971,0.6964,0.2961,0.0959,-0.024,0.0,0.0,-8.0,-11.0,-101.0,-16.0,4,0
5688,3.1416,-0.9971,0.6964,0.2961,0.0719,0.0,0.0,0.0,7.0,-11.0,-98.0,-16.0,3,0
5696,3.1401,-0.9971,0.6964,0.2961,0.0479,0.0,0.0,0.0,1.0,-11.0,-94.0,-16.0,3,0
5709,3.137,-0.9971,0.6964,0.2961,0.0,0.0,0.0,0.0,12.0,-11.0,-94.0,-16.0,3,0
5717,3.1355,-0.9971,0.6964,0.2961,-0.024,0.0,0.0,0.0,28.0,-11.0,-97.0,-16.0,3,0
5729,3.137,-0.9971,0.6964,0.2961,-0.0719,0.0,0.0,0.0,23.0,-10.0,-95.0,-16.0,3,0
5737,3.1385,-0.9971,0.6949,0.2961,-0.1198,0.0,0.0,0.0,11.0,-10.0,-96.0,-16.0,3,0
5750,3.1385,-0.9971,0.6949,0.2961,-0.0959,0.0,0.0,0.0,1.0,-9.0,-92.0,-16.0,2,0
5758,3.1401,-0.9971,0.6949,0.2961,-0.0719,0.0,0.0,0.0,-1.0,-8.0,-90.0,-16.0,1,0
5770,3.1416,-0.9971,0.6949,0.2961,-0.024,0.0,0.0,0.0,0.0,-9.0,-92.0,-16.0,1,0
5782,3.1447,-0.9971,0.6964,0.2961,0.0479,0.0,0.0,0.0,-13.0,-10.0,-94.0,-16.0,1,0
5791,3.1447,-0.9971,0.6964,0.2961,0.0479,0.0,0.0,0.0,-13.0,-10.0,-94.0,-16.0,1,0
5803,3.1447,-0.9971,0.6964,0.2961,0.0959,0.0,0.0,0.0,-3.0,-11.0,-99.0,-15.0,0,0
5811,3.1447,-0.9971,0.6964,0.2961,0.0959,0.0,0.0,0.0,-3.0,-11.0,-99.0,-15.0,0,0
5823,3.1401,-0.9971,0.6964,0.2961,0.0479,0.0,0.0,0.0,0.0,-11.0,-97.0,-16.0,0,0
5832,3.1385,-0.9971,0.6949,0.2961,0.0,0.0,0.0,0.0,6.0,-10.0,-95.0,-16.0,0,0
5844,3.137,-0.9971,0.6949,0.2961,-0.024,0.0,0.0,0.0,11.0,-10.0,-97.0,-16.0,0,0
5852,3.137,-0.9971,0.6949,0.2961,-0.0719,0.0,0.0,0.0,14.0,-10.0,-92.0,-16.0,0,0
5864,3.1385,-0.9971,0.6949,0.2961,-0.0719,0.0,0.0,0.0,3.0,-10.0,-96.0,-16.0,0,0
5873,3.1385,-0.9971,0.6949,0.2961,-0.0719,0.0,0.0,0.0,0.0,-10.0,-96.0,-16.0,0,0
5885,3.1401,-0.9971,0.6964,0.2961,-0.0479,0.0,0.0,0.0,-4.0,-10.0,-94.0,-16.0,0,0
5893,3.1401,-0.9971,0.6949,0.2961,-0.024,0.0,0.0,0.0,0.0,-10.0,-94.0,-16.0,0,0
5905,3.1416,-0.9971,0.6964,0.2961,0.0,0.0,0.0,0.0,0.0,-10.0,-93.0,-16.0,0,0
5918,3.1431,-0.9971,0.6964,0.2961,0.024,0.0,0.0,0.0,-4.0,-10.0,-93.0,-16.0,0,0
5926,3.1447,-0.9971,0.6964,0.2961,0.0479,0.0,0.0,0.0,-7.0,-10.0,-97.0,-16.0,0,0
5938,3.1431,-0.9971,0.6964,0.2961,0.0719,0.0,0.0,0.0,-3.0,-10.0,-98.0,-16.0,0,0
5946,3.1431,-0.9971,0.6964,0.2961,0.0719,0.0,0.0,0.0,0.0,-10.0,-92.0,-16.0,0,0
5959,3.1401,-0.9971,0.6964,0.2961,0.0479,0.0,0.0,0.0,1.0,-10.0,-97.0,-16.0,0,0
5967,3.1401,-0.9971,0.6964,0.2961,0.024,0.0,0.0,0.0,0.0,-10.0,-91.0,-16.0,0,0
5979,3.1385,-0.9971,0.6949,0.2961,0.0,0.0,0.0,0.0,8.0,-10.0,-94.0,-16.0,0,0
5987,3.1385,-0.9971,0.6949,0.2961,-0.024,0.0,0.0,0.0,2.0,-10.0,-91.0,-16.0,0,0
5999,3.1385,-0.9971,0.6949,0.2961,-0.0479,0.0,0.0,0.0,1.0,-10.0,-91.0,-16.0,0,0
6008,3.1385,-0.9971,0.6949,0.2961,-0.0479,0.0,0.0,0.0,1.0,-10.0,-97.0,-16.0,0,0
6020,3.1401,-0.9971,0.6949,0.2961,-0.0479,0.0,0.0,0.0,0.0,-10.0,-93.0,-16.0,0,0
6032,3.1401,-0.9971,0.6964,0.2961,0.0,0.0,0.0,0.0,1.0,-10.0,-93.0,-16.0,0,0
6040,3.1401,-0.9971,0.6964,0.2961,0.0,0.0,0.0,0.0,1.0,-10.0,-93.0,-16.0,0,0
6053,3.1416,-0.9971,0.6964,0.2961,0.0,0.0,0.0,0.0,0.0,-10.0,-96.0,-16.0,0,0
6061,3.1416,-0.9971,0.6964,0.2961,0.0,0.0,0.0,0.0,0.0,-10.0,-96.0,-16.0,0,0
6073,3.1416,-0.9971,0.6964,0.2961,0.024,0.0,0.0,0.0,0.0,-10.0,-93.0,-16.0,0,0
6081,3.1416,-0.9971,0.6964,0.2961,0.024,0.0,0.0,0.0,0.0,-10.0,-93.0,-16.0,0,0
6094,3.1416,-0.9971,0.6949,0.2961,0.024,0.0,0.0,0.0,0.0,-10.0,-93.0,-16.0,0,0
6102,3.1416,-0.9971,0.6949,0.2961,0.024,0.0,0.0,0.0,0.0,-10.0,-95.0,-16.0,0,0
6114,3.1416,-0.9971,0.6964,0.2961,0.024,0.0,0.0,0.0,0.0,-10.0,-93.0,-16.0,0,0
6122,3.1401,-0.9971,0.6949,0.2961,0.0,0.0,0.0,0.0,0.0,-10.0,-98.0,-16.0,0,0
6135,3.1401,-0.9971,0.6949,0.2961,0.0,0.0,0.0,0.0,0.0,-10.0,-100.0,-16.0,0,0
6143,3.1401,-0.9971,0.6964,0.2961,0.0,0.0,0.0,0.0,0.0,-10.0,-90.0,-16.0,0,0
6155,3.1401,-0.9971,0.6964,0.2961,0.0,0.0,0.0,0.0,0.0,-10.0,-94.0,-16.0,0,0
6167,3.1401,-0.9971,0.6949,0.2961,-0.024,0.0,0.0,0.0,0.0,-10.0,-94.0,-16.0,0,0
6176,3.1401,-0.9971,0.6949,0.2961,-0.024,0.0,0.0,0.0,0.0,-10.0,-97.0,-16.0,0,0
6188,3.1401,-0.9971,0.6964,0.2961,-0.024,0.0,0.0,0.0,0.0,-10.0,-93.0,-16.0,0,0
6196,3.1401,-0.9971,0.6964,0.2961,0.0,0.0,0.0,0.0,0.0,-10.0,-92.0,-16.0,0,0
6208,3.1401,-0.9971,0.6964,0.2961,0.0,0.0,0.0,0.0,0.0,-10.0,-94.0,-16.0,0,0
6217,3.1401,-0.9971,0.6964,0.2961,0.0,0.0,0.0,0.0,0.0,-10.0,-95.0,-16.0,0,0
6229,3.1401,-0.9971,0.6964,0.2961,0.0,0.0,0.0,0.0,0.0,-10.0,-93.0,-16.0,0,0
6237,3.1401,-0.9971,0.6949,0.2961,0.0,0.0,0.0,0.0,0.0,-10.0,-96.0,-16.0,0,0
6249,3.1401,-0.9971,0.6949,0.2961,0.0,0.0,0.0,0.0,0.0,-10.0,-95.0,-16.0,0,0
6258,3.1401,-0.9971,0.6964,0.2961,0.0,0.0,0.0,0.0,0.0,-10.0,-97.0,-16.0,0,0
6270,3.1401,-0.9971,0.6964,0.2961,0.0,0.0,0.0,0.0,0.0,-10.0,-98.0,-16.0,0,0
6278,3.1401,-0.9971,0.6964,0.2961,0.0,0.0,0.0,0.0,0.0,-9.0,-95.0,-16.0,0,0
6290,3.1401,-0.9971,0.6964,0.2961,0.0,0.0,0.0,0.0,0.0,-7.0,-94.0,-16.0,0,0
6303,3.1401,-0.9971,0.6949,0.2961,0.0,0.0,0.0,0.0,0.0,-6.0,-96.0,-16.0,0,0
6311,3.1401,-0.9971,0.6949,0.2961,0.0,0.0,0.0,0.0,0.0,-6.0,-96.0,-16.0,0,0
6323,3.1401,-0.9971,0.6964,0.2961,0.0,0.0,0.0,0.0,0.0,-6.0,-93.0,-16.0,0,0
6331,3.1401,-0.9971,0.6964,0.2961,0.0,0.0,0.0,0.0,0.0,-6.0,-93.0,-16.0,0,0
6344,3.1401,-0.9971,0.6964,0.2961,0.0,0.0,0.0,0.0,0.0,-6.0,-90.0,-16.0,0,0
6352,3.1401,-0.9971,0.6949,0.2961,0.0,0.0,0.0,0.0,0.0,-6.0,-92.0,-16.0,0,0
6364,3.1401,-0.9971,0.6964,0.2961,0.0,0.0,0.0,0.0,0.0,-6.0,-92.0,-16.0,0,0
6372,3.1401,-0.9971,0.6949,0.2961,0.0,0.0,0.0,0.0,0.0,-6.0,-96.0,-16.0,0,0
6385,3.1401,-0.9971,0.6949,0.2961,0.0,0.0,0.0,0.0,0.0,-6.0,-94.0,-16.0,0,0
6393,3.1401,-0.9971,0.6964,0.2961,0.0,0.0,0.0,0.0,0.0,-6.0,-95.0,-16.0,0,0
6405,3.1401,-0.9971,0.6964,0.2961,0.0,0.0,0.0,0.0,0.0,-6.0,-92.0,-16.0,0,0
6417,3.1401,-0.9971,0.6949,0.2961,0.0,0.0,0.0,0.0,0.0,-6.0,-94.0,-16.0,0,0
6425,3.1401,-0.9971,0.6949,0.2961,0.0,0.0,0.0,0.0,0.0,-6.0,-92.0,-16.0,0,0
6438,3.1401,-0.9971,0.6964,0.2961,0.0,0.0,0.0,0.0,0.0,-6.0,-91.0,-16.0,0,0
6446,3.1401,-0.9971,0.6949,0.2961,0.0,0.0,0.0,0.0,0.0,-6.0,-90.0,-16.0,0,0
6458,3.1401,-0.9971,0.6949,0.2961,0.0,0.0,0.0,0.0,0.0,-6.0,-90.0,-16.0,0,0
6466,3.1401,-0.9971,0.6964,0.2961,0.0,0.0,0.0,0.0,0.0,-6.0,-90.0,-16.0,0,0
6479,3.1401,-0.9971,0.6949,0.2961,0.0,0.0,0.0,0.0,0.0,-6.0,-90.0,-16.0,0,0
6487,3.1401,-0.9971,0.6949,0.2961,0.0,0.0,0.0,0.0,0.0,-6.0,-97.0,-16.0,0,0
6499,3.1401,-0.9971,0.6964,0.2961,0.0,0.0,0.0,0.0,0.0,-6.0,-93.0,-16.0,0,0
6507,3.1401,-0.9971,0.6949,0.2961,0.0,0.0,0.0,0.0,0.0,-6.0,-93.0,-16.0,0,0
6520,3.1401,-0.9971,0.6949,0.2961,0.0,0.0,0.0,0.0,0.0,-6.0,-91.0,-16.0,0,0
6528,3.1401,-0.9971,0.6964,0.2961,0.0,0.0,0.0,0.0,0.0,-6.0,-90.0,-16.0,0,0
6540,3.1401,-0.9971,0.6949,0.2961,0.0,0.0,0.0,0.0,0.0,-6.0,-96.0,-16.0,0,0
6552,3.1401,-0.9971,0.6949,0.2961,0.0,0.0,0.0,0.0,0.0,-6.0,-93.0,-16.0,0,0
6561,3.1401,-0.9971,0.6949,0.2961,0.0,0.0,0.0,0.0,0.0,-6.0,-93.0,-16.0,0,0
6573,3.1401,-0.9971,0.6964,0.2961,0.0,0.0,0.0,0.0,0.0,-6.0,-91.0,-16.0,0,0
6581,3.1401,-0.9971,0.6964,0.2961,0.0,0.0,0.0,0.0,0.0,-6.0,-91.0,-16.0,0,0
6593,3.1401,-0.9971,0.6964,0.2961,0.0,0.0,0.0,0.0,0.0,-6.0,-92.0,-16.0,0,0
6602,3.1401,-0.9971,0.6964,0.2961,0.0,0.0,0.0,0.0,0.0,-3.0,-91.0,-16.0,0,0
6614,3.1401,-0.9971,0.6964,0.2961,0.0,0.0,0.0,0.0,0.0,-3.0,-90.0,-16.0,0,0
6622,3.1401,-0.9971,0.6949,0.2961,0.0,0.0,0.0,0.0,0.0,-3.0,-89.0,-16.0,0,0
6634,3.1401,-0.9971,0.6964,0.2961,0.0,0.0,0.0,0.0,0.0,-2.0,-93.0,-16.0,0,0
6643,3.1401,-0.9971,0.6949,0.2961,0.0,0.0,0.0,0.0,0.0,-2.0,-92.0,-16.0,0,0
6655,3.1401,-0.9971,0.6964,0.2961,0.0,0.0,0.0,0.0,0.0,-2.0,-90.0,-16.0,0,0
6667,3.1401,-0.9971,0.6949,0.2961,0.0,0.0,0.0,0.0,0.0,-1.0,-91.0,-16.0,0,0
6675,3.1401,-0.9971,0.6949,0.2961,0.0,0.0,0.0,0.0,0.0,-1.0,-91.0,-13.0,0,0
6688,3.1401,-0.9971,0.6964,0.2961,0.0,0.0,0.0,0.0,0.0,-2.0,-89.0,-15.0,0,0
6696,3.1401,-0.9971,0.6964,0.2961,0.0,0.0,0.0,0.0,0.0,-1.0,-89.0,-15.0,0,0
6708,3.1401,-0.9971,0.6949,0.2945,0.0,0.0,0.0,0.0,0.0,-1.0,-92.0,-16.0,0,0
6716,3.1401,-0.9971,0.6964,0.2961,0.0,0.0,0.0,0.0,0.0,-1.0,-91.0,-15.0,0,0
6729,3.1401,-0.9971,0.6949,0.2961,0.0,0.0,0.0,0.0,0.0,-2.0,-91.0,-15.0,0,0
6737,3.1401,-0.9971,0.6949,0.2961,0.0,0.0,0.0,0.0,0.0,-2.0,-90.0,-16.0,0,0
6749,3.1401,-0.9971,0.6964,0.2961,0.0,0.0,0.0,0.0,0.0,-1.0,-90.0,-16.0,0,0
6757,3.1401,-0.9971,0.6949,0.2961,0.0,0.0,0.0,0.0,0.0,-4.0,-90.0,-16.0,0,0
6770,3.1416,-0.9956,0.6949,0.2961,0.0,0.0,0.0,0.0,0.0,-21.0,-84.0,-16.0,0,0
6778,3.1431,-0.9956,0.6934,0.2961,0.0,0.0,0.0,0.0,-2.0,-35.0,-53.0,-13.0,0,0
6790,3.1447,-0.994,0.6934,0.2961,0.024,0.024,-0.024,0.0,-9.0,-65.0,-61.0,-12.0,81,1
6802,3.1431,-0.9879,0.6934,0.2961,0.024,0.0719,-0.024,0.0,0.0,-103.0,-84.0,-16.0,69,1
6815,3.1431,-0.9863,0.6934,0.2961,0.024,0.0959,-0.024,0.0,-6.0,-104.0,-92.0,-16.0,77,1
6827,3.1431,-0.9833,0.6949,0.2961,0.024,0.1198,-0.024,0.0,-7.0,-108.0,-88.0,-16.0,85,1
6835,3.1416,-0.9817,0.6949,0.2961,0.024,0.1438,0.0,0.0,-7.0,-114.0,-80.0,-16.0,85,1
6847,3.1431,-0.9817,0.6934,0.2961,0.0,0.1678,0.0,0.0,-3.0,-111.0,-81.0,-16.0,88,1
6860,3.1416,-0.9817,0.6934,0.2961,0.0,0.1678,0.0,0.0,-1.0,-104.0,-79.0,-16.0,90,1
6872,3.1401,-0.9802,0.6934,0.2961,-0.024,0.1438,0.0,0.0,0.0,-92.0,-81.0,-15.0,87,1
6884,3.137,-0.9802,0.6934,0.2961,-0.0479,0.1198,0.0,0.0,18.0,-92.0,-81.0,-16.0,87,1
6892,3.1355,-0.9817,0.6934,0.2961,-0.0479,0.0719,0.0,0.0,19.0,-93.0,-82.0,-13.0,88,1
6905,3.1355,-0.9802,0.6934,0.2961,-0.0719,0.0479,0.0,0.0,20.0,-93.0,-77.0,-14.0,89,1
6917,3.137,-0.9802,0.6934,0.2961,-0.0719,0.024,0.0,0.0,11.0,-93.0,-75.0,-15.0,88,1
6929,3.137,-0.9802,0.6934,0.2961,-0.0719,0.0,0.0,0.0,13.0,-92.0,-85.0,-16.0,87,1
6942,3.1385,-0.9802,0.6934,0.2961,-0.0479,0.0,0.0,0.0,1.0,-95.0,-79.0,-16.0,86,1
6950,3.1385,-0.9802,0.6934,0.2961,-0.0479,0.0,0.0,0.0,1.0,-95.0,-79.0,-16.0,85,1
6962,3.1401,-0.9817,0.6934,0.2961,0.0,0.0,0.0,0.0,0.0,-92.0,-79.0,-16.0,83,1
6974,3.1401,-0.9817,0.6934,0.2961,0.024,0.0,0.0,0.0,0.0,-88.0,-79.0,-16.0,79,1
6987,3.1401,-0.9817,0.6934,0.2961,0.024,0.0,0.0,0.0,0.0,-68.0,-84.0,-16.0,73,1
6999,3.1401,-0.9848,0.6934,0.2961,0.024,-0.024,0.0,0.0,0.0,-46.0,-79.0,-16.0,64,1
7007,3.1385,-0.9863,0.6934,0.2961,0.024,-0.024,0.0,0.0,0.0,-28.0,-81.0,-14.0,53,1
7019,3.1401,-0.9894,0.6934,0.2961,0.024,-0.0719,0.0,0.0,0.0,-14.0,-81.0,-16.0,43,1
7032,3.1401,-0.9925,0.6934,0.2961,0.0,-0.1198,0.0,0.0,0.0,-21.0,-80.0,-16.0,31,1
7044,3.1401,-0.994,0.6934,0.2961,0.0,-0.1438,0.0,0.0,0.0,-17.0,-76.0,-16.0,16,1
7052,3.1401,-0.994,0.6934,0.2961,0.0,-0.1438,0.0,0.0,0.0,-24.0,-78.0,-13.0,9,0
7064,3.1401,-0.994,0.6934,0.2961,0.0,-0.1438,0.0,0.0,0.0,-29.0,-79.0,-14.0,6,0
7073,3.1401,-0.994,0.6934,0.2961,0.0,-0.1198,0.0,0.0,0.0,-32.0,-78.0,-14.0,5,0
7085,3.1416,-0.994,0.6934,0.2961,0.0,-0.0959,0.0,0.0,0.0,-32.0,-78.0,-14.0,5,0
7093,3.1416,-0.994,0.6934,0.2961,0.0,-0.0719,0.0,0.0,-1.0,-31.0,-82.0,-14.0,5,0
7105,3.1431,-0.994,0.6934,0.2961,0.0,-0.0479,0.0,0.0,-3.0,-31.0,-79.0,-14.0,4,0
7118,3.1416,-0.994,0.6934,0.2961,0.024,-0.024,0.0,0.0,0.0,-32.0,-80.0,-13.0,4,0
7126,3.1416,-0.994,0.6934,0.2961,0.024,0.0,0.0,0.0,0.0,-31.0,-77.0,-14.0,4,0
7138,3.1416,-0.994,0.6934,0.2961,0.024,0.0,0.0,0.0,0.0,-31.0,-77.0,-14.0,3,0
7146,3.1416,-0.994,0.6934,0.2961,0.0,0.0,0.0,0.0,0.0,-37.0,-77.0,-14.0,2,0
7159,3.1401,-0.994,0.6934,0.2961,0.0,0.0,0.0,0.0,0.0,-33.0,-77.0,-14.0,2,0
7167,3.1401,-0.994,0.6934,0.2961,0.0,0.0,0.0,0.0,0.0,-33.0,-77.0,-13.0,1,0
7179,3.1401,-0.994,0.6934,0.2961,0.0,0.0,0.0,0.0,0.0,-34.0,-78.0,-14.0,1,0
7187,3.1401,-0.9956,0.6934,0.2961,0.0,0.0,0.0,0.0,0.0,-32.0,-81.0,-12.0,1,0
7200,3.1401,-0.9956,0.6934,0.2961,0.0,0.0,0.0,0.0,0.0,-32.0,-80.0,-14.0,1,0
7208,3.1401,-0.994,0.6934,0.2961,0.0,0.0,0.0,0.0,0.0,-33.0,-81.0,-14.0,1,0
7220,3.1401,-0.994,0.6934,0.2961,0.0,0.0,0.0,0.0,0.0,-32.0,-78.0,-14.0,0,0
7228,3.1401,-0.994,0.6934,0.2961,0.0,0.0,0.0,0.0,0.0,-30.0,-78.0,-14.0,1,0
7241,3.1401,-0.994,0.6934,0.2961,0.0,0.0,0.0,0.0,0.0,-32.0,-77.0,-13.0,0,0
7253,3.1401,-0.9956,0.6934,0.2961,0.0,0.0,0.0,0.0,0.0,-32.0,-78.0,-14.0,0,0
7261,3.1401,-0.9956,0.6934,0.2961,0.0,0.0,0.0,0.0,0.0,-32.0,-78.0,-14.0,1,0
7273,3.1401,-0.994,0.6934,0.2961,0.0,0.0,0.0,0.0,0.0,-33.0,-79.0,-14.0,0,0
7282,3.1401,-0.9956,0.6934,0.2961,0.0,0.0,0.0,0.0,0.0,-33.0,-78.0,-14.0,0,0
7294,3.1401,-0.994,0.6934,0.2961,0.0,0.0,0.0,0.0,0.0,-31.0,-77.0,-14.0,0,0
7302,3.1401,-0.994,0.6934,0.2961,0.0,0.0,0.0,0.0,0.0,-32.0,-77.0,-14.0,0,0
7314,3.1401,-0.994,0.6934,0.2961,0.0,0.0,0.0,0.0,0.0,-33.0,-79.0,-14.0,0,0
7322,3.1401,-0.994,0.6934,0.2961,0.0,0.0,0.0,0.0,0.0,-33.0,-77.0,-14.0,0,0
7335,3.1401,-0.9956,0.6934,0.2961,0.0,0.0,0.0,0.0,0.0,-32.0,-77.0,-14.0,0,0
7343,3.1401,-0.994,0.6934,0.2961,0.0,0.0,0.0,0.0,0.0,-32.0,-76.0,-14.0,0,0
7355,3.1401,-0.9956,0.6934,0.2961,0.0,0.0,0.0,0.0,0.0,-32.0,-76.0,-14.0,0,0
7368,3.1401,-0.994,0.6934,0.2961,0.0,0.0,0.0,0.0,0.0,-33.0,-77.0,-14.0,0,0
7376,3.1401,-0.9956,0.6934,0.2961,0.0,0.0,0.0,0.0,0.0,-32.0,-76.0,-14.0,0,0
7388,3.1401,-0.9956,0.6934,0.2945,0.0,0.0,0.0,0.0,0.0,-32.0,-77.0,-14.0,0,0
7396,3.1401,-0.994,0.6934,0.2961,0.0,0.0,0.0,0.0,0.0,-33.0,-77.0,-14.0,0,0
7408,3.1401,-0.994,0.6934,0.2961,0.0,0.0,0.0,0.0,0.0,-31.0,-77.0,-14.0,0,0
7417,3.1401,-0.994,0.6934,0.2961,0.0,0.0,0.0,0.0,0.0,-32.0,-77.0,-14.0,0,0
7429,3.1401,-0.994,0.6934,0.2961,0.0,0.0,0.0,0.0,0.0,-30.0,-76.0,-14.0,0,0
7437,3.1401,-0.9956,0.6934,0.2961,0.0,0.0,0.0,0.0,0.0,-31.0,-75.0,-14.0,0,0
7449,3.1401,-0.9956,0.6934,0.2961,0.0,0.0,0.0,0.0,0.0,-30.0,-75.0,-14.0,0,0
7458,3.1401,-0.9956,0.6934,0.2961,0.0,0.0,0.0,0.0,0.0,-31.0,-75.0,-14.0,0,0
7470,3.1401,-0.994,0.6934,0.2961,0.0,0.0,0.0,0.0,0.0,-31.0,-75.0,-14.0,0,0
7478,3.1401,-0.9956,0.6934,0.2961,0.0,0.0,0.0,0.0,0.0,-29.0,-75.0,-14.0,0,0
7490,3.1401,-0.994,0.6934,0.2961,0.0,0.0,0.0,0.0,0.0,-30.0,-75.0,-14.0,0,0
7503,3.1401,-0.994,0.6934,0.2961,0.0,0.0,0.0,0.0,0.0,-33.0,-75.0,-14.0,0,0
7511,3.1401,-0.994,0.6934,0.2961,0.0,0.0,0.0,0.0,0.0,-33.0,-75.0,-14.0,0,0
7523,3.1401,-0.9956,0.6934,0.2961,0.0,0.0,0.0,0.0,0.0,-33.0,-75.0,-14.0,0,0
7531,3.1401,-0.9956,0.6934,0.2961,0.0,0.0,0.0,0.0,0.0,-33.0,-75.0,-14.0,0,0
7544,3.1401,-0.994,0.6934,0.2961,0.0,0.0,0.0,0.0,0.0,-33.0,-72.0,-14.0,0,0
7552,3.1401,-0.994,0.6934,0.2961,0.0,0.0,0.0,0.0,0.0,-32.0,-73.0,-14.0,0,0
7564,3.1401,-0.994,0.6934,0.2961,0.0,0.0,0.0,0.0,0.0,-32.0,-74.0,-14.0,0,0
7572,3.1401,-0.9956,0.6934,0.2961,0.0,0.0,0.0,0.0,0.0,-32.0,-73.0,-14.0,0,0
7585,3.1401,-0.994,0.6934,0.2945,0.0,0.0,0.0,0.0,0.0,-32.0,-74.0,-14.0,0,0
7593,3.1401,-0.994,0.6934,0.2961,0.0,0.0,0.0,0.0,0.0,-32.0,-74.0,-14.0,0,0
7605,3.1401,-0.994,0.6934,0.2961,0.0,0.0,0.0,0.0,0.0,-30.0,-74.0,-14.0,0,0
7613,3.1401,-0.994,0.6934,0.2961,0.0,0.0,0.0,0.0,0.0,-38.0,-74.0,-14.0,0,0
7626,3.1401,-0.994,0.6934,0.2961,0.0,0.0,0.0,0.0,0.0,-39.0,-73.0,-14.0,0,0
7638,3.1401,-0.9956,0.6934,0.2961,0.0,0.0,0.0,0.0,0.0,-37.0,-73.0,-14.0,0,0
7646,3.1401,-0.994,0.6934,0.2961,0.0,0.0,0.0,0.0,0.0,-39.0,-73.0,-14.0,0,0
7658,3.1401,-0.994,0.6934,0.2961,0.0,0.0,0.0,0.0,0.0,-37.0,-74.0,-14.0,0,0
7667,3.1401,-0.994,0.6934,0.2961,0.0,0.0,0.0,0.0,0.0,-36.0,-73.0,-14.0,0,0
7679,3.1401,-0.994,0.6934,0.2961,0.0,0.0,0.0,0.0,0.0,-37.0,-73.0,-15.0,0,0
7687,3.1401,-0.994,0.6934,0.2961,0.0,0.0,0.0,0.0,0.0,-37.0,-69.0,-14.0,0,0
7699,3.1401,-0.994,0.6934,0.2961,0.0,0.0,0.0,0.0,0.0,-38.0,-75.0,-14.0,0,0
7707,3.1401,-0.994,0.6934,0.2961,0.0,0.0,0.0,0.0,0.0,-39.0,-70.0,-14.0,1,0
7720,3.1401,-0.9956,0.6934,0.2961,0.0,0.0,0.0,0.0,0.0,-38.0,-75.0,-14.0,0,0
7728,3.1401,-0.994,0.6934,0.2961,0.0,0.0,0.0,0.0,0.0,-36.0,-73.0,-11.0,0,0
7740,3.1401,-0.994,0.6934,0.2961,0.0,0.0,0.0,0.0,0.0,-35.0,-73.0,-11.0,1,0
7753,3.1401,-0.9956,0.6934,0.2961,0.0,0.0,0.0,0.0,0.0,-38.0,-69.0,-14.0,1,0
7761,3.1401,-0.9956,0.6934,0.2961,0.0,0.0,0.0,0.0,0.0,-38.0,-69.0,-14.0,1,0
7773,3.1401,-0.994,0.6934,0.2961,0.0,0.0,0.0,0.0,0.0,-37.0,-75.0,-14.0,0,0
7781,3.1401,-0.994,0.6934,0.2961,0.0,0.0,0.0,0.0,0.0,-37.0,-75.0,-14.0,0,0
7793,3.1401,-0.994,0.6934,0.2961,0.0,0.0,0.0,0.0,0.0,-36.0,-72.0,-14.0,0,0
7802,3.1401,-0.994,0.6934,0.2961,0.0,0.0,0.0,0.0,0.0,-37.0,-67.0,-14.0,0,0
7814,3.1401,-0.9956,0.6934,0.2961,0.0,0.0,0.0,0.0,0.0,-39.0,-67.0,-14.0,0,0
7822,3.1401,-0.994,0.6934,0.2961,0.0,0.0,0.0,0.0,0.0,-37.0,-75.0,-14.0,0,0
7834,3.1401,-0.994,0.6934,0.2961,0.0,0.0,0.0,0.0,0.0,-36.0,-70.0,-14.0,0,0
7843,3.1401,-0.994,0.6934,0.2961,0.0,0.0,0.0,0.0,0.0,-37.0,-73.0,-13.0,0,0
7855,3.1401,-0.994,0.6934,0.2961,0.0,0.0,0.0,0.0,0.0,-34.0,-72.0,-12.0,0,0
7863,3.1401,-0.994,0.6934,0.2961,0.0,0.0,0.0,0.0,0.0,-37.0,-69.0,-14.0,0,0
7875,3.1401,-0.9956,0.6934,0.2961,0.0,0.0,0.0,0.0,0.0,-38.0,-73.0,-14.0,0,0
7888,3.1401,-0.994,0.6934,0.2961,0.0,0.0,0.0,0.0,0.0,-38.0,-67.0,-14.0,0,0
7896,3.1401,-0.9956,0.6934,0.2961,0.0,0.0,0.0,0.0,0.0,-35.0,-68.0,-14.0,0,0
7908,3.1447,-0.994,0.6934,0.2961,0.0,0.0,0.0,0.0,-14.0,-33.0,-71.0,-14.0,0,0
7916,3.1477,-0.9956,0.6934,0.2961,0.0479,0.0,0.0,0.0,-56.0,-18.0,-75.0,-14.0,0,0
7929,3.1493,-1.0002,0.6934,0.2961,0.0719,0.0,0.0,0.0,-69.0,9.0,-75.0,-14.0,0,0
7937,3.1477,-1.0017,0.6934,0.2961,0.0959,-0.0479,0.0,0.0,-33.0,10.0,-73.0,-14.0,0,0
7949,3.1477,-1.0048,0.6934,0.2961,0.0959,-0.0719,0.0,0.0,-40.0,24.0,-75.0,-14.0,11,1
7961,3.1477,-1.0048,0.6934,0.2961,0.0959,-0.1198,0.0,0.0,-48.0,42.0,-72.0,-14.0,35,1
7974,3.1477,-1.0078,0.6934,0.2961,0.0719,-0.1438,0.0,0.0,-45.0,61.0,-72.0,-13.0,34,1
7982,3.1477,-1.0094,0.6934,0.2961,0.024,-0.1678,0.0,0.0,-45.0,65.0,-66.0,-14.0,46,1
7994,3.1477,-1.0094,0.6934,0.2961,0.0,-0.1438,0.0,0.0,-45.0,64.0,-66.0,-13.0,65,1
8006,3.1477,-1.0094,0.6934,0.2961,0.0,-0.1198,0.0,0.0,-45.0,50.0,-68.0,-14.0,68,1
8019,3.1477,-1.0094,0.6934,0.2961,0.0,-0.0959,0.0,0.0,-45.0,45.0,-70.0,-14.0,76,1
8031,3.1477,-1.0094,0.6934,0.2961,0.0,-0.0719,0.0,0.0,-45.0,45.0,-72.0,-14.0,74,1
8039,3.1477,-1.0094,0.6934,0.2961,0.0,-0.0719,0.0,0.0,-46.0,45.0,-78.0,-14.0,76,1
8052,3.1462,-1.0094,0.6949,0.2961,0.0,-0.024,0.0,0.0,-31.0,43.0,-69.0,-14.0,75,1
8064,3.1462,-1.0078,0.6934,0.2961,0.0,0.0,0.0,0.0,-19.0,40.0,-67.0,-14.0,73,1
8076,3.1447,-1.0094,0.6949,0.2961,0.0,0.0,0.0,0.0,-13.0,41.0,-71.0,-14.0,71,1
8088,3.1447,-1.0078,0.6934,0.2961,-0.024,0.0,0.0,0.0,-4.0,47.0,-71.0,-14.0,69,1
8097,3.1431,-1.0094,0.6934,0.2961,-0.024,0.0,0.0,0.0,-1.0,46.0,-66.0,-14.0,65,1
8109,3.1416,-1.0078,0.6934,0.2961,-0.0479,0.0,0.0,0.0,-1.0,45.0,-66.0,-14.0,63,1
8121,3.1416,-1.0078,0.6934,0.2961,-0.0479,0.0,0.0,0.0,0.0,51.0,-75.0,-14.0,58,1
8133,3.1401,-1.0063,0.6934,0.2961,-0.0719,0.0,0.0,0.0,0.0,17.0,-71.0,-14.0,48,1
8146,3.1401,-1.0063,0.6934,0.2961,-0.0719,0.024,0.0,0.0,0.0,9.0,-66.0,-14.0,33,1
8154,3.1401,-1.0032,0.6949,0.2961,-0.0479,0.024,0.0,0.0,0.0,1.0,-73.0,-14.0,17,1
8166,3.1401,-1.0017,0.6934,0.2961,-0.0479,0.0479,0.0,0.0,0.0,-2.0,-72.0,-14.0,2,0
8174,3.1401,-1.0002,0.6949,0.2961,-0.0479,0.0719,0.0,0.0,0.0,-7.0,-70.0,-14.0,2,0
8187,3.1401,-0.9986,0.6934,0.2961,-0.024,0.0959,0.0,0.0,0.0,-6.0,-72.0,-14.0,2,0
8199,3.1401,-0.9971,0.6934,0.2961,-0.024,0.1198,0.0,0.0,0.0,-7.0,-67.0,-14.0,1,0
8207,3.1401,-0.9971,0.6934,0.2961,0.0,0.1198,0.0,0.0,0.0,-3.0,-74.0,-14.0,1,0
8219,3.1401,-0.9971,0.6934,0.2961,0.0,0.1198,0.0,0.0,0.0,-6.0,-67.0,-14.0,1,0
8228,3.1401,-0.9971,0.6934,0.2961,0.0,0.0959,0.0,0.0,0.0,-1.0,-65.0,-14.0,1,0
8240,3.1401,-0.9986,0.6934,0.2961,0.0,0.0719,0.0,0.0,-1.0,-4.0,-67.0,-14.0,1,0
8248,3.1401,-0.9971,0.6934,0.2961,0.0,0.0479,0.0,0.0,0.0,-7.0,-65.0,-14.0,1,0
8260,3.1401,-0.9986,0.6934,0.2961,0.0,0.024,0.0,0.0,0.0,-3.0,-64.0,-14.0,1,0
8269,3.1401,-0.9971,0.6934,0.2961,0.0,0.0,0.0,0.0,0.0,-6.0,-64.0,-14.0,1,0
8281,3.1401,-0.9986,0.6934,0.2961,0.0,0.0,0.0,0.0,0.0,-4.0,-70.0,-13.0,0,0
8289,3.1401,-0.9986,0.6934,0.2961,0.0,0.0,0.0,0.0,0.0,-2.0,-73.0,-14.0,0,0
8301,3.1401,-0.9971,0.6934,0.2961,0.0,0.0,0.0,0.0,0.0,-5.0,-65.0,-14.0,1,0
8310,3.1401,-0.9986,0.6934,0.2961,0.0,0.0,0.0,0.0,0.0,-5.0,-64.0,-14.0,0,0
8322,3.1401,-0.9971,0.6934,0.2961,0.0,0.0,0.0,0.0,0.0,-4.0,-65.0,-14.0,0,0
8334,3.1401,-0.9971,0.6934,0.2961,0.0,0.0,0.0,0.0,0.0,-1.0,-71.0,-14.0,0,0
8342,3.1401,-0.9986,0.6934,0.2961,0.0,0.0,0.0,0.0,0.0,-3.0,-70.0,-14.0,0,0
8355,3.1401,-0.9986,0.6934,0.2961,0.0,0.0,0.0,0.0,0.0,-3.0,-68.0,-14.0,0,0
8363,3.1401,-0.9971,0.6934,0.2961,0.0,0.0,0.0,0.0,0.0,-3.0,-66.0,-14.0,0,0
8375,3.1401,-0.9971,0.6934,0.2961,0.0,0.0,0.0,0.0,0.0,-3.0,-65.0,-14.0,0,0
8383,3.1401,-0.9971,0.6934,0.2961,0.0,0.0,0.0,0.0,0.0,-3.0,-69.0,-14.0,0,0
8396,3.1401,-0.9986,0.6934,0.2961,0.0,0.0,0.0,0.0,0.0,-3.0,-72.0,-14.0,0,0
8404,3.1401,-0.9971,0.6934,0.2961,0.0,0.0,0.0,0.0,0.0,-2.0,-67.0,-14.0,0,0
8416,3.1401,-0.9971,0.6934,0.2961,0.0,0.0,0.0,0.0,0.0,-3.0,-65.0,-12.0,0,0
8424,3.1401,-0.9986,0.6934,0.2961,0.0,0.0,0.0,0.0,0.0,-3.0,-68.0,-14.0,0,0
8437,3.1401,-0.9986,0.6934,0.2961,0.0,0.0,0.0,0.0,0.0,-5.0,-66.0,-14.0,0,0
8445,3.1401,-0.9971,0.6934,0.2961,0.0,0.0,0.0,0.0,0.0,-5.0,-70.0,-14.0,0,0
8457,3.1401,-0.9986,0.6934,0.2961,0.0,0.0,0.0,0.0,0.0,-4.0,-63.0,-14.0,0,0
8469,3.1401,-0.9986,0.6934,0.2961,0.0,0.0,0.0,0.0,0.0,-3.0,-62.0,-14.0,0,0
8477,3.1401,-0.9986,0.6934,0.2961,0.0,0.0,0.0,0.0,0.0,-3.0,-66.0,-14.0,0,0
8490,3.1401,-0.9986,0.6934,0.2961,0.0,0.0,0.0,0.0,0.0,-4.0,-72.0,-14.0,0,0
8498,3.1401,-0.9971,0.6934,0.2961,0.0,0.0,0.0,0.0,0.0,-2.0,-64.0,-14.0,0,0
8510,3.1401,-0.9971,0.6934,0.2961,0.0,0.0,0.0,0.0,0.0,-3.0,-61.0,-14.0,0,0
8518,3.1401,-0.9986,0.6934,0.2961,0.0,0.0,0.0,0.0,0.0,-3.0,-62.0,-14.0,0,0
8531,3.1401,-0.9971,0.6934,0.2961,0.0,0.0,0.0,0.0,0.0,-5.0,-65.0,-14.0,0,0
8539,3.1401,-0.9986,0.6934,0.2961,0.0,0.0,0.0,0.0,0.0,-2.0,-70.0,-14.0,0,0
8551,3.1401,-0.9971,0.6934,0.2961,0.0,0.0,0.0,0.0,0.0,-4.0,-69.0,-14.0,0,0
8559,3.1401,-0.9971,0.6934,0.2976,0.0,0.0,0.0,0.0,0.0,-4.0,-69.0,-11.0,0,0
8572,3.1401,-0.9986,0.6934,0.2961,0.0,0.0,0.0,0.0,0.0,-1.0,-69.0,-15.0,0,0
8584,3.1401,-0.9986,0.6934,0.2961,0.0,0.0,0.0,0.0,0.0,-1.0,-62.0,-15.0,0,0
8592,3.1401,-0.9971,0.6934,0.2961,0.0,0.0,0.0,0.0,0.0,-1.0,-64.0,-15.0,0,0
8604,3.1401,-0.9971,0.6934,0.2961,0.0,0.0,0.0,0.0,0.0,-1.0,-68.0,-15.0,0,0
8613,3.1401,-0.9971,0.6934,0.2961,0.0,0.0,0.0,0.0,0.0,-1.0,-62.0,-14.0,0,0
8625,3.1401,-0.9986,0.6934,0.2961,0.0,0.0,0.0,0.0,0.0,-1.0,-64.0,-14.0,0,0
8633,3.1401,-0.9971,0.6934,0.2961,0.0,0.0,0.0,0.0,0.0,-1.0,-68.0,-14.0,0,0
8645,3.1401,-0.9986,0.6949,0.2961,0.0,0.0,0.0,0.0,0.0,-1.0,-64.0,-13.0,0,0
8654,3.1401,-0.9986,0.6949,0.2961,0.0,0.0,0.0,0.0,0.0,-1.0,-64.0,-14.0,0,0
8666,3.1401,-0.9971,0.6934,0.2961,0.0,0.0,0.0,0.0,0.0,-1.0,-64.0,-14.0,0,0
8674,3.1401,-0.9986,0.6949,0.2961,0.0,0.0,0.0,0.0,0.0,-1.0,-64.0,-14.0,0,0
8686,3.1401,-0.9971,0.6934,0.2961,0.0,0.0,0.0,0.0,0.0,-1.0,-64.0,-14.0,0,0
8695,3.1401,-0.9986,0.6934,0.2961,0.0,0.0,0.0,0.0,0.0,-1.0,-62.0,-14.0,0,0
8707,3.1401,-0.9986,0.6934,0.2961,0.0,0.0,0.0,0.0,0.0,-1.0,-62.0,-14.0,0,0
8719,3.1401,-0.9986,0.6934,0.2961,0.0,0.0,0.0,0.0,0.0,-1.0,-64.0,-14.0,0,0
8727,3.1401,-0.9986,0.6949,0.2961,0.0,0.0,0.0,0.0,0.0,-1.0,-69.0,-12.0,0,0
8740,3.1401,-0.9986,0.6934,0.2961,0.0,0.0,0.0,0.0,0.0,-1.0,-65.0,-13.0,0,0
8748,3.1401,-0.9971,0.6934,0.2961,0.0,0.0,0.0,0.0,0.0,-1.0,-68.0,-14.0,0,0
8760,3.1401,-0.9971,0.6934,0.2961,0.0,0.0,0.0,0.0,0.0,-1.0,-66.0,-11.0,0,0
8768,3.1401,-0.9986,0.6934,0.2961,0.0,0.0,0.0,0.0,0.0,-1.0,-67.0,-14.0,0,0
8781,3.1401,-0.9971,0.6934,0.2961,0.0,0.0,0.0,0.0,0.0,-1.0,-63.0,-14.0,0,0
8789,3.1401,-0.9971,0.6934,0.2961,0.0,0.0,0.0,0.0,0.0,-1.0,-65.0,-14.0,0,0
8801,3.1401,-0.9971,0.6949,0.2961,0.0,0.0,0.0,0.0,0.0,-1.0,-63.0,-14.0,0,0
8809,3.1401,-0.9986,0.6934,0.2961,0.0,0.0,0.0,0.0,0.0,-1.0,-62.0,-14.0,0,0
8822,3.1401,-0.9971,0.6934,0.2961,0.0,0.0,0.0,0.0,0.0,-1.0,-63.0,-14.0,0,0
8834,3.1401,-0.9971,0.6934,0.2961,0.0,0.0,0.0,0.0,0.0,-1.0,-62.0,-14.0,0,0
8842,3.1401,-0.9971,0.6934,0.2961,0.0,0.0,0.0,0.0,0.0,-1.0,-62.0,-14.0,0,0
8854,3.1401,-0.9971,0.6934,0.2961,0.0,0.0,0.0,0.0,0.0,-1.0,-62.0,-14.0,0,0
8863,3.1401,-0.9971,0.6934,0.2961,0.0,0.0,0.0,0.0,0.0,-1.0,-61.0,-14.0,0,0
8875,3.1401,-0.9971,0.6934,0.2961,0.0,0.0,0.0,0.0,0.0,-1.0,-61.0,-14.0,0,0
8883,3.1401,-0.9971,0.6934,0.2961,0.0,0.0,0.0,0.0,0.0,-1.0,-59.0,-13.0,0,0
8895,3.1401,-0.9971,0.6934,0.2961,0.0,0.0,0.0,0.0,0.0,0.0,-60.0,-14.0,0,0
8903,3.1401,-0.9986,0.6934,0.2961,0.0,0.0,0.0,0.0,0.0,0.0,-60.0,-14.0,0,0
8916,3.1401,-0.9971,0.6934,0.2961,0.0,0.0,0.0,0.0,0.0,0.0,-62.0,-14.0,0,0
8924,3.1401,-0.9986,0.6949,0.2961,0.0,0.0,0.0,0.0,0.0,0.0,-62.0,-14.0,0,0
8936,3.1401,-0.9971,0.6934,0.2961,0.0,0.0,0.0,0.0,0.0,0.0,-60.0,-14.0,0,0
8944,3.1401,-0.9986,0.6934,0.2961,0.0,0.0,0.0,0.0,0.0,0.0,-61.0,-14.0,0,0
8957,3.1401,-0.9971,0.6934,0.2961,0.0,0.0,0.0,0.0,0.0,0.0,-62.0,-14.0,0,0
8969,3.1401,-0.9971,0.6934,0.2961,0.0,0.0,0.0,0.0,0.0,0.0,-58.0,-14.0,0,0
8977,3.1401,-0.9971,0.6934,0.2961,0.0,0.0,0.0,0.0,0.0,0.0,-61.0,-14.0,0,0
8989,3.1401,-0.9971,0.6934,0.2961,0.0,0.0,0.0,0.0,0.0,-2.0,-60.0,-14.0,0,0
8998,3.1401,-0.9956,0.6918,0.2945,0.0,0.0,0.0,0.0,0.0,-40.0,-45.0,-11.0,0,0
9010,3.1401,-0.9925,0.6888,0.293,0.0,0.024,0.0,0.0,0.0,-93.0,-2.0,-1.0,0,0
9018,3.1401,-0.9863,0.6888,0.293,0.0,0.0479,-0.024,-0.024,0.0,-145.0,-21.0,-1.0,0,0
9030,3.1416,-0.9833,0.6903,0.2961,0.0,0.1198,-0.0479,0.0,-8.0,-163.0,-55.0,-14.0,0,0
9043,3.1431,-0.9741,0.6949,0.2976,0.0,0.2397,-0.024,0.0,-17.0,-190.0,-107.0,-28.0,61,1
9051,3.1431,-0.9741,0.6949,0.2976,0.0,0.2397,-0.024,0.0,-17.0,-190.0,-107.0,-28.0,43,1
9063,3.1416,-0.9679,0.698,0.2961,0.0,0.3356,0.024,0.0,-12.0,-196.0,-99.0,-17.0,37,1
9075,3.1416,-0.9664,0.698,0.2976,0.0,0.3595,0.0719,0.024,-12.0,-174.0,-84.0,-18.0,47,1
9088,3.1431,-0.9664,0.698,0.2961,0.0,0.3356,0.0959,0.024,-12.0,-183.0,-76.0,-19.0,49,1
9100,3.1416,-0.9679,0.698,0.2961,0.0,0.2876,0.0959,0.0,-12.0,-159.0,-79.0,-14.0,51,1
9108,3.1416,-0.9679,0.698,0.2961,0.0,0.2397,0.0959,0.0,-12.0,-150.0,-77.0,-17.0,48,1
9121,3.1416,-0.9679,0.6964,0.2961,0.0,0.1678,0.0719,0.0,-12.0,-143.0,-69.0,-15.0,46,1
9133,3.1416,-0.9725,0.6964,0.2961,0.0,0.0479,0.0,0.0,0.0,-90.0,-71.0,-14.0,44,1
9145,3.1401,-0.9741,0.6964,0.2961,0.0,0.0,0.0,0.0,0.0,-80.0,-74.0,-14.0,41,1
9157,3.1385,-0.9756,0.698,0.2961,0.0,-0.0479,0.0,0.0,0.0,-75.0,-69.0,-15.0,37,1
9166,3.1385,-0.9787,0.6964,0.2961,-0.024,-0.0959,0.0,0.0,0.0,-62.0,-71.0,-15.0,30,1
9178,3.1385,-0.9802,0.6964,0.2961,-0.024,-0.1198,0.0,0.0,0.0,-58.0,-75.0,-15.0,22,1
9190,3.1401,-0.9817,0.6964,0.2961,-0.024,-0.1678,0.0,0.0,0.0,-62.0,-75.0,-15.0,18,1
9202,3.1401,-0.9848,0.6964,0.2961,0.0,-0.1918,0.0,0.0,0.0,-46.0,-71.0,-15.0,16,1
9211,3.1401,-0.9848,0.6964,0.2961,0.0,-0.1918,0.0,0.0,0.0,-46.0,-71.0,-15.0,14,1
9223,3.1385,-0.9894,0.6964,0.2961,0.0,-0.1918,0.0,0.0,0.0,-28.0,-75.0,-15.0,7,0
9235,3.1385,-0.991,0.6964,0.2961,0.0,-0.1678,0.0,0.0,3.0,-27.0,-70.0,-15.0,1,0
9243,3.1385,-0.9925,0.6964,0.2961,0.0,-0.1678,0.0,0.0,0.0,-26.0,-68.0,-15.0,2,0
9256,3.1385,-0.9925,0.6964,0.2961,0.0,-0.1438,0.0,0.0,0.0,-29.0,-69.0,-14.0,0,0
9264,3.1385,-0.994,0.6964,0.2961,0.0,-0.1438,0.0,0.0,0.0,-35.0,-72.0,-15.0,0,0
9276,3.1385,-0.994,0.6964,0.2961,0.0,-0.1198,0.0,0.0,0.0,-35.0,-70.0,-17.0,0,0
9284,3.1401,-0.9925,0.6964,0.2961,0.0,-0.1198,0.0,0.0,0.0,-41.0,-68.0,-15.0,0,0
9297,3.1401,-0.994,0.6964,0.2961,0.0,-0.0959,0.0,0.0,0.0,-38.0,-76.0,-15.0,0,0
9305,3.1401,-0.994,0.6964,0.2961,0.0,-0.0719,0.0,0.0,0.0,-39.0,-75.0,-16.0,0,0
9317,3.1401,-0.994,0.6964,0.2961,0.0,-0.0479,0.0,0.0,0.0,-40.0,-68.0,-18.0,0,0
9325,3.1385,-0.994,0.6964,0.2961,0.0,-0.024,0.0,0.0,0.0,-42.0,-72.0,-15.0,0,0
9338,3.1401,-0.994,0.6964,0.2976,0.0,0.0,0.0,0.0,0.0,-41.0,-72.0,-17.0,0,0
9350,3.1401,-0.994,0.6964,0.2961,0.0,0.0,0.0,0.0,0.0,-40.0,-75.0,-15.0,0,0
9358,3.1401,-0.994,0.6964,0.2961,0.0,0.0,0.0,0.0,0.0,-39.0,-68.0,-15.0,0,0
9370,3.1401,-0.994,0.6964,0.2961,0.0,0.0,0.0,0.0,0.0,-41.0,-74.0,-15.0,0,0
9379,3.1385,-0.994,0.6964,0.2961,0.0,0.0,0.0,0.0,0.0,-40.0,-73.0,-15.0,0,0
9391,3.1385,-0.994,0.6964,0.2961,0.0,0.0,0.0,0.0,0.0,-40.0,-74.0,-16.0,0,0
9399,3.1385,-0.994,0.6964,0.2961,0.0,0.0,0.0,0.0,0.0,-40.0,-69.0,-14.0,0,0
9411,3.1401,-0.994,0.6964,0.2976,0.0,0.0,0.0,0.0,0.0,-40.0,-73.0,-15.0,0,0
9420,3.1401,-0.994,0.698,0.2961,0.0,0.0,0.0,0.0,0.0,-40.0,-68.0,-15.0,0,0
9432,3.1401,-0.994,0.6964,0.2961,0.0,0.0,0.0,0.0,0.0,-39.0,-76.0,-15.0,0,0
9440,3.1401,-0.994,0.6964,0.2961,0.0,0.0,0.0,0.0,0.0,-39.0,-76.0,-15.0,0,0
9452,3.1401,-0.994,0.698,0.2961,0.0,0.0,0.0,0.0,0.0,-38.0,-69.0,-15.0,0,0
9461,3.1401,-0.994,0.698,0.2961,0.0,0.0,0.0,0.0,0.0,-38.0,-69.0,-15.0,0,0
9473,3.1401,-0.994,0.698,0.2961,0.0,0.0,0.0,0.0,0.0,-41.0,-71.0,-14.0,0,0
9485,3.1385,-0.994,0.6964,0.2961,0.0,0.0,0.0,0.0,0.0,-39.0,-68.0,-14.0,0,0
9493,3.1385,-0.994,0.6964,0.2961,0.0,0.0,0.0,0.0,0.0,-39.0,-74.0,-14.0,0,0
9506,3.1401,-0.9925,0.6964,0.2961,0.0,0.0,0.0,0.0,0.0,-41.0,-70.0,-14.0,0,0
9514,3.1385,-0.994,0.6964,0.2961,0.0,0.0,0.0,0.0,0.0,-39.0,-73.0,-14.0,0,0
9526,3.1401,-0.994,0.6964,0.2961,0.0,0.0,0.0,0.0,0.0,-42.0,-69.0,-14.0,0,0
9534,3.1401,-0.994,0.6964,0.2961,0.0,0.0,0.0,0.0,0.0,-39.0,-72.0,-17.0,0,0
9547,3.1401,-0.994,0.6964,0.2961,0.0,0.0,0.0,0.0,0.0,-39.0,-74.0,-18.0,0,0
9555,3.1401,-0.994,0.698,0.2961,0.0,0.0,0.0,0.0,0.0,-39.0,-73.0,-15.0,0,0
9567,3.1385,-0.994,0.6964,0.2961,0.0,0.0,0.0,0.0,0.0,-38.0,-69.0,-15.0,0,0
9575,3.1401,-0.994,0.6964,0.2961,0.0,0.0,0.0,0.0,0.0,-41.0,-74.0,-15.0,0,0
9587,3.1401,-0.994,0.6964,0.2961,0.0,0.0,0.0,0.0,0.0,-40.0,-66.0,-17.0,0,0
9600,3.1401,-0.994,0.6964,0.2961,0.0,0.0,0.0,0.0,0.0,-39.0,-69.0,-19.0,0,0
9608,3.1385,-0.994,0.6964,0.2961,0.0,0.0,0.0,0.0,0.0,-39.0,-73.0,-15.0,0,0
9620,3.1385,-0.994,0.6964,0.2961,0.0,0.0,0.0,0.0,0.0,-39.0,-72.0,-14.0,0,0
9628,3.1401,-0.994,0.6964,0.2961,0.0,0.0,0.0,0.0,0.0,-38.0,-74.0,-18.0,0,0
9641,3.1401,-0.994,0.6964,0.2961,0.0,0.0,0.0,0.0,0.0,-38.0,-69.0,-16.0,0,0
9649,3.1401,-0.994,0.6964,0.2961,0.0,0.0,0.0,0.0,0.0,-39.0,-70.0,-15.0,0,0
9661,3.1401,-0.994,0.6964,0.2961,0.0,0.0,0.0,0.0,0.0,-39.0,-66.0,-15.0,0,0
9669,3.1401,-0.994,0.6964,0.2961,0.0,0.0,0.0,0.0,0.0,-39.0,-68.0,-15.0,0,0
9682,3.1401,-0.994,0.6964,0.2961,0.0,0.0,0.0,0.0,0.0,-43.0,-68.0,-16.0,0,0
9690,3.1401,-0.994,0.6964,0.2961,0.0,0.0,0.0,0.0,0.0,-43.0,-68.0,-16.0,0,0
9702,3.1401,-0.994,0.6964,0.2961,0.0,0.0,0.0,0.0,0.0,-43.0,-71.0,-15.0,0,0
9710,3.1401,-0.994,0.6964,0.2961,0.0,0.0,0.0,0.0,0.0,-43.0,-71.0,-15.0,0,0
9723,3.1401,-0.994,0.6964,0.2961,0.0,0.0,0.0,0.0,0.0,-43.0,-66.0,-17.0,0,0
9735,3.1401,-0.994,0.6964,0.2961,0.0,0.0,0.0,0.0,0.0,-44.0,-74.0,-15.0,0,0
9743,3.1401,-0.994,0.6964,0.2961,0.0,0.0,0.0,0.0,0.0,-43.0,-72.0,-15.0,0,0
9755,3.1385,-0.994,0.6964,0.2961,0.0,0.0,0.0,0.0,0.0,-43.0,-74.0,-15.0,0,0
9764,3.1401,-0.994,0.6964,0.2961,0.0,0.0,0.0,0.0,0.0,-43.0,-73.0,-16.0,0,0
9776,3.1401,-0.994,0.6964,0.2961,0.0,0.0,0.0,0.0,0.0,-43.0,-74.0,-15.0,0,0
9784,3.1401,-0.994,0.6964,0.2961,0.0,0.0,0.0,0.0,0.0,-40.0,-71.0,-15.0,0,0
9796,3.1385,-0.994,0.6964,0.2961,0.0,0.0,0.0,0.0,0.0,-40.0,-75.0,-15.0,0,0
9805,3.1401,-0.994,0.6964,0.2961,0.0,0.0,0.0,0.0,0.0,-39.0,-72.0,-18.0,0,0
9817,3.1385,-0.994,0.698,0.2961,0.0,0.0,0.0,0.0,0.0,-39.0,-67.0,-15.0,0,0
9825,3.1401,-0.994,0.698,0.2961,0.0,0.0,0.0,0.0,0.0,-39.0,-72.0,-15.0,0,0
9837,3.1401,-0.994,0.6964,0.2961,0.0,0.0,0.0,0.0,0.0,-39.0,-72.0,-15.0,0,0
9846,3.1385,-0.994,0.6964,0.2961,0.0,0.0,0.0,0.0,0.0,-41.0,-69.0,-15.0,0,0
9858,3.1385,-0.994,0.698,0.2976,0.0,0.0,0.0,0.0,0.0,-39.0,-72.0,-15.0,0,0
9870,3.1385,-0.994,0.698,0.2961,0.0,0.0,0.0,0.0,0.0,-40.0,-76.0,-19.0,0,0
9878,3.1401,-0.994,0.698,0.2961,0.0,0.0,0.0,0.0,0.0,-39.0,-69.0,-15.0,0,0
9891,3.1401,-0.994,0.6964,0.2961,0.0,0.0,0.0,0.0,0.0,-39.0,-72.0,-17.0,0,0
9899,3.1401,-0.994,0.6964,0.2961,0.0,0.0,0.0,0.0,0.0,-39.0,-73.0,-16.0,0,0
9911,3.1385,-0.994,0.6964,0.2961,0.0,0.0,0.0,0.0,0.0,-39.0,-68.0,-15.0,0,0
9919,3.1401,-0.994,0.6964,0.2961,0.0,0.0,0.0,0.0,0.0,-39.0,-72.0,-15.0,0,0
9932,3.1401,-0.994,0.6964,0.2961,0.0,0.0,0.0,0.0,0.0,-39.0,-72.0,-15.0,0,0
9940,3.1401,-0.994,0.6964,0.2961,0.0,0.0,0.0,0.0,0.0,-39.0,-72.0,-15.0,0,0
9952,3.1401,-0.994,0.6964,0.2961,0.0,0.0,0.0,0.0,0.0,-39.0,-76.0,-15.0,0,0
9960,3.1401,-0.994,0.6964,0.2961,0.0,0.0,0.0,0.0,0.0,-39.0,-76.0,-15.0,0,0
9972,3.1401,-0.994,0.6964,0.2961,0.0,0.0,0.0,0.0,0.0,-40.0,-73.0,-18.0,0,0
9985,3.1385,-0.994,0.6964,0.2961,0.0,0.0,0.0,0.0,0.0,-40.0,-69.0,-15.0,0,0
9993,3.1401,-0.994,0.698,0.2961,0.0,0.0,0.0,0.0,0.0,-40.0,-72.0,-16.0,0,0
10005,3.1401,-0.994,0.6964,0.2961,0.0,0.0,0.0,0.0,0.0,-41.0,-65.0,-16.0,0,0
10013,3.1401,-0.994,0.6964,0.2961,0.0,0.0,0.0,0.0,0.0,-40.0,-73.0,-16.0,0,0
10026,3.1385,-0.994,0.6964,0.2961,0.0,0.0,0.0,0.0,0.0,-38.0,-72.0,-20.0,0,0
10034,3.1416,-0.9986,0.6995,0.2961,0.0,0.0,0.0,0.0,-8.0,6.0,-92.0,-7.0,0,0
10046,3.1416,-1.0017,0.6995,0.2961,0.0,-0.0479,0.0,0.0,-25.0,19.0,-107.0,-20.0,0,0
10054,3.1416,-1.0032,0.7026,0.2961,0.024,-0.0719,0.024,0.0,-10.0,31.0,-128.0,-21.0,0,0
10067,3.1416,-1.0048,0.7026,0.2961,0.024,-0.0959,0.0479,0.0,0.0,26.0,-127.0,-15.0,0,0
10075,3.1416,-1.0048,0.7041,0.2961,0.024,-0.1198,0.0719,0.0,-4.0,30.0,-128.0,-16.0,0,0
10087,3.1416,-1.0063,0.7041,0.2961,0.024,-0.1438,0.0959,0.0,-10.0,42.0,-117.0,-18.0,42,1
10099,3.1416,-1.0063,0.7056,0.2961,0.024,-0.1438,0.0959,0.0,-11.0,46.0,-117.0,-20.0,26,1
10112,3.1416,-1.0078,0.7056,0.2961,0.0,-0.1198,0.0719,0.0,-7.0,57.0,-105.0,-16.0,40,1
10124,3.1401,-1.0094,0.7041,0.2961,0.0,-0.0959,0.0479,0.0,0.0,48.0,-103.0,-14.0,37,1
10132,3.1401,-1.0094,0.7041,0.2976,0.0,-0.0719,0.024,0.0,0.0,53.0,-103.0,-16.0,36,1
10145,3.1401,-1.0078,0.7041,0.2961,0.0,-0.0719,0.0,0.0,0.0,55.0,-103.0,-19.0,38,1
10157,3.1401,-1.0078,0.7041,0.2961,0.0,-0.0479,0.0,0.0,-1.0,55.0,-104.0,-18.0,42,1
10169,3.1401,-1.0078,0.7041,0.2961,0.0,-0.0479,0.0,0.0,0.0,49.0,-108.0,-19.0,43,1
10181,3.1401,-1.0078,0.7041,0.2976,0.0,-0.024,0.0,0.0,0.0,38.0,-103.0,-17.0,43,1
10190,3.1401,-1.0063,0.7041,0.2961,0.0,0.0,0.0,0.0,0.0,21.0,-103.0,-21.0,39,1
10202,3.1401,-1.0048,0.7041,0.2961,0.0,0.024,0.0,0.0,0.0,4.0,-101.0,-17.0,32,1
10214,3.1416,-1.0032,0.7041,0.2976,0.0,0.0479,0.0,0.0,-2.0,0.0,-102.0,-24.0,24,1
10226,3.1401,-1.0032,0.7041,0.2961,0.0,0.0479,0.0,0.0,0.0,6.0,-103.0,-22.0,19,1
10239,3.1385,-1.0032,0.7041,0.2961,0.0,0.0479,0.0,0.0,0.0,5.0,-103.0,-18.0,13,1
10247,3.1385,-1.0017,0.7041,0.2961,0.0,0.0719,0.0,0.0,0.0,0.0,-106.0,-16.0,4,0
10259,3.137,-1.0017,0.7041,0.2961,0.0,0.0719,0.0,0.0,9.0,2.0,-103.0,-17.0,3,0
10267,3.1355,-1.0017,0.7041,0.2976,-0.024,0.0479,0.0,0.0,10.0,1.0,-103.0,-19.0,2,0
10280,3.137,-1.0017,0.7041,0.2961,-0.024,0.0479,0.0,0.0,3.0,0.0,-103.0,-19.0,1,0
10288,3.137,-1.0017,0.7041,0.2976,-0.024,0.024,0.0,0.0,1.0,1.0,-106.0,-17.0,0,0
10300,3.1385,-1.0017,0.7041,0.2961,-0.024,0.024,0.0,0.0,-4.0,0.0,-104.0,-23.0,0,0
10308,3.1401,-1.0017,0.7041,0.2961,0.0,0.0,0.0,0.0,0.0,1.0,-103.0,-20.0,0,0
10321,3.1401,-1.0017,0.7041,0.2961,0.0,0.0,0.0,0.0,0.0,1.0,-102.0,-20.0,0,0
10329,3.1401,-1.0017,0.7041,0.2976,0.0,0.0,0.0,0.0,-1.0,1.0,-108.0,-20.0,0,0
10341,3.1416,-1.0017,0.7041,0.2961,0.024,0.0,0.0,0.0,0.0,10.0,-105.0,-16.0,0,0
10349,3.1401,-1.0017,0.7041,0.2961,0.0479,0.0,0.0,0.0,-1.0,9.0,-104.0,-16.0,0,0
10362,3.1401,-1.0017,0.7041,0.2961,0.024,0.0,0.0,0.0,0.0,12.0,-107.0,-18.0,0,0
10374,3.1401,-1.0017,0.7041,0.2961,0.0,0.0,0.0,0.0,0.0,10.0,-105.0,-18.0,0,0
10382,3.1401,-1.0017,0.7041,0.2961,0.0,0.0,0.0,0.0,0.0,9.0,-106.0,-18.0,0,0
10394,3.1401,-1.0017,0.7041,0.2976,0.0,0.0,0.0,0.0,0.0,1.0,-108.0,-21.0,0,0
10403,3.1385,-1.0017,0.7041,0.2961,0.0,0.0,0.0,0.0,0.0,10.0,-108.0,-20.0,0,0
10415,3.1385,-1.0002,0.7041,0.2976,0.0,0.0,0.0,0.0,1.0,0.0,-106.0,-16.0,0,0
10423,3.1385,-1.0002,0.7041,0.2976,0.0,0.0,0.0,0.0,0.0,3.0,-106.0,-18.0,0,0
10435,3.1385,-1.0002,0.7041,0.2961,0.0,0.0,0.0,0.0,0.0,1.0,-103.0,-24.0,0,0
10444,3.1385,-1.0002,0.7041,0.2961,0.0,0.0,0.0,0.0,0.0,2.0,-104.0,-19.0,0,0
10456,3.1385,-1.0002,0.7041,0.2961,0.0,0.0,0.0,0.0,0.0,9.0,-108.0,-16.0,0,0
10464,3.1385,-1.0002,0.7041,0.2976,0.0,0.0,0.0,0.0,0.0,0.0,-105.0,-17.0,0,0
10476,3.1385,-1.0017,0.7041,0.2976,0.0,0.0,0.0,0.0,0.0,7.0,-105.0,-22.0,0,0
10484,3.1385,-1.0002,0.7041,0.2961,0.0,0.0,0.0,0.0,0.0,3.0,-110.0,-19.0,0,0
10497,3.1385,-1.0002,0.7041,0.2961,0.0,0.0,0.0,0.0,0.0,0.0,-107.0,-17.0,0,0
10509,3.1385,-1.0002,0.7041,0.2961,0.0,0.0,0.0,0.0,0.0,2.0,-107.0,-19.0,0,0
10517,3.1385,-1.0002,0.7041,0.2961,0.0,0.0,0.0,0.0,0.0,2.0,-105.0,-19.0,0,0
10530,3.1385,-1.0017,0.7041,0.2976,0.0,0.0,0.0,0.0,0.0,3.0,-104.0,-20.0,0,0
10538,3.1385,-1.0017,0.7041,0.2961,0.0,0.0,0.0,0.0,0.0,9.0,-110.0,-16.0,0,0
10550,3.1385,-1.0002,0.7041,0.2961,0.0,0.0,0.0,0.0,0.0,0.0,-105.0,-19.0,0,0
10558,3.1385,-1.0002,0.7041,0.2961,0.0,0.0,0.0,0.0,3.0,0.0,-106.0,-21.0,0,0
10570,3.1385,-1.0002,0.7041,0.2961,0.0,0.0,0.0,0.0,0.0,0.0,-108.0,-18.0,0,0
10579,3.1385,-1.0002,0.7041,0.2961,0.0,0.0,0.0,0.0,0.0,0.0,-111.0,-21.0,0,0
10591,3.1385,-1.0002,0.7041,0.2961,0.0,0.0,0.0,0.0,0.0,0.0,-104.0,-17.0,0,0
10599,3.1385,-1.0002,0.7041,0.2961,0.0,0.0,0.0,0.0,0.0,0.0,-107.0,-24.0,0,0
10611,3.1385,-1.0002,0.7041,0.2961,0.0,0.0,0.0,0.0,0.0,2.0,-106.0,-17.0,0,0
10624,3.1385,-1.0002,0.7041,0.2961,0.0,0.0,0.0,0.0,0.0,1.0,-110.0,-21.0,0,0
10632,3.1385,-1.0002,0.7041,0.2961,0.0,0.0,0.0,0.0,0.0,0.0,-106.0,-19.0,0,0
10644,3.1385,-1.0002,0.7041,0.2961,0.0,0.0,0.0,0.0,0.0,0.0,-112.0,-20.0,0,0
10652,3.1385,-1.0002,0.7041,0.2961,0.0,0.0,0.0,0.0,0.0,3.0,-108.0,-19.0,0,0
10665,3.1385,-1.0002,0.7041,0.2961,0.0,0.0,0.0,0.0,0.0,0.0,-112.0,-16.0,0,0
10673,3.1385,-1.0002,0.7041,0.2961,0.0,0.0,0.0,0.0,0.0,0.0,-112.0,-20.0,0,0
10685,3.1385,-1.0002,0.7041,0.2976,0.0,0.0,0.0,0.0,0.0,1.0,-107.0,-18.0,0,0
10693,3.1385,-1.0002,0.7041,0.2961,0.0,0.0,0.0,0.0,0.0,2.0,-108.0,-19.0,0,0
10706,3.1385,-1.0002,0.7041,0.2961,0.0,0.0,0.0,0.0,0.0,0.0,-106.0,-19.0,0,0
10714,3.1385,-1.0017,0.7041,0.2976,0.0,0.0,0.0,0.0,0.0,0.0,-108.0,-16.0,0,0
10726,3.1385,-1.0002,0.7041,0.2961,0.0,0.0,0.0,0.0,0.0,0.0,-110.0,-18.0,0,0
10734,3.1385,-1.0002,0.7041,0.2961,0.0,0.0,0.0,0.0,0.0,1.0,-111.0,-22.0,0,0
10747,3.137,-1.0017,0.7041,0.2961,0.0,0.0,0.0,0.0,0.0,0.0,-112.0,-16.0,0,0
10759,3.137,-1.0002,0.7041,0.2976,0.0,0.0,0.0,0.0,0.0,1.0,-108.0,-20.0,0,0
10767,3.1385,-1.0002,0.7041,0.2961,0.0,0.0,0.0,0.0,0.0,0.0,-107.0,-17.0,0,0
10779,3.1385,-1.0002,0.7041,0.2961,0.0,0.0,0.0,0.0,0.0,0.0,-107.0,-19.0,0,0
10788,3.1385,-1.0002,0.7041,0.2976,0.0,0.0,0.0,0.0,0.0,2.0,-107.0,-24.0,0,0
10800,3.1385,-1.0002,0.7041,0.2961,0.0,0.0,0.0,0.0,0.0,3.0,-110.0,-20.0,0,0
10808,3.1385,-1.0017,0.7041,0.2961,0.0,0.0,0.0,0.0,2.0,0.0,-113.0,-17.0,0,0
10820,3.1385,-1.0017,0.7041,0.2961,0.0,0.0,0.0,0.0,0.0,0.0,-112.0,-19.0,0,0
10829,3.1385,-1.0002,0.7041,0.2976,0.0,0.0,0.0,0.0,0.0,1.0,-110.0,-16.0,0,0
10841,3.1385,-1.0017,0.7041,0.2961,0.0,0.0,0.0,0.0,0.0,1.0,-110.0,-17.0,0,0
10849,3.1385,-1.0002,0.7041,0.2961,0.0,0.0,0.0,0.0,0.0,0.0,-110.0,-20.0,0,0
10861,3.1385,-1.0002,0.7041,0.2961,0.0,0.0,0.0,0.0,0.0,0.0,-110.0,-20.0,1,0
10869,3.1385,-1.0002,0.7041,0.2961,0.0,0.0,0.0,0.0,0.0,0.0,-110.0,-20.0,0,0
10882,3.1385,-1.0002,0.7041,0.2961,0.0,0.0,0.0,0.0,0.0,1.0,-111.0,-19.0,0,0
10894,3.1385,-1.0002,0.7041,0.2961,0.0,0.0,0.0,0.0,0.0,2.0,-110.0,-19.0,0,0
10902,3.1385,-1.0017,0.7041,0.2961,0.0,0.0,0.0,0.0,0.0,0.0,-111.0,-16.0,0,0
10915,3.1385,-1.0002,0.7041,0.2961,0.0,0.0,0.0,0.0,0.0,3.0,-111.0,-16.0,0,0
10923,3.1385,-1.0002,0.7041,0.2976,0.0,0.0,0.0,0.0,0.0,1.0,-111.0,-16.0,0,0
10935,3.1385,-1.0002,0.7041,0.2961,0.0,0.0,0.0,0.0,0.0,0.0,-110.0,-20.0,0,0
10943,3.1385,-1.0002,0.7041,0.2961,0.0,0.0,0.0,0.0,0.0,7.0,-111.0,-16.0,0,0
10955,3.1385,-1.0002,0.7041,0.2961,0.0,0.0,0.0,0.0,0.0,2.0,-115.0,-18.0,0,0
10964,3.1385,-1.0017,0.7041,0.2961,0.0,0.0,0.0,0.0,0.0,0.0,-113.0,-18.0,0,0
10976,3.1385,-1.0002,0.7041,0.2961,0.0,0.0,0.0,0.0,0.0,1.0,-114.0,-21.0,0,0
10984,3.1385,-1.0002,0.7041,0.2961,0.0,0.0,0.0,0.0,0.0,4.0,-114.0,-17.0,0,0
10996,3.1385,-1.0002,0.7041,0.2961,0.0,0.0,0.0,0.0,0.0,1.0,-114.0,-19.0,0,0
11009,3.1385,-1.0017,0.7041,0.2961,0.0,0.0,0.0,0.0,0.0,0.0,-114.0,-16.0,0,0
11017,3.1401,-1.0002,0.7041,0.2961,0.0,0.0,0.0,0.0,0.0,5.0,-114.0,-17.0,0,0
11029,3.1385,-1.0002,0.7041,0.2961,0.0,0.0,0.0,0.0,0.0,3.0,-115.0,-21.0,0,0
11037,3.1385,-1.0002,0.7041,0.2961,0.0,0.0,0.0,0.0,0.0,1.0,-115.0,-22.0,0,0
11050,3.1385,-1.0017,0.7041,0.2961,0.0,0.0,0.0,0.0,0.0,7.0,-112.0,-16.0,0,0
11058,3.1385,-1.0002,0.7041,0.2961,0.0,0.0,0.0,0.0,0.0,10.0,-114.0,-19.0,0,0
11070,3.1401,-1.0002,0.7041,0.2961,0.0,0.0,0.0,0.0,0.0,13.0,-114.0,-16.0,0,0
11078,3.1385,-1.0002,0.7041,0.2961,0.0,0.0,0.0,0.0,0.0,17.0,-114.0,-18.0,0,0
11091,3.1385,-1.0002,0.7041,0.2961,0.0,0.0,0.0,0.0,0.0,15.0,-114.0,-18.0,0,0
11099,3.1385,-1.0002,0.7041,0.2961,0.0,0.0,0.0,0.0,0.0,12.0,-113.0,-19.0,0,0
11111,3.1385,-1.0002,0.7041,0.2961,0.0,0.0,0.0,0.0,1.0,22.0,-113.0,-17.0,0,0
11119,3.1385,-1.0002,0.7041,0.2961,0.0,0.0,0.0,0.0,1.0,22.0,-113.0,-17.0,0,0
11132,3.1385,-0.9986,0.7026,0.2961,0.0,0.0,0.0,0.0,10.0,2.0,-93.0,-17.0,0,0
11144,3.137,-0.9971,0.701,0.2961,0.0,0.0,0.0,0.0,17.0,-3.0,-84.0,-20.0,0,0
11152,3.1385,-0.994,0.701,0.2961,0.0,0.024,-0.024,0.0,10.0,-14.0,-92.0,-16.0,0,0
11164,3.1385,-0.994,0.701,0.2961,0.0,0.0479,-0.024,0.0,3.0,-32.0,-103.0,-17.0,4,0
11173,3.1401,-0.9925,0.701,0.2961,0.0,0.0719,-0.024,0.0,0.0,-36.0,-107.0,-20.0,57,1
11185,3.1416,-0.9925,0.701,0.2961,0.0,0.0959,-0.024,0.0,0.0,-39.0,-104.0,-20.0,61,1
11197,3.1416,-0.9925,0.701,0.2961,0.0,0.0959,-0.024,0.0,0.0,-40.0,-104.0,-20.0,62,1
11209,3.1431,-0.991,0.701,0.2961,0.024,0.0959,-0.024,0.0,-6.0,-49.0,-103.0,-19.0,60,1
11222,3.1431,-0.9894,0.6995,0.2976,0.0479,0.0719,0.0,0.0,0.0,-49.0,-95.0,-16.0,63,1
11230,3.1431,-0.9894,0.6995,0.2976,0.0479,0.0719,0.0,0.0,0.0,-49.0,-95.0,-16.0,62,1
11242,3.1431,-0.9894,0.701,0.2961,0.0479,0.0479,0.0,0.0,0.0,-53.0,-100.0,-21.0,61,1
11254,3.1401,-0.9894,0.701,0.2961,0.024,0.0479,0.0,0.0,0.0,-50.0,-104.0,-19.0,62,1
11267,3.1385,-0.991,0.701,0.2961,0.0,0.024,0.0,0.0,0.0,-54.0,-101.0,-18.0,67,1
11279,3.137,-0.991,0.6995,0.2976,-0.024,0.024,0.0,0.0,17.0,-53.0,-102.0,-20.0,71,1
11287,3.137,-0.991,0.701,0.2961,-0.0479,0.024,0.0,0.0,13.0,-59.0,-103.0,-22.0,71,1
11300,3.137,-0.9894,0.701,0.2976,-0.0719,0.0,0.0,0.0,15.0,-60.0,-102.0,-18.0,75,1
11312,3.137,-0.991,0.6995,0.2961,-0.0719,0.0,0.0,0.0,17.0,-51.0,-102.0,-17.0,78,1
11324,3.137,-0.991,0.701,0.2976,-0.0479,0.0,0.0,0.0,18.0,-44.0,-99.0,-16.0,78,1
11336,3.137,-0.991,0.701,0.2961,-0.0479,0.0,0.0,0.0,18.0,-39.0,-96.0,-18.0,74,1
11345,3.137,-0.991,0.6995,0.2961,-0.024,0.0,0.0,0.0,20.0,-40.0,-101.0,-17.0,70,1
11357,3.137,-0.991,0.701,0.2961,0.0,0.0,0.0,0.0,19.0,-40.0,-102.0,-20.0,63,1
11369,3.137,-0.991,0.6995,0.2976,0.0,0.0,0.0,0.0,17.0,-40.0,-101.0,-22.0,56,1
11382,3.137,-0.991,0.701,0.2976,0.0,0.0,0.0,0.0,12.0,-40.0,-103.0,-21.0,47,1
11394,3.1385,-0.991,0.6995,0.2976,0.0,0.0,0.0,0.0,8.0,-40.0,-104.0,-21.0,41,1
11402,3.1385,-0.991,0.6995,0.2961,0.0,0.0,0.0,0.0,0.0,-41.0,-102.0,-22.0,38,1
11414,3.1401,-0.991,0.701,0.2961,0.024,0.0,0.0,0.0,0.0,-41.0,-101.0,-20.0,40,1
11427,3.1401,-0.991,0.6995,0.2976,0.024,0.0,0.0,0.0,0.0,-40.0,-99.0,-16.0,38,1
11439,3.1401,-0.9925,0.6995,0.2976,0.024,0.0,0.0,0.0,0.0,-39.0,-99.0,-16.0,38,1
11451,3.1401,-0.991,0.6995,0.2961,0.024,0.0,0.0,0.0,0.0,-39.0,-102.0,-21.0,25,1
11459,3.1401,-0.991,0.6995,0.2961,0.024,0.0,0.0,0.0,0.0,-39.0,-102.0,-21.0,19,1
11472,3.1401,-0.9925,0.701,0.2961,0.0,0.0,0.0,0.0,0.0,-40.0,-102.0,-21.0,5,0
11480,3.1401,-0.9925,0.701,0.2961,0.0,0.0,0.0,0.0,0.0,-40.0,-102.0,-21.0,4,0
11492,3.1401,-0.991,0.701,0.2961,0.0,0.0,0.0,0.0,0.0,-44.0,-104.0,-16.0,4,0
11500,3.1401,-0.991,0.701,0.2961,0.0,0.0,0.0,0.0,0.0,-44.0,-104.0,-16.0,4,0
11513,3.1401,-0.991,0.701,0.2976,0.0,0.0,0.0,0.0,0.0,-40.0,-101.0,-17.0,4,0
11525,3.1401,-0.991,0.6995,0.2961,0.0,0.0,0.0,0.0,0.0,-39.0,-105.0,-17.0,4,0
11533,3.1401,-0.9925,0.701,0.2961,0.0,0.0,0.0,0.0,0.0,-36.0,-105.0,-18.0,4,0
11545,3.1401,-0.9925,0.6995,0.2961,0.0,0.0,0.0,0.0,0.0,-38.0,-104.0,-16.0,3,0
11553,3.1401,-0.9925,0.701,0.2961,0.0,0.0,0.0,0.0,0.0,-37.0,-106.0,-16.0,2,0
11566,3.1401,-0.991,0.6995,0.2961,0.0,0.0,0.0,0.0,0.0,-33.0,-103.0,-18.0,2,0
11574,3.1401,-0.991,0.701,0.2976,0.0,0.0,0.0,0.0,0.0,-40.0,-103.0,-19.0,2,0
11586,3.1401,-0.991,0.701,0.2961,0.0,0.0,0.0,0.0,0.0,-35.0,-105.0,-18.0,2,0
11594,3.1401,-0.991,0.701,0.2961,0.0,0.0,0.0,0.0,0.0,-38.0,-103.0,-19.0,2,0
11607,3.1401,-0.991,0.701,0.2961,0.0,0.0,0.0,0.0,0.0,-36.0,-103.0,-17.0,2,0
11619,3.1401,-0.991,0.701,0.2961,0.0,0.0,0.0,0.0,0.0,-38.0,-103.0,-16.0,1,0
11631,3.1401,-0.9925,0.6995,0.2976,0.0,0.0,0.0,0.0,0.0,-34.0,-102.0,-16.0,1,0
11644,3.1401,-0.9925,0.6995,0.2961,0.0,0.0,0.0,0.0,0.0,-36.0,-106.0,-22.0,1,0
11652,3.1401,-0.991,0.701,0.2961,0.0,0.0,0.0,0.0,0.0,-41.0,-106.0,-17.0,1,0
11664,3.1401,-0.9925,0.701,0.2976,0.0,0.0,0.0,0.0,0.0,-43.0,-101.0,-16.0,0,0
11676,3.1401,-0.9925,0.701,0.2961,0.0,0.0,0.0,0.0,0.0,-38.0,-103.0,-22.0,0,0
11689,3.1401,-0.9925,0.6995,0.2961,0.0,0.0,0.0,0.0,0.0,-39.0,-105.0,-18.0,0,0
11697,3.1401,-0.9925,0.701,0.2961,0.0,0.0,0.0,0.0,0.0,-40.0,-103.0,-20.0,0,0
11709,3.1401,-0.9925,0.701,0.2961,0.0,0.0,0.0,0.0,0.0,-41.0,-104.0,-21.0,0,0
11721,3.1401,-0.991,0.701,0.2961,0.0,0.0,0.0,0.0,0.0,-38.0,-102.0,-20.0,0,0
11734,3.1401,-0.991,0.701,0.2961,0.0,0.0,0.0,0.0,0.0,-36.0,-103.0,-19.0,0,0
11746,3.1401,-0.991,0.6995,0.2961,0.0,0.0,0.0,0.0,0.0,-42.0,-103.0,-19.0,0,0
11754,3.1401,-0.9925,0.6995,0.2961,0.0,0.0,0.0,0.0,0.0,-43.0,-109.0,-21.0,0,0
11766,3.1401,-0.9925,0.701,0.2961,0.0,0.0,0.0,0.0,0.0,-41.0,-104.0,-18.0,0,0
11779,3.1401,-0.991,0.701,0.2961,0.0,0.0,0.0,0.0,0.0,-44.0,-103.0,-18.0,0,0
11791,3.1401,-0.9925,0.6995,0.2961,0.0,0.0,0.0,0.0,0.0,-44.0,-105.0,-17.0,0,0
11803,3.1401,-0.9925,0.701,0.2961,0.0,0.0,0.0,0.0,0.0,-41.0,-104.0,-17.0,0,0
11812,3.1401,-0.991,0.6995,0.2961,0.0,0.0,0.0,0.0,0.0,-40.0,-108.0,-17.0,0,0
11824,3.1401,-0.9925,0.701,0.2961,0.0,0.0,0.0,0.0,0.0,-41.0,-103.0,-17.0,0,0
11836,3.1401,-0.991,0.6995,0.2961,0.0,0.0,0.0,0.0,0.0,-40.0,-109.0,-16.0,0,0
11848,3.1401,-0.9925,0.701,0.2961,0.0,0.0,0.0,0.0,0.0,-40.0,-104.0,-16.0,0,0
11861,3.1401,-0.9925,0.701,0.2961,0.0,0.0,0.0,0.0,0.0,-41.0,-103.0,-20.0,0,0
11869,3.1401,-0.9925,0.701,0.2961,0.0,0.0,0.0,0.0,0.0,-39.0,-106.0,-21.0,0,0
11881,3.1401,-0.991,0.701,0.2961,0.0,0.0,0.0,0.0,0.0,-43.0,-103.0,-21.0,1,0
11893,3.1401,-0.9925,0.701,0.2961,0.0,0.0,0.0,0.0,0.0,-42.0,-103.0,-17.0,0,0
11906,3.1401,-0.9925,0.6995,0.2961,0.0,0.0,0.0,0.0,0.0,-43.0,-105.0,-17.0,0,0
11918,3.1401,-0.9925,0.6995,0.2961,0.0,0.0,0.0,0.0,0.0,-40.0,-105.0,-18.0,0,0
11926,3.1401,-0.991,0.6995,0.2961,0.0,0.0,0.0,0.0,0.0,-44.0,-105.0,-16.0,1,0
11939,3.1401,-0.9925,0.701,0.2961,0.0,0.0,0.0,0.0,0.0,-39.0,-103.0,-17.0,1,0
11951,3.1401,-0.9925,0.701,0.2976,0.0,0.0,0.0,0.0,0.0,-43.0,-105.0,-19.0,1,0
11963,3.1401,-0.9925,0.6995,0.2961,0.0,0.0,0.0,0.0,0.0,-43.0,-107.0,-25.0,1,0
11975,3.1401,-0.9925,0.701,0.2961,0.0,0.0,0.0,0.0,0.0,-41.0,-104.0,-19.0,1,0
11984,3.1401,-0.991,0.6995,0.2961,0.0,0.0,0.0,0.0,0.0,-42.0,-105.0,-17.0,1,0
11996,3.1401,-0.9925,0.6995,0.2961,0.0,0.0,0.0,0.0,0.0,-42.0,-106.0,-21.0,1,0
12008,3.1401,-0.9925,0.6995,0.2961,0.0,0.0,0.0,0.0,0.0,-43.0,-105.0,-18.0,1,0
12020,3.1401,-0.9925,0.701,0.2961,0.0,0.0,0.0,0.0,0.0,-43.0,-104.0,-19.0,1,0
12033,3.1401,-0.991,0.701,0.2961,0.0,0.0,0.0,0.0,0.0,-45.0,-109.0,-22.0,1,0
12041,3.1401,-0.991,0.701,0.2961,0.0,0.0,0.0,0.0,0.0,-45.0,-109.0,-22.0,0,0
12053,3.1401,-0.9925,0.6995,0.2961,0.0,0.0,0.0,0.0,0.0,-45.0,-103.0,-20.0,0,0
12065,3.1401,-0.9925,0.701,0.2976,0.0,0.0,0.0,0.0,0.0,-45.0,-103.0,-19.0,0,0
12078,3.1401,-0.991,0.701,0.2976,0.0,0.0,0.0,0.0,0.0,-46.0,-108.0,-19.0,0,0
12090,3.1401,-0.9925,0.701,0.2976,0.0,0.0,0.0,0.0,0.0,-47.0,-108.0,-17.0,0,0
12098,3.1401,-0.991,0.6995,0.2961,0.0,0.0,0.0,0.0,0.0,-46.0,-109.0,-18.0,0,0
12111,3.1401,-0.9925,0.6995,0.2961,0.0,0.0,0.0,0.0,0.0,-45.0,-110.0,-21.0,0,0
12123,3.1401,-0.9925,0.701,0.2961,0.0,0.0,0.0,0.0,0.0,-45.0,-108.0,-17.0,0,0
12135,3.1401,-0.9925,0.701,0.2961,0.0,0.0,0.0,0.0,0.0,-45.0,-106.0,-17.0,0,0
12143,3.1401,-0.9925,0.701,0.2976,0.0,0.0,0.0,0.0,0.0,-44.0,-104.0,-16.0,0,0
12156,3.1401,-0.9925,0.701,0.2961,0.0,0.0,0.0,0.0,0.0,-45.0,-104.0,-18.0,0,0
12168,3.1401,-0.991,0.701,0.2961,0.0,0.0,0.0,0.0,0.0,-46.0,-109.0,-16.0,0,0
12180,3.1401,-0.991,0.701,0.2976,0.0,0.0,0.0,0.0,0.0,-48.0,-105.0,-18.0,0,0
12192,3.1401,-0.9925,0.6995,0.2961,0.0,0.0,0.0,0.0,0.0,-48.0,-104.0,-20.0,0,0
12201,3.1401,-0.9925,0.6995,0.2961,0.0,0.0,0.0,0.0,0.0,-48.0,-104.0,-20.0,0,0
12213,3.1401,-0.9925,0.6995,0.2961,0.0,0.0,0.0,0.0,0.0,-46.0,-110.0,-19.0,0,0
12225,3.1401,-0.9925,0.701,0.2961,0.0,0.0,0.0,0.0,0.0,-47.0,-103.0,-17.0,0,0
12238,3.1401,-0.9925,0.6995,0.2961,0.0,0.0,0.0,0.0,0.0,-47.0,-103.0,-17.0,0,0
12250,3.1401,-0.9925,0.701,0.2961,0.0,0.0,0.0,0.0,0.0,-47.0,-108.0,-18.0,0,0
12258,3.1401,-0.9925,0.701,0.2976,0.0,0.0,0.0,0.0,0.0,-47.0,-107.0,-22.0,0,0
12270,3.1401,-0.9925,0.6995,0.2961,0.0,0.0,0.0,0.0,0.0,-47.0,-104.0,-19.0,0,0
12283,3.1401,-0.9925,0.701,0.2961,0.0,0.0,0.0,0.0,0.0,-47.0,-105.0,-20.0,0,0
12295,3.1401,-0.9925,0.701,0.2961,0.0,0.0,0.0,0.0,0.0,-46.0,-107.0,-22.0,0,0
12307,3.1401,-0.9925,0.701,0.2961,0.0,0.0,0.0,0.0,0.0,-49.0,-104.0,-18.0,0,0
12315,3.1401,-0.991,0.6995,0.2961,0.0,0.0,0.0,0.0,0.0,-44.0,-108.0,-17.0,0,0
12328,3.1385,-0.9925,0.701,0.2961,0.0,0.0,0.0,0.0,14.0,-45.0,-108.0,-18.0,0,0
12340,3.1385,-0.9925,0.6995,0.2961,0.0,0.0,0.0,0.0,14.0,-45.0,-110.0,-20.0,0,0
12352,3.137,-0.9925,0.701,0.2961,0.0,0.0,0.0,0.0,18.0,-49.0,-110.0,-16.0,0,0
12364,3.137,-0.9925,0.701,0.2961,-0.024,0.0,0.0,0.0,19.0,-46.0,-112.0,-20.0,0,0
12373,3.1385,-0.991,0.701,0.2961,-0.024,0.0,0.0,0.0,16.0,-47.0,-106.0,-19.0,0,0
12385,3.1385,-0.9925,0.701,0.2976,-0.024,0.0,0.0,0.0,15.0,-47.0,-108.0,-23.0,0,0
12397,3.137,-0.9925,0.701,0.2976,-0.024,0.0,0.0,0.0,18.0,-49.0,-105.0,-22.0,0,0
12410,3.137,-0.9925,0.701,0.2961,-0.024,0.0,0.0,0.0,20.0,-46.0,-106.0,-22.0,0,0
12422,3.1355,-0.991,0.701,0.2961,-0.024,0.0,0.0,0.0,35.0,-49.0,-112.0,-20.0,0,0
12430,3.1355,-0.991,0.701,0.2961,-0.024,0.0,0.0,0.0,35.0,-49.0,-112.0,-20.0,0,0
12442,3.1339,-0.9925,0.701,0.2961,-0.024,0.0,0.0,0.0,46.0,-46.0,-111.0,-27.0,0,0
12455,3.1339,-0.991,0.7026,0.2976,-0.024,0.0,0.0,0.0,51.0,-51.0,-111.0,-23.0,0,0
12467,3.1324,-0.991,0.7026,0.2961,-0.024,0.0,0.0,0.0,56.0,-52.0,-113.0,-29.0,0,0
12479,3.1324,-0.991,0.7026,0.2976,-0.0479,0.0,0.0,0.0,61.0,-56.0,-113.0,-29.0,0,0
12487,3.1309,-0.9894,0.7026,0.2961,-0.0479,0.0,0.0,0.0,70.0,-60.0,-117.0,-27.0,0,0
12500,3.1293,-0.9894,0.7026,0.2976,-0.0479,0.0,0.0,0.0,72.0,-72.0,-123.0,-29.0,3,0
12512,3.1293,-0.9879,0.7041,0.2976,-0.0719,0.024,0.0,0.0,77.0,-78.0,-129.0,-29.0,6,0
12524,3.1278,-0.9879,0.7041,0.2976,-0.0719,0.024,0.0,0.0,75.0,-77.0,-120.0,-29.0,9,0
12536,3.1278,-0.9863,0.7041,0.2976,-0.0719,0.0479,0.0,0.0,76.0,-72.0,-120.0,-29.0,11,1
12549,3.1278,-0.9863,0.7041,0.2976,-0.0719,0.0479,0.0,0.0,82.0,-70.0,-119.0,-29.0,12,1
12561,3.1278,-0.9879,0.7041,0.2976,-0.0479,0.0479,0.0,0.0,89.0,-71.0,-118.0,-29.0,15,1
12573,3.1278,-0.9863,0.7041,0.2976,-0.024,0.0479,0.0,0.0,86.0,-72.0,-121.0,-29.0,17,1
12586,3.1263,-0.9863,0.7041,0.2976,-0.024,0.024,0.0,0.0,84.0,-73.0,-124.0,-32.0,19,1
12598,3.1278,-0.9863,0.7041,0.2976,0.0,0.024,0.0,0.0,87.0,-74.0,-119.0,-29.0,22,1
12610,3.1278,-0.9879,0.7041,0.2976,0.0,0.0,0.0,0.0,88.0,-74.0,-120.0,-29.0,22,1
12623,3.1278,-0.9863,0.7026,0.2976,0.0,0.0,0.0,0.0,85.0,-71.0,-119.0,-29.0,22,1
12635,3.1278,-0.9879,0.7026,0.2961,0.0,0.0,0.0,0.0,84.0,-71.0,-118.0,-26.0,22,1
12647,3.1293,-0.9879,0.7026,0.2961,0.0,0.0,0.0,0.0,76.0,-69.0,-116.0,-23.0,22,1
12659,3.1293,-0.9879,0.7026,0.2961,0.0,0.0,0.0,0.0,61.0,-65.0,-112.0,-20.0,21,1
12672,3.1324,-0.9894,0.6995,0.2961,0.024,-0.024,-0.024,0.0,30.0,-37.0,-94.0,-17.0,19,1
12684,3.1355,-0.9925,0.6995,0.2961,0.0479,-0.0479,-0.024,0.0,10.0,-19.0,-96.0,-17.0,13,1
12696,3.137,-0.994,0.6995,0.2961,0.0719,-0.0479,-0.024,0.0,2.0,-16.0,-104.0,-16.0,9,0
12709,3.1401,-0.994,0.6995,0.2961,0.0959,-0.0719,-0.024,0.0,-2.0,-15.0,-102.0,-21.0,7,0
12721,3.1416,-0.9956,0.6995,0.2961,0.1198,-0.0959,-0.024,0.0,-6.0,-13.0,-103.0,-17.0,2,0
12733,3.1447,-0.9971,0.6995,0.2961,0.1678,-0.0959,-0.024,0.0,-5.0,-26.0,-104.0,-17.0,0,0
12741,3.1447,-0.9971,0.6995,0.2961,0.1678,-0.0959,0.0,0.0,-15.0,-28.0,-104.0,-17.0,0,0
12754,3.1447,-0.9956,0.6995,0.2961,0.1678,-0.0719,0.0,0.0,0.0,-28.0,-104.0,-19.0,0,0
12766,3.1431,-0.9956,0.6995,0.2961,0.1198,-0.0479,0.0,0.0,3.0,-26.0,-108.0,-16.0,0,0
12778,3.1416,-0.9971,0.6995,0.2961,0.0719,-0.024,0.0,0.0,0.0,-26.0,-109.0,-19.0,0,0
12790,3.1401,-0.9956,0.6995,0.2961,0.0479,-0.024,0.0,0.0,2.0,-26.0,-105.0,-18.0,0,0
12799,3.1401,-0.9971,0.6995,0.2961,0.0,0.0,0.0,0.0,0.0,-27.0,-108.0,-17.0,0,0
12811,3.1385,-0.9971,0.6995,0.2961,-0.024,0.0,0.0,0.0,12.0,-27.0,-105.0,-19.0,0,0
12823,3.1401,-0.9971,0.6995,0.2961,-0.0719,0.0,0.0,0.0,1.0,-25.0,-104.0,-17.0,0,0
12835,3.1416,-0.9971,0.6995,0.2961,-0.0479,0.0,0.0,0.0,0.0,-25.0,-107.0,-16.0,0,0
12844,3.1431,-0.9971,0.698,0.2961,-0.024,0.0,0.0,0.0,-1.0,-24.0,-105.0,-16.0,0,0
12856,3.1431,-0.9956,0.6995,0.2961,0.0,0.0,0.0,0.0,0.0,-24.0,-104.0,-16.0,0,0
12868,3.1431,-0.9971,0.6995,0.2961,0.0,0.0,0.0,0.0,-3.0,-28.0,-104.0,-17.0,0,0
12881,3.1431,-0.9956,0.6995,0.2961,0.0479,0.0,0.0,0.0,-4.0,-24.0,-108.0,-19.0,0,0
12893,3.1447,-0.9956,0.6995,0.2961,0.0479,0.0,0.0,0.0,0.0,-28.0,-109.0,-17.0,0,0
12901,3.1447,-0.9956,0.6995,0.2961,0.0479,0.0,0.0,0.0,0.0,-28.0,-109.0,-17.0,0,0
12913,3.1431,-0.9971,0.6995,0.2961,0.024,0.0,0.0,0.0,0.0,-24.0,-104.0,-20.0,0,0
12926,3.1431,-0.9971,0.6995,0.2961,0.0,0.0,0.0,0.0,0.0,-27.0,-105.0,-17.0,0,0
12938,3.1416,-0.9971,0.6995,0.2961,0.0,0.0,0.0,0.0,0.0,-24.0,-102.0,-16.0,0,0
12950,3.1416,-0.9971,0.6995,0.2961,0.0,0.0,0.0,0.0,0.0,-24.0,-103.0,-17.0,0,0
12958,3.1401,-0.9956,0.6995,0.2961,-0.024,0.0,0.0,0.0,0.0,-25.0,-102.0,-18.0,0,0
12971,3.1401,-0.9956,0.6995,0.2961,-0.024,0.0,0.0,0.0,0.0,-25.0,-110.0,-16.0,0,0
12983,3.1401,-0.9971,0.6995,0.2961,-0.024,0.0,0.0,0.0,0.0,-25.0,-103.0,-16.0,0,0
12995,3.1401,-0.9956,0.6995,0.2961,-0.024,0.0,0.0,0.0,0.0,-26.0,-106.0,-17.0,0,0
13008,3.1401,-0.9971,0.6995,0.2961,-0.024,0.0,0.0,0.0,0.0,-25.0,-109.0,-18.0,0,0
13016,3.1401,-0.9971,0.6995,0.2961,0.0,0.0,0.0,0.0,0.0,-24.0,-111.0,-20.0,0,0
13028,3.1401,-0.9971,0.6995,0.2961,0.0,0.0,0.0,0.0,0.0,-18.0,-106.0,-16.0,0,0
13040,3.1416,-0.9971,0.6995,0.2961,0.0,0.0,0.0,0.0,0.0,-18.0,-106.0,-18.0,0,0
13053,3.1416,-0.9971,0.6995,0.2961,0.0,0.0,0.0,0.0,0.0,-19.0,-105.0,-19.0,0,0
13065,3.1416,-0.9971,0.6995,0.2961,0.0,0.0,0.0,0.0,0.0,-18.0,-109.0,-17.0,0,0
13073,3.1401,-0.9956,0.6995,0.2961,0.0,0.0,0.0,0.0,0.0,-21.0,-106.0,-17.0,0,0
13085,3.1401,-0.9971,0.6995,0.2961,0.0,0.0,0.0,0.0,0.0,-17.0,-110.0,-18.0,0,0
13098,3.1401,-0.9971,0.6995,0.2961,0.0,0.0,0.0,0.0,0.0,-17.0,-107.0,-16.0,0,0
13110,3.1401,-0.9971,0.6995,0.2961,0.0,0.0,0.0,0.0,0.0,-21.0,-104.0,-17.0,0,0
13122,3.1416,-0.9956,0.6995,0.2961,0.0,0.0,0.0,0.0,0.0,-18.0,-104.0,-16.0,0,0
13130,3.1416,-0.9956,0.6995,0.2961,0.0,0.0,0.0,0.0,0.0,-18.0,-104.0,-16.0,0,0
13143,3.1416,-0.9971,0.6995,0.2961,0.0,0.0,0.0,0.0,0.0,-22.0,-106.0,-17.0,0,0
13155,3.1416,-0.9971,0.6995,0.2961,0.0,0.0,0.0,0.0,0.0,-17.0,-107.0,-16.0,0,0
13167,3.1401,-0.9971,0.6995,0.2961,0.0,0.0,0.0,0.0,0.0,-16.0,-108.0,-16.0,0,0
13180,3.1401,-0.9956,0.6995,0.2961,0.0,0.0,0.0,0.0,0.0,-18.0,-108.0,-16.0,0,0
13188,3.1401,-0.9956,0.6995,0.2961,0.0,0.0,0.0,0.0,0.0,-16.0,-106.0,-16.0,0,0
13200,3.1401,-0.9971,0.6995,0.2961,0.0,0.0,0.0,0.0,0.0,-20.0,-107.0,-16.0,0,0
13212,3.1401,-0.9956,0.6995,0.2961,0.0,0.0,0.0,0.0,0.0,-17.0,-110.0,-16.0,0,0
13225,3.1401,-0.9971,0.6995,0.2961,0.0,0.0,0.0,0.0,0.0,-18.0,-106.0,-19.0,0,0
13237,3.1416,-0.9971,0.6995,0.2961,0.0,0.0,0.0,0.0,0.0,-19.0,-107.0,-15.0,0,0
13245,3.1401,-0.9971,0.6995,0.2961,0.0,0.0,0.0,0.0,0.0,-18.0,-109.0,-15.0,0,0
13257,3.1416,-0.9956,0.6995,0.2961,0.0,0.0,0.0,0.0,0.0,-18.0,-106.0,-16.0,0,0
13270,3.1416,-0.9971,0.6995,0.2961,0.0,0.0,0.0,0.0,0.0,-17.0,-107.0,-16.0,0,0
13282,3.1401,-0.9971,0.6995,0.2961,0.0,0.0,0.0,0.0,0.0,-18.0,-106.0,-19.0,0,0
13290,3.1401,-0.9971,0.6995,0.2961,0.0,0.0,0.0,0.0,0.0,-18.0,-106.0,-19.0,0,0
13302,3.1401,-0.9971,0.6995,0.2961,0.0,0.0,0.0,0.0,0.0,-22.0,-110.0,-15.0,0,0
13315,3.1401,-0.9956,0.6995,0.2961,0.0,0.0,0.0,0.0,0.0,-17.0,-110.0,-15.0,0,0
13327,3.1401,-0.9956,0.6995,0.2961,0.0,0.0,0.0,0.0,0.0,-19.0,-106.0,-15.0,0,0
13339,3.1416,-0.9971,0.6995,0.2961,0.0,0.0,0.0,0.0,0.0,-17.0,-111.0,-16.0,0,0
13347,3.1401,-0.9971,0.6995,0.2961,0.0,0.0,0.0,0.0,0.0,-15.0,-107.0,-16.0,0,0
13360,3.1401,-0.9956,0.6995,0.2961,0.0,0.0,0.0,0.0,0.0,-18.0,-109.0,-16.0,0,0
13372,3.1401,-0.9971,0.6995,0.2961,0.0,0.0,0.0,0.0,0.0,-15.0,-110.0,-21.0,0,0
13384,3.1401,-0.9971,0.6995,0.2976,0.0,0.0,0.0,0.0,0.0,-18.0,-110.0,-16.0,0,0
13397,3.1401,-0.9971,0.6995,0.2961,0.0,0.0,0.0,0.0,0.0,-16.0,-108.0,-15.0,0,0
13405,3.1401,-0.9956,0.6995,0.2961,0.0,0.0,0.0,0.0,0.0,-18.0,-108.0,-15.0,0,0
13417,3.1401,-0.9956,0.6995,0.2961,0.0,0.0,0.0,0.0,0.0,-22.0,-111.0,-16.0,0,0
13429,3.1416,-0.9971,0.6995,0.2961,0.0,0.0,0.0,0.0,0.0,-17.0,-107.0,-16.0,0,0
13442,3.1401,-0.9971,0.6995,0.2976,0.0,0.0,0.0,0.0,0.0,-13.0,-106.0,-17.0,0,0
13454,3.1401,-0.9956,0.6995,0.2961,0.0,0.0,0.0,0.0,0.0,-13.0,-110.0,-16.0,0,0
13462,3.1401,-0.9971,0.6995,0.2961,0.0,0.0,0.0,0.0,0.0,-16.0,-109.0,-16.0,0,0
13474,3.1401,-0.9971,0.6995,0.2961,0.0,0.0,0.0,0.0,0.0,-18.0,-107.0,-15.0,0,0
13487,3.1401,-0.9956,0.6995,0.2961,0.0,0.0,0.0,0.0,0.0,-18.0,-107.0,-18.0,0,0
13499,3.1401,-0.9971,0.6995,0.2961,0.0,0.0,0.0,0.0,0.0,-17.0,-108.0,-16.0,0,0
13511,3.1401,-0.9971,0.6995,0.2961,0.0,0.0,0.0,0.0,0.0,-17.0,-107.0,-16.0,0,0
13520,3.1401,-0.9971,0.6995,0.2961,0.0,0.0,0.0,0.0,0.0,-17.0,-107.0,-16.0,0,0
13532,3.1385,-0.9956,0.698,0.2961,0.0,0.0,0.0,0.0,10.0,-38.0,-76.0,-15.0,0,0
13544,3.1401,-0.994,0.6964,0.2961,0.0,0.0,-0.024,0.0,-1.0,-62.0,-82.0,-16.0,0,0
13556,3.1416,-0.9925,0.6964,0.2961,0.0,0.024,-0.024,0.0,0.0,-76.0,-95.0,-16.0,0,0
13569,3.1431,-0.991,0.6964,0.2961,0.0,0.024,-0.024,0.0,-3.0,-93.0,-96.0,-16.0,0,0
13581,3.1447,-0.9879,0.6964,0.2961,0.024,0.0479,-0.024,0.0,-6.0,-108.0,-94.0,-16.0,59,1
13593,3.1447,-0.9833,0.6964,0.2961,0.0479,0.1198,-0.024,0.0,-5.0,-124.0,-92.0,-16.0,47,1
13606,3.1447,-0.9817,0.6964,0.2961,0.0719,0.1438,-0.024,0.0,-6.0,-128.0,-96.0,-16.0,51,1
13618,3.1447,-0.9802,0.6964,0.2961,0.0719,0.1678,0.0,0.0,-11.0,-122.0,-95.0,-16.0,63,1
13630,3.1431,-0.9802,0.6964,0.2961,0.0479,0.1678,0.0,0.0,-7.0,-125.0,-97.0,-18.0,78,1
13642,3.1447,-0.9771,0.6964,0.2961,0.0,0.1678,0.0,0.0,0.0,-133.0,-93.0,-17.0,86,1
13655,3.1431,-0.9756,0.6964,0.2961,0.0,0.1438,0.0,0.0,0.0,-146.0,-91.0,-16.0,87,1
13667,3.1416,-0.9756,0.6964,0.2961,0.0,0.1198,0.0,0.0,2.0,-154.0,-96.0,-16.0,88,1
13679,3.1416,-0.9741,0.6964,0.2961,-0.024,0.1198,0.0,0.0,-1.0,-153.0,-95.0,-19.0,89,1
13692,3.1416,-0.9725,0.6964,0.2961,-0.024,0.0959,0.0,0.0,0.0,-164.0,-97.0,-20.0,90,1
13704,3.1416,-0.971,0.6964,0.2961,-0.024,0.0959,0.0,0.0,0.0,-159.0,-92.0,-20.0,92,1
13716,3.1416,-0.9695,0.6964,0.2961,-0.024,0.0959,0.0,0.0,0.0,-155.0,-97.0,-20.0,93,1
13728,3.1431,-0.9695,0.6964,0.2961,-0.024,0.0959,0.0,0.0,0.0,-150.0,-91.0,-17.0,95,1
13741,3.1416,-0.971,0.6964,0.2961,0.0,0.0719,0.0,0.0,0.0,-148.0,-96.0,-16.0,94,1
13753,3.1401,-0.9725,0.6964,0.2961,0.0,0.024,0.0,0.0,0.0,-133.0,-94.0,-16.0,94,1
13765,3.1401,-0.9741,0.6964,0.2961,0.0,0.0,0.0,0.0,0.0,-105.0,-94.0,-15.0,93,1
13778,3.137,-0.9756,0.6949,0.2961,-0.024,0.0,0.0,0.0,12.0,-81.0,-86.0,-15.0,87,1
13790,3.137,-0.9787,0.6949,0.2961,-0.0479,-0.0479,0.0,0.0,16.0,-62.0,-83.0,-15.0,72,1
13802,3.1385,-0.9848,0.6949,0.2961,-0.0479,-0.1198,0.0,0.0,2.0,-44.0,-95.0,-15.0,54,1
13819,3.1401,-0.9863,0.6949,0.2961,-0.0479,-0.1678,0.0,0.0,-4.0,-45.0,-98.0,-15.0,41,1
13831,3.1401,-0.9894,0.6964,0.2961,-0.024,-0.1918,0.0,0.0,0.0,-38.0,-96.0,-17.0,30,1
13843,3.1416,-0.991,0.6964,0.2961,0.0,-0.2157,0.0,0.0,0.0,-45.0,-91.0,-18.0,18,1
13855,3.1416,-0.9925,0.6964,0.2976,0.024,-0.1918,0.0,0.0,0.0,-48.0,-91.0,-15.0,12,1
13864,3.1431,-0.9925,0.6949,0.2961,0.0479,-0.1678,0.0,0.0,-2.0,-50.0,-94.0,-21.0,8,0
13876,3.1416,-0.994,0.6964,0.2961,0.0479,-0.1438,0.0,0.0,0.0,-39.0,-89.0,-16.0,2,0
13888,3.1416,-0.994,0.6964,0.2961,0.0479,-0.1198,0.0,0.0,1.0,-39.0,-90.0,-16.0,1,0
13900,3.1416,-0.994,0.6964,0.2961,0.024,-0.0959,0.0,0.0,0.0,-47.0,-96.0,-16.0,1,0
13913,3.1401,-0.994,0.6949,0.2961,0.0,-0.0479,0.0,0.0,0.0,-44.0,-93.0,-16.0,1,0
13921,3.1401,-0.994,0.6949,0.2961,0.0,-0.0479,0.0,0.0,0.0,-44.0,-93.0,-16.0,0,0
13933,3.1385,-0.9956,0.6964,0.2961,-0.024,-0.024,0.0,0.0,3.0,-45.0,-93.0,-16.0,0,0
13945,3.1401,-0.9956,0.6964,0.2961,-0.024,-0.024,0.0,0.0,3.0,-46.0,-91.0,-19.0,0,0
13958,3.1401,-0.994,0.6964,0.2961,-0.024,-0.024,0.0,0.0,0.0,-46.0,-93.0,-16.0,0,0
13970,3.1401,-0.9956,0.6964,0.2976,-0.024,-0.024,0.0,0.0,0.0,-46.0,-91.0,-16.0,0,0
13978,3.1401,-0.9956,0.6964,0.2961,0.0,0.0,0.0,0.0,0.0,-47.0,-92.0,-16.0,0,0
13991,3.1401,-0.9956,0.6964,0.2961,0.0,0.0,0.0,0.0,0.0,-47.0,-89.0,-16.0,0,0
14003,3.1401,-0.9956,0.6964,0.2961,0.0,0.0,0.0,0.0,0.0,-47.0,-93.0,-18.0,0,0
14015,3.1401,-0.9956,0.6964,0.2961,0.0,0.0,0.0,0.0,0.0,-47.0,-89.0,-15.0,0,0
14027,3.1401,-0.9956,0.6964,0.2961,0.0,0.0,0.0,0.0,0.0,-45.0,-94.0,-15.0,0,0
14036,3.1401,-0.9956,0.6949,0.2961,0.0,0.0,0.0,0.0,0.0,-46.0,-91.0,-15.0,0,0
14048,3.1401,-0.9956,0.6949,0.2961,0.0,0.0,0.0,0.0,0.0,-46.0,-88.0,-15.0,0,0
14060,3.1401,-0.9956,0.6964,0.2961,0.0,0.0,0.0,0.0,0.0,-47.0,-90.0,-16.0,0,0
14072,3.1401,-0.9956,0.6949,0.2961,0.0,0.0,0.0,0.0,0.0,-47.0,-94.0,-19.0,0,0
14085,3.1401,-0.9956,0.6964,0.2976,0.0,0.0,0.0,0.0,0.0,-47.0,-94.0,-17.0,0,0
14093,3.1401,-0.9956,0.6964,0.2961,0.0,0.0,0.0,0.0,0.0,-47.0,-92.0,-15.0,0,0
14105,3.1401,-0.9956,0.6949,0.2961,0.0,0.0,0.0,0.0,0.0,-47.0,-89.0,-16.0,0,0
14118,3.1401,-0.9956,0.6964,0.2961,0.0,0.0,0.0,0.0,0.0,-47.0,-93.0,-18.0,0,0
14130,3.1401,-0.994,0.6964,0.2961,0.0,0.0,0.0,0.0,0.0,-47.0,-93.0,-16.0,0,0
14142,3.1401,-0.9956,0.6949,0.2961,0.0,0.0,0.0,0.0,0.0,-47.0,-90.0,-16.0,0,0
14150,3.1401,-0.9956,0.6949,0.2961,0.0,0.0,0.0,0.0,0.0,-47.0,-90.0,-16.0,0,0
14163,3.1401,-0.9956,0.6949,0.2961,0.0,0.0,0.0,0.0,0.0,-47.0,-91.0,-16.0,0,0
14175,3.1401,-0.9956,0.6949,0.2961,0.0,0.0,0.0,0.0,0.0,-47.0,-92.0,-16.0,0,0
14187,3.1401,-0.9956,0.6949,0.2961,0.0,0.0,0.0,0.0,0.0,-47.0,-93.0,-18.0,0,0
14199,3.1401,-0.9956,0.6964,0.2961,0.0,0.0,0.0,0.0,0.0,-47.0,-89.0,-18.0,0,0
14208,3.1401,-0.9956,0.6964,0.2961,0.0,0.0,0.0,0.0,0.0,-47.0,-90.0,-16.0,0,0
14220,3.1401,-0.9956,0.6949,0.2961,0.0,0.0,0.0,0.0,0.0,-47.0,-89.0,-16.0,0,0
14232,3.1401,-0.9956,0.6964,0.2961,0.0,0.0,0.0,0.0,0.0,-47.0,-89.0,-16.0,0,0
14244,3.1401,-0.9956,0.6964,0.2961,0.0,0.0,0.0,0.0,0.0,-47.0,-91.0,-19.0,0,0
14257,3.1401,-0.9956,0.6964,0.2961,0.0,0.0,0.0,0.0,2.0,-47.0,-89.0,-15.0,0,0
14265,3.1401,-0.9956,0.6964,0.2961,0.0,0.0,0.0,0.0,0.0,-47.0,-90.0,-15.0,0,0
14277,3.1401,-0.9956,0.6964,0.2961,0.0,0.0,0.0,0.0,0.0,-47.0,-88.0,-17.0,0,0
14290,3.1401,-0.9956,0.6964,0.2961,0.0,0.0,0.0,0.0,0.0,-47.0,-92.0,-16.0,0,0
14302,3.1401,-0.9956,0.6949,0.2961,0.0,0.0,0.0,0.0,0.0,-47.0,-92.0,-17.0,0,0
14310,3.1401,-0.9956,0.6949,0.2961,0.0,0.0,0.0,0.0,0.0,-47.0,-92.0,-17.0,0,0
14322,3.1401,-0.994,0.6949,0.2961,0.0,0.0,0.0,0.0,0.0,-47.0,-91.0,-19.0,0,0
14335,3.1401,-0.9956,0.6964,0.2961,0.0,0.0,0.0,0.0,0.0,-47.0,-92.0,-16.0,0,0
14347,3.1401,-0.9956,0.6949,0.2961,0.0,0.0,0.0,0.0,0.0,-47.0,-86.0,-16.0,0,0
14359,3.1401,-0.9956,0.6949,0.2961,0.0,0.0,0.0,0.0,0.0,-47.0,-89.0,-15.0,0,0
14367,3.1401,-0.994,0.6964,0.2961,0.0,0.0,0.0,0.0,0.0,-47.0,-90.0,-15.0,0,0
14380,3.1401,-0.9956,0.6949,0.2961,0.0,0.0,0.0,0.0,0.0,-47.0,-88.0,-16.0,0,0
14392,3.1401,-0.9956,0.6949,0.2961,0.0,0.0,0.0,0.0,0.0,-48.0,-90.0,-16.0,0,0
14404,3.1401,-0.9956,0.6949,0.2961,0.0,0.0,0.0,0.0,0.0,-47.0,-92.0,-16.0,0,0
14417,3.1401,-0.9956,0.6964,0.2961,0.0,0.0,0.0,0.0,0.0,-47.0,-92.0,-15.0,0,0
14425,3.1401,-0.9956,0.6964,0.2961,0.0,0.0,0.0,0.0,0.0,-47.0,-89.0,-16.0,0,0
14437,3.1401,-0.9956,0.6964,0.2961,0.0,0.0,0.0,0.0,0.0,-47.0,-94.0,-16.0,0,0
14449,3.1401,-0.9956,0.6949,0.2961,0.0,0.0,0.0,0.0,0.0,-47.0,-92.0,-16.0,0,0
14462,3.1401,-0.9956,0.6949,0.2961,0.0,0.0,0.0,0.0,0.0,-45.0,-90.0,-19.0,0,0
14474,3.1401,-0.9956,0.6949,0.2976,0.0,0.0,0.0,0.0,0.0,-40.0,-91.0,-17.0,0,0
14482,3.1401,-0.9956,0.6949,0.2961,0.0,0.0,0.0,0.0,0.0,-43.0,-85.0,-16.0,0,0
14494,3.1401,-0.9956,0.6949,0.2961,0.0,0.0,0.0,0.0,0.0,-47.0,-85.0,-16.0,0,0
14507,3.1385,-0.9956,0.6949,0.2976,0.0,0.0,0.0,0.0,12.0,-47.0,-83.0,-17.0,0,0
14519,3.1385,-0.9956,0.6949,0.2961,0.0,0.0,0.0,0.0,17.0,-47.0,-89.0,-18.0,0,0
14531,3.1385,-0.9956,0.6964,0.2961,0.0,0.0,0.0,0.0,21.0,-46.0,-92.0,-16.0,0,0
14543,3.1385,-0.9956,0.6964,0.2961,0.0,0.0,0.0,0.0,22.0,-47.0,-92.0,-17.0,18,1
14556,3.1385,-0.9956,0.6964,0.2961,0.0,0.0,0.0,0.0,18.0,-47.0,-92.0,-17.0,29,1
14568,3.1385,-0.9956,0.6964,0.2961,0.0,0.0,0.0,0.0,18.0,-47.0,-90.0,-17.0,34,1
14580,3.1385,-0.9956,0.6949,0.2961,0.0,0.0,0.0,0.0,20.0,-46.0,-89.0,-17.0,42,1
14593,3.1385,-0.9956,0.6949,0.2961,0.0,0.0,0.0,0.0,21.0,-41.0,-86.0,-16.0,51,1
14605,3.137,-0.9956,0.6949,0.2961,0.0,0.0,0.0,0.0,22.0,-41.0,-89.0,-16.0,57,1
14617,3.1385,-0.9956,0.6964,0.2961,0.0,0.0,0.0,0.0,25.0,-41.0,-86.0,-16.0,54,1
14629,3.137,-0.9956,0.6964,0.2961,0.0,0.0,0.0,0.0,26.0,-41.0,-89.0,-19.0,55,1
14642,3.1385,-0.9956,0.6964,0.2961,0.0,0.0,0.0,0.0,27.0,-47.0,-92.0,-16.0,61,1
14654,3.137,-0.9956,0.6949,0.2961,0.0,0.0,0.0,0.0,25.0,-41.0,-86.0,-20.0,71,1
14666,3.1385,-0.9956,0.6964,0.2961,0.0,0.0,0.0,0.0,28.0,-41.0,-90.0,-16.0,78,1
14679,3.1385,-0.9956,0.6949,0.2961,0.0,0.0,0.0,0.0,25.0,-41.0,-87.0,-16.0,80,1
14691,3.1385,-0.9956,0.6964,0.2961,0.0,0.0,0.0,0.0,26.0,-41.0,-87.0,-15.0,81,1
14703,3.1385,-0.9956,0.6964,0.2961,0.0,0.0,0.0,0.0,18.0,-41.0,-84.0,-16.0,82,1
14716,3.1385,-0.9956,0.6964,0.2961,0.0,0.0,0.0,0.0,18.0,-41.0,-89.0,-18.0,83,1
14728,3.1385,-0.9956,0.6964,0.2961,0.0,0.0,0.0,0.0,16.0,-41.0,-89.0,-16.0,85,1
14740,3.1385,-0.9956,0.6964,0.2961,0.0,0.0,0.0,0.0,17.0,-41.0,-91.0,-16.0,85,1
14752,3.1385,-0.9956,0.6964,0.2961,0.0,0.0,0.0,0.0,18.0,-41.0,-90.0,-16.0,85,1
14769,3.1385,-0.9956,0.6964,0.2961,0.0,0.0,0.0,0.0,18.0,-41.0,-90.0,-15.0,84,1
14781,3.1385,-0.9956,0.6964,0.2961,0.0,0.0,0.0,0.0,17.0,-41.0,-88.0,-17.0,81,1
14793,3.1385,-0.9956,0.6949,0.2961,0.0,0.0,0.0,0.0,0.0,-45.0,-83.0,-16.0,76,1
14806,3.1401,-0.9956,0.6949,0.2961,0.0,0.0,0.0,0.0,1.0,-34.0,-86.0,-16.0,67,1
14818,3.1401,-0.9971,0.6964,0.2961,0.0,0.0,0.0,0.0,0.0,-31.0,-91.0,-17.0,55,1
14830,3.1401,-0.9971,0.6949,0.2961,0.0,0.0,0.0,0.0,0.0,-32.0,-86.0,-16.0,40,1
14842,3.1385,-0.9971,0.6964,0.2961,0.0,0.0,0.0,0.0,4.0,-34.0,-89.0,-16.0,27,1
14855,3.1401,-0.9971,0.6949,0.2961,0.0,0.0,0.0,0.0,0.0,-34.0,-84.0,-16.0,12,1
14867,3.1401,-0.9971,0.6964,0.2961,0.0,0.0,0.0,0.0,0.0,-34.0,-90.0,-16.0,5,0
14875,3.1401,-0.9971,0.6949,0.2961,0.0,0.0,0.0,0.0,0.0,-33.0,-90.0,-16.0,3,0
14888,3.1401,-0.9971,0.6949,0.2961,0.0,0.0,0.0,0.0,0.0,-34.0,-90.0,-15.0,2,0
14900,3.1401,-0.9971,0.6964,0.2961,0.0,0.0,0.0,0.0,0.0,-36.0,-88.0,-16.0,2,0
14912,3.1401,-0.9971,0.6964,0.2961,0.0,0.0,0.0,0.0,0.0,-33.0,-88.0,-16.0,2,0
14924,3.1401,-0.9971,0.6964,0.2961,0.0,0.0,0.0,0.0,0.0,-33.0,-85.0,-18.0,1,0
14933,3.1401,-0.9971,0.6964,0.2961,0.0,0.0,0.0,0.0,0.0,-33.0,-89.0,-16.0,1,0
14945,3.1401,-0.9971,0.6949,0.2961,0.0,0.0,0.0,0.0,0.0,-33.0,-84.0,-16.0,1,0
14957,3.1401,-0.9971,0.6964,0.2961,0.0,0.0,0.0,0.0,0.0,-33.0,-85.0,-17.0,1,0
14969,3.1385,-0.9971,0.6949,0.2961,0.0,0.0,0.0,0.0,0.0,-33.0,-89.0,-16.0,1,0
14982,3.1401,-0.9971,0.6949,0.2961,0.0,0.0,0.0,0.0,0.0,-33.0,-85.0,-16.0,1,0
14990,3.1401,-0.9971,0.6949,0.2961,0.0,0.0,0.0,0.0,0.0,-33.0,-85.0,-16.0,1,0
15002,3.1401,-0.9971,0.6949,0.2961,0.0,0.0,0.0,0.0,0.0,-34.0,-86.0,-16.0,1,0
15014,3.1401,-0.9971,0.6964,0.2961,0.0,0.0,0.0,0.0,0.0,-34.0,-88.0,-16.0,1,0
15027,3.1401,-0.9971,0.6964,0.2961,0.0,0.0,0.0,0.0,0.0,-34.0,-87.0,-15.0,1,0
15039,3.1401,-0.9971,0.6964,0.2961,0.0,0.0,0.0,0.0,0.0,-33.0,-84.0,-15.0,1,0
15047,3.1401,-0.9971,0.6949,0.2961,0.0,0.0,0.0,0.0,0.0,-33.0,-86.0,-15.0,1,0
15060,3.1401,-0.9971,0.6949,0.2961,0.0,0.0,0.0,0.0,0.0,-34.0,-80.0,-15.0,1,0
15072,3.1401,-0.9971,0.6964,0.2961,0.0,0.0,0.0,0.0,0.0,-31.0,-84.0,-15.0,1,0
15084,3.1401,-0.9971,0.6964,0.2961,0.0,0.0,0.0,0.0,0.0,-30.0,-84.0,-15.0,1,0
15096,3.1401,-0.9971,0.6964,0.2961,0.0,0.0,0.0,0.0,0.0,-30.0,-88.0,-16.0,0,0
15105,3.1401,-0.9971,0.6964,0.2961,0.0,0.0,0.0,0.0,0.0,-31.0,-84.0,-16.0,1,0
15117,3.1401,-0.9971,0.6964,0.2961,0.0,0.0,0.0,0.0,0.0,-30.0,-84.0,-16.0,1,0
15129,3.1401,-0.9971,0.6964,0.2961,0.0,0.0,0.0,0.0,0.0,-30.0,-88.0,-18.0,0,0
15141,3.1401,-0.9971,0.6964,0.2961,0.0,0.0,0.0,0.0,0.0,-30.0,-89.0,-16.0,0,0
15154,3.1401,-0.9971,0.6949,0.2961,0.0,0.0,0.0,0.0,0.0,-30.0,-88.0,-15.0,0,0
15162,3.1401,-0.9971,0.6964,0.2961,0.0,0.0,0.0,0.0,0.0,-32.0,-85.0,-15.0,0,0
15174,3.1401,-0.9971,0.6964,0.2961,0.0,0.0,0.0,0.0,2.0,-30.0,-88.0,-15.0,0,0
15187,3.1401,-0.9971,0.6964,0.2961,0.0,0.0,0.0,0.0,0.0,-30.0,-83.0,-15.0,0,0
15199,3.1401,-0.9971,0.6964,0.2961,0.0,0.0,0.0,0.0,0.0,-30.0,-85.0,-15.0,0,0
15207,3.1401,-0.9971,0.6964,0.2961,0.0,0.0,0.0,0.0,0.0,-30.0,-84.0,-16.0,0,0
15219,3.1401,-0.9971,0.6964,0.2961,0.0,0.0,0.0,0.0,0.0,-30.0,-86.0,-16.0,0,0
15232,3.1401,-0.9971,0.6964,0.2961,0.0,0.0,0.0,0.0,0.0,-30.0,-85.0,-16.0,0,0
15244,3.1401,-0.9971,0.6964,0.2961,0.0,0.0,0.0,0.0,0.0,-30.0,-86.0,-16.0,0,0
15256,3.1401,-0.9971,0.6949,0.2961,0.0,0.0,0.0,0.0,0.0,-30.0,-87.0,-21.0,0,0
15264,3.1401,-0.9971,0.6949,0.2961,0.0,0.0,0.0,0.0,0.0,-35.0,-88.0,-16.0,0,0
15277,3.1401,-0.9971,0.6949,0.2961,0.0,0.0,0.0,0.0,0.0,-31.0,-86.0,-16.0,0,0
15289,3.1401,-0.9971,0.6949,0.2961,0.0,0.0,0.0,0.0,0.0,-34.0,-88.0,-16.0,0,0
15301,3.1401,-0.9971,0.6964,0.2961,0.0,0.0,0.0,0.0,0.0,-31.0,-82.0,-17.0,0,0
15313,3.1401,-0.9971,0.6964,0.2961,0.0,0.0,0.0,0.0,0.0,-31.0,-87.0,-19.0,1,0
15322,3.1401,-0.9971,0.6949,0.2961,0.0,0.0,0.0,0.0,0.0,-31.0,-88.0,-16.0,0,0
15334,3.1401,-0.9971,0.6949,0.2961,0.0,0.0,0.0,0.0,0.0,-31.0,-82.0,-16.0,1,0
15346,3.1401,-0.9971,0.6949,0.2961,0.0,0.0,0.0,0.0,0.0,-31.0,-85.0,-16.0,1,0
15359,3.1401,-0.9971,0.6964,0.2961,0.0,0.0,0.0,0.0,0.0,-31.0,-86.0,-16.0,1,0
15371,3.1401,-0.9971,0.6964,0.2961,0.0,0.0,0.0,0.0,0.0,-31.0,-88.0,-16.0,0,0
15379,3.1401,-0.9971,0.6949,0.2961,0.0,0.0,0.0,0.0,0.0,-31.0,-80.0,-17.0,0,0
15391,3.1401,-0.9971,0.6964,0.2961,0.0,0.0,0.0,0.0,0.0,-30.0,-86.0,-15.0,0,0
15404,3.1401,-0.9971,0.6949,0.2961,0.0,0.0,0.0,0.0,0.0,-30.0,-86.0,-16.0,0,0
15416,3.1401,-0.9971,0.6964,0.2961,0.0,0.0,0.0,0.0,0.0,-29.0,-87.0,-16.0,0,0
15428,3.1401,-0.9971,0.6964,0.2961,0.0,0.0,0.0,0.0,0.0,-29.0,-87.0,-16.0,1,0
15436,3.1401,-0.9971,0.6964,0.2961,0.0,0.0,0.0,0.0,0.0,-29.0,-87.0,-16.0,1,0
15449,3.1401,-0.9971,0.6964,0.2961,0.0,0.0,0.0,0.0,0.0,-29.0,-87.0,-16.0,1,0
15461,3.1401,-0.9971,0.6949,0.2961,0.0,0.0,0.0,0.0,0.0,-29.0,-86.0,-15.0,0,0
15473,3.1401,-0.9971,0.6949,0.2961,0.0,0.0,0.0,0.0,0.0,-29.0,-83.0,-16.0,1,0
15486,3.1401,-0.9971,0.6964,0.2976,0.0,0.0,0.0,0.0,0.0,-32.0,-85.0,-20.0,1,0
15494,3.1401,-0.9971,0.6949,0.2961,0.0,0.0,0.0,0.0,0.0,-29.0,-84.0,-15.0,0,0
15506,3.1401,-0.9971,0.6964,0.2961,0.0,0.0,0.0,0.0,0.0,-30.0,-87.0,-16.0,1,0
15518,3.1401,-0.9971,0.6949,0.2961,0.0,0.0,0.0,0.0,0.0,-30.0,-84.0,-17.0,1,0
15531,3.1477,-0.9971,0.6949,0.2961,0.0,0.0,0.0,0.0,-23.0,-30.0,-89.0,-18.0,1,0
15543,3.1493,-0.9971,0.6964,0.2961,0.0959,0.0,0.0,0.0,-69.0,-16.0,-87.0,-20.0,1,0
15551,3.1493,-0.9971,0.6964,0.2961,0.0959,0.0,0.0,0.0,-69.0,-16.0,-87.0,-20.0,1,0
15563,3.1508,-0.9986,0.6964,0.2976,0.1198,0.0,0.0,0.0,-50.0,-16.0,-88.0,-19.0,0,0
15576,3.1508,-0.9986,0.6964,0.2961,0.1438,0.0,0.0,0.0,-55.0,-8.0,-87.0,-16.0,0,0
15588,3.1508,-1.0017,0.6964,0.2961,0.1438,-0.024,0.0,0.0,-59.0,3.0,-85.0,-18.0,8,0
15600,3.1508,-1.0032,0.6964,0.2961,0.0959,-0.024,0.0,0.0,-65.0,0.0,-88.0,-16.0,9,0
15612,3.1539,-1.0032,0.6964,0.2961,0.0479,-0.0719,0.0,0.0,-92.0,0.0,-87.0,-16.0,39,1
15625,3.1554,-1.0048,0.6964,0.2961,0.0479,-0.0719,0.0,0.0,-98.0,3.0,-87.0,-16.0,42,1
15637,3.1569,-1.0032,0.6964,0.2961,0.0719,-0.0719,0.0,0.0,-109.0,11.0,-86.0,-18.0,55,1
15649,3.1585,-1.0048,0.6964,0.2961,0.0719,-0.0719,0.0,0.0,-112.0,10.0,-88.0,-16.0,60,1
15662,3.16,-1.0032,0.6964,0.2961,0.0959,-0.0479,0.0,0.0,-119.0,1.0,-85.0,-16.0,67,1
15674,3.16,-1.0048,0.6964,0.2961,0.1198,-0.024,0.0,0.0,-130.0,4.0,-86.0,-16.0,71,1
15686,3.16,-1.0032,0.6964,0.2961,0.1198,0.0,0.0,0.0,-117.0,4.0,-80.0,-16.0,72,1
15699,3.1615,-1.0048,0.6949,0.2961,0.0959,0.0,0.0,0.0,-110.0,7.0,-83.0,-18.0,74,1
15711,3.1615,-1.0032,0.6964,0.2961,0.0719,0.0,0.0,0.0,-108.0,5.0,-86.0,-19.0,77,1
15723,3.1615,-1.0048,0.6964,0.2961,0.0479,0.0,0.0,0.0,-108.0,7.0,-84.0,-16.0,80,1
15735,3.16,-1.0048,0.6964,0.2961,0.024,0.0,0.0,0.0,-107.0,13.0,-88.0,-17.0,83,1
15748,3.16,-1.0048,0.6964,0.2961,0.0,0.0,0.0,0.0,-108.0,7.0,-84.0,-19.0,85,1
15760,3.16,-1.0032,0.6949,0.2961,0.0,0.0,0.0,0.0,-107.0,6.0,-87.0,-16.0,84,1
15772,3.16,-1.0032,0.6949,0.2961,0.0,0.0,0.0,0.0,-90.0,14.0,-86.0,-16.0,81,1
15785,3.1585,-1.0032,0.6964,0.2961,0.0,0.0,0.0,0.0,-60.0,15.0,-86.0,-18.0,79,1
15797,3.1554,-1.0048,0.6949,0.2961,-0.024,0.0,0.0,0.0,-43.0,6.0,-84.0,-16.0,72,1
15809,3.1539,-1.0032,0.6949,0.2961,-0.0479,0.0,0.0,0.0,-17.0,7.0,-86.0,-16.0,62,1
15821,3.1477,-1.0032,0.6964,0.2961,-0.1438,0.0,0.0,0.0,0.0,0.0,-79.0,-15.0,43,1
15834,3.1447,-1.0017,0.6949,0.2961,-0.1678,0.0,0.0,0.0,-2.0,0.0,-79.0,-17.0,26,1
15850,3.1447,-1.0002,0.6964,0.2961,-0.1918,0.024,0.0,0.0,-13.0,-1.0,-84.0,-18.0,17,1
15862,3.1416,-1.0002,0.6964,0.2961,-0.2157,0.0479,0.0,0.0,3.0,-3.0,-86.0,-19.0,17,1
15875,3.1401,-1.0002,0.6964,0.2976,-0.1918,0.0479,0.0,0.0,6.0,-1.0,-84.0,-16.0,11,1
15883,3.1385,-0.9986,0.6964,0.2961,-0.1678,0.0479,0.0,0.0,0.0,-1.0,-87.0,-17.0,5,0
15895,3.137,-1.0002,0.6964,0.2961,-0.1438,0.0479,0.0,0.0,7.0,-1.0,-87.0,-15.0,5,0
15907,3.1355,-1.0002,0.6964,0.2961,-0.1438,0.024,0.0,0.0,9.0,-4.0,-88.0,-15.0,5,0
15920,3.1355,-1.0002,0.6964,0.2961,-0.1438,0.024,0.0,0.0,12.0,-1.0,-86.0,-16.0,5,0
15932,3.1385,-1.0002,0.6949,0.2961,-0.0959,0.0,0.0,0.0,-4.0,-3.0,-81.0,-19.0,4,0
15940,3.1385,-1.0002,0.6949,0.2961,-0.0959,0.0,0.0,0.0,-4.0,-3.0,-81.0,-19.0,3,0
15952,3.1401,-1.0002,0.6964,0.2961,-0.024,0.0,0.0,0.0,0.0,-1.0,-82.0,-16.0,2,0
15965,3.1416,-1.0002,0.6964,0.2961,0.0,0.0,0.0,0.0,-1.0,-3.0,-81.0,-16.0,2,0
15977,3.1416,-1.0002,0.6949,0.2961,0.0479,0.0,0.0,0.0,0.0,-1.0,-83.0,-16.0,2,0
15989,3.1416,-1.0002,0.6964,0.2961,0.0479,0.0,0.0,0.0,0.0,-5.0,-84.0,-18.0,2,0
15998,3.1416,-1.0002,0.6949,0.2961,0.0719,0.0,0.0,0.0,2.0,-4.0,-83.0,-17.0,2,0
16010,3.1401,-1.0002,0.6964,0.2961,0.0479,0.0,0.0,0.0,2.0,-3.0,-84.0,-16.0,2,0
16022,3.1385,-0.9986,0.6964,0.2961,0.0,0.0,0.0,0.0,0.0,-2.0,-86.0,-15.0,1,0
16034,3.137,-1.0002,0.6949,0.2961,0.0,0.0,0.0,0.0,7.0,-2.0,-80.0,-16.0,1,0
16047,3.137,-1.0002,0.6964,0.2961,-0.024,0.0,0.0,0.0,3.0,-1.0,-78.0,-16.0,1,0
16055,3.137,-0.9986,0.6949,0.2961,-0.0479,0.0,0.0,0.0,2.0,-1.0,-80.0,-18.0,1,0
16067,3.137,-1.0002,0.6964,0.2961,-0.0479,0.0,0.0,0.0,1.0,-2.0,-87.0,-18.0,1,0
16079,3.1385,-1.0002,0.6949,0.2961,-0.0479,0.0,0.0,0.0,-4.0,-1.0,-81.0,-19.0,1,0
16092,3.1401,-1.0002,0.6964,0.2961,0.0,0.0,0.0,0.0,0.0,-4.0,-83.0,-16.0,1,0
16104,3.1401,-1.0002,0.6949,0.2961,0.0,0.0,0.0,0.0,0.0,-3.0,-82.0,-16.0,1,0
16112,3.1401,-1.0002,0.6964,0.2961,0.024,0.0,0.0,0.0,0.0,-5.0,-87.0,-17.0,1,0
16124,3.1401,-0.9986,0.6949,0.2961,0.024,0.0,0.0,0.0,0.0,-1.0,-84.0,-18.0,1,0
16137,3.1401,-1.0002,0.6949,0.2976,0.024,0.0,0.0,0.0,0.0,-3.0,-83.0,-16.0,1,0
16149,3.1401,-1.0002,0.6964,0.2976,0.024,0.0,0.0,0.0,0.0,-1.0,-82.0,-16.0,1,0
16157,3.1401,-1.0002,0.6964,0.2961,0.024,0.0,0.0,0.0,0.0,-2.0,-79.0,-16.0,1,0
16170,3.1401,-1.0002,0.6949,0.2961,0.0,0.0,0.0,0.0,0.0,-1.0,-82.0,-16.0,1,0
16182,3.1401,-1.0002,0.6964,0.2961,0.0,0.0,0.0,0.0,0.0,-3.0,-79.0,-17.0,1,0
16194,3.1401,-0.9986,0.6949,0.2961,0.0,0.0,0.0,0.0,0.0,-3.0,-84.0,-16.0,1,0
16206,3.1401,-1.0002,0.6949,0.2961,0.0,0.0,0.0,0.0,0.0,-2.0,-84.0,-16.0,1,0
16215,3.1401,-1.0002,0.6964,0.2961,0.0,0.0,0.0,0.0,0.0,-3.0,-84.0,-17.0,1,0
16227,3.1401,-0.9986,0.6949,0.2961,0.0,0.0,0.0,0.0,0.0,-5.0,-83.0,-16.0,1,0
16239,3.1401,-1.0002,0.6964,0.2961,0.0,0.0,0.0,0.0,0.0,-2.0,-80.0,-16.0,0,0
16251,3.1401,-1.0002,0.6949,0.2961,0.0,0.0,0.0,0.0,0.0,-2.0,-82.0,-16.0,0,0
16264,3.1401,-1.0002,0.6964,0.2976,0.0,0.0,0.0,0.0,0.0,-2.0,-81.0,-20.0,0,0
16272,3.1401,-0.9986,0.6949,0.2961,0.0,0.0,0.0,0.0,0.0,-3.0,-83.0,-15.0,1,0
16284,3.1401,-1.0002,0.6964,0.2961,0.0,0.0,0.0,0.0,0.0,-1.0,-81.0,-16.0,1,0
16297,3.1401,-1.0002,0.6949,0.2961,0.0,0.0,0.0,0.0,0.0,-4.0,-80.0,-16.0,1,0
16309,3.1401,-1.0002,0.6964,0.2961,0.0,0.0,0.0,0.0,0.0,-3.0,-79.0,-15.0,1,0
16321,3.1401,-1.0002,0.6964,0.2961,0.0,0.0,0.0,0.0,0.0,-1.0,-81.0,-15.0,1,0
16329,3.1401,-1.0002,0.6949,0.2961,0.0,0.0,0.0,0.0,0.0,-1.0,-82.0,-15.0,0,0
16342,3.1401,-1.0002,0.6949,0.2961,0.0,0.0,0.0,0.0,0.0,-2.0,-81.0,-16.0,0,0
16354,3.1401,-1.0002,0.6949,0.2961,0.0,0.0,0.0,0.0,0.0,-2.0,-83.0,-16.0,0,0
16366,3.1401,-1.0002,0.6949,0.2961,0.0,0.0,0.0,0.0,0.0,-2.0,-81.0,-16.0,0,0
16378,3.1401,-1.0002,0.6949,0.2961,0.0,0.0,0.0,0.0,0.0,-2.0,-79.0,-16.0,0,0
16387,3.1401,-1.0002,0.6964,0.2961,0.0,0.0,0.0,0.0,0.0,-1.0,-84.0,-16.0,0,0
16399,3.1401,-1.0002,0.6964,0.2961,0.0,0.0,0.0,0.0,0.0,-3.0,-82.0,-18.0,0,0
16411,3.1401,-1.0002,0.6949,0.2961,0.0,0.0,0.0,0.0,0.0,-3.0,-82.0,-19.0,0,0
16423,3.1401,-0.9986,0.6964,0.2961,0.0,0.0,0.0,0.0,0.0,-2.0,-82.0,-16.0,0,0
16436,3.1401,-1.0002,0.6964,0.2961,0.0,0.0,0.0,0.0,0.0,-2.0,-80.0,-16.0,0,0
16444,3.1401,-0.9986,0.6949,0.2961,0.0,0.0,0.0,0.0,0.0,-1.0,-81.0,-16.0,0,0
16456,3.1401,-0.9986,0.6964,0.2961,0.0,0.0,0.0,0.0,0.0,-1.0,-83.0,-16.0,0,0
16469,3.1385,-1.0002,0.6964,0.2961,0.0,0.0,0.0,0.0,0.0,-1.0,-83.0,-16.0,0,0
16481,3.1385,-1.0002,0.6949,0.2961,0.0,0.0,0.0,0.0,0.0,-1.0,-84.0,-16.0,0,0
16493,3.137,-1.0002,0.6949,0.2961,-0.024,0.0,0.0,0.0,13.0,-1.0,-80.0,-16.0,0,0
16501,3.1385,-1.0002,0.6949,0.2961,-0.024,0.0,0.0,0.0,16.0,-1.0,-79.0,-17.0,0,0
16514,3.137,-1.0002,0.6964,0.2961,-0.024,0.0,0.0,0.0,11.0,-1.0,-82.0,-16.0,0,0
16526,3.1385,-1.0002,0.6949,0.2961,-0.024,0.0,0.0,0.0,8.0,-1.0,-81.0,-16.0,3,0
16538,3.1385,-1.0002,0.6964,0.2961,-0.024,0.0,0.0,0.0,11.0,-1.0,-79.0,-18.0,8,0
16550,3.1385,-1.0002,0.6964,0.2961,0.0,0.0,0.0,0.0,13.0,-1.0,-79.0,-16.0,12,1
16563,3.137,-1.0002,0.6964,0.2961,0.0,0.0,0.0,0.0,13.0,-1.0,-84.0,-17.0,13,1
16575,3.1385,-1.0002,0.6964,0.2961,0.0,0.0,0.0,0.0,17.0,-1.0,-82.0,-17.0,13,1
16587,3.1385,-0.9986,0.6949,0.2961,0.0,0.0,0.0,0.0,2.0,-1.0,-79.0,-16.0,10,0
16600,3.137,-1.0002,0.6964,0.2961,0.0,0.0,0.0,0.0,11.0,-1.0,-79.0,-16.0,11,1
16612,3.137,-1.0002,0.6964,0.2961,0.0,0.0,0.0,0.0,18.0,-1.0,-79.0,-15.0,14,1
16624,3.137,-1.0002,0.6949,0.2961,0.0,0.0,0.0,0.0,21.0,-1.0,-80.0,-18.0,15,1
16636,3.137,-1.0002,0.6964,0.2961,0.0,0.0,0.0,0.0,4.0,-1.0,-78.0,-17.0,14,1
16649,3.1355,-0.9986,0.6949,0.2961,0.0,0.0,0.0,0.0,30.0,-1.0,-76.0,-16.0,18,1
16661,3.1339,-0.9986,0.6949,0.2961,0.0,0.0,0.0,0.0,54.0,-6.0,-76.0,-19.0,18,1
16673,3.1324,-0.9986,0.6949,0.2961,-0.0479,0.0,0.0,0.0,48.0,-18.0,-77.0,-16.0,18,1
16686,3.1309,-0.9971,0.6964,0.2961,-0.0479,0.024,0.0,0.0,54.0,-15.0,-79.0,-19.0,8,0
16698,3.1309,-0.9971,0.6964,0.2961,-0.0719,0.024,0.0,0.0,62.0,-12.0,-79.0,-15.0,10,0
16710,3.1293,-0.9971,0.6964,0.2961,-0.0719,0.024,0.0,0.0,68.0,-12.0,-82.0,-15.0,33,1
16722,3.1278,-0.9971,0.6964,0.2961,-0.0959,0.024,0.0,0.0,88.0,-12.0,-79.0,-17.0,40,1
16735,3.1263,-0.9971,0.6964,0.2976,-0.0959,0.0,0.0,0.0,97.0,-12.0,-78.0,-16.0,41,1
16747,3.1247,-0.9971,0.6949,0.2961,-0.0959,0.0,0.0,0.0,100.0,-12.0,-79.0,-16.0,44,1
16759,3.1232,-0.9971,0.6949,0.2961,-0.0959,0.0,0.0,0.0,109.0,-12.0,-77.0,-16.0,49,1
16772,3.1201,-0.9971,0.6964,0.2961,-0.1198,0.0,0.0,0.0,130.0,-10.0,-81.0,-18.0,55,1
16784,3.1186,-0.9971,0.6949,0.2961,-0.1198,0.0,0.0,0.0,126.0,-9.0,-78.0,-16.0,63,1
16796,3.117,-0.9971,0.6949,0.2961,-0.1198,0.0,0.0,0.0,141.0,-10.0,-76.0,-18.0,69,1
16813,3.1124,-0.9971,0.6964,0.2961,-0.1438,0.0,0.0,0.0,164.0,-7.0,-79.0,-15.0,73,1
16825,3.1109,-0.9971,0.6964,0.2961,-0.1438,0.0,0.0,0.0,168.0,-10.0,-80.0,-15.0,78,1
16837,3.1094,-0.9971,0.6964,0.2976,-0.1438,0.0,0.0,0.0,162.0,-10.0,-81.0,-15.0,83,1
16849,3.1094,-0.9971,0.6949,0.2961,-0.1438,0.0,0.0,0.0,179.0,-10.0,-78.0,-16.0,89,1
16862,3.1094,-0.9971,0.6949,0.2961,-0.1198,0.0,0.0,0.0,180.0,-10.0,-78.0,-16.0,94,1
16874,3.1094,-0.9971,0.6949,0.2961,-0.0959,0.0,0.0,0.0,181.0,-8.0,-73.0,-16.0,99,1
16886,3.1094,-0.9971,0.6949,0.2961,-0.0719,0.0,0.0,0.0,182.0,-9.0,-75.0,-16.0,102,1
16899,3.1094,-0.9971,0.6949,0.2976,-0.0479,0.0,0.0,0.0,186.0,-9.0,-75.0,-18.0,105,1
16915,3.1094,-0.9971,0.6949,0.2961,0.0,0.0,0.0,0.0,184.0,-11.0,-76.0,-16.0,109,1
16927,3.1094,-0.9986,0.6949,0.2961,0.0,0.0,0.0,0.0,182.0,-10.0,-76.0,-16.0,111,1
16940,3.1094,-0.9971,0.6964,0.2961,0.0,0.0,0.0,0.0,186.0,-11.0,-78.0,-16.0,113,1
16956,3.1109,-0.9971,0.6949,0.2961,0.0,0.0,0.0,0.0,178.0,-8.0,-85.0,-18.0,114,1
16968,3.1109,-0.9971,0.6964,0.2961,0.0,0.0,0.0,0.0,147.0,-5.0,-78.0,-16.0,113,1
16981,3.1124,-0.9986,0.6949,0.2961,0.024,0.0,0.0,0.0,142.0,-3.0,-79.0,-16.0,110,1
16993,3.1155,-0.9971,0.6964,0.2961,0.0479,0.0,0.0,0.0,103.0,-6.0,-81.0,-19.0,105,1
17009,3.1186,-0.9986,0.6964,0.2961,0.0719,0.0,0.0,0.0,70.0,-8.0,-79.0,-16.0,99,1
17021,3.1263,-0.9986,0.6964,0.2961,0.1198,0.0,0.0,0.0,26.0,-3.0,-82.0,-16.0,88,1
17034,3.1293,-0.9971,0.6964,0.2976,0.1678,0.0,0.0,0.0,6.0,-7.0,-84.0,-20.0,72,1
17046,3.1324,-0.9986,0.6964,0.2961,0.2157,0.0,0.0,0.0,5.0,-9.0,-81.0,-21.0,54,1
17058,3.1339,-0.9971,0.6964,0.2961,0.2397,0.0,0.0,0.0,14.0,-5.0,-80.0,-16.0,38,1
17071,3.1385,-0.9971,0.6949,0.2961,0.2876,0.0,0.0,0.0,1.0,-8.0,-81.0,-20.0,18,1
17083,3.1401,-0.9971,0.6949,0.2961,0.2637,0.0,0.0,0.0,0.0,-8.0,-74.0,-19.0,12,1
17095,3.1416,-0.9971,0.6949,0.2961,0.2397,0.0,0.0,0.0,0.0,-6.0,-79.0,-16.0,9,0
17103,3.1416,-0.9971,0.6964,0.2976,0.2157,0.0,0.0,0.0,0.0,-9.0,-78.0,-16.0,8,0
17116,3.1416,-0.9971,0.6949,0.2961,0.1918,0.0,0.0,0.0,3.0,-9.0,-75.0,-19.0,8,0
17128,3.1431,-0.9971,0.6949,0.2961,0.1438,0.0,0.0,0.0,0.0,-7.0,-78.0,-16.0,9,0
17140,3.1431,-0.9971,0.6964,0.2961,0.1198,0.0,0.0,0.0,0.0,-7.0,-75.0,-16.0,6,0
17153,3.1431,-0.9971,0.6964,0.2961,0.0719,0.0,0.0,0.0,0.0,-9.0,-79.0,-16.0,4,0
17161,3.1431,-0.9971,0.6964,0.2961,0.0479,0.0,0.0,0.0,0.0,-6.0,-79.0,-16.0,6,0
17173,3.1431,-0.9971,0.6949,0.2961,0.024,0.0,0.0,0.0,0.0,-7.0,-77.0,-20.0,6,0
17185,3.1431,-0.9971,0.6964,0.2961,0.024,0.0,0.0,0.0,0.0,-8.0,-82.0,-16.0,4,0
17198,3.1431,-0.9971,0.6949,0.2961,0.0,0.0,0.0,0.0,0.0,-8.0,-76.0,-16.0,5,0
17210,3.1431,-0.9971,0.6949,0.2961,0.0,0.0,0.0,0.0,0.0,-9.0,-78.0,-16.0,4,0
17218,3.1431,-0.9986,0.6949,0.2961,0.0,0.0,0.0,0.0,0.0,-6.0,-78.0,-18.0,4,0
17230,3.1431,-0.9971,0.6949,0.2961,0.0,0.0,0.0,0.0,0.0,-9.0,-75.0,-16.0,3,0
17243,3.1431,-0.9971,0.6964,0.2961,0.0,0.0,0.0,0.0,0.0,-6.0,-75.0,-16.0,3,0
17255,3.1431,-0.9971,0.6949,0.2961,0.0,0.0,0.0,0.0,0.0,-8.0,-77.0,-16.0,2,0
17267,3.1431,-0.9986,0.6964,0.2961,0.0,0.0,0.0,0.0,0.0,-6.0,-80.0,-19.0,1,0
17275,3.1431,-0.9971,0.6949,0.2961,0.0,0.0,0.0,0.0,0.0,-8.0,-76.0,-16.0,1,0
17288,3.1431,-0.9971,0.6964,0.2961,0.0,0.0,0.0,0.0,0.0,-8.0,-81.0,-16.0,1,0
17300,3.1431,-0.9971,0.6949,0.2961,0.0,0.0,0.0,0.0,0.0,-6.0,-78.0,-16.0,1,0
17312,3.1431,-0.9971,0.6964,0.2961,0.0,0.0,0.0,0.0,0.0,-8.0,-76.0,-16.0,1,0
17325,3.1431,-0.9971,0.6949,0.2961,0.0,0.0,0.0,0.0,0.0,-7.0,-75.0,-16.0,1,0
17333,3.1431,-0.9971,0.6964,0.2961,0.0,0.0,0.0,0.0,0.0,-8.0,-75.0,-16.0,1,0
17345,3.1431,-0.9986,0.6964,0.2961,0.0,0.0,0.0,0.0,0.0,-7.0,-76.0,-16.0,1,0
17357,3.1431,-0.9971,0.6949,0.2961,0.0,0.0,0.0,0.0,0.0,-7.0,-78.0,-17.0,1,0
17370,3.1431,-0.9971,0.6964,0.2961,0.0,0.0,0.0,0.0,0.0,-6.0,-77.0,-17.0,1,0
17382,3.1431,-0.9971,0.6964,0.2961,0.0,0.0,0.0,0.0,0.0,-9.0,-76.0,-16.0,1,0
17390,3.1431,-0.9971,0.6964,0.2961,0.0,0.0,0.0,0.0,0.0,-9.0,-76.0,-16.0,1,0
17402,3.1431,-0.9971,0.6949,0.2961,0.0,0.0,0.0,0.0,0.0,-6.0,-76.0,-16.0,1,0
17415,3.1431,-0.9971,0.6964,0.2961,0.0,0.0,0.0,0.0,0.0,-8.0,-80.0,-19.0,1,0
17427,3.1431,-0.9971,0.6949,0.2961,0.0,0.0,0.0,0.0,0.0,-8.0,-79.0,-16.0,1,0
17435,3.1431,-0.9971,0.6949,0.2961,0.0,0.0,0.0,0.0,0.0,-10.0,-81.0,-20.0,0,0
17447,3.1431,-0.9971,0.6964,0.2961,0.0,0.0,0.0,0.0,0.0,-10.0,-80.0,-16.0,0,0
17460,3.1431,-0.9971,0.6949,0.2961,0.0,0.0,0.0,0.0,0.0,-6.0,-79.0,-16.0,0,0
17472,3.1431,-0.9971,0.6949,0.2961,0.0,0.0,0.0,0.0,0.0,-7.0,-73.0,-16.0,0,0
17484,3.1431,-0.9971,0.6964,0.2961,0.0,0.0,0.0,0.0,0.0,-7.0,-77.0,-16.0,0,0
17492,3.1431,-0.9986,0.6949,0.2961,0.0,0.0,0.0,0.0,0.0,-7.0,-74.0,-19.0,0,0
17505,3.1431,-0.9971,0.6949,0.2976,0.0,0.0,0.0,0.0,0.0,-7.0,-74.0,-19.0,0,0
17517,3.1431,-0.9971,0.6949,0.2961,0.0,0.0,0.0,0.0,0.0,-9.0,-78.0,-16.0,0,0
17529,3.1431,-0.9986,0.6949,0.2961,0.0,0.0,0.0,0.0,0.0,-9.0,-75.0,-16.0,0,0
17542,3.1431,-0.9971,0.6949,0.2961,0.0,0.0,0.0,0.0,0.0,-8.0,-73.0,-16.0,0,0
17550,3.1431,-0.9971,0.6949,0.2961,0.0,0.0,0.0,0.0,0.0,-8.0,-73.0,-16.0,0,0
17562,3.1431,-0.9971,0.6964,0.2961,0.0,0.0,0.0,0.0,0.0,-4.0,-78.0,-16.0,0,0
17574,3.1431,-0.9971,0.6964,0.2961,0.0,0.0,0.0,0.0,0.0,-7.0,-76.0,-19.0,0,0
17587,3.1431,-0.9971,0.6964,0.2961,0.0,0.0,0.0,0.0,0.0,-5.0,-76.0,-19.0,0,0
17599,3.1431,-0.9971,0.6949,0.2961,0.0,0.0,0.0,0.0,0.0,-5.0,-77.0,-16.0,0,0
17608,3.1431,-0.9971,0.6964,0.2961,0.0,0.0,0.0,0.0,0.0,-5.0,-75.0,-16.0,0,0
17620,3.1431,-0.9971,0.6964,0.2961,0.0,0.0,0.0,0.0,0.0,-3.0,-76.0,-16.0,0,0
17632,3.1431,-0.9986,0.6949,0.2961,0.0,0.0,0.0,0.0,0.0,-5.0,-76.0,-16.0,0,0
17644,3.1431,-0.9971,0.6964,0.2961,0.0,0.0,0.0,0.0,0.0,-5.0,-78.0,-18.0,1,0
17656,3.1431,-0.9986,0.6964,0.2961,0.0,0.0,0.0,0.0,0.0,-4.0,-77.0,-17.0,0,0
17665,3.1431,-0.9971,0.6964,0.2976,0.0,0.0,0.0,0.0,0.0,-5.0,-76.0,-17.0,0,0
17677,3.1431,-0.9971,0.6964,0.2961,0.0,0.0,0.0,0.0,0.0,-5.0,-75.0,-16.0,1,0
17689,3.1431,-0.9971,0.6949,0.2961,0.0,0.0,0.0,0.0,0.0,-7.0,-74.0,-16.0,0,0
17701,3.1431,-0.9971,0.6964,0.2961,0.0,0.0,0.0,0.0,0.0,-4.0,-75.0,-20.0,0,0
17714,3.1431,-0.9986,0.6949,0.2961,0.0,0.0,0.0,0.0,0.0,-6.0,-76.0,-20.0,1,0
17722,3.1431,-0.9986,0.6964,0.2961,0.0,0.0,0.0,0.0,0.0,-6.0,-78.0,-16.0,1,0
17734,3.1431,-0.9971,0.6964,0.2961,0.0,0.0,0.0,0.0,0.0,-6.0,-75.0,-20.0,1,0
17746,3.1431,-0.9986,0.6949,0.2961,0.0,0.0,0.0,0.0,0.0,-6.0,-75.0,-16.0,1,0
17759,3.1431,-0.9971,0.6964,0.2961,0.0,0.0,0.0,0.0,0.0,-6.0,-74.0,-18.0,0,0
17771,3.1431,-0.9971,0.6964,0.2961,0.0,0.0,0.0,0.0,0.0,-8.0,-69.0,-16.0,0,0
17779,3.1431,-0.9971,0.6964,0.2961,0.0,0.0,0.0,0.0,0.0,-8.0,-69.0,-16.0,0,0
17791,3.1431,-0.9971,0.6949,0.2961,0.0,0.0,0.0,0.0,0.0,-5.0,-76.0,-16.0,0,0
17804,3.1431,-0.9971,0.6964,0.2961,0.0,0.0,0.0,0.0,0.0,-5.0,-76.0,-20.0,0,0
17816,3.1431,-0.9971,0.6964,0.2961,0.0,0.0,0.0,0.0,0.0,-6.0,-76.0,-18.0,0,0
17828,3.1431,-0.9971,0.6964,0.2961,0.0,0.0,0.0,0.0,0.0,-5.0,-75.0,-17.0,0,0
17837,3.1431,-0.9971,0.6964,0.2961,0.0,0.0,0.0,0.0,0.0,-2.0,-73.0,-16.0,0,0
17849,3.1431,-0.9971,0.6964,0.2961,0.0,0.0,0.0,0.0,0.0,-2.0,-70.0,-16.0,0,0
17861,3.1431,-0.9971,0.6964,0.2961,0.0,0.0,0.0,0.0,0.0,-1.0,-75.0,-18.0,0,0
17873,3.1431,-0.9971,0.6964,0.293,0.0,0.0,0.0,0.0,0.0,-1.0,-76.0,-15.0,0,0
17882,3.1477,-0.9971,0.6964,0.293,0.0,0.0,0.0,-0.024,-16.0,-1.0,-92.0,-2.0,0,0
17894,3.1493,-0.9971,0.698,0.2961,0.024,0.0,0.0,-0.024,-39.0,-1.0,-102.0,-15.0,0,0
17906,3.1477,-0.9971,0.701,0.2976,0.0479,0.0,0.024,0.0,-14.0,-3.0,-135.0,-19.0,1,0
17918,3.1401,-0.9971,0.7041,0.2976,0.024,0.0,0.0479,0.0,35.0,-17.0,-168.0,-23.0,1,0
17931,3.1385,-0.994,0.7102,0.2976,-0.024,0.0,0.1198,0.0,24.0,-32.0,-172.0,-24.0,0,0
17943,3.137,-0.994,0.7102,0.2976,-0.0479,0.024,0.1678,0.024,20.0,-42.0,-156.0,-21.0,31,1
17955,3.1385,-0.994,0.7102,0.2961,-0.0959,0.024,0.1678,0.024,26.0,-44.0,-158.0,-21.0,35,1
17968,3.137,-0.9925,0.7102,0.2961,-0.1198,0.0479,0.1678,0.024,29.0,-51.0,-162.0,-21.0,39,1
17980,3.1385,-0.991,0.7102,0.2976,-0.1198,0.0479,0.1678,0.0,33.0,-53.0,-163.0,-18.0,56,1
17992,3.137,-0.991,0.7102,0.2961,-0.0479,0.0479,0.0959,0.0,24.0,-42.0,-157.0,-25.0,63,1
18004,3.137,-0.991,0.7102,0.2961,-0.024,0.0479,0.0479,0.0,28.0,-44.0,-166.0,-16.0,72,1
18017,3.1385,-0.991,0.7102,0.2976,0.0,0.0479,0.024,0.0,27.0,-46.0,-165.0,-24.0,74,1
18029,3.1385,-0.9894,0.7102,0.2976,0.0,0.024,0.0,0.0,26.0,-52.0,-157.0,-23.0,75,1
18041,3.1385,-0.9894,0.7102,0.2961,0.0,0.024,0.0,0.0,24.0,-46.0,-165.0,-23.0,74,1
18054,3.1385,-0.991,0.7102,0.2976,0.0,0.0,0.0,0.0,24.0,-47.0,-158.0,-19.0,74,1
18066,3.1385,-0.991,0.7102,0.2961,0.0,0.0,0.0,0.0,19.0,-48.0,-133.0,-23.0,74,1
18078,3.1401,-0.991,0.7087,0.2961,0.0,0.0,0.0,0.0,15.0,-37.0,-123.0,-22.0,63,1
18090,3.1401,-0.9925,0.7072,0.2961,0.0,0.0,0.0,0.0,8.0,-12.0,-108.0,-16.0,64,1
18103,3.1416,-0.9956,0.7041,0.2961,0.024,-0.024,-0.0479,0.0,0.0,0.0,-91.0,-17.0,56,1
18115,3.1431,-0.9956,0.7041,0.2961,0.0479,-0.0479,-0.0719,0.0,0.0,0.0,-90.0,-17.0,49,1
18127,3.1431,-0.9956,0.7026,0.2961,0.0479,-0.0479,-0.0719,0.0,0.0,-2.0,-90.0,-19.0,35,1
18140,3.1477,-0.9971,0.701,0.2961,0.0719,-0.0479,-0.0959,0.0,-5.0,-11.0,-94.0,-16.0,20,1
18156,3.1477,-0.9956,0.7026,0.2961,0.0959,-0.0479,-0.0719,0.0,-16.0,-12.0,-107.0,-18.0,11,1
18164,3.1447,-0.9956,0.7026,0.2961,0.0719,-0.024,-0.0719,0.0,3.0,-11.0,-104.0,-19.0,7,0
18176,3.1431,-0.9956,0.7026,0.2961,0.0479,-0.024,-0.0479,0.0,6.0,-12.0,-111.0,-21.0,4,0
18189,3.1401,-0.9956,0.7026,0.2961,0.024,0.0,-0.024,0.0,9.0,-13.0,-107.0,-17.0,5,0
18201,3.1385,-0.9956,0.7026,0.2961,-0.0479,0.0,0.0,0.0,19.0,-12.0,-106.0,-18.0,5,0
18213,3.1385,-0.9956,0.7026,0.2961,-0.0959,0.0,0.0,0.0,15.0,-9.0,-106.0,-17.0,5,0
18222,3.1401,-0.9971,0.7026,0.2976,-0.0959,0.0,0.0,0.0,2.0,-11.0,-109.0,-19.0,4,0
18234,3.1416,-0.9971,0.7026,0.2961,-0.0719,0.0,0.0,0.0,1.0,-11.0,-108.0,-21.0,3,0
18246,3.1431,-0.9971,0.7026,0.2961,-0.0479,0.0,0.0,0.0,-3.0,-9.0,-106.0,-16.0,3,0
18258,3.1431,-0.9971,0.701,0.2976,0.0,0.0,0.0,0.0,-4.0,-11.0,-108.0,-16.0,3,0
18267,3.1447,-0.9956,0.7026,0.2961,0.024,0.0,0.0,0.0,-2.0,-9.0,-108.0,-20.0,3,0
18279,3.1462,-0.9956,0.7026,0.2976,0.0479,0.0,0.0,0.0,-6.0,-11.0,-109.0,-16.0,2,0
18291,3.1447,-0.9956,0.7026,0.2976,0.0719,0.0,0.0,0.0,-1.0,-12.0,-110.0,-18.0,2,0
18303,3.1431,-0.9956,0.7026,0.2961,0.0479,0.0,0.0,0.0,7.0,-12.0,-107.0,-21.0,2,0
18316,3.1416,-0.9971,0.7026,0.2961,0.024,0.0,0.0,0.0,0.0,-12.0,-108.0,-16.0,2,0
18324,3.1401,-0.9956,0.7026,0.2961,0.0,0.0,0.0,0.0,11.0,-12.0,-108.0,-16.0,2,0
18336,3.1385,-0.9956,0.7026,0.2976,-0.024,0.0,0.0,0.0,8.0,-12.0,-107.0,-18.0,1,0
18349,3.1385,-0.9971,0.7026,0.2961,-0.0479,0.0,0.0,0.0,10.0,-12.0,-105.0,-18.0,1,0
18361,3.1401,-0.9971,0.7026,0.2961,-0.0719,0.0,0.0,0.0,8.0,-12.0,-107.0,-21.0,1,0
18373,3.1416,-0.9971,0.7026,0.2961,-0.0479,0.0,0.0,0.0,-1.0,-9.0,-107.0,-23.0,1,0
18381,3.1416,-0.9971,0.7026,0.2961,-0.0479,0.0,0.0,0.0,-1.0,-9.0,-107.0,-23.0,1,0
18394,3.1431,-0.9971,0.7026,0.2961,0.0,0.0,0.0,0.0,0.0,-13.0,-108.0,-23.0,1,0
18406,3.1431,-0.9971,0.7026,0.2961,0.024,0.0,0.0,0.0,-2.0,-13.0,-110.0,-24.0,1,0
18418,3.1447,-0.9971,0.7026,0.2961,0.0479,0.0,0.0,0.0,0.0,-11.0,-108.0,-23.0,1,0
18430,3.1447,-0.9956,0.7026,0.2976,0.0479,0.0,0.0,0.0,0.0,-12.0,-109.0,-23.0,1,0
18439,3.1431,-0.9956,0.7026,0.2961,0.0479,0.0,0.0,0.0,0.0,-12.0,-110.0,-27.0,1,0
18451,3.1431,-0.9956,0.7026,0.2961,0.024,0.0,0.0,0.0,0.0,-12.0,-110.0,-24.0,1,0
18463,3.1416,-0.9956,0.7026,0.2961,0.0,0.0,0.0,0.0,0.0,-11.0,-110.0,-24.0,0,0
18476,3.1416,-0.9971,0.7026,0.2961,0.0,0.0,0.0,0.0,0.0,-12.0,-107.0,-24.0,0,0
18488,3.1416,-0.9956,0.7026,0.2961,-0.024,0.0,0.0,0.0,0.0,-11.0,-106.0,-23.0,0,0
18496,3.1416,-0.9956,0.7026,0.2961,-0.024,0.0,0.0,0.0,0.0,-12.0,-109.0,-23.0,0,0
18508,3.1416,-0.9956,0.7026,0.2961,-0.024,0.0,0.0,0.0,0.0,-12.0,-112.0,-24.0,0,0
18521,3.1416,-0.9971,0.7026,0.2961,-0.024,0.0,0.0,0.0,0.0,-11.0,-113.0,-23.0,0,0
18533,3.1416,-0.9971,0.7026,0.2961,0.0,0.0,0.0,0.0,0.0,-12.0,-109.0,-23.0,0,0
18545,3.1401,-0.9956,0.7026,0.2961,0.0,0.0,0.0,0.0,0.0,-11.0,-108.0,-23.0,0,0
18553,3.1416,-0.9956,0.7026,0.2961,0.0,0.0,0.0,0.0,0.0,-13.0,-111.0,-23.0,0,0
18566,3.1416,-0.9971,0.7026,0.2961,0.0,0.0,0.0,0.0,0.0,-12.0,-110.0,-23.0,0,0
18578,3.1416,-0.9956,0.701,0.2961,0.0,0.0,0.0,0.0,2.0,-11.0,-113.0,-23.0,0,0
18590,3.1416,-0.9956,0.7026,0.2961,0.0,0.0,0.0,0.0,0.0,-13.0,-110.0,-26.0,1,0
18602,3.1416,-0.9956,0.7026,0.2961,0.0,0.0,0.0,0.0,0.0,-12.0,-113.0,-25.0,1,0
18611,3.1416,-0.9956,0.7026,0.2961,0.0,0.0,0.0,0.0,2.0,-11.0,-112.0,-23.0,1,0
18623,3.1416,-0.9956,0.7026,0.2961,0.0,0.0,0.0,0.0,1.0,-12.0,-110.0,-25.0,1,0
18635,3.1416,-0.9956,0.7026,0.2961,0.0,0.0,0.0,0.0,0.0,-12.0,-110.0,-25.0,1,0
18648,3.1416,-0.9956,0.7026,0.2961,0.0,0.0,0.0,0.0,0.0,-13.0,-112.0,-23.0,1,0
18660,3.1416,-0.9956,0.7026,0.2961,0.0,0.0,0.0,0.0,0.0,-11.0,-113.0,-24.0,1,0
18668,3.1416,-0.9956,0.7026,0.2961,0.0,0.0,0.0,0.0,0.0,-12.0,-111.0,-23.0,1,0
18680,3.1416,-0.9956,0.701,0.2961,0.0,0.0,0.0,0.0,0.0,-12.0,-111.0,-24.0,1,0
18693,3.1416,-0.9956,0.7026,0.2961,0.0,0.0,0.0,0.0,1.0,-12.0,-109.0,-24.0,2,0
18705,3.1416,-0.9956,0.7026,0.2961,0.0,0.0,0.0,0.0,3.0,-11.0,-113.0,-23.0,1,0
18713,3.1416,-0.9956,0.7026,0.2976,0.0,0.0,0.0,0.0,1.0,-13.0,-112.0,-23.0,1,0
18725,3.1416,-0.9971,0.7026,0.2961,0.0,0.0,0.0,0.0,1.0,-12.0,-112.0,-24.0,1,0
18738,3.1416,-0.9956,0.7026,0.2961,0.0,0.0,0.0,0.0,0.0,-11.0,-111.0,-23.0,1,0
18750,3.1416,-0.9971,0.7026,0.2961,0.0,0.0,0.0,0.0,0.0,-12.0,-111.0,-23.0,1,0
18762,3.1416,-0.9971,0.701,0.2961,0.0,0.0,0.0,0.0,0.0,-12.0,-112.0,-23.0,1,0
18770,3.1416,-0.9971,0.701,0.2961,0.0,0.0,0.0,0.0,0.0,-12.0,-112.0,-23.0,1,0
18783,3.1416,-0.9956,0.7026,0.2961,0.0,0.0,0.0,0.0,0.0,-13.0,-112.0,-24.0,1,0
18795,3.1416,-0.9956,0.7026,0.2961,0.0,0.0,0.0,0.0,0.0,-12.0,-113.0,-23.0,1,0
18807,3.1416,-0.9956,0.7026,0.2961,0.0,0.0,0.0,0.0,0.0,-12.0,-111.0,-23.0,1,0
18820,3.1416,-0.9956,0.701,0.2961,0.0,0.0,0.0,0.0,0.0,-12.0,-114.0,-23.0,1,0
18828,3.1416,-0.9956,0.7026,0.2961,0.0,0.0,0.0,0.0,0.0,-12.0,-113.0,-25.0,1,0
18840,3.1416,-0.9956,0.7026,0.2961,0.0,0.0,0.0,0.0,0.0,-11.0,-113.0,-23.0,1,0
18852,3.1416,-0.9956,0.7026,0.2961,0.0,0.0,0.0,0.0,0.0,-10.0,-114.0,-23.0,1,0
18865,3.1416,-0.9956,0.7026,0.2961,0.0,0.0,0.0,0.0,0.0,-10.0,-113.0,-25.0,1,0
18877,3.1416,-0.9971,0.7026,0.2961,0.0,0.0,0.0,0.0,0.0,-11.0,-113.0,-25.0,1,0
18885,3.1416,-0.9956,0.7026,0.2961,0.0,0.0,0.0,0.0,0.0,-11.0,-113.0,-23.0,1,0
18897,3.1416,-0.9956,0.7026,0.2961,0.0,0.0,0.0,0.0,0.0,-12.0,-114.0,-22.0,2,0
18910,3.1416,-0.9956,0.7026,0.2961,0.0,0.0,0.0,0.0,0.0,-11.0,-115.0,-24.0,2,0
18922,3.1416,-0.9956,0.7026,0.2961,0.0,0.0,0.0,0.0,0.0,-11.0,-111.0,-27.0,1,0
18934,3.1416,-0.9956,0.7026,0.2961,0.0,0.0,0.0,0.0,0.0,-12.0,-115.0,-24.0,1,0
18942,3.1416,-0.9971,0.7026,0.2961,0.0,0.0,0.0,0.0,0.0,-12.0,-114.0,-25.0,1,0
18955,3.1416,-0.9956,0.7026,0.2961,0.0,0.0,0.0,0.0,0.0,-12.0,-115.0,-24.0,2,0
18967,3.1416,-0.9956,0.701,0.2961,0.0,0.0,0.0,0.0,0.0,-12.0,-111.0,-25.0,2,0
18979,3.1416,-0.9956,0.701,0.2961,0.0,0.0,0.0,0.0,0.0,-11.0,-114.0,-23.0,2,0
18992,3.1416,-0.9956,0.701,0.2961,0.0,0.0,0.0,0.0,0.0,-10.0,-115.0,-23.0,2,0
19000,3.1416,-0.9956,0.701,0.2961,0.0,0.0,0.0,0.0,0.0,-10.0,-115.0,-23.0,2,0
19012,3.1401,-0.9971,0.7026,0.2961,0.0,0.0,0.0,0.0,0.0,-9.0,-110.0,-23.0,2,0
19024,3.1416,-0.9971,0.7026,0.2961,0.0,0.0,0.0,0.0,0.0,-9.0,-112.0,-25.0,2,0
19037,3.1416,-0.9956,0.701,0.2961,0.0,0.0,0.0,0.0,0.0,-12.0,-115.0,-22.0,2,0
19049,3.1416,-0.9956,0.7026,0.2961,0.0,0.0,0.0,0.0,0.0,-12.0,-114.0,-23.0,2,0
19057,3.1416,-0.9956,0.7026,0.2961,0.0,0.0,0.0,0.0,0.0,-12.0,-113.0,-23.0,2,0
19069,3.1416,-0.9956,0.7026,0.2961,0.0,0.0,0.0,0.0,0.0,-13.0,-115.0,-25.0,1,0
19082,3.1416,-0.9971,0.7026,0.2961,0.0,0.0,0.0,0.0,0.0,-11.0,-115.0,-24.0,2,0
19094,3.1416,-0.9956,0.7026,0.2853,0.0,0.0,0.0,0.0,0.0,-11.0,-117.0,28.0,2,0
19106,3.1416,-0.9971,0.7041,0.293,0.0,0.0,0.0,-0.0719,0.0,-10.0,-130.0,-12.0,2,0
19114,3.1401,-0.9956,0.7056,0.2961,0.0,0.0,0.0,-0.0479,0.0,-13.0,-166.0,-20.0,2,0
19127,3.1385,-0.9956,0.7102,0.2976,0.0,0.0,0.024,0.0,25.0,-21.0,-206.0,-28.0,2,0
19139,3.1385,-0.994,0.7118,0.2976,-0.024,0.0,0.0719,0.0,17.0,-36.0,-219.0,-30.0,2,0
19151,3.1416,-0.994,0.7133,0.2976,-0.024,0.0,0.1198,0.0,-2.0,-44.0,-218.0,-29.0,0,0
19160,3.1447,-0.9925,0.7164,0.2961,0.0,0.024,0.1438,0.0,-8.0,-53.0,-201.0,-28.0,0,0
19172,3.1447,-0.991,0.7148,0.2961,0.024,0.0479,0.1918,0.0719,-1.0,-37.0,-175.0,-26.0,4,0
19184,3.1431,-0.9925,0.7148,0.2961,0.024,0.0479,0.1678,0.024,2.0,-34.0,-176.0,-25.0,4,0
19196,3.1401,-0.9925,0.7133,0.2961,0.024,0.0479,0.1438,0.0,0.0,-33.0,-166.0,-22.0,4,0
19209,3.137,-0.9925,0.7133,0.2961,0.0,0.024,0.0719,0.0,16.0,-34.0,-155.0,-21.0,3,0
19217,3.1385,-0.9925,0.7118,0.2961,0.0,0.024,0.024,0.0,19.0,-32.0,-135.0,-20.0,4,0
19229,3.1385,-0.9925,0.7118,0.2961,-0.024,0.0,0.0,0.0,11.0,-25.0,-143.0,-22.0,3,0
19241,3.1401,-0.9925,0.7118,0.2961,-0.0479,0.0,-0.024,0.0,-5.0,-17.0,-145.0,-22.0,3,0
19254,3.1416,-0.994,0.7102,0.2961,-0.024,0.0,-0.0719,0.0,0.0,-28.0,-133.0,-24.0,1,0
19266,3.1431,-0.994,0.7087,0.2961,0.0,0.0,-0.0719,0.0,-2.0,-29.0,-123.0,-21.0,0,0
19274,3.1447,-0.994,0.7072,0.2961,0.024,0.0,-0.0719,0.0,-5.0,-29.0,-119.0,-22.0,0,0
19286,3.1447,-0.994,0.7056,0.2976,0.0479,0.0,-0.0719,0.0,-2.0,-29.0,-127.0,-23.0,0,0
19299,3.1447,-0.994,0.7056,0.2961,0.0719,0.0,-0.0959,0.0,0.0,-29.0,-124.0,-22.0,0,0
19311,3.1431,-0.994,0.7056,0.2961,0.0479,0.0,-0.0959,0.0,0.0,-29.0,-119.0,-22.0,0,0
19323,3.1401,-0.994,0.7041,0.2961,0.0,0.0,-0.0959,0.0,0.0,-29.0,-107.0,-23.0,0,0
19332,3.1401,-0.994,0.7041,0.2961,0.0,0.0,-0.0719,0.0,8.0,-29.0,-102.0,-24.0,0,0
19344,3.1385,-0.994,0.701,0.2961,-0.024,0.0,-0.0719,0.0,7.0,-29.0,-105.0,-26.0,0,0
19356,3.1385,-0.994,0.701,0.2961,-0.0479,0.0,-0.0719,0.0,7.0,-29.0,-108.0,-23.0,0,0
19368,3.1385,-0.994,0.6995,0.2961,-0.0719,0.0,-0.0719,0.0,1.0,-29.0,-109.0,-23.0,0,0
19381,3.1401,-0.994,0.701,0.2961,-0.0479,0.0,-0.0479,0.0,-1.0,-29.0,-113.0,-23.0,0,0
19389,3.1401,-0.994,0.701,0.2961,-0.024,0.0,-0.0479,0.0,0.0,-29.0,-114.0,-23.0,0,0
19401,3.1416,-0.994,0.701,0.2961,0.0,0.0,-0.0479,0.0,0.0,-29.0,-111.0,-23.0,0,0
19413,3.1431,-0.994,0.701,0.2961,0.024,0.0,-0.024,0.0,-1.0,-29.0,-113.0,-23.0,0,0
19426,3.1431,-0.994,0.701,0.2961,0.0479,0.0,0.0,0.0,0.0,-29.0,-115.0,-23.0,0,0
19438,3.1431,-0.994,0.701,0.2961,0.0479,0.0,0.0,0.0,0.0,-30.0,-116.0,-24.0,0,0
19446,3.1431,-0.994,0.701,0.2961,0.0479,0.0,0.0,0.0,0.0,-30.0,-115.0,-23.0,0,0
19459,3.1431,-0.994,0.701,0.2961,0.024,0.0,0.0,0.0,0.0,-29.0,-116.0,-23.0,0,0
19471,3.1431,-0.994,0.701,0.2961,0.024,0.0,0.0,0.0,1.0,-29.0,-114.0,-22.0,0,0
19483,3.1416,-0.994,0.701,0.2961,0.0,0.0,0.0,0.0,0.0,-29.0,-114.0,-22.0,1,0
19495,3.1416,-0.994,0.701,0.2961,0.0,0.0,0.0,0.0,0.0,-29.0,-114.0,-23.0,1,0
19504,3.1416,-0.994,0.701,0.2961,0.0,0.0,0.0,0.0,0.0,-29.0,-116.0,-23.0,0,0
19516,3.1416,-0.994,0.701,0.2961,0.0,0.0,0.0,0.0,0.0,-27.0,-113.0,-23.0,1,0
19528,3.1416,-0.994,0.701,0.2961,0.0,0.0,0.0,0.0,0.0,-27.0,-114.0,-24.0,0,0
19540,3.1416,-0.994,0.701,0.2961,0.0,0.0,0.0,0.0,0.0,-27.0,-115.0,-23.0,0,0
19553,3.1416,-0.994,0.701,0.2961,0.0,0.0,0.0,0.0,0.0,-27.0,-116.0,-25.0,0,0
19561,3.1416,-0.994,0.701,0.2961,0.0,0.0,0.0,0.0,0.0,-27.0,-116.0,-25.0,1,0
19573,3.1416,-0.994,0.701,0.2961,0.0,0.0,0.0,0.0,0.0,-27.0,-115.0,-23.0,0,0
19585,3.1416,-0.994,0.701,0.2961,0.0,0.0,0.0,0.0,0.0,-27.0,-114.0,-25.0,0,0
19598,3.1416,-0.994,0.701,0.2961,0.0,0.0,0.0,0.0,0.0,-27.0,-116.0,-23.0,0,0
19606,3.1416,-0.994,0.701,0.2961,0.0,0.0,0.0,0.0,0.0,-27.0,-114.0,-23.0,0,0
19618,3.1416,-0.994,0.701,0.2976,0.0,0.0,0.0,0.0,0.0,-26.0,-117.0,-24.0,0,0
19631,3.1416,-0.994,0.701,0.2961,0.0,0.0,0.0,0.0,0.0,-26.0,-115.0,-25.0,0,0
19643,3.1416,-0.994,0.701,0.2961,0.0,0.0,0.0,0.0,0.0,-26.0,-115.0,-24.0,0,0
19655,3.1416,-0.994,0.6995,0.2961,0.0,0.0,0.0,0.0,0.0,-26.0,-113.0,-23.0,1,0
19663,3.1416,-0.994,0.6995,0.2961,0.0,0.0,0.0,0.0,0.0,-26.0,-117.0,-23.0,1,0
19676,3.1416,-0.994,0.701,0.2961,0.0,0.0,0.0,0.0,0.0,-26.0,-115.0,-23.0,1,0
19688,3.1416,-0.994,0.701,0.2961,0.0,0.0,0.0,0.0,0.0,-26.0,-117.0,-25.0,1,0
19700,3.1416,-0.994,0.6995,0.2976,0.0,0.0,0.0,0.0,0.0,-26.0,-117.0,-23.0,1,0
19712,3.1416,-0.994,0.701,0.2961,0.0,0.0,0.0,0.0,0.0,-28.0,-117.0,-22.0,1,0
19721,3.1416,-0.994,0.701,0.2961,0.0,0.0,0.0,0.0,0.0,-28.0,-117.0,-22.0,1,0
19733,3.1416,-0.994,0.701,0.2961,0.0,0.0,0.0,0.0,0.0,-28.0,-117.0,-23.0,1,0
19745,3.1416,-0.994,0.701,0.2961,0.0,0.0,0.0,0.0,0.0,-28.0,-117.0,-23.0,1,0
19758,3.1416,-0.994,0.701,0.2961,0.0,0.0,0.0,0.0,0.0,-29.0,-117.0,-23.0,1,0
19770,3.1416,-0.994,0.701,0.2961,0.0,0.0,0.0,0.0,0.0,-29.0,-117.0,-23.0,1,0
19778,3.1416,-0.994,0.701,0.2961,0.0,0.0,0.0,0.0,0.0,-28.0,-118.0,-23.0,0,0
19790,3.1416,-0.994,0.701,0.2961,0.0,0.0,0.0,0.0,0.0,-28.0,-117.0,-23.0,1,0
19803,3.1416,-0.994,0.701,0.2961,0.0,0.0,0.0,0.0,0.0,-29.0,-118.0,-23.0,1,0
19815,3.1416,-0.994,0.701,0.2961,0.0,0.0,0.0,0.0,0.0,-29.0,-120.0,-23.0,1,0
19827,3.1416,-0.994,0.701,0.2961,0.0,0.0,0.0,0.0,0.0,-28.0,-118.0,-24.0,0,0
19835,3.1416,-0.994,0.701,0.2961,0.0,0.0,0.0,0.0,0.0,-28.0,-116.0,-23.0,1,0
19848,3.1416,-0.994,0.701,0.2961,0.0,0.0,0.0,0.0,0.0,-28.0,-118.0,-23.0,1,0
19860,3.1416,-0.994,0.701,0.2961,0.0,0.0,0.0,0.0,0.0,-28.0,-116.0,-23.0,1,0
19872,3.1416,-0.994,0.701,0.2961,0.0,0.0,0.0,0.0,0.0,-29.0,-117.0,-23.0,1,0
19884,3.1416,-0.994,0.701,0.2976,0.0,0.0,0.0,0.0,0.0,-28.0,-119.0,-26.0,1,0
19893,3.1416,-0.994,0.701,0.2961,0.0,0.0,0.0,0.0,0.0,-28.0,-116.0,-23.0,0,0
19905,3.1416,-0.994,0.701,0.2961,0.0,0.0,0.0,0.0,0.0,-28.0,-118.0,-23.0,1,0
19917,3.1416,-0.994,0.701,0.2961,0.0,0.0,0.0,0.0,0.0,-28.0,-116.0,-24.0,0,0
19930,3.1416,-0.994,0.701,0.2961,0.0,0.0,0.0,0.0,0.0,-28.0,-118.0,-24.0,1,0
19942,3.1416,-0.994,0.701,0.2961,0.0,0.0,0.0,0.0,0.0,-28.0,-114.0,-24.0,0,0
19950,3.1416,-0.994,0.701,0.2961,0.0,0.0,0.0,0.0,0.0,-28.0,-114.0,-24.0,0,0
19962,3.1416,-0.994,0.6995,0.2961,0.0,0.0,0.0,0.0,0.0,-28.0,-117.0,-23.0,0,0
19975,3.1416,-0.994,0.701,0.2961,0.0,0.0,0.0,0.0,0.0,-28.0,-118.0,-25.0,0,0
19987,3.1416,-0.994,0.701,0.2961,0.0,0.0,0.0,0.0,0.0,-28.0,-118.0,-23.0,0,0
19999,3.1416,-0.994,0.701,0.2961,0.0,0.0,0.0,0.0,0.0,-28.0,-120.0,-25.0,0,0
20007,3.1416,-0.994,0.6995,0.2961,0.0,0.0,0.0,0.0,0.0,-28.0,-119.0,-23.0,0,0
20020,3.1416,-0.994,0.701,0.2961,0.0,0.0,0.0,0.0,0.0,-28.0,-118.0,-25.0,0,0
20032,3.1416,-0.994,0.701,0.2961,0.0,0.0,0.0,0.0,0.0,-31.0,-120.0,-23.0,0,0
20044,3.1416,-0.994,0.701,0.2961,0.0,0.0,0.0,0.0,0.0,-31.0,-117.0,-24.0,0,0
20052,3.1416,-0.994,0.701,0.2915,0.0,0.0,0.0,0.0,0.0,-31.0,-117.0,-17.0,0,0
20065,3.1431,-0.9956,0.7026,0.2853,0.0,0.0,0.0,-0.0479,-1.0,-6.0,-132.0,25.0,0,0
20077,3.1431,-0.9956,0.7041,0.2961,0.0,0.0,0.0,-0.0719,-6.0,-3.0,-165.0,-26.0,0,0
20089,3.1401,-0.9956,0.7087,0.2976,0.0,0.0,0.024,-0.024,7.0,-14.0,-222.0,-24.0,0,0
20102,3.1355,-0.9956,0.7164,0.2976,-0.0479,0.0,0.1438,0.0,30.0,-30.0,-271.0,-29.0,0,0
20110,3.1355,-0.9956,0.7164,0.2976,-0.0479,0.0,0.1438,0.0,30.0,-30.0,-271.0,-29.0,1,0
20126,3.1416,-0.994,0.721,0.2976,-0.024,0.0,0.2397,0.0479,-6.0,-35.0,-251.0,-26.0,40,1
20138,3.1431,-0.994,0.7225,0.2976,-0.024,0.0,0.2876,0.0959,-5.0,-31.0,-219.0,-29.0,13,1
20151,3.1431,-0.994,0.7225,0.2976,0.0,0.0,0.2876,0.0479,0.0,-31.0,-217.0,-25.0,10,0
20163,3.1385,-0.994,0.7225,0.2961,0.024,0.0,0.2157,0.0,7.0,-32.0,-212.0,-22.0,10,0
20175,3.1385,-0.994,0.721,0.2961,0.024,0.0,0.1438,0.0,7.0,-32.0,-216.0,-24.0,15,1
20188,3.137,-0.994,0.721,0.2961,0.0,0.0,0.0959,0.0,8.0,-32.0,-216.0,-23.0,30,1
20200,3.1385,-0.994,0.7225,0.2976,0.0,0.0,0.0479,0.0,9.0,-32.0,-220.0,-22.0,36,1
20212,3.1385,-0.994,0.7225,0.2961,-0.0479,0.0,0.0,0.0,8.0,-33.0,-221.0,-23.0,35,1
20224,3.1401,-0.994,0.7225,0.2961,-0.024,0.0,0.0,0.0,17.0,-32.0,-220.0,-23.0,26,1
20237,3.1401,-0.994,0.7225,0.2961,0.0,0.0,0.0,0.0,1.0,-31.0,-214.0,-25.0,22,1
20249,3.1385,-0.994,0.7225,0.2961,0.0,0.0,0.0,0.0,0.0,-32.0,-214.0,-25.0,20,1
20261,3.1385,-0.994,0.721,0.2961,0.0,0.0,0.0,0.0,0.0,-32.0,-216.0,-24.0,20,1
20274,3.1401,-0.994,0.721,0.2961,0.0,0.0,0.0,0.0,0.0,-31.0,-211.0,-24.0,18,1
20286,3.1401,-0.994,0.7194,0.2976,0.0,0.0,0.0,0.0,0.0,-30.0,-206.0,-22.0,15,1
20298,3.1401,-0.994,0.7179,0.2961,0.0,0.0,-0.024,0.0,0.0,-30.0,-194.0,-25.0,17,1
20310,3.1401,-0.994,0.7164,0.2961,0.0,0.0,-0.024,0.0,0.0,-31.0,-166.0,-24.0,14,1
20323,3.1431,-0.994,0.7118,0.2961,0.0,0.0,-0.0719,0.0,-7.0,-29.0,-125.0,-23.0,14,1
20335,3.1431,-0.994,0.7102,0.2961,0.024,0.0,-0.1198,0.0,-2.0,-29.0,-109.0,-24.0,15,1
20347,3.1431,-0.994,0.7056,0.2961,0.024,0.0,-0.1678,0.0,0.0,-29.0,-97.0,-24.0,1,0
20360,3.1416,-0.9956,0.7026,0.2961,0.024,0.0,-0.1918,0.0,6.0,-29.0,-93.0,-23.0,0,0
20372,3.137,-0.9956,0.698,0.2961,0.0,0.0,-0.2637,0.0,16.0,-29.0,-88.0,-23.0,0,0
20384,3.137,-0.9956,0.6964,0.2961,-0.024,0.0,-0.2637,0.0,13.0,-27.0,-88.0,-24.0,0,0
20392,3.1401,-0.994,0.6949,0.2961,-0.024,0.0,-0.2397,0.0,-2.0,-29.0,-91.0,-23.0,0,0
20405,3.1416,-0.9956,0.6949,0.2961,-0.024,0.0,-0.2397,0.0,-1.0,-27.0,-101.0,-23.0,0,0
20417,3.1431,-0.9956,0.6949,0.2961,-0.024,0.0,-0.1918,0.0,-6.0,-28.0,-105.0,-23.0,0,0
20429,3.1431,-0.994,0.6949,0.2961,0.0,0.0,-0.1678,0.0,0.0,-28.0,-108.0,-24.0,0,0
20442,3.1431,-0.994,0.6949,0.2961,0.0479,0.0,-0.0959,0.0,0.0,-27.0,-107.0,-25.0,0,0
20450,3.1431,-0.994,0.6949,0.2961,0.0479,0.0,-0.0959,0.0,0.0,-27.0,-107.0,-25.0,0,0
20462,3.1416,-0.9956,0.6949,0.2961,0.024,0.0,-0.024,0.0,0.0,-29.0,-107.0,-23.0,0,0
20474,3.1416,-0.9956,0.6949,0.2961,0.024,0.0,0.0,0.0,0.0,-28.0,-106.0,-23.0,0,0
20487,3.1416,-0.9956,0.6949,0.2961,0.0,0.0,0.0,0.0,0.0,-27.0,-106.0,-23.0,0,0
20495,3.1416,-0.994,0.6949,0.2961,0.0,0.0,0.0,0.0,0.0,-29.0,-107.0,-24.0,0,0
20507,3.1401,-0.9956,0.6949,0.2961,0.0,0.0,0.0,0.0,0.0,-29.0,-106.0,-26.0,0,0
20519,3.1401,-0.9956,0.6949,0.2976,-0.024,0.0,0.0,0.0,0.0,-29.0,-104.0,-26.0,1,0
20532,3.1401,-0.9956,0.6949,0.2961,-0.024,0.0,0.0,0.0,0.0,-29.0,-105.0,-23.0,0,0
20544,3.1401,-0.9956,0.6964,0.2976,-0.024,0.0,0.0,0.0,0.0,-28.0,-105.0,-24.0,0,0
20552,3.1401,-0.9956,0.6949,0.2976,-0.024,0.0,0.0,0.0,0.0,-28.0,-106.0,-23.0,0,0
20564,3.1401,-0.9956,0.6949,0.2976,-0.024,0.0,0.0,0.0,0.0,-25.0,-105.0,-23.0,0,0
20577,3.1401,-0.9956,0.6949,0.2961,0.0,0.0,0.0,0.0,0.0,-27.0,-104.0,-23.0,0,0
20589,3.1401,-0.9956,0.6949,0.2961,0.0,0.0,0.0,0.0,0.0,-28.0,-103.0,-23.0,0,0
20601,3.1401,-0.9956,0.6949,0.2976,0.0,0.0,0.0,0.0,0.0,-29.0,-105.0,-23.0,0,0
20609,3.1401,-0.9956,0.6949,0.2961,0.0,0.0,0.0,0.0,0.0,-28.0,-106.0,-23.0,1,0
20622,3.1401,-0.994,0.6949,0.2961,0.0,0.0,0.0,0.0,0.0,-28.0,-104.0,-23.0,1,0
20634,3.1401,-0.9956,0.6949,0.2961,0.0,0.0,0.0,0.0,0.0,-28.0,-105.0,-23.0,1,0
20646,3.1401,-0.9956,0.6949,0.2961,0.0,0.0,0.0,0.0,0.0,-28.0,-103.0,-24.0,1,0
20659,3.1401,-0.9956,0.6949,0.2961,0.0,0.0,0.0,0.0,0.0,-28.0,-107.0,-23.0,0,0
20667,3.1401,-0.994,0.6949,0.2961,0.0,0.0,0.0,0.0,0.0,-33.0,-104.0,-23.0,0,0
20679,3.1401,-0.9956,0.6949,0.2961,0.0,0.0,0.0,0.0,0.0,-34.0,-104.0,-24.0,0,0
20691,3.1401,-0.994,0.6949,0.2976,0.0,0.0,0.0,0.0,0.0,-34.0,-103.0,-23.0,1,0
20704,3.1401,-0.994,0.6949,0.2961,0.0,0.0,0.0,0.0,0.0,-34.0,-103.0,-23.0,1,0
20716,3.1401,-0.9956,0.6949,0.2961,0.0,0.0,0.0,0.0,0.0,-34.0,-104.0,-24.0,1,0
20724,3.1401,-0.9956,0.6949,0.2961,0.0,0.0,0.0,0.0,0.0,-34.0,-104.0,-24.0,1,0
20736,3.1401,-0.9956,0.6949,0.2961,0.0,0.0,0.0,0.0,0.0,-34.0,-103.0,-23.0,1,0
20749,3.1401,-0.994,0.6949,0.2961,0.0,0.0,0.0,0.0,0.0,-34.0,-104.0,-23.0,1,0
20761,3.1401,-0.9956,0.6949,0.2961,0.0,0.0,0.0,0.0,0.0,-34.0,-103.0,-23.0,1,0
20773,3.1401,-0.994,0.6949,0.2961,0.0,0.0,0.0,0.0,0.0,-34.0,-104.0,-23.0,1,0
20781,3.1401,-0.994,0.6949,0.2961,0.0,0.0,0.0,0.0,0.0,-34.0,-104.0,-23.0,0,0
20794,3.1401,-0.9956,0.6949,0.2961,0.0,0.0,0.0,0.0,0.0,-33.0,-104.0,-23.0,0,0
20806,3.1401,-0.9956,0.6964,0.2961,0.0,0.0,0.0,0.0,0.0,-34.0,-104.0,-23.0,0,0
20818,3.1401,-0.9956,0.6949,0.2961,0.0,0.0,0.0,0.0,0.0,-34.0,-104.0,-23.0,0,0
20831,3.1401,-0.9956,0.6949,0.2961,0.0,0.0,0.0,0.0,0.0,-34.0,-103.0,-24.0,0,0
20839,3.1401,-0.9956,0.6949,0.2961,0.0,0.0,0.0,0.0,0.0,-34.0,-103.0,-23.0,0,0
20851,3.1401,-0.994,0.6949,0.2961,0.0,0.0,0.0,0.0,0.0,-34.0,-103.0,-25.0,0,0
20863,3.1401,-0.994,0.6949,0.2961,0.0,0.0,0.0,0.0,0.0,-33.0,-103.0,-25.0,0,0
20876,3.1401,-0.9956,0.6949,0.2961,0.0,0.0,0.0,0.0,0.0,-33.0,-103.0,-23.0,0,0
20888,3.1401,-0.9956,0.6949,0.2961,0.0,0.0,0.0,0.0,0.0,-34.0,-103.0,-25.0,0,0
20896,3.1401,-0.9956,0.6949,0.2961,0.0,0.0,0.0,0.0,0.0,-34.0,-103.0,-25.0,0,0
20908,3.1401,-0.9956,0.6949,0.2961,0.0,0.0,0.0,0.0,0.0,-34.0,-103.0,-24.0,0,0
20921,3.1401,-0.9956,0.6949,0.2961,0.0,0.0,0.0,0.0,0.0,-34.0,-103.0,-24.0,0,0
20933,3.1401,-0.9956,0.6949,0.2961,0.0,0.0,0.0,0.0,0.0,-33.0,-103.0,-23.0,0,0
20941,3.1401,-0.9956,0.6949,0.2961,0.0,0.0,0.0,0.0,0.0,-33.0,-103.0,-23.0,0,0
20954,3.1401,-0.9956,0.6949,0.2961,0.0,0.0,0.0,0.0,0.0,-34.0,-103.0,-25.0,0,0
20966,3.1401,-0.9956,0.6949,0.2961,0.0,0.0,0.0,0.0,0.0,-34.0,-103.0,-24.0,0,0
20978,3.1401,-0.9956,0.6949,0.2961,0.0,0.0,0.0,0.0,0.0,-34.0,-102.0,-24.0,0,0
20990,3.1401,-0.9956,0.6949,0.2961,0.0,0.0,0.0,0.0,0.0,-34.0,-103.0,-23.0,1,0
20999,3.1401,-0.9956,0.6949,0.2961,0.0,0.0,0.0,0.0,0.0,-34.0,-103.0,-23.0,1,0
21011,3.1401,-0.994,0.6949,0.2961,0.0,0.0,0.0,0.0,0.0,-34.0,-102.0,-25.0,1,0
21023,3.1401,-0.9956,0.6949,0.2961,0.0,0.0,0.0,0.0,0.0,-34.0,-102.0,-23.0,1,0
21035,3.1401,-0.9956,0.6949,0.2961,0.0,0.0,0.0,0.0,0.0,-34.0,-102.0,-24.0,1,0
21048,3.1401,-0.9956,0.6949,0.2961,0.0,0.0,0.0,0.0,0.0,-34.0,-102.0,-23.0,1,0
21056,3.1401,-0.9956,0.6949,0.2961,0.0,0.0,0.0,0.0,0.0,-34.0,-102.0,-23.0,0,0
21068,3.1401,-0.9956,0.6949,0.2961,0.0,0.0,0.0,0.0,0.0,-34.0,-102.0,-23.0,1,0
21080,3.1401,-0.9956,0.6949,0.2976,0.0,0.0,0.0,0.0,0.0,-34.0,-102.0,-23.0,1,0
21093,3.1401,-0.9956,0.6949,0.2961,0.0,0.0,0.0,0.0,0.0,-34.0,-102.0,-24.0,1,0
21105,3.1401,-0.9956,0.6949,0.2961,0.0,0.0,0.0,0.0,0.0,-33.0,-102.0,-24.0,1,0
21113,3.1401,-0.9956,0.6949,0.2961,0.0,0.0,0.0,0.0,0.0,-34.0,-102.0,-23.0,1,0
21126,3.1401,-0.9956,0.6949,0.2961,0.0,0.0,0.0,0.0,0.0,-34.0,-102.0,-23.0,1,0
21138,3.1401,-0.9956,0.6949,0.2961,0.0,0.0,0.0,0.0,0.0,-34.0,-102.0,-25.0,1,0
21150,3.1401,-0.9956,0.6949,0.2961,0.0,0.0,0.0,0.0,0.0,-34.0,-102.0,-23.0,1,0
21162,3.1401,-0.9956,0.6949,0.2961,0.0,0.0,0.0,0.0,0.0,-34.0,-101.0,-24.0,1,0
21171,3.1401,-0.9956,0.6949,0.2961,0.0,0.0,0.0,0.0,0.0,-34.0,-101.0,-24.0,1,0
21183,3.1401,-0.9956,0.6949,0.2961,0.0,0.0,0.0,0.0,0.0,-34.0,-101.0,-23.0,1,0
21195,3.1401,-0.994,0.6949,0.2961,0.0,0.0,0.0,0.0,0.0,-34.0,-101.0,-23.0,1,0
21207,3.1401,-0.994,0.6949,0.2961,0.0,0.0,0.0,0.0,0.0,-34.0,-101.0,-24.0,1,0
21220,3.1401,-0.994,0.6934,0.2961,0.0,0.0,0.0,0.0,0.0,-36.0,-71.0,-21.0,1,0
21228,3.1401,-0.994,0.6918,0.2961,0.0,0.0,0.0,0.0,0.0,-71.0,-50.0,-16.0,1,0
21240,3.1416,-0.9894,0.6903,0.2961,0.0,0.024,-0.024,0.0,-9.0,-101.0,-69.0,-18.0,0,0
21253,3.1431,-0.9848,0.6918,0.2961,0.024,0.0959,-0.024,0.0,-3.0,-129.0,-90.0,-23.0,0,0
21265,3.1431,-0.9817,0.6918,0.2961,0.024,0.1198,-0.024,0.0,-5.0,-134.0,-89.0,-23.0,61,1
21277,3.1416,-0.9802,0.6918,0.2961,0.024,0.1678,-0.024,0.0,-10.0,-145.0,-88.0,-23.0,84,1
21289,3.1431,-0.9771,0.6918,0.2961,0.024,0.1918,-0.024,0.0,-7.0,-142.0,-88.0,-23.0,97,1
21302,3.1416,-0.9771,0.6918,0.2961,0.0,0.2157,0.0,0.0,0.0,-117.0,-87.0,-23.0,103,1
21318,3.1385,-0.9771,0.6918,0.2961,0.0,0.1918,0.0,0.0,0.0,-118.0,-86.0,-23.0,101,1
21330,3.137,-0.9756,0.6903,0.2961,-0.024,0.1438,0.0,0.0,10.0,-119.0,-80.0,-22.0,101,1
21343,3.1355,-0.9756,0.6903,0.2961,-0.0719,0.0959,0.0,0.0,29.0,-120.0,-75.0,-17.0,102,1
21359,3.1355,-0.9756,0.6903,0.2961,-0.0959,0.0479,0.0,0.0,26.0,-120.0,-81.0,-19.0,101,1
21371,3.1355,-0.9756,0.6918,0.2961,-0.0959,0.024,0.0,0.0,32.0,-121.0,-83.0,-22.0,101,1
21384,3.137,-0.9771,0.6918,0.2961,-0.0479,0.0,0.0,0.0,19.0,-122.0,-86.0,-23.0,100,1
21400,3.137,-0.9771,0.6918,0.2961,-0.024,0.0,0.0,0.0,8.0,-118.0,-84.0,-23.0,100,1
21412,3.1401,-0.9771,0.6918,0.2945,0.024,0.0,0.0,0.0,-4.0,-118.0,-83.0,-22.0,97,1
21425,3.1416,-0.9771,0.6918,0.2961,0.0479,0.0,0.0,0.0,0.0,-113.0,-80.0,-20.0,95,1
21437,3.1401,-0.9787,0.6903,0.2945,0.0479,0.0,0.0,0.0,0.0,-94.0,-79.0,-22.0,92,1
21449,3.1385,-0.9802,0.6903,0.2961,0.0479,-0.024,0.0,0.0,4.0,-68.0,-81.0,-23.0,87,1
21461,3.1385,-0.9833,0.6903,0.2961,0.024,-0.0479,0.0,0.0,9.0,-47.0,-82.0,-23.0,79,1
21474,3.1401,-0.9879,0.6903,0.2961,0.024,-0.0959,0.0,0.0,0.0,-24.0,-78.0,-21.0,63,1
21486,3.1401,-0.9894,0.6903,0.2961,0.0,-0.1198,0.0,0.0,0.0,-17.0,-76.0,-23.0,50,1
21498,3.1416,-0.9925,0.6903,0.2961,0.0,-0.1678,0.0,0.0,0.0,-17.0,-78.0,-23.0,36,1
21511,3.1401,-0.994,0.6903,0.2961,0.0,-0.1918,0.0,0.0,0.0,-29.0,-78.0,-22.0,22,1
21523,3.1416,-0.994,0.6903,0.2961,0.0,-0.1678,0.0,0.0,0.0,-35.0,-77.0,-23.0,8,0
21535,3.1416,-0.994,0.6903,0.2961,0.0,-0.1438,0.0,0.0,0.0,-46.0,-80.0,-23.0,4,0
21543,3.1416,-0.994,0.6903,0.2961,0.0,-0.1198,0.0,0.0,0.0,-46.0,-79.0,-23.0,4,0
21556,3.1416,-0.994,0.6903,0.2945,0.0,-0.0959,0.0,0.0,-4.0,-48.0,-78.0,-22.0,3,0
21568,3.1416,-0.994,0.6903,0.2961,0.0,-0.0479,0.0,0.0,0.0,-42.0,-77.0,-21.0,1,0
21580,3.1416,-0.994,0.6918,0.2961,0.0,-0.024,0.0,0.0,0.0,-48.0,-77.0,-21.0,1,0
21592,3.1416,-0.994,0.6918,0.2961,0.0,0.0,0.0,0.0,0.0,-46.0,-79.0,-22.0,1,0
21601,3.1416,-0.994,0.6918,0.2961,0.0,0.0,0.0,0.0,0.0,-46.0,-79.0,-22.0,1,0
21613,3.1416,-0.994,0.6903,0.2961,0.0,0.0,0.0,0.0,0.0,-44.0,-78.0,-20.0,1,0
21625,3.1416,-0.994,0.6903,0.2961,0.0,0.0,0.0,0.0,0.0,-43.0,-77.0,-23.0,1,0
21638,3.1416,-0.9956,0.6903,0.2961,0.0,0.0,0.0,0.0,0.0,-40.0,-78.0,-23.0,1,0
21646,3.1416,-0.994,0.6903,0.2961,0.0,0.0,0.0,0.0,0.0,-47.0,-77.0,-21.0,1,0
21658,3.1416,-0.994,0.6903,0.2961,0.0,0.0,0.0,0.0,0.0,-42.0,-77.0,-23.0,1,0
21670,3.1401,-0.994,0.6903,0.2961,0.0,0.0,0.0,0.0,0.0,-40.0,-78.0,-22.0,1,0
21683,3.1401,-0.994,0.6903,0.2961,0.0,0.0,0.0,0.0,0.0,-45.0,-76.0,-23.0,1,0
21695,3.1416,-0.9956,0.6903,0.2961,0.0,0.0,0.0,0.0,0.0,-34.0,-76.0,-22.0,1,0
21703,3.1416,-0.994,0.6903,0.2945,0.0,0.0,0.0,0.0,0.0,-41.0,-76.0,-19.0,1,0
21715,3.1416,-0.9956,0.6903,0.2961,0.0,0.0,0.0,0.0,0.0,-40.0,-76.0,-23.0,1,0
21728,3.1401,-0.994,0.6903,0.2961,0.0,0.0,0.0,0.0,0.0,-44.0,-75.0,-19.0,1,0
21740,3.1401,-0.9956,0.6903,0.2961,0.0,0.0,0.0,0.0,0.0,-47.0,-76.0,-22.0,1,0
21752,3.1416,-0.9956,0.6903,0.2961,0.0,0.0,0.0,0.0,0.0,-44.0,-75.0,-20.0,1,0
21760,3.1416,-0.9956,0.6903,0.2961,0.0,0.0,0.0,0.0,0.0,-44.0,-75.0,-20.0,1,0
21773,3.1401,-0.994,0.6903,0.2945,0.0,0.0,0.0,0.0,0.0,-38.0,-73.0,-22.0,0,0
21785,3.1416,-0.9956,0.6903,0.2961,0.0,0.0,0.0,0.0,0.0,-42.0,-75.0,-20.0,0,0
21797,3.1416,-0.9956,0.6903,0.2961,0.0,0.0,0.0,0.0,0.0,-39.0,-74.0,-23.0,0,0
21810,3.1416,-0.994,0.6903,0.2961,0.0,0.0,0.0,0.0,0.0,-37.0,-76.0,-17.0,0,0
21818,3.1416,-0.9956,0.6903,0.2945,0.0,0.0,0.0,0.0,0.0,-43.0,-72.0,-19.0,0,0
21830,3.1416,-0.9956,0.6903,0.2945,0.0,0.0,0.0,0.0,0.0,-43.0,-71.0,-22.0,1,0
21842,3.1416,-0.994,0.6903,0.2961,0.0,0.0,0.0,0.0,0.0,-41.0,-71.0,-20.0,1,0
21855,3.1416,-0.994,0.6903,0.2961,0.0,0.0,0.0,0.0,0.0,-40.0,-74.0,-21.0,1,0
21867,3.1416,-0.994,0.6903,0.2961,0.0,0.0,0.0,0.0,0.0,-41.0,-75.0,-22.0,1,0
21875,3.1401,-0.994,0.6903,0.2961,0.0,0.0,0.0,0.0,0.0,-41.0,-74.0,-21.0,1,0
21887,3.1416,-0.994,0.6903,0.2961,0.0,0.0,0.0,0.0,0.0,-36.0,-70.0,-22.0,0,0
21900,3.1416,-0.9956,0.6918,0.2961,0.0,0.0,0.0,0.0,0.0,-34.0,-72.0,-23.0,1,0
21912,3.1416,-0.994,0.6903,0.2945,0.0,0.0,0.0,0.0,0.0,-36.0,-72.0,-20.0,1,0
21924,3.1416,-0.9956,0.6903,0.2961,0.0,0.0,0.0,0.0,0.0,-35.0,-72.0,-23.0,1,0
21932,3.1416,-0.9956,0.6903,0.2961,0.0,0.0,0.0,0.0,0.0,-36.0,-71.0,-21.0,1,0
21945,3.1416,-0.9956,0.6903,0.2961,0.0,0.0,0.0,0.0,0.0,-38.0,-70.0,-21.0,0,0
21957,3.1416,-0.9956,0.6903,0.2961,0.0,0.0,0.0,0.0,0.0,-37.0,-68.0,-23.0,0,0
21969,3.1416,-0.9956,0.6903,0.2945,0.0,0.0,0.0,0.0,0.0,-38.0,-71.0,-22.0,1,0
21982,3.1416,-0.9956,0.6903,0.2961,0.0,0.0,0.0,0.0,0.0,-35.0,-74.0,-21.0,1,0
21990,3.1416,-0.9956,0.6903,0.2961,0.0,0.0,0.0,0.0,0.0,-35.0,-74.0,-21.0,0,0
22002,3.1416,-0.9956,0.6903,0.2961,0.0,0.0,0.0,0.0,0.0,-40.0,-68.0,-20.0,0,0
22014,3.1416,-0.9956,0.6903,0.2961,0.0,0.0,0.0,0.0,0.0,-36.0,-73.0,-21.0,1,0
22027,3.1416,-0.9956,0.6903,0.2945,0.0,0.0,0.0,0.0,0.0,-39.0,-70.0,-23.0,0,0
22039,3.1416,-0.9956,0.6903,0.2961,0.0,0.0,0.0,0.0,0.0,-38.0,-69.0,-22.0,0,0
22047,3.1416,-0.9956,0.6918,0.2961,0.0,0.0,0.0,0.0,0.0,-37.0,-69.0,-23.0,0,0
22059,3.1416,-0.994,0.6903,0.2961,0.0,0.0,0.0,0.0,0.0,-35.0,-67.0,-24.0,0,0
22072,3.1416,-0.9956,0.6903,0.2961,0.0,0.0,0.0,0.0,0.0,-42.0,-70.0,-20.0,0,0
22084,3.1416,-0.994,0.6903,0.2961,0.0,0.0,0.0,0.0,0.0,-42.0,-67.0,-20.0,0,0
22092,3.1416,-0.994,0.6903,0.2961,0.0,0.0,0.0,0.0,0.0,-34.0,-67.0,-22.0,0,0
22104,3.1401,-0.9956,0.6903,0.2961,0.0,0.0,0.0,0.0,0.0,-41.0,-67.0,-21.0,1,0
22117,3.1401,-0.9956,0.6903,0.2961,0.0,0.0,0.0,0.0,0.0,-38.0,-72.0,-22.0,0,0
22129,3.1416,-0.9956,0.6903,0.2961,0.0,0.0,0.0,0.0,0.0,-37.0,-68.0,-21.0,1,0
22141,3.1416,-0.9956,0.6903,0.2945,0.0,0.0,0.0,0.0,0.0,-38.0,-69.0,-21.0,1,0
22149,3.1401,-0.9956,0.6903,0.2961,0.0,0.0,0.0,0.0,0.0,-35.0,-69.0,-20.0,0,0
22162,3.1416,-0.9956,0.6903,0.2961,0.0,0.0,0.0,0.0,0.0,-37.0,-70.0,-23.0,0,0
22174,3.1416,-0.9956,0.6903,0.2961,0.0,0.0,0.0,0.0,0.0,-41.0,-72.0,-23.0,0,0
22186,3.1401,-0.994,0.6903,0.2961,0.0,0.0,0.0,0.0,0.0,-36.0,-69.0,-21.0,0,0
22199,3.1416,-0.9956,0.6903,0.2961,0.0,0.0,0.0,0.0,0.0,-37.0,-66.0,-21.0,1,0
22207,3.1416,-0.994,0.6903,0.2961,0.0,0.0,0.0,0.0,0.0,-36.0,-67.0,-23.0,0,0
22219,3.1401,-0.9956,0.6903,0.2961,0.0,0.0,0.0,0.0,0.0,-37.0,-68.0,-19.0,1,0
22231,3.1416,-0.994,0.6903,0.2961,0.0,0.0,0.0,0.0,0.0,-37.0,-71.0,-21.0,0,0
22244,3.1401,-0.9956,0.6903,0.2945,0.0,0.0,0.0,0.0,0.0,-36.0,-66.0,-23.0,1,0
22256,3.1416,-0.9956,0.6903,0.2961,0.0,0.0,0.0,0.0,0.0,-34.0,-67.0,-23.0,1,0
22264,3.1416,-0.9956,0.6903,0.2961,0.0,0.0,0.0,0.0,0.0,-34.0,-67.0,-23.0,1,0
22276,3.1416,-0.9956,0.6903,0.2961,0.0,0.0,0.0,0.0,0.0,-42.0,-64.0,-23.0,0,0
22289,3.1401,-0.9956,0.6903,0.2961,0.0,0.0,0.0,0.0,0.0,-33.0,-68.0,-21.0,0,0
22301,3.1416,-0.994,0.6903,0.2961,0.0,0.0,0.0,0.0,0.0,-34.0,-64.0,-21.0,0,0
22313,3.1416,-0.9956,0.6903,0.2961,0.0,0.0,0.0,0.0,0.0,-33.0,-70.0,-23.0,0,0
22322,3.1401,-0.9956,0.6903,0.2961,0.0,0.0,0.0,0.0,0.0,-34.0,-64.0,-21.0,0,0
22334,3.1416,-0.9956,0.6903,0.2961,0.0,0.0,0.0,0.0,0.0,-37.0,-68.0,-19.0,0,0
22346,3.1416,-0.994,0.6903,0.2961,0.0,0.0,0.0,0.0,0.0,-34.0,-64.0,-23.0,0,0
22358,3.1416,-0.9956,0.6903,0.2961,0.0,0.0,0.0,0.0,0.0,-35.0,-63.0,-21.0,0,0
22371,3.1385,-0.994,0.6888,0.2945,0.0,0.0,0.0,0.0,2.0,-45.0,-48.0,-13.0,1,0
22379,3.1385,-0.991,0.6842,0.293,0.0,0.0,-0.024,0.0,15.0,-98.0,1.0,0.0,1,0
22391,3.1385,-0.9863,0.6842,0.2884,-0.024,0.024,-0.0479,-0.024,11.0,-172.0,0.0,6.0,1,0
22403,3.1401,-0.9756,0.6872,0.2961,-0.024,0.1678,-0.0719,-0.024,2.0,-227.0,-68.0,-19.0,1,0
22416,3.1401,-0.971,0.6903,0.2976,-0.024,0.2397,-0.0479,0.0,4.0,-243.0,-108.0,-24.0,1,0
22428,3.1401,-0.9649,0.6918,0.2976,0.0,0.3116,-0.024,0.0,1.0,-258.0,-112.0,-28.0,66,1
22440,3.1401,-0.9618,0.6949,0.2961,0.0,0.3835,0.0,0.0,0.0,-252.0,-115.0,-27.0,80,1
22453,3.1401,-0.9587,0.6949,0.2961,0.0,0.4075,0.1198,0.0719,0.0,-223.0,-82.0,-22.0,105,1
22465,3.1401,-0.9587,0.6949,0.2961,0.0,0.3835,0.1198,0.0479,0.0,-206.0,-79.0,-18.0,105,1
22481,3.1401,-0.9603,0.6949,0.2961,0.0,0.3116,0.1198,0.024,0.0,-201.0,-80.0,-16.0,112,1
22494,3.1385,-0.9618,0.6934,0.2961,0.0,0.1678,0.0479,0.0,10.0,-180.0,-59.0,-12.0,111,1
22506,3.1385,-0.9633,0.6918,0.2961,0.0,0.0959,0.0,0.0,10.0,-158.0,-64.0,-12.0,105,1
22522,3.1401,-0.9679,0.6934,0.2961,0.0,-0.024,0.0,0.0,0.0,-124.0,-76.0,-15.0,100,1
22535,3.1385,-0.9695,0.6934,0.2961,0.0,-0.0719,0.0,0.0,3.0,-113.0,-77.0,-16.0,97,1
22547,3.1401,-0.9725,0.6934,0.2961,0.0,-0.1198,0.0,0.0,0.0,-109.0,-77.0,-16.0,90,1
22559,3.1401,-0.9741,0.6934,0.2961,0.0,-0.1438,0.0,0.0,0.0,-109.0,-77.0,-16.0,81,1
22571,3.1401,-0.9771,0.6934,0.2961,0.0,-0.1678,0.0,0.0,0.0,-94.0,-77.0,-16.0,72,1
22584,3.1401,-0.9833,0.6934,0.2961,0.0,-0.2157,0.0,0.0,0.0,-48.0,-76.0,-16.0,57,1
22596,3.1401,-0.9863,0.6934,0.2961,0.0,-0.2397,0.0,0.0,0.0,-34.0,-75.0,-16.0,44,1
22608,3.1401,-0.991,0.6934,0.2961,0.0,-0.2397,0.0,0.0,0.0,-18.0,-74.0,-16.0,31,1
22621,3.1401,-0.9925,0.6934,0.2961,0.0,-0.2637,0.0,0.0,0.0,-11.0,-72.0,-16.0,14,1
22633,3.1401,-0.9971,0.6934,0.2961,0.0,-0.2876,0.0,0.0,0.0,-9.0,-69.0,-16.0,7,0
22646,3.1401,-0.9986,0.6934,0.2961,0.0,-0.2876,0.0,0.0,0.0,-9.0,-73.0,-16.0,5,0
22653,3.1401,-0.9986,0.6934,0.2961,0.0,-0.2637,0.0,0.0,0.0,-17.0,-75.0,-16.0,4,0
22666,3.1401,-0.9986,0.6934,0.2961,0.0,-0.2157,0.0,0.0,0.0,-24.0,-75.0,-16.0,3,0
22678,3.1401,-1.0002,0.6934,0.2961,0.0,-0.1918,0.0,0.0,0.0,-31.0,-74.0,-17.0,3,0
22690,3.1416,-1.0002,0.6934,0.2961,0.0,-0.1438,0.0,0.0,0.0,-29.0,-75.0,-16.0,3,0
22702,3.1401,-0.9986,0.6934,0.2961,0.0,-0.0719,0.0,0.0,0.0,-30.0,-74.0,-16.0,2,0
22711,3.1401,-0.9986,0.6934,0.2961,0.0,-0.0719,0.0,0.0,0.0,-30.0,-74.0,-16.0,2,0
22723,3.1401,-0.9986,0.6934,0.2961,0.0,-0.024,0.0,0.0,0.0,-31.0,-74.0,-16.0,2,0
22735,3.1401,-1.0002,0.6934,0.2961,0.0,0.0,0.0,0.0,0.0,-30.0,-74.0,-16.0,2,0
22747,3.1401,-1.0002,0.6934,0.2961,0.0,0.0,0.0,0.0,0.0,-31.0,-74.0,-16.0,2,0
22760,3.1401,-1.0002,0.6934,0.2961,0.0,0.0,0.0,0.0,0.0,-31.0,-73.0,-16.0,1,0
22768,3.1401,-1.0002,0.6934,0.2961,0.0,0.0,0.0,0.0,0.0,-28.0,-74.0,-16.0,1,0
22780,3.1401,-1.0002,0.6934,0.2961,0.0,0.0,0.0,0.0,0.0,-27.0,-75.0,-16.0,1,0
22793,3.1401,-1.0002,0.6934,0.2961,0.0,0.0,0.0,0.0,0.0,-30.0,-72.0,-16.0,1,0
22805,3.1401,-1.0002,0.6934,0.2961,0.0,0.0,0.0,0.0,0.0,-37.0,-75.0,-16.0,1,0
22817,3.1401,-1.0002,0.6934,0.2961,0.0,0.0,0.0,0.0,0.0,-37.0,-74.0,-16.0,0,0
22825,3.1401,-1.0002,0.6934,0.2961,0.0,0.0,0.0,0.0,0.0,-36.0,-75.0,-16.0,1,0
22838,3.1401,-1.0002,0.6934,0.2961,0.0,0.0,0.0,0.0,0.0,-31.0,-75.0,-16.0,1,0
22850,3.1401,-1.0002,0.6934,0.2961,0.0,0.0,0.0,0.0,0.0,-30.0,-73.0,-16.0,1,0
22862,3.1401,-1.0002,0.6934,0.2961,0.0,0.0,0.0,0.0,0.0,-30.0,-74.0,-16.0,1,0
22874,3.1401,-1.0002,0.6934,0.2961,0.0,0.0,0.0,0.0,0.0,-30.0,-71.0,-16.0,1,0
22883,3.1401,-0.9986,0.6934,0.2961,0.0,0.0,0.0,0.0,0.0,-30.0,-69.0,-16.0,1,0
22895,3.1401,-1.0002,0.6934,0.2961,0.0,0.0,0.0,0.0,0.0,-30.0,-71.0,-16.0,0,0
22907,3.1401,-1.0002,0.6934,0.2961,0.0,0.0,0.0,0.0,0.0,-30.0,-71.0,-16.0,0,0
22920,3.1401,-1.0002,0.6934,0.2961,0.0,0.0,0.0,0.0,0.0,-28.0,-68.0,-16.0,0,0
22932,3.1401,-1.0002,0.6934,0.2961,0.0,0.0,0.0,0.0,0.0,-28.0,-68.0,-16.0,0,0
22940,3.1401,-1.0002,0.6934,0.2961,0.0,0.0,0.0,0.0,0.0,-28.0,-68.0,-16.0,0,0
22952,3.1401,-1.0002,0.6934,0.2961,0.0,0.0,0.0,0.0,0.0,-28.0,-70.0,-16.0,0,0
22965,3.1401,-1.0002,0.6934,0.2961,0.0,0.0,0.0,0.0,0.0,-28.0,-69.0,-16.0,0,0
22977,3.1401,-1.0002,0.6934,0.2961,0.0,0.0,0.0,0.0,0.0,-27.0,-73.0,-16.0,0,0
22985,3.1401,-1.0002,0.6934,0.2961,0.0,0.0,0.0,0.0,0.0,-28.0,-70.0,-16.0,0,0
22997,3.1401,-1.0002,0.6934,0.2961,0.0,0.0,0.0,0.0,0.0,-28.0,-68.0,-16.0,0,0
23010,3.1401,-1.0002,0.6934,0.2961,0.0,0.0,0.0,0.0,0.0,-28.0,-73.0,-16.0,0,0
23022,3.1401,-1.0002,0.6934,0.2961,0.0,0.0,0.0,0.0,0.0,-24.0,-73.0,-16.0,0,0
23035,3.1401,-1.0002,0.6934,0.2961,0.0,0.0,0.0,0.0,0.0,-28.0,-72.0,-16.0,0,0
23042,3.1401,-1.0002,0.6934,0.2961,0.0,0.0,0.0,0.0,0.0,-28.0,-69.0,-16.0,0,0
23055,3.1401,-1.0002,0.6934,0.2961,0.0,0.0,0.0,0.0,0.0,-27.0,-72.0,-16.0,0,0
23067,3.1401,-1.0002,0.6934,0.2961,0.0,0.0,0.0,0.0,0.0,-26.0,-66.0,-16.0,0,0
23079,3.1401,-1.0002,0.6934,0.2961,0.0,0.0,0.0,0.0,0.0,-25.0,-66.0,-16.0,1,0
23092,3.1401,-1.0002,0.6934,0.2961,0.0,0.0,0.0,0.0,0.0,-25.0,-66.0,-16.0,1,0
23100,3.1401,-1.0002,0.6934,0.2961,0.0,0.0,0.0,0.0,0.0,-25.0,-66.0,-16.0,1,0
23112,3.1401,-1.0002,0.6934,0.2961,0.0,0.0,0.0,0.0,0.0,-25.0,-66.0,-16.0,1,0
23125,3.1401,-1.0002,0.6934,0.2961,0.0,0.0,0.0,0.0,0.0,-25.0,-69.0,-16.0,1,0
23137,3.1401,-0.9986,0.6934,0.2961,0.0,0.0,0.0,0.0,0.0,-22.0,-67.0,-16.0,1,0
23149,3.1401,-1.0002,0.6934,0.2961,0.0,0.0,0.0,0.0,0.0,-17.0,-69.0,-16.0,1,0
23157,3.1401,-1.0002,0.6934,0.2961,0.0,0.0,0.0,0.0,0.0,-16.0,-71.0,-16.0,1,0
23170,3.1401,-1.0002,0.6934,0.2961,0.0,0.0,0.0,0.0,0.0,-16.0,-71.0,-16.0,1,0
23182,3.1401,-1.0002,0.6934,0.2961,0.0,0.0,0.0,0.0,0.0,-18.0,-70.0,-16.0,2,0
23194,3.1401,-1.0002,0.6934,0.2961,0.0,0.0,0.0,0.0,0.0,-17.0,-71.0,-16.0,2,0
23206,3.1401,-1.0002,0.6934,0.2961,0.0,0.0,0.0,0.0,0.0,-16.0,-72.0,-16.0,1,0
23214,3.1401,-1.0002,0.6934,0.2961,0.0,0.0,0.0,0.0,0.0,-16.0,-71.0,-16.0,1,0
23227,3.1401,-1.0002,0.6934,0.2961,0.0,0.0,0.0,0.0,0.0,-16.0,-71.0,-16.0,1,0
23239,3.1401,-1.0002,0.6934,0.2961,0.0,0.0,0.0,0.0,0.0,-16.0,-68.0,-16.0,1,0
23251,3.1401,-1.0002,0.6934,0.2961,0.0,0.0,0.0,0.0,0.0,-16.0,-72.0,-16.0,1,0
23264,3.1401,-1.0002,0.6934,0.2961,0.0,0.0,0.0,0.0,0.0,-15.0,-69.0,-16.0,1,0
23272,3.1401,-1.0002,0.6934,0.2961,0.0,0.0,0.0,0.0,0.0,-13.0,-70.0,-16.0,1,0
23284,3.1401,-1.0002,0.6934,0.2961,0.0,0.0,0.0,0.0,0.0,-15.0,-69.0,-16.0,1,0
23296,3.1401,-1.0002,0.6934,0.2961,0.0,0.0,0.0,0.0,0.0,-13.0,-65.0,-16.0,0,0
23309,3.1401,-1.0002,0.6934,0.2961,0.0,0.0,0.0,0.0,0.0,-13.0,-71.0,-16.0,0,0
23321,3.1401,-1.0002,0.6934,0.2961,0.0,0.0,0.0,0.0,0.0,-16.0,-73.0,-16.0,0,0
23329,3.1401,-1.0002,0.6934,0.2961,0.0,0.0,0.0,0.0,0.0,-13.0,-68.0,-16.0,0,0
23341,3.1401,-1.0002,0.6918,0.2961,0.0,0.0,0.0,0.0,0.0,-13.0,-65.0,-16.0,0,0
23354,3.1401,-1.0002,0.6934,0.2961,0.0,0.0,0.0,0.0,0.0,-18.0,-72.0,-16.0,0,0
23366,3.1401,-1.0002,0.6934,0.2961,0.0,0.0,0.0,0.0,0.0,-15.0,-67.0,-16.0,0,0
23378,3.1401,-1.0002,0.6934,0.2961,0.0,0.0,0.0,0.0,0.0,-21.0,-69.0,-16.0,0,0
23386,3.1401,-1.0002,0.6934,0.2961,0.0,0.0,0.0,0.0,0.0,-18.0,-71.0,-16.0,0,0
23399,3.1401,-1.0002,0.6934,0.2961,0.0,0.0,0.0,0.0,0.0,-14.0,-64.0,-16.0,0,0
23411,3.1401,-1.0002,0.6934,0.2961,0.0,0.0,0.0,0.0,0.0,-18.0,-63.0,-16.0,0,0
23423,3.1401,-1.0002,0.6918,0.2961,0.0,0.0,0.0,0.0,0.0,-18.0,-70.0,-16.0,0,0
23432,3.1401,-1.0002,0.6934,0.2961,0.0,0.0,0.0,0.0,0.0,-22.0,-70.0,-16.0,1,0
23444,3.1401,-1.0002,0.6934,0.2961,0.0,0.0,0.0,0.0,0.0,-15.0,-71.0,-16.0,1,0
23456,3.1401,-1.0002,0.6934,0.2961,0.0,0.0,0.0,0.0,0.0,-15.0,-66.0,-16.0,1,0
23468,3.1401,-1.0002,0.6934,0.2961,0.0,0.0,0.0,0.0,0.0,-15.0,-66.0,-16.0,1,0
23481,3.1401,-0.9986,0.6934,0.2961,0.0,0.0,0.0,0.0,0.0,-16.0,-71.0,-16.0,1,0
23489,3.1401,-1.0002,0.6934,0.2961,0.0,0.0,0.0,0.0,0.0,-17.0,-66.0,-16.0,1,0
23501,3.1401,-1.0002,0.6934,0.2961,0.0,0.0,0.0,0.0,0.0,-18.0,-69.0,-16.0,0,0
23513,3.1401,-1.0002,0.6934,0.2961,0.0,0.0,0.0,0.0,0.0,-21.0,-69.0,-16.0,0,0
23526,3.1401,-1.0002,0.6934,0.2961,0.0,0.0,0.0,0.0,0.0,-16.0,-67.0,-16.0,0,0
23538,3.1401,-1.0002,0.6934,0.2961,0.0,0.0,0.0,0.0,0.0,-18.0,-70.0,-16.0,0,0
23546,3.1401,-0.9986,0.6934,0.2961,0.0,0.0,0.0,0.0,0.0,-18.0,-65.0,-16.0,0,0
23558,3.1401,-1.0002,0.6934,0.2961,0.0,0.0,0.0,0.0,0.0,-18.0,-67.0,-16.0,0,0
23571,3.1401,-1.0002,0.6934,0.2961,0.0,0.0,0.0,0.0,0.0,-16.0,-68.0,-16.0,1,0
23583,3.1401,-1.0002,0.6934,0.2961,0.0,0.0,0.0,0.0,0.0,-19.0,-68.0,-16.0,1,0
23595,3.1401,-0.9986,0.6934,0.2961,0.0,0.0,0.0,0.0,0.0,-14.0,-67.0,-16.0,1,0
23604,3.1401,-1.0002,0.6934,0.2961,0.0,0.0,0.0,0.0,0.0,-17.0,-65.0,-16.0,1,0
23616,3.1401,-1.0002,0.6934,0.2961,0.0,0.0,0.0,0.0,0.0,-16.0,-66.0,-16.0,0,0
23628,3.1401,-1.0017,0.6934,0.2961,0.0,0.0,0.0,0.0,0.0,-9.0,-65.0,-16.0,0,0
23640,3.1447,-1.0017,0.6934,0.2961,0.0,0.0,0.0,0.0,-11.0,0.0,-67.0,-16.0,0,0
23653,3.1447,-1.0017,0.6918,0.2961,0.0479,-0.024,0.0,0.0,-4.0,0.0,-61.0,-16.0,0,0
23661,3.1447,-1.0017,0.6918,0.2961,0.0479,-0.024,0.0,0.0,-4.0,0.0,-61.0,-16.0,0,0
23673,3.1401,-1.0002,0.6934,0.2961,0.024,0.0,0.0,0.0,0.0,-18.0,-68.0,-16.0,0,0
23685,3.1401,-0.9986,0.6934,0.2961,0.0,0.0,0.0,0.0,0.0,-26.0,-71.0,-16.0,0,0
23698,3.1431,-0.9986,0.6949,0.2961,0.0,0.0,0.0,0.0,0.0,-26.0,-91.0,-17.0,67,1
23710,3.1431,-0.9986,0.6949,0.2961,0.0,0.024,0.0,0.0,-2.0,-15.0,-94.0,-17.0,104,1
23726,3.1431,-0.9986,0.6949,0.2961,0.0,0.024,0.024,0.0,-8.0,-17.0,-71.0,-16.0,112,1
23739,3.1431,-1.0002,0.6949,0.2961,0.0,0.024,0.024,0.0,-6.0,-13.0,-68.0,-15.0,110,1
23751,3.1431,-1.0002,0.6949,0.2961,0.0,0.0,0.024,0.0,-1.0,-9.0,-61.0,-15.0,96,1
23763,3.1416,-1.0032,0.6949,0.2961,0.0,0.0,0.0,0.0,0.0,0.0,-72.0,-15.0,78,1
23776,3.1401,-1.0032,0.6949,0.2961,0.0,-0.024,0.0,0.0,0.0,0.0,-70.0,-16.0,67,1
23788,3.1401,-1.0032,0.6949,0.2961,-0.024,-0.024,0.0,0.0,0.0,0.0,-68.0,-16.0,57,1
23800,3.1385,-1.0017,0.6949,0.2961,-0.024,-0.024,0.0,0.0,0.0,0.0,-71.0,-16.0,60,1
23812,3.137,-1.0002,0.6949,0.2961,-0.0719,0.0,0.0,0.0,5.0,-7.0,-69.0,-16.0,60,1
23825,3.1385,-1.0017,0.6949,0.2961,-0.0719,0.0,0.0,0.0,-2.0,-8.0,-69.0,-16.0,53,1
23837,3.1401,-1.0002,0.6949,0.2961,-0.0479,0.0,0.0,0.0,0.0,-6.0,-71.0,-16.0,33,1
23849,3.1401,-1.0017,0.6949,0.2961,-0.024,0.024,0.0,0.0,0.0,-7.0,-66.0,-16.0,11,1
23862,3.1416,-1.0002,0.6949,0.2961,0.0,0.0,0.0,0.0,0.0,-7.0,-71.0,-16.0,9,0
23874,3.1416,-1.0017,0.6949,0.2961,0.024,0.0,0.0,0.0,0.0,-4.0,-70.0,-16.0,5,0
23886,3.1416,-1.0017,0.6949,0.2961,0.0479,0.0,0.0,0.0,0.0,-7.0,-72.0,-16.0,4,0
23898,3.1401,-1.0017,0.6949,0.2961,0.024,0.0,0.0,0.0,0.0,-6.0,-70.0,-16.0,4,0
23907,3.1416,-1.0002,0.6949,0.2961,0.024,0.0,0.0,0.0,0.0,-5.0,-68.0,-16.0,4,0
23919,3.1416,-1.0002,0.6949,0.2961,0.024,0.0,0.0,0.0,0.0,-5.0,-70.0,-16.0,3,0
23931,3.1416,-1.0002,0.6949,0.2961,0.0,0.0,0.0,0.0,0.0,-5.0,-69.0,-16.0,3,0
23943,3.1401,-1.0002,0.6949,0.2961,0.0,0.0,0.0,0.0,0.0,-8.0,-68.0,-16.0,3,0
23956,3.1416,-1.0002,0.6949,0.2961,0.0,0.0,0.0,0.0,0.0,-5.0,-68.0,-16.0,3,0
23964,3.1401,-1.0002,0.6949,0.2961,0.0,0.0,0.0,0.0,0.0,-6.0,-70.0,-16.0,3,0
23976,3.1401,-1.0002,0.6949,0.2961,0.0,0.0,0.0,0.0,0.0,-4.0,-69.0,-16.0,3,0
23989,3.1401,-1.0002,0.6949,0.2961,0.0,0.0,0.0,0.0,0.0,-4.0,-67.0,-16.0,3,0
24001,3.1416,-1.0002,0.6949,0.2961,0.0,0.0,0.0,0.0,0.0,-4.0,-66.0,-16.0,2,0
24013,3.1416,-1.0002,0.6949,0.2961,0.0,0.0,0.0,0.0,0.0,-2.0,-72.0,-16.0,2,0
24021,3.1416,-1.0002,0.6949,0.2961,0.0,0.0,0.0,0.0,0.0,-2.0,-72.0,-16.0,2,0
24034,3.1401,-1.0017,0.6949,0.2961,0.0,0.0,0.0,0.0,0.0,-3.0,-68.0,-16.0,2,0
24046,3.1401,-1.0017,0.6949,0.2961,0.0,0.0,0.0,0.0,0.0,-5.0,-66.0,-16.0,2,0
24058,3.1401,-1.0002,0.6949,0.2961,0.0,0.0,0.0,0.0,0.0,-3.0,-71.0,-16.0,1,0
24066,3.1401,-1.0017,0.6949,0.2961,0.0,0.0,0.0,0.0,0.0,-5.0,-65.0,-16.0,2,0
24079,3.1401,-1.0002,0.6949,0.2961,0.0,0.0,0.0,0.0,0.0,-3.0,-72.0,-16.0,2,0
24091,3.1401,-1.0002,0.6949,0.2961,0.0,0.0,0.0,0.0,0.0,-3.0,-65.0,-16.0,2,0
24103,3.1401,-1.0002,0.6949,0.2961,0.0,0.0,0.0,0.0,0.0,-1.0,-66.0,-16.0,2,0
24116,3.1401,-1.0002,0.6949,0.2961,0.0,0.0,0.0,0.0,0.0,-1.0,-67.0,-16.0,2,0
24124,3.1401,-1.0002,0.6949,0.2961,0.0,0.0,0.0,0.0,0.0,-1.0,-71.0,-16.0,2,0
24136,3.1401,-1.0002,0.6949,0.2961,0.0,0.0,0.0,0.0,0.0,-1.0,-71.0,-16.0,2,0
24148,3.1401,-1.0002,0.6949,0.2961,0.0,0.0,0.0,0.0,0.0,0.0,-72.0,-16.0,2,0
24161,3.1401,-1.0002,0.6949,0.2961,0.0,0.0,0.0,0.0,0.0,0.0,-69.0,-16.0,2,0
24173,3.1401,-1.0002,0.6949,0.2961,0.0,0.0,0.0,0.0,0.0,0.0,-67.0,-16.0,2,0
24181,3.1401,-1.0002,0.6949,0.2961,0.0,0.0,0.0,0.0,0.0,0.0,-67.0,-16.0,2,0
24193,3.1401,-1.0002,0.6949,0.2961,0.0,0.0,0.0,0.0,0.0,0.0,-69.0,-16.0,2,0
24206,3.1401,-1.0002,0.6949,0.2961,0.0,0.0,0.0,0.0,0.0,0.0,-71.0,-16.0,2,0
24218,3.1401,-1.0002,0.6949,0.2961,0.0,0.0,0.0,0.0,0.0,0.0,-69.0,-16.0,2,0
24230,3.1401,-1.0002,0.6949,0.2961,0.0,0.0,0.0,0.0,0.0,0.0,-71.0,-16.0,2,0
24238,3.1401,-1.0002,0.6949,0.2961,0.0,0.0,0.0,0.0,0.0,0.0,-67.0,-15.0,2,0
24251,3.1401,-1.0002,0.6949,0.2961,0.0,0.0,0.0,0.0,0.0,0.0,-69.0,-16.0,2,0
24263,3.1401,-1.0002,0.6949,0.2961,0.0,0.0,0.0,0.0,0.0,0.0,-65.0,-16.0,1,0
24275,3.1401,-1.0002,0.6949,0.2961,0.0,0.0,0.0,0.0,0.0,0.0,-72.0,-16.0,2,0
24288,3.1401,-1.0002,0.6949,0.2961,0.0,0.0,0.0,0.0,0.0,0.0,-71.0,-16.0,2,0
24296,3.1401,-1.0002,0.6949,0.2961,0.0,0.0,0.0,0.0,0.0,0.0,-67.0,-16.0,1,0
24308,3.1401,-1.0002,0.6949,0.2961,0.0,0.0,0.0,0.0,0.0,0.0,-69.0,-16.0,1,0
24320,3.1401,-1.0002,0.6949,0.2961,0.0,0.0,0.0,0.0,0.0,0.0,-69.0,-16.0,1,0
24333,3.1401,-1.0002,0.6949,0.2961,0.0,0.0,0.0,0.0,0.0,0.0,-67.0,-16.0,1,0
24345,3.1401,-1.0002,0.6949,0.2961,0.0,0.0,0.0,0.0,0.0,0.0,-66.0,-16.0,1,0
24353,3.1401,-1.0002,0.6949,0.2961,0.0,0.0,0.0,0.0,0.0,0.0,-68.0,-16.0,1,0
24365,3.1401,-1.0017,0.6949,0.2961,0.0,0.0,0.0,0.0,0.0,0.0,-68.0,-16.0,1,0
24378,3.1401,-1.0002,0.6949,0.2961,0.0,0.0,0.0,0.0,0.0,0.0,-66.0,-16.0,1,0
24390,3.1401,-1.0002,0.6949,0.2961,0.0,0.0,0.0,0.0,0.0,0.0,-66.0,-16.0,1,0
24402,3.1401,-1.0002,0.6949,0.2961,0.0,0.0,0.0,0.0,0.0,0.0,-68.0,-16.0,1,0
24410,3.1401,-1.0002,0.6949,0.2961,0.0,0.0,0.0,0.0,0.0,0.0,-68.0,-16.0,1,0
24423,3.1401,-1.0002,0.6949,0.2961,0.0,0.0,0.0,0.0,0.0,0.0,-66.0,-15.0,1,0
24435,3.1401,-1.0002,0.6949,0.2961,0.0,0.0,0.0,0.0,0.0,0.0,-69.0,-16.0,1,0
24447,3.1401,-1.0002,0.6949,0.2961,0.0,0.0,0.0,0.0,0.0,0.0,-68.0,-16.0,1,0
24460,3.1401,-1.0017,0.6949,0.2961,0.0,0.0,0.0,0.0,0.0,0.0,-67.0,-16.0,1,0
24468,3.1401,-1.0002,0.6949,0.2961,0.0,0.0,0.0,0.0,0.0,0.0,-66.0,-16.0,1,0
24480,3.1401,-1.0002,0.6949,0.2961,0.0,0.0,0.0,0.0,0.0,0.0,-67.0,-16.0,1,0
24492,3.1401,-1.0002,0.6949,0.2961,0.0,0.0,0.0,0.0,0.0,0.0,-66.0,-16.0,1,0
24505,3.1401,-1.0002,0.6949,0.2961,0.0,0.0,0.0,0.0,0.0,0.0,-64.0,-16.0,1,0
24513,3.1401,-1.0002,0.6949,0.2961,0.0,0.0,0.0,0.0,0.0,0.0,-66.0,-16.0,1,0
24525,3.1401,-1.0002,0.6949,0.2961,0.0,0.0,0.0,0.0,0.0,0.0,-65.0,-16.0,1,0
24537,3.1401,-1.0017,0.6949,0.2961,0.0,0.0,0.0,0.0,0.0,0.0,-68.0,-16.0,1,0
24550,3.1401,-1.0002,0.6949,0.2961,0.0,0.0,0.0,0.0,0.0,0.0,-65.0,-16.0,1,0
24562,3.1401,-1.0002,0.6949,0.2961,0.0,0.0,0.0,0.0,0.0,0.0,-68.0,-16.0,1,0
24570,3.1401,-1.0002,0.6949,0.2961,0.0,0.0,0.0,0.0,0.0,0.0,-68.0,-16.0,1,0
24582,3.1401,-1.0002,0.6949,0.2961,0.0,0.0,0.0,0.0,0.0,0.0,-67.0,-16.0,1,0
24595,3.1401,-1.0002,0.6949,0.2961,0.0,0.0,0.0,0.0,0.0,0.0,-67.0,-16.0,1,0
24607,3.1401,-1.0002,0.6949,0.2961,0.0,0.0,0.0,0.0,0.0,0.0,-64.0,-16.0,1,0
24619,3.1401,-1.0002,0.6949,0.2961,0.0,0.0,0.0,0.0,0.0,0.0,-69.0,-16.0,1,0
24627,3.1401,-1.0002,0.6949,0.2961,0.0,0.0,0.0,0.0,0.0,0.0,-64.0,-16.0,1,0
24640,3.1401,-1.0002,0.6949,0.2961,0.0,0.0,0.0,0.0,0.0,0.0,-66.0,-16.0,1,0
24652,3.1401,-1.0002,0.6949,0.2976,0.0,0.0,0.0,0.0,0.0,0.0,-66.0,-16.0,1,0
24664,3.1401,-1.0002,0.6949,0.2961,0.0,0.0,0.0,0.0,0.0,0.0,-67.0,-16.0,1,0
24677,3.1401,-1.0002,0.6949,0.2961,0.0,0.0,0.0,0.0,0.0,0.0,-63.0,-16.0,1,0
24685,3.1401,-1.0002,0.6949,0.2961,0.0,0.0,0.0,0.0,0.0,0.0,-65.0,-16.0,1,0
24697,3.1401,-1.0002,0.6949,0.2961,0.0,0.0,0.0,0.0,0.0,0.0,-67.0,-15.0,1,0
24709,3.1401,-1.0017,0.6949,0.2961,0.0,0.0,0.0,0.0,0.0,0.0,-64.0,-15.0,1,0
24722,3.1431,-1.0017,0.6949,0.2961,0.0,0.0,0.0,0.0,-9.0,0.0,-67.0,-16.0,0,0
24734,3.1447,-1.0002,0.6949,0.2961,0.024,0.0,0.0,0.0,-33.0,0.0,-66.0,-16.0,0,0
24742,3.1431,-1.0002,0.6949,0.2961,0.0479,0.0,0.0,0.0,-12.0,0.0,-65.0,-16.0,0,0
24754,3.1431,-1.0002,0.6949,0.2961,0.0479,0.0,0.0,0.0,1.0,0.0,-67.0,-16.0,0,0
24767,3.1431,-1.0002,0.6949,0.2961,0.0479,0.0,0.0,0.0,-5.0,0.0,-65.0,-16.0,0,0
24779,3.1416,-1.0002,0.6949,0.2961,0.024,0.0,0.0,0.0,-11.0,0.0,-67.0,-16.0,46,1
24791,3.1416,-1.0002,0.6949,0.2976,0.024,0.0,0.0,0.0,-6.0,0.0,-65.0,-16.0,56,1
24804,3.1416,-1.0002,0.6949,0.2961,0.0,0.0,0.0,0.0,-12.0,0.0,-64.0,-16.0,68,1
24816,3.1431,-1.0002,0.6949,0.2961,0.0,0.0,0.0,0.0,-8.0,0.0,-65.0,-16.0,79,1
24828,3.1431,-1.0002,0.6949,0.2961,0.0,0.0,0.0,0.0,-12.0,0.0,-65.0,-16.0,88,1
24840,3.1431,-1.0002,0.6949,0.2961,0.0,0.0,0.0,0.0,-12.0,0.0,-64.0,-16.0,96,1
24857,3.1431,-1.0002,0.6949,0.2961,0.0,0.0,0.0,0.0,-10.0,0.0,-65.0,-16.0,101,1
24869,3.1431,-1.0002,0.6949,0.2961,0.0,0.0,0.0,0.0,-12.0,0.0,-64.0,-16.0,102,1
24881,3.1431,-1.0002,0.6949,0.2961,0.0,0.0,0.0,0.0,-11.0,0.0,-63.0,-16.0,103,1
24894,3.1431,-1.0002,0.6949,0.2961,0.0,0.0,0.0,0.0,-10.0,0.0,-63.0,-16.0,104,1
24910,3.1431,-1.0002,0.6949,0.2961,0.0,0.0,0.0,0.0,-12.0,0.0,-63.0,-16.0,103,1
24922,3.1431,-1.0017,0.6949,0.2961,0.0,0.0,0.0,0.0,-12.0,0.0,-63.0,-16.0,102,1
24935,3.1416,-1.0002,0.6949,0.2961,0.0,0.0,0.0,0.0,-12.0,0.0,-64.0,-16.0,100,1
24947,3.1431,-1.0002,0.6949,0.2961,0.0,0.0,0.0,0.0,-12.0,1.0,-64.0,-16.0,98,1
24959,3.1431,-1.0002,0.6949,0.2961,0.0,0.0,0.0,0.0,-9.0,0.0,-65.0,-16.0,97,1
24976,3.1416,-1.0002,0.6949,0.2961,0.0,0.0,0.0,0.0,-1.0,0.0,-62.0,-16.0,94,1
24988,3.1416,-1.0017,0.6949,0.2961,0.0,0.0,0.0,0.0,0.0,0.0,-63.0,-16.0,85,1
25000,3.1401,-1.0002,0.6949,0.2961,0.0,0.0,0.0,0.0,0.0,0.0,-63.0,-16.0,69,1
25013,3.1401,-1.0002,0.6949,0.2961,-0.024,0.0,0.0,0.0,-3.0,0.0,-62.0,-16.0,49,1
25025,3.1416,-1.0017,0.6949,0.2961,-0.024,0.0,0.0,0.0,-1.0,0.0,-62.0,-16.0,43,1
25037,3.1401,-1.0002,0.6949,0.2961,-0.024,0.0,0.0,0.0,0.0,0.0,-62.0,-16.0,24,1
25049,3.1401,-1.0002,0.6949,0.2961,-0.024,0.0,0.0,0.0,0.0,0.0,-63.0,-16.0,12,1
25062,3.1401,-1.0017,0.6949,0.2961,0.0,0.0,0.0,0.0,0.0,0.0,-63.0,-16.0,9,0
25070,3.1401,-1.0017,0.6949,0.2961,0.0,0.0,0.0,0.0,0.0,0.0,-63.0,-16.0,7,0
25082,3.1385,-1.0002,0.6949,0.2961,0.0,0.0,0.0,0.0,0.0,2.0,-62.0,-16.0,6,0
25094,3.1385,-1.0002,0.6949,0.2961,0.0,0.0,0.0,0.0,4.0,0.0,-62.0,-15.0,5,0
25107,3.1385,-1.0002,0.6949,0.2961,-0.024,0.0,0.0,0.0,-1.0,0.0,-62.0,-16.0,5,0
25119,3.1385,-1.0002,0.6949,0.2961,-0.024,0.0,0.0,0.0,0.0,0.0,-62.0,-16.0,5,0
25127,3.1385,-1.0002,0.6949,0.2961,-0.024,0.0,0.0,0.0,-1.0,0.0,-62.0,-16.0,4,0
25139,3.1401,-1.0002,0.6949,0.2961,0.0,0.0,0.0,0.0,0.0,0.0,-60.0,-16.0,4,0
25152,3.1401,-1.0002,0.6949,0.2961,0.0,0.0,0.0,0.0,0.0,0.0,-61.0,-16.0,3,0
25164,3.1401,-1.0002,0.6949,0.2961,0.0,0.0,0.0,0.0,0.0,0.0,-60.0,-16.0,2,0
25176,3.1401,-1.0002,0.6949,0.2961,0.0,0.0,0.0,0.0,0.0,0.0,-60.0,-16.0,2,0
25185,3.1401,-1.0002,0.6949,0.2961,0.0,0.0,0.0,0.0,0.0,0.0,-60.0,-16.0,2,0
25197,3.1401,-1.0002,0.6949,0.2961,0.0,0.0,0.0,0.0,0.0,0.0,-60.0,-16.0,2,0
25209,3.1401,-1.0002,0.6949,0.2961,0.0,0.0,0.0,0.0,0.0,1.0,-61.0,-16.0,2,0
25221,3.1401,-1.0002,0.6949,0.2961,0.0,0.0,0.0,0.0,0.0,1.0,-60.0,-16.0,2,0
25234,3.1401,-1.0002,0.6949,0.2961,0.0,0.0,0.0,0.0,0.0,0.0,-60.0,-16.0,1,0
25242,3.1401,-1.0002,0.6949,0.2961,0.0,0.0,0.0,0.0,0.0,0.0,-60.0,-16.0,1,0
25254,3.1401,-1.0002,0.6949,0.2961,0.0,0.0,0.0,0.0,0.0,0.0,-61.0,-16.0,1,0
25266,3.1401,-1.0002,0.6949,0.2961,0.0,0.0,0.0,0.0,0.0,0.0,-61.0,-16.0,1,0
25279,3.1401,-1.0017,0.6949,0.2961,0.0,0.0,0.0,0.0,0.0,0.0,-60.0,-16.0,2,0
25291,3.1401,-1.0002,0.6949,0.2961,0.0,0.0,0.0,0.0,0.0,0.0,-60.0,-16.0,1,0
25299,3.1401,-1.0002,0.6949,0.2961,0.0,0.0,0.0,0.0,0.0,0.0,-57.0,-16.0,1,0
25312,3.1401,-1.0002,0.6949,0.2961,0.0,0.0,0.0,0.0,0.0,0.0,-60.0,-16.0,1,0
25324,3.1401,-1.0002,0.6949,0.2961,0.0,0.0,0.0,0.0,0.0,3.0,-58.0,-16.0,1,0
25336,3.1401,-1.0002,0.6949,0.2961,0.0,0.0,0.0,0.0,0.0,0.0,-58.0,-16.0,1,0
25344,3.1401,-1.0002,0.6949,0.2961,0.0,0.0,0.0,0.0,0.0,0.0,-60.0,-16.0,1,0
25357,3.1401,-1.0002,0.6949,0.2961,0.0,0.0,0.0,0.0,0.0,0.0,-59.0,-16.0,1,0
25369,3.1401,-1.0002,0.6949,0.2961,0.0,0.0,0.0,0.0,0.0,0.0,-59.0,-16.0,1,0
25381,3.1401,-1.0002,0.6949,0.2961,0.0,0.0,0.0,0.0,0.0,0.0,-59.0,-16.0,0,0
25393,3.1401,-1.0002,0.6949,0.2961,0.0,0.0,0.0,0.0,0.0,0.0,-59.0,-16.0,1,0
25402,3.1401,-1.0002,0.6949,0.2961,0.0,0.0,0.0,0.0,0.0,0.0,-60.0,-16.0,1,0
25414,3.1401,-1.0002,0.6949,0.2961,0.0,0.0,0.0,0.0,0.0,0.0,-59.0,-16.0,1,0
25426,3.1401,-1.0002,0.6949,0.2961,0.0,0.0,0.0,0.0,0.0,0.0,-60.0,-16.0,1,0
25438,3.1401,-1.0002,0.6949,0.2961,0.0,0.0,0.0,0.0,0.0,0.0,-59.0,-16.0,1,0
25451,3.1401,-1.0002,0.6949,0.2961,0.0,0.0,0.0,0.0,0.0,0.0,-58.0,-16.0,1,0
25459,3.1401,-1.0002,0.6949,0.2961,0.0,0.0,0.0,0.0,0.0,0.0,-54.0,-16.0,1,0
25471,3.1401,-1.0002,0.6949,0.2961,0.0,0.0,0.0,0.0,0.0,0.0,-56.0,-16.0,1,0
25484,3.1401,-1.0002,0.6949,0.2961,0.0,0.0,0.0,0.0,0.0,0.0,-56.0,-16.0,1,0
25496,3.1401,-1.0002,0.6949,0.2961,0.0,0.0,0.0,0.0,0.0,0.0,-55.0,-16.0,1,0
25508,3.1401,-1.0002,0.6949,0.2961,0.0,0.0,0.0,0.0,0.0,0.0,-58.0,-16.0,1,0
25516,3.1401,-1.0002,0.6949,0.2961,0.0,0.0,0.0,0.0,0.0,0.0,-55.0,-16.0,1,0
25529,3.1401,-1.0002,0.6949,0.2961,0.0,0.0,0.0,0.0,0.0,0.0,-56.0,-16.0,1,0
25541,3.1401,-1.0002,0.6949,0.2961,0.0,0.0,0.0,0.0,0.0,0.0,-58.0,-16.0,1,0
25553,3.1401,-1.0017,0.6949,0.2961,0.0,0.0,0.0,0.0,0.0,0.0,-55.0,-16.0,1,0
25565,3.1401,-1.0002,0.6949,0.2961,0.0,0.0,0.0,0.0,0.0,0.0,-58.0,-16.0,1,0
25574,3.1401,-1.0002,0.6949,0.2961,0.0,0.0,0.0,0.0,0.0,1.0,-61.0,-16.0,1,0
25586,3.1401,-1.0002,0.6949,0.2961,0.0,0.0,0.0,0.0,0.0,2.0,-60.0,-16.0,0,0
25598,3.1401,-1.0002,0.6949,0.2961,0.0,0.0,0.0,0.0,0.0,0.0,-57.0,-16.0,0,0
25611,3.1401,-1.0002,0.6949,0.2961,0.0,0.0,0.0,0.0,0.0,0.0,-57.0,-16.0,0,0
25623,3.1401,-1.0002,0.6949,0.2961,0.0,0.0,0.0,0.0,0.0,0.0,-57.0,-16.0,0,0
25631,3.1401,-1.0002,0.6949,0.2961,0.0,0.0,0.0,0.0,0.0,0.0,-57.0,-16.0,0,0
25643,3.1401,-1.0002,0.6949,0.2961,0.0,0.0,0.0,0.0,0.0,0.0,-56.0,-16.0,0,0
25656,3.1401,-1.0002,0.6949,0.2961,0.0,0.0,0.0,0.0,0.0,6.0,-56.0,-16.0,0,0
25668,3.1401,-1.0002,0.6949,0.2961,0.0,0.0,0.0,0.0,0.0,4.0,-55.0,-16.0,0,0
25680,3.1401,-1.0002,0.6949,0.2961,0.0,0.0,0.0,0.0,0.0,6.0,-58.0,-16.0,0,0
25688,3.1401,-1.0002,0.6949,0.2961,0.0,0.0,0.0,0.0,0.0,7.0,-57.0,-16.0,0,0
25701,3.1401,-1.0002,0.6949,0.2961,0.0,0.0,0.0,0.0,0.0,7.0,-56.0,-16.0,0,0
25713,3.1401,-1.0002,0.6949,0.2961,0.0,0.0,0.0,0.0,0.0,10.0,-54.0,-16.0,0,0
25725,3.1401,-0.9986,0.6949,0.2961,0.0,0.0,0.0,0.0,0.0,10.0,-56.0,-16.0,0,0
25737,3.1401,-1.0002,0.6949,0.2961,0.0,0.0,0.0,0.0,0.0,7.0,-60.0,-16.0,0,0
25746,3.1401,-0.9986,0.6949,0.2961,0.0,0.0,0.0,0.0,0.0,10.0,-60.0,-16.0,0,0
25758,3.1401,-1.0002,0.6949,0.2961,0.0,0.0,0.0,0.0,0.0,9.0,-59.0,-16.0,1,0
25770,3.1401,-1.0002,0.6949,0.2961,0.0,0.0,0.0,0.0,0.0,10.0,-57.0,-16.0,1,0
25783,3.1401,-1.0002,0.6949,0.2961,0.0,0.0,0.0,0.0,0.0,10.0,-60.0,-16.0,1,0
25791,3.1401,-1.0002,0.6949,0.2961,0.0,0.0,0.0,0.0,0.0,10.0,-60.0,-16.0,1,0
25803,3.1401,-0.9986,0.6949,0.2961,0.0,0.0,0.0,0.0,0.0,9.0,-61.0,-16.0,0,0
25815,3.1401,-0.9986,0.6949,0.2961,0.0,0.0,0.0,0.0,0.0,5.0,-60.0,-16.0,0,0
25828,3.1401,-0.9986,0.6949,0.2961,0.0,0.0,0.0,0.0,0.0,5.0,-61.0,-16.0,0,0
25840,3.1401,-1.0002,0.6949,0.2961,0.0,0.0,0.0,0.0,0.0,12.0,-56.0,-16.0,0,0
25848,3.1401,-1.0002,0.6949,0.2961,0.0,0.0,0.0,0.0,0.0,1.0,-58.0,-16.0,0,0
25860,3.1401,-1.0002,0.6949,0.2961,0.0,0.0,0.0,0.0,0.0,16.0,-56.0,-16.0,0,0
25873,3.1401,-0.9986,0.6949,0.2961,0.0,0.0,0.0,0.0,0.0,9.0,-56.0,-16.0,0,0
25885,3.1401,-0.9986,0.6949,0.2961,0.0,0.0,0.0,0.0,0.0,4.0,-57.0,-16.0,1,0
25897,3.1401,-0.9986,0.6949,0.2961,0.0,0.0,0.0,0.0,0.0,0.0,-56.0,-16.0,1,0
25906,3.1401,-1.0002,0.6949,0.2961,0.0,0.0,0.0,0.0,0.0,6.0,-60.0,-16.0,1,0
25918,3.1401,-0.9986,0.6949,0.2961,0.0,0.0,0.0,0.0,0.0,6.0,-60.0,-16.0,1,0
25930,3.1401,-0.9986,0.6949,0.2961,0.0,0.0,0.0,0.0,0.0,2.0,-56.0,-16.0,0,0
25942,3.1401,-1.0002,0.6949,0.2961,0.0,0.0,0.0,0.0,0.0,9.0,-60.0,-16.0,0,0
25955,3.1401,-0.9986,0.6949,0.2961,0.0,0.0,0.0,0.0,0.0,0.0,-61.0,-16.0,0,0
25963,3.1401,-0.9986,0.6949,0.2961,0.0,0.0,0.0,0.0,0.0,3.0,-60.0,-16.0,0,0
25975,3.1401,-1.0002,0.6949,0.2961,0.0,0.0,0.0,0.0,0.0,6.0,-55.0,-16.0,0,0
25987,3.1401,-0.9986,0.6949,0.2961,0.0,0.0,0.0,0.0,0.0,7.0,-54.0,-16.0,0,0
26000,3.1401,-0.9986,0.6949,0.2961,0.0,0.0,0.0,0.0,0.0,10.0,-54.0,-16.0,0,0
26012,3.1401,-0.9986,0.6949,0.2961,0.0,0.0,0.0,0.0,-4.0,4.0,-57.0,-16.0,0,0
26020,3.1401,-0.9986,0.6949,0.2961,0.0,0.0,0.0,0.0,-4.0,4.0,-57.0,-16.0,0,0
26032,3.1401,-1.0002,0.6949,0.2961,0.0,0.0,0.0,0.0,0.0,0.0,-59.0,-16.0,0,0
26045,3.1401,-0.9986,0.6949,0.2961,0.0,0.0,0.0,0.0,0.0,7.0,-59.0,-16.0,0,0
26057,3.137,-0.9986,0.6949,0.2961,0.0,0.0,0.0,0.0,7.0,0.0,-55.0,-16.0,0,0
26069,3.1339,-0.9971,0.6949,0.2961,-0.024,0.0,0.0,0.0,18.0,0.0,-61.0,-16.0,41,1
26082,3.1339,-0.9956,0.6949,0.2961,-0.0719,0.024,0.0,0.0,31.0,-1.0,-57.0,-16.0,51,1
26094,3.1339,-0.9956,0.6949,0.2961,-0.0719,0.024,0.0,0.0,31.0,-1.0,-60.0,-16.0,56,1
26106,3.1339,-0.9956,0.6949,0.2961,-0.0719,0.024,0.0,0.0,33.0,-1.0,-60.0,-16.0,69,1
26119,3.1339,-0.9956,0.6949,0.2961,-0.0719,0.024,0.0,0.0,34.0,-1.0,-58.0,-16.0,80,1
26131,3.1339,-0.9956,0.6949,0.2961,-0.0479,0.024,0.0,0.0,35.0,-1.0,-57.0,-16.0,88,1
26143,3.1339,-0.9956,0.6949,0.2961,-0.024,0.024,0.0,0.0,36.0,-1.0,-55.0,-16.0,90,1
26155,3.1339,-0.9956,0.6949,0.2961,0.0,0.0,0.0,0.0,37.0,-1.0,-60.0,-16.0,93,1
26168,3.1339,-0.9956,0.6949,0.2961,0.0,0.0,0.0,0.0,35.0,-1.0,-57.0,-16.0,98,1
26184,3.1339,-0.9956,0.6949,0.2961,0.0,0.0,0.0,0.0,35.0,-1.0,-59.0,-16.0,103,1
26196,3.1339,-0.9956,0.6949,0.2961,0.0,0.0,0.0,0.0,33.0,-2.0,-59.0,-16.0,106,1
26209,3.1339,-0.9956,0.6949,0.2961,0.0,0.0,0.0,0.0,34.0,-3.0,-59.0,-16.0,107,1
26221,3.1355,-0.9956,0.6949,0.2961,0.0,0.0,0.0,0.0,37.0,-1.0,-55.0,-16.0,108,1
26237,3.1355,-0.9956,0.6949,0.2961,0.0,0.0,0.0,0.0,27.0,-1.0,-53.0,-16.0,106,1
26249,3.1355,-0.9956,0.6949,0.2961,0.0,0.0,0.0,0.0,18.0,-2.0,-58.0,-16.0,104,1
26262,3.1385,-0.9956,0.6949,0.2961,0.024,0.0,0.0,0.0,6.0,-1.0,-59.0,-16.0,98,1
26274,3.1385,-0.994,0.6949,0.2961,0.0479,0.0,0.0,0.0,0.0,-3.0,-54.0,-16.0,89,1
26286,3.1401,-0.994,0.6949,0.2961,0.0479,0.0,0.0,0.0,0.0,-4.0,-57.0,-16.0,74,1
26299,3.1401,-0.9956,0.6949,0.2961,0.0479,0.0,0.0,0.0,0.0,-1.0,-54.0,-16.0,56,1
26311,3.1401,-0.994,0.6949,0.2961,0.0479,0.0,0.0,0.0,1.0,-2.0,-55.0,-16.0,29,1
26323,3.1401,-0.994,0.6949,0.2961,0.0479,0.0,0.0,0.0,0.0,-6.0,-53.0,-16.0,13,1
26335,3.1401,-0.9956,0.6949,0.2961,0.024,0.0,0.0,0.0,0.0,-4.0,-54.0,-16.0,1,0
26348,3.1401,-0.994,0.6949,0.2961,0.024,0.0,0.0,0.0,0.0,-5.0,-56.0,-16.0,2,0
26360,3.1401,-0.9956,0.6949,0.2961,0.0,0.0,0.0,0.0,0.0,-3.0,-54.0,-16.0,3,0
26372,3.1401,-0.9956,0.6949,0.2961,0.0,0.0,0.0,0.0,0.0,-3.0,-54.0,-16.0,3,0
26381,3.1401,-0.9956,0.6949,0.2961,0.0,0.0,0.0,0.0,0.0,-3.0,-54.0,-16.0,2,0
26393,3.1401,-0.9956,0.6949,0.2961,0.0,0.0,0.0,0.0,0.0,-3.0,-54.0,-16.0,2,0
26405,3.1401,-0.9956,0.6949,0.2961,0.0,0.0,0.0,0.0,0.0,-4.0,-54.0,-16.0,2,0
26417,3.1401,-0.9956,0.6949,0.2961,0.0,0.0,0.0,0.0,0.0,-1.0,-53.0,-16.0,2,0
26426,3.1401,-0.994,0.6949,0.2961,0.0,0.0,0.0,0.0,0.0,-1.0,-53.0,-16.0,1,0
26438,3.1401,-0.994,0.6949,0.2961,0.0,0.0,0.0,0.0,0.0,-4.0,-57.0,-17.0,1,0
26450,3.1401,-0.9956,0.6949,0.2961,0.0,0.0,0.0,0.0,0.0,-1.0,-54.0,-16.0,1,0
26462,3.1401,-0.994,0.6949,0.2961,0.0,0.0,0.0,0.0,0.0,-4.0,-51.0,-16.0,1,0
26475,3.1401,-0.9956,0.6949,0.2961,0.0,0.0,0.0,0.0,0.0,-1.0,-54.0,-16.0,1,0
26483,3.1401,-0.994,0.6949,0.2961,0.0,0.0,0.0,0.0,0.0,-1.0,-54.0,-16.0,1,0
26495,3.1401,-0.9956,0.6949,0.2961,0.0,0.0,0.0,0.0,0.0,-7.0,-55.0,-16.0,1,0
26507,3.1401,-0.994,0.6949,0.2961,0.0,0.0,0.0,0.0,0.0,-1.0,-53.0,-16.0,1,0
26520,3.1401,-0.9956,0.6949,0.2961,0.0,0.0,0.0,0.0,0.0,-2.0,-53.0,-16.0,1,0
26532,3.1401,-0.9956,0.6949,0.2961,0.0,0.0,0.0,0.0,0.0,-1.0,-55.0,-16.0,0,0
26540,3.1401,-0.9956,0.6949,0.2961,0.0,0.0,0.0,0.0,0.0,-1.0,-55.0,-16.0,0,0
26553,3.1401,-0.9956,0.6949,0.2961,0.0,0.0,0.0,0.0,0.0,-7.0,-54.0,-16.0,0,0
26565,3.1401,-0.9956,0.6949,0.2961,0.0,0.0,0.0,0.0,0.0,-9.0,-56.0,-15.0,0,0
26577,3.1401,-0.9956,0.6949,0.2961,0.0,0.0,0.0,0.0,0.0,-9.0,-53.0,-15.0,0,0
26589,3.1401,-0.9956,0.6949,0.2961,0.0,0.0,0.0,0.0,0.0,-9.0,-56.0,-16.0,0,0
26598,3.1401,-0.9956,0.6949,0.2961,0.0,0.0,0.0,0.0,0.0,-9.0,-55.0,-16.0,0,0
26610,3.1401,-0.994,0.6949,0.2961,0.0,0.0,0.0,0.0,0.0,-9.0,-55.0,-16.0,0,0
26622,3.1401,-0.9956,0.6949,0.2961,0.0,0.0,0.0,0.0,2.0,-9.0,-51.0,-16.0,0,0
26634,3.1401,-0.9956,0.6949,0.2961,0.0,0.0,0.0,0.0,0.0,-9.0,-51.0,-16.0,0,0
26647,3.1401,-0.9956,0.6949,0.2961,0.0,0.0,0.0,0.0,0.0,-9.0,-50.0,-16.0,0,0
26655,3.1401,-0.9956,0.6949,0.2961,0.0,0.0,0.0,0.0,0.0,-9.0,-53.0,-16.0,0,0
26667,3.1401,-0.9956,0.6949,0.2961,0.0,0.0,0.0,0.0,0.0,-9.0,-53.0,-16.0,0,0
26680,3.1401,-0.9956,0.6949,0.2961,0.0,0.0,0.0,0.0,0.0,-9.0,-51.0,-16.0,0,0
26692,3.1401,-0.9956,0.6949,0.2961,0.0,0.0,0.0,0.0,0.0,-9.0,-53.0,-16.0,0,0
26704,3.1401,-0.994,0.6949,0.2961,0.0,0.0,0.0,0.0,0.0,-9.0,-52.0,-16.0,0,0
26712,3.1401,-0.9956,0.6949,0.2961,0.0,0.0,0.0,0.0,0.0,-9.0,-53.0,-16.0,0,0
26725,3.1401,-0.994,0.6949,0.2961,0.0,0.0,0.0,0.0,0.0,-9.0,-54.0,-16.0,0,0
26737,3.1401,-0.9956,0.6949,0.2961,0.0,0.0,0.0,0.0,0.0,-9.0,-50.0,-16.0,0,0
26749,3.1401,-0.9956,0.6949,0.2961,0.0,0.0,0.0,0.0,0.0,-9.0,-54.0,-16.0,0,0
26762,3.1401,-0.994,0.6949,0.2961,0.0,0.0,0.0,0.0,0.0,-9.0,-50.0,-16.0,0,0
26770,3.1401,-0.994,0.6949,0.2961,0.0,0.0,0.0,0.0,0.0,-9.0,-50.0,-16.0,0,0
26782,3.1401,-0.9956,0.6949,0.2961,0.0,0.0,0.0,0.0,0.0,-9.0,-51.0,-16.0,0,0
26795,3.1401,-0.9956,0.6949,0.2961,0.0,0.0,0.0,0.0,0.0,-9.0,-48.0,-16.0,0,0
26806,3.1401,-0.9956,0.6949,0.2961,0.0,0.0,0.0,0.0,1.0,-9.0,-50.0,-16.0,0,0
26819,3.1401,-0.9956,0.6949,0.2961,0.0,0.0,0.0,0.0,0.0,-9.0,-50.0,-16.0,0,0
26827,3.1401,-0.9956,0.6949,0.2961,0.0,0.0,0.0,0.0,0.0,-9.0,-50.0,-16.0,0,0
26840,3.1401,-0.9956,0.6949,0.2961,0.0,0.0,0.0,0.0,0.0,-9.0,-53.0,-16.0,0,0
26852,3.1401,-0.9956,0.6949,0.2961,0.0,0.0,0.0,0.0,0.0,-9.0,-48.0,-16.0,0,0
26864,3.1401,-0.994,0.6949,0.2961,0.0,0.0,0.0,0.0,0.0,-9.0,-53.0,-16.0,0,0
26872,3.1401,-0.9956,0.6949,0.2961,0.0,0.0,0.0,0.0,0.0,-9.0,-48.0,-16.0,0,0
26885,3.1401,-0.9956,0.6949,0.2961,0.0,0.0,0.0,0.0,0.0,-9.0,-51.0,-16.0,0,0
26897,3.1401,-0.9956,0.6949,0.2961,0.0,0.0,0.0,0.0,0.0,-9.0,-50.0,-16.0,0,0
26909,3.1401,-0.9956,0.6949,0.2961,0.0,0.0,0.0,0.0,0.0,-9.0,-52.0,-15.0,0,0
26922,3.1401,-0.9956,0.6949,0.2961,0.0,0.0,0.0,0.0,0.0,-9.0,-51.0,-16.0,0,0
26930,3.1401,-0.9956,0.6949,0.2961,0.0,0.0,0.0,0.0,0.0,-9.0,-51.0,-16.0,0,0
26942,3.1401,-0.9956,0.6949,0.2961,0.0,0.0,0.0,0.0,0.0,-9.0,-48.0,-16.0,0,0
26954,3.1401,-0.9956,0.6949,0.2961,0.0,0.0,0.0,0.0,0.0,-9.0,-49.0,-16.0,0,0
26967,3.1401,-0.9956,0.6949,0.2961,0.0,0.0,0.0,0.0,0.0,-9.0,-49.0,-16.0,0,0
26979,3.1401,-0.9956,0.6949,0.2961,0.0,0.0,0.0,0.0,0.0,-9.0,-47.0,-16.0,0,0
26987,3.1401,-0.9956,0.6949,0.2961,0.0,0.0,0.0,0.0,0.0,-9.0,-48.0,-16.0,0,0
26999,3.1401,-0.994,0.6949,0.2961,0.0,0.0,0.0,0.0,0.0,-9.0,-48.0,-16.0,0,0
27012,3.1401,-0.9956,0.6949,0.2961,0.0,0.0,0.0,0.0,0.0,-9.0,-48.0,-16.0,0,0
27024,3.1401,-0.9956,0.6949,0.2961,0.0,0.0,0.0,0.0,12.0,-9.0,-49.0,-16.0,0,0
27036,3.1385,-0.9956,0.6949,0.2961,0.0,0.0,0.0,0.0,10.0,-9.0,-47.0,-16.0,0,0
27044,3.137,-0.9956,0.6949,0.2961,0.0,0.0,0.0,0.0,31.0,-9.0,-47.0,-16.0,0,0
27056,3.1339,-0.994,0.6934,0.2961,-0.024,0.0,0.0,0.0,74.0,-24.0,-48.0,-16.0,0,0
27069,3.1339,-0.9925,0.6949,0.2961,-0.0479,0.0,0.0,0.0,62.0,-45.0,-48.0,-15.0,1,0
27081,3.1324,-0.9925,0.6949,0.2961,-0.0719,0.024,0.0,0.0,59.0,-52.0,-48.0,-15.0,0,0
27093,3.1293,-0.9894,0.6964,0.2961,-0.1198,0.0479,0.0,0.0,80.0,-70.0,-78.0,-16.0,0,0
27105,3.1278,-0.9879,0.698,0.2961,-0.1198,0.0719,0.0,0.0,91.0,-71.0,-78.0,-16.0,28,1
27118,3.1247,-0.9863,0.698,0.2961,-0.1438,0.0959,0.024,0.0,112.0,-67.0,-74.0,-16.0,45,1
27130,3.1232,-0.9863,0.698,0.2961,-0.1438,0.0959,0.024,0.0,127.0,-63.0,-61.0,-16.0,60,1
27142,3.1201,-0.9863,0.698,0.2961,-0.1678,0.0719,0.024,0.0,129.0,-60.0,-61.0,-16.0,71,1
27155,3.1186,-0.9863,0.698,0.2961,-0.1678,0.0719,0.024,0.0,120.0,-60.0,-57.0,-16.0,81,1
27167,3.1186,-0.9863,0.698,0.2961,-0.1678,0.0479,0.024,0.0,108.0,-59.0,-56.0,-15.0,89,1
27179,3.1186,-0.9863,0.6964,0.2961,-0.1438,0.024,0.0,0.0,110.0,-60.0,-59.0,-15.0,95,1
27192,3.1186,-0.9863,0.698,0.2961,-0.0959,0.0,0.0,0.0,110.0,-62.0,-60.0,-16.0,97,1
27204,3.1186,-0.9863,0.698,0.2961,-0.0719,0.0,0.0,0.0,110.0,-60.0,-66.0,-16.0,98,1
27216,3.1201,-0.9863,0.6995,0.2961,-0.024,0.0,0.0,0.0,107.0,-62.0,-66.0,-16.0,100,1
27232,3.1201,-0.9863,0.698,0.2961,0.0,0.0,0.0,0.0,107.0,-59.0,-63.0,-16.0,100,1
27245,3.1201,-0.9863,0.698,0.2961,0.0,0.0,0.0,0.0,103.0,-61.0,-62.0,-16.0,98,1
27257,3.1217,-0.9879,0.698,0.2961,0.0,0.0,0.0,0.0,90.0,-57.0,-62.0,-16.0,94,1
27269,3.1232,-0.9879,0.698,0.2961,0.024,0.0,0.0,0.0,71.0,-41.0,-62.0,-16.0,87,1
27282,3.1278,-0.9894,0.698,0.2961,0.0719,-0.024,0.0,0.0,30.0,-27.0,-62.0,-15.0,80,1
27294,3.1293,-0.991,0.698,0.2961,0.0959,-0.024,0.0,0.0,20.0,-34.0,-63.0,-16.0,71,1
27306,3.1324,-0.991,0.698,0.2961,0.1198,-0.0479,0.0,0.0,10.0,-39.0,-62.0,-16.0,59,1
27319,3.1355,-0.991,0.698,0.2961,0.1678,-0.0479,0.0,0.0,2.0,-42.0,-62.0,-16.0,48,1
27331,3.137,-0.991,0.698,0.2961,0.1918,-0.0479,0.0,0.0,1.0,-40.0,-65.0,-16.0,35,1
27343,3.1401,-0.991,0.698,0.2961,0.2157,-0.024,0.0,0.0,1.0,-36.0,-63.0,-16.0,15,1
27355,3.1401,-0.991,0.698,0.2961,0.1918,-0.024,0.0,0.0,-2.0,-38.0,-62.0,-15.0,2,0
27368,3.1431,-0.991,0.698,0.2961,0.1918,0.0,0.0,0.0,-3.0,-47.0,-62.0,-15.0,0,0
27376,3.1431,-0.991,0.698,0.2961,0.1678,0.0,0.0,0.0,0.0,-38.0,-63.0,-15.0,0,0
27389,3.1447,-0.9925,0.698,0.2961,0.1438,0.0,0.0,0.0,-4.0,-34.0,-62.0,-15.0,0,0
27401,3.1447,-0.9925,0.698,0.2961,0.1198,0.0,0.0,0.0,0.0,-40.0,-62.0,-15.0,0,0
27413,3.1431,-0.9925,0.698,0.2961,0.0719,0.0,0.0,0.0,2.0,-32.0,-63.0,-16.0,0,0
27425,3.1431,-0.991,0.698,0.2961,0.0479,0.0,0.0,0.0,0.0,-35.0,-63.0,-16.0,0,0
27434,3.1416,-0.9925,0.698,0.2961,0.024,0.0,0.0,0.0,0.0,-38.0,-64.0,-16.0,0,0
27446,3.1401,-0.9925,0.698,0.2961,0.0,0.0,0.0,0.0,6.0,-35.0,-63.0,-16.0,0,0
27458,3.1401,-0.9925,0.698,0.2961,-0.024,0.0,0.0,0.0,4.0,-36.0,-63.0,-16.0,0,0
27470,3.1401,-0.9925,0.698,0.2961,-0.0479,0.0,0.0,0.0,3.0,-38.0,-63.0,-16.0,0,0
27482,3.1416,-0.9925,0.698,0.2961,-0.024,0.0,0.0,0.0,-1.0,-38.0,-63.0,-16.0,0,0
27491,3.1416,-0.9925,0.698,0.2961,-0.024,0.0,0.0,0.0,-1.0,-38.0,-63.0,-16.0,0,0
27503,3.1416,-0.991,0.698,0.2961,0.0,0.0,0.0,0.0,0.0,-35.0,-62.0,-16.0,0,0
27515,3.1416,-0.9925,0.698,0.2961,0.0,0.0,0.0,0.0,0.0,-36.0,-61.0,-16.0,0,0
27527,3.1416,-0.9925,0.698,0.2961,0.0,0.0,0.0,0.0,0.0,-34.0,-62.0,-16.0,0,0
27540,3.1416,-0.9925,0.698,0.2961,0.0,0.0,0.0,0.0,0.0,-39.0,-62.0,-16.0,0,0
27548,3.1416,-0.9925,0.698,0.2961,0.0,0.0,0.0,0.0,0.0,-33.0,-63.0,-16.0,0,0
27560,3.1416,-0.9925,0.698,0.2961,0.0,0.0,0.0,0.0,0.0,-36.0,-63.0,-16.0,0,0
27572,3.1431,-0.991,0.698,0.2961,0.0,0.0,0.0,0.0,0.0,-40.0,-62.0,-16.0,0,0
27585,3.1431,-0.991,0.698,0.2961,0.0,0.0,0.0,0.0,0.0,-36.0,-63.0,-16.0,0,0
27597,3.1416,-0.9925,0.6995,0.2961,0.0,0.0,0.0,0.0,0.0,-35.0,-63.0,-16.0,0,0
27605,3.1416,-0.9925,0.698,0.2961,0.0,0.0,0.0,0.0,0.0,-35.0,-63.0,-16.0,0,0
27618,3.1416,-0.9925,0.698,0.2961,0.0,0.0,0.0,0.0,0.0,-33.0,-63.0,-16.0,0,0
27630,3.1416,-0.9925,0.698,0.2961,0.0,0.0,0.0,0.0,0.0,-37.0,-63.0,-16.0,0,0
27642,3.1416,-0.9925,0.698,0.2961,0.0,0.0,0.0,0.0,0.0,-35.0,-62.0,-16.0,0,0
27655,3.1416,-0.9925,0.698,0.2961,0.0,0.0,0.0,0.0,0.0,-37.0,-63.0,-16.0,0,0
27663,3.1416,-0.9925,0.698,0.2961,0.0,0.0,0.0,0.0,0.0,-33.0,-63.0,-16.0,0,0
27675,3.1416,-0.9925,0.698,0.2961,0.0,0.0,0.0,0.0,0.0,-36.0,-63.0,-16.0,0,0
27688,3.1416,-0.9925,0.698,0.2961,0.0,0.0,0.0,0.0,0.0,-37.0,-63.0,-16.0,0,0
27699,3.1416,-0.9925,0.698,0.2961,0.0,0.0,0.0,0.0,0.0,-35.0,-63.0,-16.0,0,0
27712,3.1416,-0.991,0.698,0.2961,0.0,0.0,0.0,0.0,0.0,-33.0,-65.0,-15.0,0,0
27720,3.1416,-0.991,0.698,0.2961,0.0,0.0,0.0,0.0,0.0,-33.0,-65.0,-15.0,0,0
27733,3.1416,-0.9925,0.698,0.2961,0.0,0.0,0.0,0.0,0.0,-35.0,-62.0,-16.0,0,0
27745,3.1416,-0.9925,0.698,0.2961,0.0,0.0,0.0,0.0,0.0,-39.0,-62.0,-16.0,0,0
27757,3.1416,-0.9925,0.698,0.2961,0.0,0.0,0.0,0.0,0.0,-41.0,-63.0,-16.0,0,0
27765,3.1416,-0.9925,0.698,0.2961,0.0,0.0,0.0,0.0,0.0,-41.0,-64.0,-16.0,0,0
27778,3.1416,-0.9925,0.698,0.2961,0.0,0.0,0.0,0.0,0.0,-41.0,-63.0,-15.0,0,0
27790,3.1416,-0.991,0.698,0.2961,0.0,0.0,0.0,0.0,0.0,-41.0,-63.0,-16.0,0,0
27802,3.1416,-0.991,0.698,0.2961,0.0,0.0,0.0,0.0,0.0,-41.0,-63.0,-16.0,0,0
27814,3.1416,-0.9925,0.698,0.2961,0.0,0.0,0.0,0.0,0.0,-41.0,-63.0,-16.0,0,0
27823,3.1416,-0.9925,0.698,0.2961,0.0,0.0,0.0,0.0,0.0,-38.0,-63.0,-16.0,0,0
27835,3.1416,-0.9925,0.698,0.2961,0.0,0.0,0.0,0.0,0.0,-38.0,-63.0,-16.0,0,0
27847,3.1416,-0.9925,0.698,0.2961,0.0,0.0,0.0,0.0,0.0,-38.0,-63.0,-16.0,0,0
27860,3.1416,-0.991,0.698,0.2961,0.0,0.0,0.0,0.0,0.0,-41.0,-63.0,-16.0,0,0
27872,3.1416,-0.9925,0.698,0.2961,0.0,0.0,0.0,0.0,0.0,-40.0,-62.0,-16.0,0,0
27880,3.1416,-0.9925,0.698,0.2961,0.0,0.0,0.0,0.0,0.0,-40.0,-62.0,-16.0,0,0
27892,3.1416,-0.9925,0.698,0.2961,0.0,0.0,0.0,0.0,0.0,-42.0,-63.0,-16.0,0,0
27905,3.1416,-0.991,0.698,0.2961,0.0,0.0,0.0,0.0,0.0,-41.0,-63.0,-16.0,0,0
27916,3.1416,-0.991,0.698,0.2961,0.0,0.0,0.0,0.0,0.0,-43.0,-63.0,-16.0,0,0
27929,3.1416,-0.9925,0.698,0.2961,0.0,0.0,0.0,0.0,0.0,-43.0,-63.0,-16.0,0,0
27937,3.1416,-0.9925,0.698,0.2961,0.0,0.0,0.0,0.0,0.0,-43.0,-64.0,-16.0,0,0
27949,3.1416,-0.9925,0.698,0.2961,0.0,0.0,0.0,0.0,0.0,-43.0,-63.0,-16.0,0,0
27962,3.1416,-0.9925,0.698,0.2961,0.0,0.0,0.0,0.0,0.0,-39.0,-63.0,-16.0,0,0
27974,3.1416,-0.9925,0.698,0.2961,0.0,0.0,0.0,0.0,0.0,-43.0,-63.0,-16.0,0,0
27987,3.1416,-0.9925,0.698,0.2961,0.0,0.0,0.0,0.0,0.0,-42.0,-63.0,-16.0,0,0
27995,3.1416,-0.9925,0.698,0.2961,0.0,0.0,0.0,0.0,1.0,-39.0,-63.0,-16.0,0,0
28007,3.1416,-0.9925,0.698,0.2961,0.0,0.0,0.0,0.0,0.0,-42.0,-63.0,-16.0,0,0
28019,3.1416,-0.9925,0.6995,0.2961,0.0,0.0,0.0,0.0,0.0,-42.0,-62.0,-16.0,0,0
28032,3.1416,-0.9925,0.698,0.2961,0.0,0.0,0.0,0.0,0.0,-43.0,-63.0,-16.0,0,0
28043,3.1416,-0.9925,0.698,0.2961,0.0,0.0,0.0,0.0,0.0,-41.0,-63.0,-16.0,0,0
28052,3.1416,-0.9925,0.698,0.2961,0.0,0.0,0.0,0.0,0.0,-39.0,-63.0,-16.0,0,0
28064,3.1416,-0.9925,0.698,0.2961,0.0,0.0,0.0,0.0,0.0,-41.0,-63.0,-16.0,0,0
28077,3.1401,-0.9925,0.698,0.2961,0.0,0.0,0.0,0.0,0.0,-40.0,-63.0,-16.0,0,0
28089,3.1416,-0.9925,0.698,0.2961,0.0,0.0,0.0,0.0,0.0,-40.0,-62.0,-16.0,0,0
28101,3.1416,-0.991,0.698,0.2961,0.0,0.0,0.0,0.0,0.0,-42.0,-62.0,-16.0,0,0
28109,3.1416,-0.9925,0.698,0.2961,0.0,0.0,0.0,0.0,0.0,-40.0,-62.0,-16.0,0,0
28122,3.1416,-0.9925,0.698,0.2961,0.0,0.0,0.0,0.0,0.0,-39.0,-63.0,-16.0,0,0
28134,3.1416,-0.9925,0.698,0.2961,0.0,0.0,0.0,0.0,0.0,-39.0,-63.0,-16.0,0,0
28146,3.1416,-0.9925,0.698,0.2961,0.0,0.0,0.0,0.0,0.0,-45.0,-63.0,-16.0,0,0
28159,3.1416,-0.991,0.6995,0.2961,0.0,0.0,0.0,0.0,0.0,-46.0,-63.0,-16.0,0,0
28167,3.1416,-0.9925,0.698,0.2961,0.0,0.0,0.0,0.0,0.0,-46.0,-63.0,-16.0,0,0
28179,3.1416,-0.9925,0.698,0.2961,0.0,0.0,0.0,0.0,0.0,-46.0,-63.0,-16.0,0,0
28191,3.1401,-0.9925,0.698,0.2961,0.0,0.0,0.0,0.0,21.0,-46.0,-66.0,-16.0,0,0
28204,3.137,-0.9925,0.6995,0.2961,-0.024,0.0,0.0,0.0,44.0,-43.0,-78.0,-18.0,0,0
28212,3.1355,-0.991,0.701,0.2961,-0.0479,0.0,0.0,0.0,41.0,-48.0,-104.0,-25.0,0,0
28224,3.1339,-0.991,0.7041,0.2976,-0.0719,0.0,0.024,0.0,59.0,-51.0,-121.0,-33.0,0,0
28236,3.1339,-0.991,0.7056,0.2961,-0.0719,0.0,0.0479,0.0,82.0,-52.0,-143.0,-30.0,14,1
28249,3.1309,-0.991,0.7087,0.2976,-0.0959,0.0,0.0719,0.0,90.0,-53.0,-155.0,-32.0,19,1
28261,3.1293,-0.991,0.7118,0.2976,-0.1198,0.0,0.1198,0.0,85.0,-53.0,-151.0,-31.0,25,1
28273,3.1293,-0.991,0.7133,0.2976,-0.1198,0.0,0.1678,0.0,74.0,-52.0,-159.0,-33.0,27,1
28290,3.1293,-0.9894,0.7148,0.2976,-0.0959,0.0,0.1918,0.0,68.0,-59.0,-167.0,-35.0,28,1
28302,3.1278,-0.9894,0.7164,0.2976,-0.0719,0.0,0.1918,0.0,66.0,-65.0,-146.0,-46.0,35,1
28314,3.1293,-0.9879,0.7148,0.2976,-0.0479,0.0,0.1678,0.0,74.0,-68.0,-146.0,-40.0,39,1
28326,3.1278,-0.9894,0.7148,0.2991,-0.024,0.024,0.1198,0.0,72.0,-64.0,-147.0,-46.0,32,1
28339,3.1278,-0.9879,0.7148,0.2976,-0.024,0.024,0.0959,0.0,75.0,-63.0,-145.0,-47.0,25,1
28351,3.1278,-0.9879,0.7148,0.2976,-0.024,0.024,0.0719,0.0,72.0,-61.0,-145.0,-43.0,11,1
28363,3.1293,-0.9879,0.7148,0.2976,0.0,0.0,0.0,0.0,67.0,-62.0,-143.0,-37.0,6,0
28372,3.1293,-0.9894,0.7133,0.2976,0.0,0.0,0.0,0.0,68.0,-62.0,-143.0,-38.0,1,0
28384,3.1293,-0.9879,0.7148,0.2976,0.0,0.0,0.0,0.0,65.0,-62.0,-143.0,-38.0,1,0
28396,3.1309,-0.9894,0.7148,0.2976,0.0,0.0,0.0,0.0,48.0,-61.0,-144.0,-38.0,2,0
28408,3.1324,-0.9879,0.7148,0.2976,0.024,0.0,0.0,0.0,35.0,-65.0,-146.0,-38.0,1,0
28421,3.137,-0.9879,0.7148,0.2991,0.0479,0.0,0.0,0.0,8.0,-63.0,-145.0,-37.0,1,0
28429,3.1401,-0.9894,0.7133,0.2976,0.0959,0.0,0.0,0.0,-8.0,-60.0,-139.0,-37.0,0,0
28441,3.1431,-0.9894,0.7133,0.2976,0.1198,0.0,0.0,0.0,-14.0,-60.0,-128.0,-36.0,0,0
28453,3.1462,-0.991,0.7118,0.2976,0.1918,0.0,-0.024,0.0,-9.0,-30.0,-87.0,-28.0,0,0
28466,3.1447,-0.9925,0.7087,0.2976,0.2157,-0.024,-0.0479,0.0,0.0,-19.0,-92.0,-27.0,2,0
28478,3.1447,-0.994,0.7072,0.2976,0.1918,-0.024,-0.0719,0.0,4.0,-9.0,-84.0,-28.0,2,0
28486,3.1416,-0.9956,0.7072,0.2961,0.1438,-0.0479,-0.0959,0.0,1.0,-9.0,-88.0,-27.0,2,0
28498,3.1401,-0.9956,0.7041,0.2961,0.0959,-0.0719,-0.1198,0.0,14.0,-12.0,-82.0,-27.0,1,0
28511,3.1385,-0.9956,0.7041,0.2961,0.024,-0.0719,-0.1198,0.0,13.0,-19.0,-89.0,-27.0,0,0
28523,3.1385,-0.9971,0.7041,0.2976,-0.0719,-0.0719,-0.1198,0.0,13.0,-29.0,-94.0,-26.0,0,0
28531,3.1385,-0.9971,0.7041,0.2976,-0.0719,-0.0719,-0.1198,0.0,13.0,-29.0,-94.0,-26.0,0,0
28544,3.1431,-0.9956,0.7041,0.2976,-0.0479,-0.0479,-0.0719,0.0,-3.0,-24.0,-98.0,-26.0,0,0
28556,3.1447,-0.9956,0.7041,0.2961,0.0,-0.024,-0.0479,0.0,-4.0,-31.0,-99.0,-26.0,0,0
28568,3.1447,-0.9956,0.7041,0.2961,0.0,0.0,-0.024,0.0,0.0,-28.0,-98.0,-25.0,0,0
28580,3.1462,-0.9956,0.7056,0.2976,0.0479,0.0,0.0,0.0,-2.0,-28.0,-102.0,-26.0,0,0
28589,3.1462,-0.9956,0.7041,0.2961,0.0719,0.0,0.0,0.0,0.0,-34.0,-97.0,-27.0,0,0
28601,3.1447,-0.9956,0.7041,0.2976,0.0719,0.0,0.0,0.0,0.0,-28.0,-96.0,-29.0,0,0
28613,3.1431,-0.9956,0.7041,0.2961,0.024,0.0,0.0,0.0,0.0,-29.0,-100.0,-27.0,0,0
28625,3.1401,-0.9956,0.7041,0.2961,0.0,0.0,0.0,0.0,0.0,-22.0,-99.0,-25.0,0,0
28637,3.1385,-0.9956,0.7041,0.2961,-0.024,0.0,0.0,0.0,6.0,-25.0,-100.0,-25.0,0,0
28646,3.1385,-0.9956,0.7056,0.2961,-0.0479,0.0,0.0,0.0,11.0,-24.0,-98.0,-26.0,0,0
28658,3.1401,-0.9956,0.7041,0.2961,-0.0719,0.0,0.0,0.0,9.0,-24.0,-98.0,-28.0,0,0
28671,3.1401,-0.9971,0.7041,0.2961,-0.0719,0.0,0.0,0.0,1.0,-25.0,-100.0,-26.0,0,0
28683,3.1447,-0.9956,0.7041,0.2961,0.0,0.0,0.0,0.0,-3.0,-26.0,-100.0,-27.0,0,0
28695,3.1447,-0.9956,0.7041,0.2976,0.0,0.0,0.0,0.0,0.0,-22.0,-99.0,-24.0,0,0
28703,3.1447,-0.9956,0.7041,0.2961,0.0479,0.0,0.0,0.0,0.0,-25.0,-99.0,-23.0,0,0
28716,3.1447,-0.9971,0.7041,0.2976,0.0479,0.0,0.0,0.0,0.0,-18.0,-98.0,-25.0,0,0
28728,3.1431,-0.9956,0.7056,0.2961,0.0719,0.0,0.0,0.0,1.0,-20.0,-100.0,-29.0,0,0
28740,3.1431,-0.9956,0.7041,0.2961,0.0479,0.0,0.0,0.0,0.0,-24.0,-100.0,-28.0,0,0
28752,3.1416,-0.9956,0.7041,0.2976,0.0,0.0,0.0,0.0,0.0,-22.0,-100.0,-24.0,0,0
28761,3.1416,-0.9956,0.7041,0.2976,0.0,0.0,0.0,0.0,0.0,-22.0,-100.0,-24.0,0,0
28773,3.1401,-0.9971,0.7041,0.2976,-0.024,0.0,0.0,0.0,7.0,-18.0,-100.0,-28.0,0,0
28785,3.1401,-0.9956,0.7041,0.2961,-0.0479,0.0,0.0,0.0,3.0,-23.0,-100.0,-30.0,0,0
28797,3.1401,-0.9956,0.7041,0.2961,-0.0479,0.0,0.0,0.0,3.0,-25.0,-101.0,-30.0,0,0
28810,3.1416,-0.9956,0.7041,0.2961,-0.0479,0.0,0.0,0.0,-3.0,-21.0,-100.0,-31.0,0,0
28818,3.1416,-0.9971,0.7041,0.2961,-0.024,0.0,0.0,0.0,-1.0,-26.0,-102.0,-30.0,0,0
28830,3.1416,-0.9956,0.7041,0.2961,0.0,0.0,0.0,0.0,0.0,-22.0,-101.0,-30.0,0,0
28843,3.1431,-0.9956,0.7041,0.2961,0.024,0.0,0.0,0.0,0.0,-22.0,-100.0,-30.0,0,0
28855,3.1431,-0.9956,0.7041,0.2961,0.024,0.0,0.0,0.0,-3.0,-24.0,-101.0,-31.0,0,0
28867,3.1447,-0.9971,0.7041,0.2961,0.024,0.0,0.0,0.0,-1.0,-27.0,-101.0,-30.0,0,0
28875,3.1431,-0.9956,0.7056,0.2976,0.024,0.0,0.0,0.0,0.0,-28.0,-102.0,-30.0,0,0
28888,3.1431,-0.9956,0.7041,0.2961,0.024,0.0,0.0,0.0,0.0,-22.0,-102.0,-31.0,0,0
28900,3.1431,-0.9971,0.7041,0.2976,0.0,0.0,0.0,0.0,0.0,-24.0,-102.0,-30.0,0,0
28912,3.1431,-0.9956,0.7041,0.2961,0.0,0.0,0.0,0.0,0.0,-27.0,-102.0,-30.0,0,0
28924,3.1431,-0.9956,0.7056,0.2961,0.0,0.0,0.0,0.0,0.0,-22.0,-102.0,-30.0,0,0
28933,3.1431,-0.9956,0.7041,0.2976,0.0,0.0,0.0,0.0,0.0,-25.0,-103.0,-30.0,0,0
28945,3.1431,-0.9956,0.7041,0.2961,0.0,0.0,0.0,0.0,0.0,-25.0,-103.0,-30.0,0,0
28957,3.1431,-0.9971,0.7041,0.2961,0.0,0.0,0.0,0.0,0.0,-26.0,-104.0,-30.0,0,0
28970,3.1431,-0.9971,0.7041,0.2961,0.0,0.0,0.0,0.0,0.0,-23.0,-103.0,-30.0,0,0
28978,3.1431,-0.9971,0.7041,0.2961,0.0,0.0,0.0,0.0,0.0,-25.0,-104.0,-30.0,0,0
28990,3.1431,-0.9956,0.7041,0.2961,0.0,0.0,0.0,0.0,0.0,-27.0,-105.0,-30.0,0,0
29002,3.1431,-0.9971,0.7041,0.2961,0.0,0.0,0.0,0.0,0.0,-27.0,-103.0,-30.0,0,0
29015,3.1431,-0.9956,0.7056,0.2976,0.0,0.0,0.0,0.0,-1.0,-28.0,-103.0,-31.0,0,0
29027,3.1431,-0.9971,0.7041,0.2961,0.0,0.0,0.0,0.0,0.0,-20.0,-103.0,-30.0,0,0
29035,3.1431,-0.9971,0.7041,0.2961,0.0,0.0,0.0,0.0,0.0,-22.0,-105.0,-30.0,0,0
29047,3.1431,-0.9971,0.7041,0.2976,0.0,0.0,0.0,0.0,0.0,-22.0,-104.0,-30.0,0,0
29060,3.1431,-0.9971,0.7041,0.2961,0.0,0.0,0.0,0.0,0.0,-24.0,-104.0,-30.0,0,0
29072,3.1431,-0.9971,0.7041,0.2961,0.0,0.0,0.0,0.0,0.0,-22.0,-103.0,-30.0,0,0
29084,3.1431,-0.9956,0.7041,0.2961,0.0,0.0,0.0,0.0,0.0,-23.0,-106.0,-32.0,0,0
29092,3.1431,-0.9971,0.7041,0.2961,0.0,0.0,0.0,0.0,0.0,-21.0,-106.0,-30.0,0,0
29105,3.1431,-0.9956,0.7041,0.2961,0.0,0.0,0.0,0.0,-1.0,-23.0,-104.0,-30.0,1,0
29117,3.1431,-0.9956,0.7041,0.2961,0.0,0.0,0.0,0.0,0.0,-31.0,-104.0,-30.0,0,0
29129,3.1431,-0.9956,0.7041,0.2961,0.0,0.0,0.0,0.0,-2.0,-21.0,-107.0,-31.0,0,0
29142,3.1447,-0.9971,0.7041,0.2961,0.0,0.0,0.0,0.0,0.0,-25.0,-104.0,-30.0,0,0
29150,3.1447,-0.9971,0.7041,0.2961,0.0,0.0,0.0,0.0,0.0,-25.0,-104.0,-30.0,0,0
29162,3.1431,-0.9956,0.7041,0.2961,0.0,0.0,0.0,0.0,0.0,-25.0,-104.0,-30.0,0,0
29174,3.1431,-0.9956,0.7041,0.2961,0.0,0.0,0.0,0.0,0.0,-25.0,-106.0,-31.0,0,0
29187,3.1431,-0.9956,0.7041,0.2961,0.0,0.0,0.0,0.0,0.0,-24.0,-106.0,-30.0,0,0
29199,3.1431,-0.9971,0.7041,0.2961,0.0,0.0,0.0,0.0,0.0,-27.0,-105.0,-31.0,0,0
29207,3.1431,-0.9956,0.7041,0.2961,0.0,0.0,0.0,0.0,0.0,-22.0,-104.0,-31.0,0,0
29219,3.1431,-0.9971,0.7041,0.2976,0.0,0.0,0.0,0.0,0.0,-27.0,-105.0,-30.0,0,0
29232,3.1431,-0.9956,0.7056,0.2961,0.0,0.0,0.0,0.0,0.0,-23.0,-106.0,-31.0,0,0
29244,3.1462,-0.9971,0.7041,0.2976,0.0,0.0,0.0,0.0,-5.0,-27.0,-104.0,-30.0,0,0
29256,3.1462,-0.9956,0.7041,0.2976,0.024,0.0,0.0,0.0,-30.0,-23.0,-109.0,-31.0,0,0
29264,3.1462,-0.9956,0.7041,0.2976,0.024,0.0,0.0,0.0,-35.0,-23.0,-106.0,-31.0,0,0
29277,3.1477,-0.9971,0.7041,0.2976,0.0479,0.0,0.0,0.0,-31.0,-26.0,-107.0,-31.0,0,0
29289,3.1477,-0.9956,0.7041,0.2961,0.0479,0.0,0.0,0.0,-36.0,-27.0,-105.0,-30.0,0,0
29301,3.1477,-0.9956,0.7041,0.2976,0.0479,0.0,0.0,0.0,-46.0,-33.0,-106.0,-31.0,15,1
29314,3.1508,-0.9971,0.7041,0.2976,0.0479,0.0,0.0,0.0,-55.0,-37.0,-110.0,-31.0,16,1
29326,3.1493,-0.9956,0.7056,0.2976,0.0479,0.0,0.0,0.0,-58.0,-36.0,-127.0,-31.0,20,1
29338,3.1508,-0.9956,0.7056,0.2976,0.0479,0.0,0.0,0.0,-56.0,-36.0,-135.0,-31.0,26,1
29350,3.1493,-0.9956,0.7056,0.2976,0.024,0.0,0.0,0.0,-56.0,-40.0,-135.0,-32.0,36,1
29363,3.1493,-0.994,0.7072,0.2976,0.024,0.0,0.024,0.0,-54.0,-41.0,-134.0,-33.0,40,1
29375,3.1477,-0.994,0.7072,0.2976,0.0,0.0,0.024,0.0,-25.0,-36.0,-125.0,-32.0,36,1
29387,3.1477,-0.994,0.7072,0.2976,0.0,0.0,0.024,0.0,-42.0,-31.0,-120.0,-31.0,31,1
29400,3.1477,-0.994,0.7056,0.2976,0.0,0.0,0.024,0.0,-41.0,-33.0,-116.0,-31.0,40,1
29412,3.1477,-0.9956,0.7056,0.2976,0.0,0.0,0.0,0.0,-47.0,-30.0,-117.0,-32.0,29,1
29424,3.1493,-0.9956,0.7056,0.2976,0.0,0.0,0.0,0.0,-44.0,-28.0,-119.0,-32.0,11,1
29441,3.1477,-0.994,0.7072,0.2976,0.0,0.0,0.0,0.0,-17.0,-29.0,-122.0,-31.0,36,1
29453,3.1447,-0.9956,0.7056,0.2976,-0.024,0.0,0.0,0.0,5.0,-27.0,-118.0,-30.0,31,1
29465,3.1401,-0.9956,0.7056,0.2976,-0.0479,0.0,0.0,0.0,8.0,-28.0,-116.0,-31.0,25,1
29477,3.137,-0.9956,0.7056,0.2961,-0.0719,0.0,0.0,0.0,20.0,-30.0,-121.0,-31.0,17,1
29490,3.1355,-0.9956,0.7056,0.2976,-0.1198,0.0,0.0,0.0,24.0,-29.0,-117.0,-31.0,20,1
29502,3.1401,-0.9956,0.7041,0.2961,-0.1438,0.0,0.0,0.0,-4.0,-21.0,-97.0,-33.0,12,1
29514,3.1416,-0.9956,0.7041,0.2961,-0.0959,0.0,0.0,0.0,-3.0,-22.0,-94.0,-34.0,7,0
29522,3.1431,-0.9956,0.7026,0.2976,-0.0719,0.0,0.0,0.0,-5.0,-24.0,-102.0,-35.0,2,0
29535,3.1447,-0.9956,0.7041,0.2976,0.0,0.0,-0.024,0.0,-3.0,-27.0,-106.0,-36.0,0,0
29547,3.1431,-0.9956,0.7026,0.2961,0.024,0.0,-0.024,0.0,-3.0,-29.0,-107.0,-35.0,0,0
29559,3.1431,-0.9956,0.7041,0.2976,0.0479,0.0,-0.024,0.0,-2.0,-30.0,-109.0,-34.0,0,0
29572,3.1416,-0.9956,0.7026,0.2961,0.0479,0.0,0.0,0.0,1.0,-25.0,-111.0,-35.0,0,0
29580,3.1416,-0.9956,0.7026,0.2961,0.0479,0.0,0.0,0.0,1.0,-25.0,-111.0,-35.0,0,0
29592,3.1401,-0.9956,0.7041,0.2961,0.0,0.0,0.0,0.0,0.0,-29.0,-111.0,-36.0,0,0
29604,3.1385,-0.9956,0.7041,0.2976,-0.024,0.0,0.0,0.0,11.0,-27.0,-110.0,-34.0,0,0
29617,3.137,-0.9956,0.7041,0.2961,-0.0479,0.0,0.0,0.0,9.0,-26.0,-109.0,-36.0,0,0
29629,3.137,-0.9956,0.7041,0.2961,-0.0719,0.0,0.0,0.0,8.0,-29.0,-108.0,-35.0,0,0
29637,3.1385,-0.9956,0.7041,0.2961,-0.0719,0.0,0.0,0.0,2.0,-30.0,-108.0,-35.0,0,0
29649,3.1401,-0.9956,0.7041,0.2961,-0.0479,0.0,0.0,0.0,-6.0,-25.0,-111.0,-35.0,0,0
29662,3.1431,-0.9956,0.7026,0.2976,0.0,0.0,0.0,0.0,-5.0,-37.0,-110.0,-36.0,0,0
29674,3.1431,-0.9971,0.7041,0.2976,0.024,0.0,0.0,0.0,0.0,-32.0,-111.0,-35.0,0,0
29682,3.1431,-0.9956,0.7041,0.2961,0.0479,0.0,0.0,0.0,0.0,-38.0,-109.0,-36.0,0,0
29694,3.1416,-0.9956,0.7026,0.2961,0.0719,0.0,0.0,0.0,0.0,-32.0,-109.0,-36.0,0,0
29707,3.1416,-0.9956,0.7041,0.2976,0.0479,0.0,0.0,0.0,0.0,-37.0,-111.0,-35.0,0,0
29719,3.1416,-0.9956,0.7041,0.2961,0.024,0.0,0.0,0.0,0.0,-34.0,-112.0,-34.0,0,0
29731,3.1416,-0.9956,0.7041,0.2961,0.024,0.0,0.0,0.0,0.0,-31.0,-113.0,-35.0,0,0
29740,3.1416,-0.9956,0.7041,0.2961,0.0,0.0,0.0,0.0,2.0,-31.0,-111.0,-35.0,0,0
29752,3.1401,-0.9956,0.7026,0.2961,0.0,0.0,0.0,0.0,0.0,-37.0,-112.0,-36.0,0,0
29764,3.1401,-0.9971,0.7041,0.2961,-0.024,0.0,0.0,0.0,0.0,-34.0,-108.0,-35.0,0,0
29776,3.1401,-0.9971,0.7026,0.2976,-0.024,0.0,0.0,0.0,0.0,-38.0,-107.0,-36.0,0,0
29789,3.1401,-0.9956,0.7041,0.2961,-0.024,0.0,0.0,0.0,0.0,-38.0,-113.0,-34.0,0,0
29797,3.1401,-0.9956,0.7041,0.2961,-0.024,0.0,0.0,0.0,0.0,-36.0,-113.0,-35.0,0,0
29809,3.1401,-0.9956,0.7041,0.2961,-0.024,0.0,0.0,0.0,0.0,-38.0,-113.0,-36.0,0,0
29822,3.1401,-0.9956,0.7041,0.2961,0.0,0.0,0.0,0.0,0.0,-26.0,-112.0,-34.0,0,0
29834,3.1401,-0.9956,0.7041,0.2961,0.0,0.0,0.0,0.0,0.0,-32.0,-114.0,-35.0,0,0
29846,3.1401,-0.9956,0.7041,0.2976,0.0,0.0,0.0,0.0,0.0,-34.0,-112.0,-35.0,0,0
29854,3.1401,-0.9956,0.7041,0.2961,0.0,0.0,0.0,0.0,0.0,-37.0,-113.0,-35.0,0,0
29867,3.1401,-0.9956,0.7041,0.2976,0.0,0.0,0.0,0.0,0.0,-31.0,-107.0,-36.0,0,0
29879,3.1401,-0.9971,0.7026,0.2961,0.0,0.0,0.0,0.0,0.0,-29.0,-109.0,-36.0,0,0
29891,3.1401,-0.9971,0.7041,0.2961,0.0,0.0,0.0,0.0,0.0,-27.0,-114.0,-35.0,0,0
29903,3.1401,-0.9956,0.7041,0.2961,0.0,0.0,0.0,0.0,0.0,-32.0,-114.0,-35.0,0,0
29912,3.1401,-0.9956,0.7041,0.2961,0.0,0.0,0.0,0.0,0.0,-31.0,-110.0,-34.0,0,0
29924,3.1401,-0.9956,0.7041,0.2961,0.0,0.0,0.0,0.0,0.0,-32.0,-113.0,-35.0,0,0
29936,3.1401,-0.9956,0.7041,0.2961,0.0,0.0,0.0,0.0,0.0,-35.0,-114.0,-35.0,0,0
29948,3.1401,-0.9956,0.7041,0.2961,0.0,0.0,0.0,0.0,0.0,-29.0,-115.0,-35.0,0,0
29961,3.1401,-0.9971,0.7041,0.2961,0.0,0.0,0.0,0.0,0.0,-30.0,-115.0,-35.0,0,0
29969,3.1401,-0.9956,0.7041,0.2961,0.0,0.0,0.0,0.0,0.0,-28.0,-114.0,-35.0,0,0
29981,3.1401,-0.9956,0.7041,0.2961,0.0,0.0,0.0,0.0,0.0,-38.0,-115.0,-36.0,0,0
29993,3.1401,-0.9956,0.7026,0.2961,0.0,0.0,0.0,0.0,0.0,-27.0,-114.0,-35.0,0,0
30006,3.1401,-0.9971,0.7026,0.2961,0.0,0.0,0.0,0.0,0.0,-35.0,-114.0,-34.0,0,0
30018,3.1401,-0.9956,0.7041,0.2961,0.0,0.0,0.0,0.0,0.0,-30.0,-114.0,-35.0,0,0
30026,3.1401,-0.9956,0.7041,0.2961,0.0,0.0,0.0,0.0,0.0,-27.0,-114.0,-35.0,0,0
30039,3.1401,-0.9956,0.7041,0.2976,0.0,0.0,0.0,0.0,0.0,-29.0,-114.0,-35.0,0,0
30051,3.1401,-0.9956,0.7041,0.2976,0.0,0.0,0.0,0.0,0.0,-28.0,-112.0,-35.0,0,0
30063,3.1401,-0.9971,0.7041,0.2976,0.0,0.0,0.0,0.0,0.0,-32.0,-115.0,-36.0,0,0
30075,3.1401,-0.9956,0.7041,0.2976,0.0,0.0,0.0,0.0,0.0,-33.0,-115.0,-35.0,0,0
30084,3.1401,-0.9956,0.7041,0.2961,0.0,0.0,0.0,0.0,0.0,-38.0,-115.0,-36.0,0,0
30096,3.1401,-0.9956,0.7041,0.2976,0.0,0.0,0.0,0.0,0.0,-32.0,-115.0,-35.0,0,0
30108,3.1401,-0.9956,0.7041,0.2961,0.0,0.0,0.0,0.0,0.0,-38.0,-113.0,-36.0,0,0
30120,3.1401,-0.9956,0.7041,0.2961,0.0,0.0,0.0,0.0,0.0,-35.0,-115.0,-34.0,0,0
30129,3.1401,-0.9956,0.7041,0.2961,0.0,0.0,0.0,0.0,0.0,-33.0,-116.0,-34.0,0,0
30141,3.1401,-0.9956,0.7041,0.2961,0.0,0.0,0.0,0.0,0.0,-29.0,-115.0,-34.0,0,0
30153,3.1401,-0.9971,0.7041,0.2961,0.0,0.0,0.0,0.0,0.0,-30.0,-118.0,-33.0,0,0
30166,3.1401,-0.9956,0.7041,0.2961,0.0,0.0,0.0,0.0,0.0,-29.0,-118.0,-35.0,0,0
30178,3.1401,-0.9956,0.7041,0.2976,0.0,0.0,0.0,0.0,0.0,-29.0,-115.0,-35.0,0,0
30186,3.1401,-0.9956,0.7026,0.2961,0.0,0.0,0.0,0.0,0.0,-26.0,-115.0,-36.0,0,0
30198,3.1401,-0.9956,0.7041,0.2961,0.0,0.0,0.0,0.0,0.0,-33.0,-117.0,-35.0,0,0
30211,3.1401,-0.9956,0.7041,0.2961,0.0,0.0,0.0,0.0,0.0,-32.0,-113.0,-35.0,0,0
30223,3.1401,-0.9956,0.7041,0.2976,0.0,0.0,0.0,0.0,0.0,-25.0,-116.0,-34.0,0,0
30235,3.1401,-0.9971,0.7026,0.2976,0.0,0.0,0.0,0.0,0.0,-33.0,-116.0,-35.0,0,0
30243,3.1401,-0.9956,0.7041,0.2961,0.0,0.0,0.0,0.0,0.0,-36.0,-118.0,-34.0,0,0
30256,3.1401,-0.9971,0.7041,0.2961,0.0,0.0,0.0,0.0,0.0,-25.0,-118.0,-36.0,0,0
30268,3.1401,-0.9956,0.7041,0.2976,0.0,0.0,0.0,0.0,0.0,-33.0,-114.0,-36.0,0,0
30280,3.1401,-0.9956,0.7041,0.2976,0.0,0.0,0.0,0.0,0.0,-30.0,-117.0,-35.0,0,0
30292,3.1401,-0.9956,0.7026,0.2961,0.0,0.0,0.0,0.0,0.0,-37.0,-111.0,-35.0,0,0
30301,3.1401,-0.9956,0.7026,0.2961,0.0,0.0,0.0,0.0,0.0,-37.0,-111.0,-35.0,0,0
30313,3.1416,-0.9956,0.7026,0.2961,0.0,0.0,0.0,0.0,-1.0,-35.0,-113.0,-33.0,0,0
30325,3.1431,-0.9956,0.7026,0.2961,0.024,0.0,0.0,0.0,-14.0,-38.0,-112.0,-32.0,0,0
30338,3.1447,-0.9956,0.7026,0.2961,0.024,0.0,0.0,0.0,-34.0,-45.0,-113.0,-36.0,0,0
30350,3.1447,-0.994,0.7026,0.2961,0.0479,0.0,0.0,0.0,-32.0,-45.0,-114.0,-36.0,1,0
30358,3.1462,-0.994,0.7026,0.2961,0.0479,0.0,0.0,0.0,-25.0,-45.0,-114.0,-35.0,9,0
30370,3.1462,-0.9925,0.7026,0.2961,0.0719,0.0,0.0,0.0,-26.0,-57.0,-114.0,-34.0,10,0
30383,3.1447,-0.9925,0.7026,0.2961,0.0479,0.024,0.0,0.0,-21.0,-48.0,-113.0,-35.0,15,1
30399,3.1447,-0.994,0.7026,0.2961,0.0479,0.024,0.0,0.0,-24.0,-48.0,-112.0,-36.0,22,1
30411,3.1447,-0.9925,0.7026,0.2961,0.024,0.024,0.0,0.0,-27.0,-45.0,-114.0,-36.0,37,1
30424,3.1447,-0.994,0.7026,0.2961,0.0,0.0,0.0,0.0,-27.0,-21.0,-115.0,-34.0,45,1
30436,3.1447,-0.9956,0.7026,0.2961,0.0,0.0,0.0,0.0,-28.0,-8.0,-114.0,-35.0,50,1
30448,3.1447,-0.9956,0.7026,0.2961,0.0,0.0,0.0,0.0,-27.0,-9.0,-114.0,-35.0,53,1
30460,3.1447,-0.9956,0.7026,0.2961,0.0,-0.024,0.0,0.0,-27.0,-14.0,-114.0,-36.0,52,1
30473,3.1447,-0.9971,0.7026,0.2961,0.0,-0.024,0.0,0.0,-27.0,-22.0,-114.0,-36.0,52,1
30485,3.1447,-0.9956,0.7026,0.2961,0.0,-0.024,0.0,0.0,-28.0,-17.0,-114.0,-35.0,51,1
30497,3.1447,-0.9971,0.7026,0.2961,0.0,-0.024,0.0,0.0,-27.0,-20.0,-114.0,-36.0,50,1
30510,3.1447,-0.9956,0.7026,0.2961,0.0,-0.024,0.0,0.0,-32.0,-23.0,-114.0,-36.0,48,1
30522,3.1447,-0.9971,0.7026,0.2961,0.0,0.0,0.0,0.0,-33.0,-18.0,-111.0,-36.0,47,1
30534,3.1447,-0.9956,0.7026,0.2961,0.0,0.0,0.0,0.0,-32.0,-21.0,-110.0,-36.0,48,1
30546,3.1447,-0.9971,0.7026,0.2961,0.0,0.0,0.0,0.0,-27.0,-16.0,-113.0,-35.0,49,1
30559,3.1431,-0.9971,0.7026,0.2961,0.0,0.0,0.0,0.0,-12.0,-20.0,-114.0,-36.0,47,1
30571,3.1416,-0.9971,0.7026,0.2961,0.0,0.0,0.0,0.0,0.0,-17.0,-119.0,-36.0,43,1
30583,3.137,-0.9971,0.7026,0.2961,-0.0479,0.0,0.0,0.0,11.0,-14.0,-115.0,-36.0,34,1
30596,3.1355,-0.9971,0.7026,0.2961,-0.0719,0.0,0.0,0.0,19.0,-15.0,-112.0,-36.0,23,1
30608,3.1355,-0.9971,0.7026,0.2961,-0.0959,0.0,0.0,0.0,18.0,-18.0,-112.0,-36.0,16,1
30620,3.137,-0.9971,0.7026,0.2976,-0.0959,0.0,0.0,0.0,4.0,-15.0,-115.0,-33.0,10,0
30632,3.1401,-0.9956,0.7026,0.2961,-0.0719,0.0,0.0,0.0,0.0,-15.0,-116.0,-36.0,6,0
30645,3.1401,-0.9971,0.7026,0.2961,-0.024,0.0,0.0,0.0,0.0,-17.0,-116.0,-36.0,4,0
30657,3.1431,-0.9971,0.7026,0.2961,0.0,0.0,0.0,0.0,-5.0,-15.0,-116.0,-36.0,4,0
30669,3.1431,-0.9971,0.7026,0.2961,0.0479,0.0,0.0,0.0,-2.0,-17.0,-116.0,-35.0,4,0
30678,3.1447,-0.9971,0.7026,0.2961,0.0719,0.0,0.0,0.0,-7.0,-16.0,-114.0,-36.0,3,0
30690,3.1431,-0.9956,0.7026,0.2961,0.0719,0.0,0.0,0.0,0.0,-18.0,-115.0,-36.0,3,0
30702,3.1401,-0.9971,0.7026,0.2961,0.024,0.0,0.0,0.0,0.0,-19.0,-116.0,-36.0,3,0
30714,3.1385,-0.9971,0.7026,0.2961,0.0,0.0,0.0,0.0,0.0,-20.0,-116.0,-36.0,2,0
30727,3.137,-0.9971,0.7026,0.2961,-0.024,0.0,0.0,0.0,12.0,-16.0,-116.0,-36.0,2,0
30735,3.137,-0.9971,0.7026,0.2961,-0.0479,0.0,0.0,0.0,8.0,-18.0,-118.0,-36.0,2,0
30747,3.137,-0.9971,0.7026,0.2961,-0.0719,0.0,0.0,0.0,6.0,-17.0,-118.0,-36.0,2,0
30759,3.1401,-0.9971,0.7026,0.2961,-0.0719,0.0,0.0,0.0,-2.0,-16.0,-118.0,-36.0,1,0
30772,3.1416,-0.9971,0.7026,0.2961,0.0,0.0,0.0,0.0,0.0,-20.0,-117.0,-36.0,1,0
30784,3.1416,-0.9971,0.7026,0.2961,0.0,0.0,0.0,0.0,-1.0,-16.0,-116.0,-36.0,1,0
30792,3.1431,-0.9971,0.7026,0.2961,0.024,0.0,0.0,0.0,-2.0,-16.0,-116.0,-36.0,1,0
30804,3.1431,-0.9971,0.7026,0.2961,0.0479,0.0,0.0,0.0,0.0,-17.0,-118.0,-35.0,1,0
30817,3.1416,-0.9971,0.7026,0.2961,0.0479,0.0,0.0,0.0,2.0,-19.0,-118.0,-36.0,0,0
30829,3.1416,-0.9971,0.7026,0.2961,0.0479,0.0,0.0,0.0,0.0,-18.0,-115.0,-36.0,0,0
30841,3.1416,-0.9971,0.7026,0.2961,0.024,0.0,0.0,0.0,0.0,-18.0,-118.0,-36.0,0,0
30850,3.1401,-0.9971,0.7026,0.2961,0.0,0.0,0.0,0.0,0.0,-21.0,-119.0,-36.0,0,0
30862,3.1401,-0.9971,0.7026,0.2961,-0.024,0.0,0.0,0.0,0.0,-17.0,-120.0,-36.0,0,0
30874,3.1401,-0.9971,0.7026,0.2961,-0.024,0.0,0.0,0.0,0.0,-18.0,-119.0,-36.0,0,0
30886,3.1401,-0.9971,0.7026,0.2961,-0.024,0.0,0.0,0.0,0.0,-19.0,-119.0,-36.0,0,0
30895,3.1401,-0.9971,0.7026,0.2961,-0.024,0.0,0.0,0.0,0.0,-16.0,-118.0,-34.0,0,0
30907,3.1416,-0.9971,0.7026,0.2961,0.0,0.0,0.0,0.0,0.0,-18.0,-119.0,-36.0,0,0
30919,3.1416,-0.9971,0.7026,0.2961,0.0,0.0,0.0,0.0,0.0,-18.0,-119.0,-35.0,0,0
30931,3.1431,-0.9971,0.7026,0.2961,0.0,0.0,0.0,0.0,-2.0,-17.0,-118.0,-36.0,0,0
30944,3.1416,-0.9971,0.7026,0.2961,0.0,0.0,0.0,0.0,0.0,-16.0,-119.0,-36.0,0,0
30952,3.1416,-0.9971,0.7026,0.2961,0.0,0.0,0.0,0.0,0.0,-16.0,-121.0,-36.0,0,0
30964,3.1416,-0.9971,0.7026,0.2961,0.0,0.0,0.0,0.0,0.0,-16.0,-119.0,-36.0,0,0
30976,3.1431,-0.9971,0.7026,0.2961,0.0,0.0,0.0,0.0,0.0,-19.0,-119.0,-36.0,0,0
30989,3.1416,-0.9971,0.7026,0.2961,0.0,0.0,0.0,0.0,-2.0,-18.0,-120.0,-36.0,0,0
31001,3.1416,-0.9971,0.7026,0.2961,0.0,0.0,0.0,0.0,0.0,-19.0,-119.0,-35.0,0,0
31009,3.1416,-0.9971,0.7026,0.2961,0.0,0.0,0.0,0.0,-2.0,-16.0,-118.0,-36.0,0,0
31022,3.1416,-0.9971,0.7026,0.2961,0.0,0.0,0.0,0.0,0.0,-18.0,-117.0,-36.0,0,0
31034,3.1416,-0.9971,0.7026,0.2961,0.0,0.0,0.0,0.0,0.0,-17.0,-121.0,-36.0,0,0
31046,3.1416,-0.9971,0.7026,0.2961,0.0,0.0,0.0,0.0,0.0,-15.0,-121.0,-35.0,0,0
31058,3.1416,-0.9971,0.7026,0.2961,0.0,0.0,0.0,0.0,0.0,-18.0,-120.0,-36.0,0,0
31067,3.1416,-0.9971,0.7026,0.2961,0.0,0.0,0.0,0.0,0.0,-16.0,-120.0,-36.0,0,0
31079,3.1416,-0.9971,0.7026,0.2961,0.0,0.0,0.0,0.0,0.0,-15.0,-121.0,-36.0,0,0
31091,3.1416,-0.9971,0.7026,0.2961,0.0,0.0,0.0,0.0,0.0,-15.0,-122.0,-35.0,0,0
31103,3.1401,-0.9971,0.7026,0.2961,0.0,0.0,0.0,0.0,-1.0,-15.0,-119.0,-36.0,0,0
31116,3.1416,-0.9971,0.7026,0.2961,0.0,0.0,0.0,0.0,-2.0,-17.0,-121.0,-36.0,0,0
31124,3.1401,-0.9971,0.7026,0.2961,0.0,0.0,0.0,0.0,0.0,-15.0,-121.0,-35.0,0,0
31136,3.1401,-0.9971,0.7026,0.2961,0.0,0.0,0.0,0.0,-1.0,-18.0,-120.0,-36.0,0,0
31149,3.1401,-0.9971,0.7026,0.2961,0.0,0.0,0.0,0.0,0.0,-18.0,-119.0,-36.0,0,0
31161,3.1401,-0.9971,0.7026,0.2961,0.0,0.0,0.0,0.0,-1.0,-17.0,-120.0,-36.0,0,0
31173,3.1416,-0.9971,0.7026,0.2976,0.0,0.0,0.0,0.0,-1.0,-16.0,-121.0,-36.0,0,0
31181,3.1416,-0.9971,0.7026,0.2976,0.0,0.0,0.0,0.0,-1.0,-16.0,-121.0,-36.0,0,0
31194,3.1401,-0.9971,0.7026,0.2961,0.0,0.0,0.0,0.0,-2.0,-17.0,-120.0,-36.0,0,0
31206,3.1401,-0.9971,0.7026,0.2961,0.0,0.0,0.0,0.0,0.0,-17.0,-123.0,-36.0,0,0
31218,3.1416,-0.9971,0.7026,0.2961,0.0,0.0,0.0,0.0,0.0,-19.0,-121.0,-36.0,0,0
31230,3.1401,-0.9971,0.7026,0.2961,0.0,0.0,0.0,0.0,0.0,-15.0,-120.0,-36.0,0,0
31239,3.1401,-0.9971,0.7026,0.2961,0.0,0.0,0.0,0.0,0.0,-15.0,-123.0,-36.0,0,0
31251,3.1401,-0.9971,0.7026,0.2961,0.0,0.0,0.0,0.0,0.0,-17.0,-120.0,-35.0,0,0
31263,3.1416,-0.9956,0.7026,0.2961,0.0,0.0,0.0,0.0,0.0,-15.0,-121.0,-36.0,0,0
31275,3.1401,-0.9971,0.7026,0.2961,0.0,0.0,0.0,0.0,0.0,-14.0,-119.0,-36.0,0,0
31288,3.1401,-0.9971,0.7026,0.2961,0.0,0.0,0.0,0.0,0.0,-14.0,-121.0,-36.0,0,0
31296,3.1401,-0.9971,0.7026,0.2961,0.0,0.0,0.0,0.0,0.0,-14.0,-120.0,-36.0,0,0
31308,3.1416,-0.9971,0.7026,0.2961,0.0,0.0,0.0,0.0,0.0,-15.0,-124.0,-35.0,0,0
31321,3.1401,-0.9971,0.701,0.2961,0.0,0.0,0.0,0.0,0.0,-15.0,-123.0,-36.0,0,0
31333,3.1401,-0.9971,0.7026,0.2961,0.0,0.0,0.0,0.0,0.0,-16.0,-123.0,-36.0,0,0
31341,3.1401,-0.9971,0.7026,0.2961,0.0,0.0,0.0,0.0,0.0,-16.0,-123.0,-36.0,0,0
31353,3.1401,-0.9971,0.7026,0.2961,0.0,0.0,0.0,0.0,0.0,-15.0,-122.0,-36.0,0,0
31366,3.1401,-0.9971,0.7026,0.2961,0.0,0.0,0.0,0.0,0.0,-17.0,-124.0,-36.0,0,0
31378,3.1401,-0.9971,0.7026,0.2961,0.0,0.0,0.0,0.0,-1.0,-15.0,-121.0,-36.0,0,0
31390,3.1401,-0.9971,0.7026,0.2976,0.0,0.0,0.0,0.0,0.0,-12.0,-122.0,-36.0,0,0
31398,3.1416,-0.9971,0.7026,0.2961,0.0,0.0,0.0,0.0,0.0,-12.0,-122.0,-36.0,0,0
31411,3.1401,-0.9971,0.7026,0.2961,0.0,0.0,0.0,0.0,0.0,-13.0,-125.0,-36.0,0,0
31423,3.1401,-0.9971,0.7026,0.2961,0.0,0.0,0.0,0.0,0.0,-15.0,-123.0,-36.0,0,0
31435,3.1401,-0.9971,0.7026,0.2961,0.0,0.0,0.0,0.0,0.0,-13.0,-123.0,-35.0,0,0
31448,3.1401,-0.9956,0.7026,0.2961,0.0,0.0,0.0,0.0,0.0,-12.0,-123.0,-36.0,0,0
31456,3.1401,-0.9971,0.7026,0.2976,0.0,0.0,0.0,0.0,0.0,-15.0,-123.0,-35.0,0,0
31468,3.1401,-0.9971,0.7026,0.2961,0.0,0.0,0.0,0.0,0.0,-12.0,-123.0,-36.0,0,0
31480,3.1401,-0.9971,0.7026,0.2961,0.0,0.0,0.0,0.0,0.0,-12.0,-122.0,-36.0,0,0
31493,3.1401,-0.9971,0.7026,0.2961,0.0,0.0,0.0,0.0,0.0,-12.0,-124.0,-36.0,0,0
31505,3.1401,-0.9971,0.7026,0.2961,0.0,0.0,0.0,0.0,0.0,-14.0,-123.0,-36.0,0,0
31513,3.1401,-0.9971,0.7026,0.2961,0.0,0.0,0.0,0.0,0.0,-12.0,-123.0,-36.0,0,0
31525,3.1401,-0.9971,0.7026,0.2961,0.0,0.0,0.0,0.0,0.0,-12.0,-124.0,-36.0,0,0
31538,3.1401,-0.9971,0.7026,0.2961,0.0,0.0,0.0,0.0,0.0,-12.0,-124.0,-37.0,0,0
31550,3.1401,-0.9971,0.7026,0.2961,0.0,0.0,0.0,0.0,0.0,-13.0,-124.0,-36.0,0,0
31562,3.1401,-0.9971,0.7026,0.2961,0.0,0.0,0.0,0.0,0.0,-15.0,-122.0,-36.0,0,0
31570,3.1401,-0.9971,0.7026,0.2961,0.0,0.0,0.0,0.0,0.0,-15.0,-122.0,-36.0,0,0
31583,3.1401,-0.9971,0.7026,0.2961,0.0,0.0,0.0,0.0,0.0,-14.0,-124.0,-36.0,0,0
31595,3.1416,-0.9971,0.701,0.2961,0.0,0.0,0.0,0.0,0.0,-14.0,-125.0,-35.0,0,0
31607,3.1401,-0.9971,0.7026,0.2961,0.0,0.0,0.0,0.0,0.0,-12.0,-123.0,-36.0,0,0
31620,3.1401,-0.9956,0.7026,0.2961,0.0,0.0,0.0,0.0,0.0,-14.0,-125.0,-36.0,0,0
31628,3.1416,-0.9956,0.7026,0.2961,0.0,0.0,0.0,0.0,0.0,-12.0,-126.0,-36.0,0,0
31640,3.1401,-0.9971,0.7026,0.2961,0.0,0.0,0.0,0.0,0.0,-12.0,-126.0,-36.0,0,0
31652,3.1401,-0.9971,0.7026,0.2961,0.0,0.0,0.0,0.0,0.0,-12.0,-125.0,-36.0,0,0
31665,3.1401,-0.9971,0.7026,0.2961,0.0,0.0,0.0,0.0,0.0,-13.0,-128.0,-36.0,0,0
31677,3.1401,-0.9971,0.7026,0.2961,0.0,0.0,0.0,0.0,0.0,-12.0,-125.0,-36.0,0,0
31685,3.1401,-0.9971,0.7026,0.2961,0.0,0.0,0.0,0.0,0.0,-13.0,-126.0,-36.0,0,0
31697,3.1401,-0.9971,0.7026,0.2961,0.0,0.0,0.0,0.0,0.0,-14.0,-126.0,-36.0,0,0
31710,3.1401,-0.9971,0.7026,0.2961,0.0,0.0,0.0,0.0,0.0,-15.0,-126.0,-36.0,0,0
31722,3.1401,-0.9971,0.7026,0.2961,0.0,0.0,0.0,0.0,0.0,-14.0,-126.0,-36.0,0,0
31734,3.1401,-0.9971,0.7026,0.2961,0.0,0.0,0.0,0.0,0.0,-14.0,-127.0,-36.0,0,0
31742,3.1401,-0.9971,0.7026,0.2961,0.0,0.0,0.0,0.0,0.0,-13.0,-127.0,-36.0,0,0
31755,3.1401,-0.9971,0.7026,0.2961,0.0,0.0,0.0,0.0,0.0,-11.0,-127.0,-36.0,0,0
31767,3.1401,-0.9971,0.7026,0.2961,0.0,0.0,0.0,0.0,0.0,-11.0,-126.0,-36.0,0,0
31779,3.1416,-0.9971,0.7026,0.2961,0.0,0.0,0.0,0.0,0.0,-11.0,-127.0,-35.0,0,0
31787,3.1401,-0.9971,0.7026,0.2961,0.0,0.0,0.0,0.0,0.0,-11.0,-127.0,-35.0,0,0
31800,3.1401,-0.9971,0.7026,0.2961,0.0,0.0,0.0,0.0,0.0,-11.0,-127.0,-36.0,0,0
31812,3.1416,-0.9971,0.7026,0.2961,0.0,0.0,0.0,0.0,0.0,-11.0,-127.0,-36.0,0,0
31824,3.1401,-0.9971,0.7026,0.2976,0.0,0.0,0.0,0.0,0.0,-11.0,-127.0,-36.0,0,0
31837,3.1401,-0.9971,0.7026,0.2961,0.0,0.0,0.0,0.0,0.0,-11.0,-127.0,-36.0,0,0
31845,3.1401,-0.9971,0.7026,0.2961,0.0,0.0,0.0,0.0,0.0,-11.0,-128.0,-36.0,0,0
31857,3.1416,-0.9956,0.7026,0.2961,0.0,0.0,0.0,0.0,0.0,-11.0,-127.0,-36.0,0,0
31869,3.1401,-0.9971,0.7026,0.2976,0.0,0.0,0.0,0.0,0.0,-11.0,-127.0,-36.0,0,0
31882,3.1401,-0.9971,0.7026,0.2961,0.0,0.0,0.0,0.0,0.0,-11.0,-128.0,-35.0,0,0
31894,3.1401,-0.9971,0.7026,0.2961,0.0,0.0,0.0,0.0,0.0,-11.0,-128.0,-36.0,0,0
31902,3.1401,-0.9971,0.7026,0.2961,0.0,0.0,0.0,0.0,0.0,-12.0,-127.0,-36.0,0,0
31914,3.1401,-0.9971,0.7026,0.2961,0.0,0.0,0.0,0.0,0.0,-10.0,-127.0,-36.0,0,0
31927,3.1401,-0.9971,0.7026,0.2961,0.0,0.0,0.0,0.0,0.0,-11.0,-128.0,-36.0,0,0
31939,3.1416,-0.9971,0.7026,0.2961,0.0,0.0,0.0,0.0,0.0,-11.0,-126.0,-36.0,0,0
31951,3.1401,-0.9971,0.7026,0.2961,0.0,0.0,0.0,0.0,0.0,-12.0,-128.0,-35.0,0,0
31960,3.1401,-0.9971,0.7026,0.2961,0.0,0.0,0.0,0.0,0.0,-11.0,-127.0,-36.0,0,0
31972,3.1401,-0.9971,0.7026,0.2961,0.0,0.0,0.0,0.0,0.0,-11.0,-128.0,-36.0,0,0
31984,3.1385,-0.9971,0.701,0.2961,0.0,0.0,0.0,0.0,0.0,-12.0,-127.0,-36.0,0,0
31996,3.1339,-0.9971,0.7026,0.2961,0.0,0.0,0.0,0.0,28.0,-11.0,-128.0,-36.0,0,0
32009,3.1324,-0.9971,0.7026,0.2961,-0.0479,0.0,0.0,0.0,47.0,-11.0,-128.0,-36.0,0,0
32017,3.1309,-0.9971,0.7026,0.2976,-0.0719,0.0,0.0,0.0,54.0,-10.0,-128.0,-36.0,0,0
32029,3.1278,-0.9971,0.7026,0.2961,-0.1198,0.0,0.0,0.0,94.0,-12.0,-117.0,-36.0,0,0
32041,3.1278,-0.9956,0.701,0.2961,-0.1438,0.0,0.0,0.0,99.0,-16.0,-90.0,-35.0,3,0
32054,3.1263,-0.9956,0.6995,0.2961,-0.1678,0.0,-0.024,0.0,85.0,-25.0,-112.0,-36.0,17,1
32066,3.1247,-0.9956,0.6995,0.2961,-0.1438,0.0,-0.024,0.0,93.0,-19.0,-112.0,-36.0,10,0
32078,3.1232,-0.9956,0.6995,0.2961,-0.1438,0.0,-0.024,0.0,110.0,-17.0,-115.0,-36.0,55,1
32091,3.1201,-0.9956,0.6995,0.2976,-0.1438,0.0,-0.024,0.0,118.0,-16.0,-115.0,-36.0,65,1
32103,3.1186,-0.9956,0.6995,0.2961,-0.1198,0.0,-0.024,0.0,120.0,-12.0,-106.0,-36.0,72,1
32115,3.1186,-0.9986,0.698,0.2961,-0.1198,0.0,-0.024,0.0,111.0,0.0,-89.0,-34.0,81,1
32127,3.1186,-1.0002,0.6964,0.2961,-0.0959,0.0,-0.024,0.0,108.0,3.0,-72.0,-24.0,84,1
32140,3.1186,-1.0017,0.6949,0.2945,-0.0959,-0.0479,-0.024,0.0,107.0,15.0,-74.0,-26.0,80,1
32152,3.1186,-1.0017,0.6934,0.2945,-0.0479,-0.0719,-0.0719,0.0,108.0,13.0,-91.0,-33.0,81,1
32164,3.1186,-1.0017,0.6934,0.2945,-0.024,-0.0719,-0.0719,0.0,108.0,11.0,-91.0,-34.0,80,1
32181,3.1186,-1.0017,0.6934,0.2961,-0.024,-0.0719,-0.0719,0.0,110.0,14.0,-94.0,-33.0,81,1
32193,3.1186,-1.0017,0.6949,0.2961,0.0,-0.0479,-0.0479,0.0,141.0,3.0,-94.0,-20.0,88,1
32205,3.1186,-1.0002,0.6949,0.2961,0.0,0.0,-0.024,0.0,120.0,6.0,-92.0,-23.0,91,1
32218,3.117,-1.0002,0.6949,0.2961,0.0,0.0,0.0,0.0,117.0,5.0,-95.0,-27.0,94,1
32230,3.1186,-1.0017,0.6934,0.2945,0.0,0.0,0.0,0.0,118.0,8.0,-92.0,-32.0,93,1
32242,3.1186,-1.0002,0.6934,0.2961,0.0,0.0,0.0,0.0,115.0,10.0,-90.0,-24.0,92,1
32254,3.1186,-1.0017,0.6934,0.2961,0.0,0.0,0.0,0.0,113.0,6.0,-89.0,-24.0,92,1
32267,3.1186,-1.0017,0.6934,0.2961,0.0,0.0,0.0,0.0,113.0,7.0,-90.0,-29.0,91,1
32279,3.1201,-1.0002,0.6934,0.2945,0.0,0.0,0.0,0.0,100.0,1.0,-90.0,-27.0,89,1
32291,3.1247,-0.9986,0.6949,0.2961,0.0479,0.0,0.0,0.0,39.0,-1.0,-97.0,-23.0,84,1
32304,3.1278,-0.9986,0.6949,0.2961,0.0719,0.0,0.0,0.0,14.0,-1.0,-97.0,-33.0,80,1
32316,3.1324,-0.9971,0.6949,0.2945,0.1198,0.024,0.0,0.0,0.0,-3.0,-97.0,-33.0,72,1
32328,3.1339,-0.9971,0.6949,0.2961,0.1678,0.024,0.0,0.0,0.0,-4.0,-98.0,-25.0,60,1
32340,3.137,-0.9971,0.6949,0.2961,0.1918,0.024,0.0,0.0,10.0,-5.0,-97.0,-35.0,45,1
32353,3.1401,-0.9971,0.6949,0.2961,0.2397,0.024,0.0,0.0,0.0,-4.0,-95.0,-24.0,32,1
32365,3.1416,-0.9971,0.6949,0.2945,0.2397,0.024,0.0,0.0,-8.0,0.0,-96.0,-24.0,10,0
32377,3.1431,-0.9971,0.6949,0.2961,0.2157,0.024,0.0,0.0,0.0,0.0,-97.0,-27.0,5,0
32390,3.1447,-0.9971,0.6934,0.2961,0.1918,0.0,0.0,0.0,-2.0,0.0,-92.0,-30.0,1,0
32402,3.1462,-0.9971,0.6934,0.2961,0.1678,0.0,0.0,0.0,-7.0,0.0,-92.0,-23.0,1,0
32410,3.1462,-0.9971,0.6934,0.2961,0.1678,0.0,0.0,0.0,-7.0,0.0,-92.0,-23.0,2,0
32422,3.1447,-0.9971,0.6949,0.2961,0.1198,0.0,0.0,0.0,2.0,0.0,-94.0,-27.0,2,0
32435,3.1431,-0.9971,0.6949,0.2945,0.0719,0.0,0.0,0.0,5.0,0.0,-96.0,-35.0,1,0
32447,3.1416,-0.9971,0.6934,0.2945,0.024,0.0,0.0,0.0,0.0,0.0,-92.0,-30.0,1,0
32459,3.1401,-0.9971,0.6949,0.2945,0.0,0.0,0.0,0.0,8.0,0.0,-93.0,-33.0,1,0
32467,3.1401,-0.9971,0.6949,0.2961,-0.0479,0.0,0.0,0.0,11.0,0.0,-95.0,-27.0,0,0
32480,3.1401,-0.9971,0.6949,0.2961,-0.0719,0.0,0.0,0.0,3.0,-1.0,-95.0,-22.0,0,0
32492,3.1416,-0.9971,0.6949,0.2961,-0.0479,0.0,0.0,0.0,-3.0,-1.0,-96.0,-27.0,0,0
32504,3.1431,-0.9971,0.6949,0.2961,-0.024,0.0,0.0,0.0,0.0,-1.0,-94.0,-33.0,0,0
32517,3.1447,-0.9971,0.6949,0.2961,0.0,0.0,0.0,0.0,0.0,-1.0,-92.0,-26.0,0,0
32525,3.1431,-0.9971,0.6949,0.2961,0.0,0.0,0.0,0.0,-2.0,-1.0,-91.0,-28.0,1,0
32537,3.1431,-0.9971,0.6949,0.2961,0.024,0.0,0.0,0.0,0.0,-1.0,-91.0,-25.0,1,0
32549,3.1447,-0.9971,0.6949,0.2961,0.0479,0.0,0.0,0.0,0.0,-1.0,-94.0,-31.0,1,0
32562,3.1431,-0.9971,0.6949,0.2961,0.024,0.0,0.0,0.0,0.0,-1.0,-93.0,-26.0,1,0
32574,3.1431,-0.9971,0.6934,0.2961,0.0,0.0,0.0,0.0,0.0,-3.0,-92.0,-17.0,0,0
32582,3.1431,-0.9971,0.6934,0.2961,0.0,0.0,0.0,0.0,0.0,-1.0,-93.0,-21.0,0,0
32594,3.1431,-0.9971,0.6949,0.2961,0.0,0.0,0.0,0.0,0.0,-1.0,-92.0,-25.0,0,0
32607,3.1431,-0.9971,0.6949,0.2945,0.0,0.0,0.0,0.0,0.0,-1.0,-93.0,-19.0,0,0
32619,3.1431,-0.9971,0.6949,0.2945,0.0,0.0,0.0,0.0,0.0,-1.0,-91.0,-27.0,0,0
32631,3.1431,-0.9971,0.6949,0.2961,0.0,0.0,0.0,0.0,0.0,-1.0,-92.0,-23.0,0,0
32639,3.1431,-0.9971,0.6949,0.2961,0.0,0.0,0.0,0.0,0.0,-1.0,-95.0,-34.0,0,0
32652,3.1431,-0.9971,0.6949,0.2961,0.0,0.0,0.0,0.0,0.0,-1.0,-92.0,-28.0,0,0
32664,3.1447,-0.9971,0.6949,0.2961,0.0,0.0,0.0,0.0,0.0,-1.0,-92.0,-30.0,0,0
32676,3.1431,-0.9956,0.6934,0.2961,0.0,0.0,0.0,0.0,0.0,-1.0,-90.0,-25.0,0,0
32689,3.1431,-0.9971,0.6949,0.2945,0.0,0.0,0.0,0.0,-2.0,-1.0,-93.0,-32.0,0,0
32697,3.1431,-0.9971,0.6934,0.2945,0.0,0.0,0.0,0.0,0.0,-2.0,-91.0,-34.0,0,0
32709,3.1431,-0.9971,0.6949,0.2961,0.0,0.0,0.0,0.0,0.0,-1.0,-93.0,-24.0,0,0
32721,3.1431,-0.9971,0.6949,0.2961,0.0,0.0,0.0,0.0,0.0,-1.0,-89.0,-27.0,0,0
32734,3.1431,-0.9971,0.6949,0.2961,0.0,0.0,0.0,0.0,0.0,-1.0,-88.0,-30.0,0,0
32742,3.1431,-0.9971,0.6949,0.2961,0.0,0.0,0.0,0.0,0.0,-1.0,-92.0,-31.0,0,0
32754,3.1431,-0.9971,0.6949,0.2945,0.0,0.0,0.0,0.0,0.0,-1.0,-90.0,-31.0,0,0
32766,3.1431,-0.9971,0.6949,0.2961,0.0,0.0,0.0,0.0,0.0,-1.0,-92.0,-24.0,0,0
32779,3.1431,-0.9971,0.6949,0.2961,0.0,0.0,0.0,0.0,0.0,-1.0,-94.0,-28.0,0,0
32791,3.1431,-0.9971,0.6934,0.2945,0.0,0.0,0.0,0.0,0.0,-1.0,-90.0,-24.0,0,0
32799,3.1431,-0.9971,0.6934,0.2945,0.0,0.0,0.0,0.0,0.0,-1.0,-90.0,-24.0,0,0
32811,3.1431,-0.9971,0.6949,0.2961,0.0,0.0,0.0,0.0,0.0,-3.0,-90.0,-24.0,0,0
32824,3.1431,-0.9971,0.6934,0.2945,0.0,0.0,0.0,0.0,0.0,-3.0,-92.0,-28.0,0,0
32836,3.1431,-0.9971,0.6949,0.2961,0.0,0.0,0.0,0.0,0.0,-1.0,-93.0,-26.0,0,0
32848,3.1431,-0.9971,0.6949,0.2961,0.0,0.0,0.0,0.0,0.0,-1.0,-91.0,-33.0,0,0
32857,3.1431,-0.9971,0.6949,0.2961,0.0,0.0,0.0,0.0,0.0,-1.0,-90.0,-32.0,0,0
32869,3.1431,-0.9971,0.6949,0.2961,0.0,0.0,0.0,0.0,0.0,-1.0,-91.0,-27.0,0,0
32881,3.1431,-0.9971,0.6949,0.2945,0.0,0.0,0.0,0.0,0.0,-1.0,-91.0,-25.0,0,0
32893,3.1431,-0.9971,0.6949,0.2961,0.0,0.0,0.0,0.0,0.0,-1.0,-90.0,-26.0,0,0
32906,3.1431,-0.9971,0.6949,0.2961,0.0,0.0,0.0,0.0,0.0,-2.0,-90.0,-22.0,0,0
32914,3.1431,-0.9971,0.6949,0.2945,0.0,0.0,0.0,0.0,0.0,-1.0,-91.0,-26.0,0,0
32926,3.1431,-0.9971,0.6949,0.2945,0.0,0.0,0.0,0.0,0.0,-1.0,-90.0,-29.0,0,0
32938,3.1431,-0.9971,0.6949,0.2945,0.0,0.0,0.0,0.0,0.0,-1.0,-92.0,-27.0,0,0
32951,3.1431,-0.9971,0.6949,0.2945,0.0,0.0,0.0,0.0,0.0,-1.0,-92.0,-27.0,0,0
32963,3.1431,-0.9971,0.6949,0.2945,0.0,0.0,0.0,0.0,0.0,-1.0,-92.0,-24.0,0,0
32971,3.1431,-0.9971,0.6934,0.2961,0.0,0.0,0.0,0.0,0.0,-1.0,-89.0,-21.0,0,0
32983,3.1431,-0.9971,0.6949,0.2961,0.0,0.0,0.0,0.0,0.0,-1.0,-88.0,-26.0,0,0
32996,3.1431,-0.9971,0.6949,0.2945,0.0,0.0,0.0,0.0,0.0,-1.0,-90.0,-23.0,0,0
33008,3.1431,-0.9971,0.6949,0.2961,0.0,0.0,0.0,0.0,0.0,0.0,-87.0,-16.0,0,0
33020,3.1431,-0.9971,0.6934,0.2961,0.0,0.0,0.0,0.0,-1.0,0.0,-91.0,-23.0,0,0
33029,3.1431,-0.9971,0.6949,0.2945,0.0,0.0,0.0,0.0,0.0,0.0,-90.0,-23.0,0,0
33041,3.1431,-0.9971,0.6949,0.2945,0.0,0.0,0.0,0.0,0.0,-1.0,-88.0,-26.0,0,0
33053,3.1431,-0.9971,0.6934,0.2961,0.0,0.0,0.0,0.0,0.0,-1.0,-91.0,-25.0,0,0
33065,3.1431,-0.9971,0.6949,0.2961,0.0,0.0,0.0,0.0,0.0,-1.0,-90.0,-23.0,0,0
33078,3.1431,-0.9971,0.6949,0.2961,0.0,0.0,0.0,0.0,0.0,-1.0,-88.0,-25.0,0,0
33086,3.1431,-0.9971,0.6949,0.2961,0.0,0.0,0.0,0.0,0.0,-1.0,-87.0,-24.0,0,0
33098,3.1431,-0.9956,0.6949,0.2961,0.0,0.0,0.0,0.0,0.0,-1.0,-89.0,-17.0,0,0
33110,3.1431,-0.9971,0.6949,0.2961,0.0,0.0,0.0,0.0,0.0,-1.0,-89.0,-26.0,0,0
33123,3.1401,-0.9971,0.6949,0.2961,0.0,0.0,0.0,0.0,6.0,-1.0,-90.0,-25.0,0,0
33135,3.137,-0.9971,0.6949,0.2961,-0.024,0.0,0.0,0.0,28.0,-2.0,-90.0,-22.0,0,0
33143,3.137,-0.9971,0.6934,0.2961,-0.0479,0.0,0.0,0.0,22.0,-1.0,-89.0,-23.0,0,0
33155,3.1385,-0.9971,0.6934,0.2961,-0.0479,0.0,0.0,0.0,21.0,-1.0,-88.0,-27.0,0,0
33168,3.137,-0.9971,0.6949,0.2961,-0.0719,0.0,0.0,0.0,31.0,-2.0,-87.0,-21.0,0,0
33180,3.1355,-0.9971,0.6949,0.2945,-0.0719,0.0,0.0,0.0,39.0,-2.0,-89.0,-19.0,1,0
33188,3.1355,-0.9971,0.6934,0.2945,-0.0719,0.0,0.0,0.0,72.0,-6.0,-87.0,-23.0,4,0
33201,3.1339,-0.9956,0.6949,0.2961,-0.0719,0.0,0.0,0.0,72.0,-8.0,-87.0,-23.0,4,0
33213,3.1324,-0.9956,0.6949,0.2961,-0.0719,0.0,0.0,0.0,60.0,-12.0,-90.0,-28.0,3,0
33225,3.1309,-0.9956,0.6949,0.2945,-0.0719,0.0,0.0,0.0,69.0,-12.0,-90.0,-30.0,1,0
33237,3.1293,-0.9956,0.6949,0.2961,-0.0719,0.0,0.0,0.0,80.0,-12.0,-90.0,-30.0,82,1
33250,3.1278,-0.9956,0.6949,0.2961,-0.0959,0.0,0.0,0.0,96.0,-12.0,-90.0,-24.0,70,1
33262,3.1247,-0.9956,0.6949,0.2961,-0.0959,0.0,0.0,0.0,114.0,-12.0,-89.0,-24.0,77,1
33274,3.1232,-0.9956,0.6949,0.2961,-0.1198,0.0,0.0,0.0,116.0,-12.0,-89.0,-23.0,83,1
33287,3.1217,-0.9956,0.6949,0.2961,-0.1198,0.0,0.0,0.0,122.0,-12.0,-88.0,-21.0,92,1
33299,3.1217,-0.9956,0.6934,0.2945,-0.1198,0.0,0.0,0.0,111.0,-12.0,-85.0,-20.0,101,1
33315,3.1217,-0.9956,0.6949,0.2961,-0.0959,0.0,0.0,0.0,101.0,-12.0,-88.0,-26.0,107,1
33328,3.1217,-0.9956,0.6949,0.2961,-0.0959,0.0,0.0,0.0,101.0,-12.0,-87.0,-24.0,102,1
33340,3.1217,-0.9956,0.6949,0.2945,-0.0719,0.0,0.0,0.0,103.0,-12.0,-88.0,-21.0,100,1
33352,3.1217,-0.9956,0.6934,0.2961,-0.024,0.0,0.0,0.0,101.0,-12.0,-87.0,-27.0,98,1
33364,3.1217,-0.9956,0.6949,0.2945,0.0,0.0,0.0,0.0,97.0,-12.0,-85.0,-22.0,97,1
33377,3.1232,-0.9956,0.6934,0.2961,0.0,0.0,0.0,0.0,87.0,-12.0,-87.0,-27.0,95,1
33393,3.1263,-0.9956,0.6949,0.2945,0.024,0.0,0.0,0.0,52.0,-12.0,-88.0,-28.0,87,1
33405,3.1293,-0.9956,0.6949,0.2961,0.0479,0.0,0.0,0.0,35.0,-12.0,-86.0,-25.0,75,1
33418,3.1309,-0.9956,0.6949,0.2961,0.0719,0.0,0.0,0.0,20.0,-12.0,-86.0,-17.0,66,1
33430,3.1339,-0.9956,0.6934,0.2961,0.1198,0.0,0.0,0.0,7.0,-11.0,-86.0,-27.0,55,1
33442,3.137,-0.9956,0.6934,0.2945,0.1678,0.0,0.0,0.0,8.0,-12.0,-88.0,-28.0,41,1
33454,3.1401,-0.9956,0.6934,0.2945,0.1918,0.0,0.0,0.0,4.0,-12.0,-88.0,-22.0,27,1
33467,3.1401,-0.9956,0.6949,0.2961,0.1918,0.0,0.0,0.0,2.0,-12.0,-88.0,-26.0,23,1
33479,3.1401,-0.9956,0.6949,0.2961,0.1678,0.0,0.0,0.0,-2.0,-12.0,-84.0,-25.0,8,0
33487,3.1416,-0.9956,0.6934,0.2961,0.1678,0.0,0.0,0.0,0.0,-10.0,-87.0,-19.0,4,0
33500,3.1431,-0.9956,0.6949,0.2961,0.1438,0.0,0.0,0.0,0.0,-10.0,-81.0,-23.0,2,0
33512,3.1447,-0.9956,0.6949,0.2961,0.0959,0.0,0.0,0.0,0.0,-10.0,-83.0,-22.0,2,0
33524,3.1447,-0.9956,0.6949,0.2961,0.0959,0.0,0.0,0.0,0.0,-10.0,-86.0,-22.0,2,0
33536,3.1431,-0.9956,0.6949,0.2945,0.0719,0.0,0.0,0.0,0.0,-11.0,-86.0,-24.0,2,0
33545,3.1431,-0.9956,0.6949,0.2945,0.0479,0.0,0.0,0.0,0.0,-11.0,-87.0,-24.0,2,0
33557,3.1416,-0.9956,0.6949,0.2945,0.024,0.0,0.0,0.0,4.0,-11.0,-84.0,-25.0,1,0
33569,3.1416,-0.9956,0.6949,0.2945,0.0,0.0,0.0,0.0,0.0,-12.0,-87.0,-23.0,1,0
33581,3.1416,-0.9956,0.6949,0.2961,-0.024,0.0,0.0,0.0,0.0,-12.0,-85.0,-18.0,1,0
33594,3.1431,-0.9956,0.6949,0.2945,-0.024,0.0,0.0,0.0,0.0,-10.0,-83.0,-26.0,1,0
33602,3.1431,-0.9956,0.6949,0.2961,-0.024,0.0,0.0,0.0,0.0,-10.0,-86.0,-25.0,1,0
33614,3.1416,-0.9956,0.6949,0.2961,0.0,0.0,0.0,0.0,0.0,-12.0,-80.0,-29.0,1,0
33627,3.1431,-0.9956,0.6934,0.2961,0.0,0.0,0.0,0.0,0.0,-12.0,-86.0,-23.0,1,0
33639,3.1416,-0.9956,0.6949,0.2945,0.0,0.0,0.0,0.0,0.0,-12.0,-86.0,-26.0,1,0
33651,3.1416,-0.9956,0.6949,0.2961,0.0,0.0,0.0,0.0,0.0,-12.0,-86.0,-23.0,1,0
33659,3.1416,-0.9956,0.6949,0.2961,0.0,0.0,0.0,0.0,0.0,-12.0,-86.0,-23.0,1,0
33672,3.1431,-0.9956,0.6949,0.2961,0.0,0.0,0.0,0.0,0.0,-10.0,-86.0,-29.0,1,0
33684,3.1431,-0.9956,0.6949,0.2961,0.0,0.0,0.0,0.0,0.0,-11.0,-86.0,-28.0,1,0
33696,3.1416,-0.9956,0.6949,0.2961,0.0,0.0,0.0,0.0,0.0,-11.0,-87.0,-29.0,1,0
33708,3.1416,-0.9956,0.6949,0.2961,0.0,0.0,0.0,0.0,0.0,-11.0,-85.0,-25.0,1,0
33717,3.1431,-0.9956,0.6949,0.2961,0.0,0.0,0.0,0.0,0.0,-12.0,-81.0,-19.0,0,0
33729,3.1416,-0.9956,0.6934,0.2961,0.0,0.0,0.0,0.0,0.0,-12.0,-87.0,-27.0,0,0
33741,3.1431,-0.9956,0.6934,0.2961,0.0,0.0,0.0,0.0,0.0,-12.0,-82.0,-21.0,0,0
33753,3.1431,-0.9956,0.6949,0.2945,0.0,0.0,0.0,0.0,0.0,-12.0,-84.0,-28.0,0,0
33762,3.1416,-0.9956,0.6949,0.2945,0.0,0.0,0.0,0.0,0.0,-12.0,-82.0,-25.0,0,0
33774,3.1416,-0.9956,0.6949,0.2945,0.0,0.0,0.0,0.0,0.0,-12.0,-82.0,-29.0,0,0
33786,3.1416,-0.9956,0.6949,0.2945,0.0,0.0,0.0,0.0,0.0,-12.0,-86.0,-17.0,0,0
33799,3.1431,-0.9956,0.6949,0.2961,0.0,0.0,0.0,0.0,0.0,-12.0,-87.0,-24.0,0,0
33811,3.1431,-0.9956,0.6949,0.2961,0.0,0.0,0.0,0.0,0.0,-12.0,-82.0,-29.0,0,0
33819,3.1431,-0.9956,0.6949,0.2961,0.0,0.0,0.0,0.0,0.0,-12.0,-80.0,-25.0,0,0
33831,3.1416,-0.9956,0.6949,0.2961,0.0,0.0,0.0,0.0,0.0,-11.0,-85.0,-17.0,0,0
33844,3.1431,-0.9956,0.6949,0.2945,0.0,0.0,0.0,0.0,0.0,-11.0,-84.0,-19.0,0,0
33856,3.1416,-0.9956,0.6949,0.2945,0.0,0.0,0.0,0.0,0.0,-11.0,-87.0,-21.0,0,0
33868,3.1416,-0.9956,0.6949,0.2961,0.0,0.0,0.0,0.0,0.0,-11.0,-84.0,-22.0,0,0
33876,3.1416,-0.9956,0.6949,0.2961,0.0,0.0,0.0,0.0,0.0,-11.0,-81.0,-19.0,0,0
33889,3.1416,-0.9956,0.6949,0.2961,0.0,0.0,0.0,0.0,0.0,-12.0,-82.0,-22.0,0,0
33901,3.1416,-0.9956,0.6934,0.2945,0.0,0.0,0.0,0.0,0.0,-10.0,-85.0,-18.0,0,0
33913,3.1416,-0.9956,0.6949,0.2961,0.0,0.0,0.0,0.0,0.0,-8.0,-84.0,-20.0,0,0
33926,3.1431,-0.9956,0.6934,0.2961,0.0,0.0,0.0,0.0,0.0,-11.0,-82.0,-22.0,0,0
33934,3.1431,-0.9956,0.6949,0.2945,0.0,0.0,0.0,0.0,0.0,-12.0,-82.0,-21.0,0,0
33946,3.1416,-0.9956,0.6949,0.2961,0.0,0.0,0.0,0.0,0.0,-12.0,-83.0,-21.0,0,0
33958,3.1416,-0.9956,0.6949,0.2945,0.0,0.0,0.0,0.0,0.0,-10.0,-81.0,-18.0,0,0
33971,3.1431,-0.9956,0.6934,0.2961,0.0,0.0,0.0,0.0,0.0,-9.0,-84.0,-21.0,0,0
33983,3.1431,-0.9956,0.6949,0.2961,0.0,0.0,0.0,0.0,0.0,-10.0,-83.0,-19.0,0,0
33991,3.1416,-0.9956,0.6934,0.2961,0.0,0.0,0.0,0.0,0.0,-12.0,-83.0,-18.0,0,0
34003,3.1416,-0.9971,0.6949,0.2961,0.0,0.0,0.0,0.0,0.0,-12.0,-81.0,-21.0,0,0
34016,3.1416,-0.9956,0.6949,0.2945,0.0,0.0,0.0,0.0,0.0,-10.0,-80.0,-19.0,0,0
34028,3.1416,-0.9956,0.6934,0.2961,0.0,0.0,0.0,0.0,0.0,-11.0,-81.0,-20.0,0,0
34040,3.1416,-0.9956,0.6949,0.2961,0.0,0.0,0.0,0.0,0.0,-11.0,-79.0,-20.0,0,0
34048,3.1431,-0.9956,0.6949,0.2945,0.0,0.0,0.0,0.0,0.0,-12.0,-81.0,-19.0,0,0
34061,3.1431,-0.9956,0.6949,0.2945,0.0,0.0,0.0,0.0,0.0,-12.0,-80.0,-18.0,0,0
34073,3.1416,-0.9956,0.6949,0.2961,0.0,0.0,0.0,0.0,0.0,-12.0,-81.0,-20.0,0,0
34085,3.1416,-0.9956,0.6934,0.2945,0.0,0.0,0.0,0.0,0.0,-12.0,-80.0,-18.0,0,0
34098,3.1431,-0.9956,0.6949,0.2961,0.0,0.0,0.0,0.0,0.0,-12.0,-81.0,-20.0,0,0
34106,3.1431,-0.9956,0.6934,0.2961,0.0,0.0,0.0,0.0,0.0,-12.0,-83.0,-22.0,0,0
34118,3.1416,-0.9956,0.6934,0.2961,0.0,0.0,0.0,0.0,0.0,-10.0,-82.0,-22.0,0,0
34130,3.1416,-0.9956,0.6949,0.2961,0.0,0.0,0.0,0.0,0.0,-12.0,-81.0,-17.0,0,0
34143,3.1416,-0.9956,0.6949,0.2961,0.0,0.0,0.0,0.0,0.0,-10.0,-85.0,-17.0,0,0
34155,3.1416,-0.9956,0.6949,0.2961,0.0,0.0,0.0,0.0,0.0,-11.0,-80.0,-19.0,0,0
34163,3.1416,-0.9956,0.6949,0.2961,0.0,0.0,0.0,0.0,0.0,-11.0,-81.0,-23.0,0,0
34175,3.1416,-0.9956,0.6949,0.2961,0.0,0.0,0.0,0.0,0.0,-11.0,-79.0,-22.0,0,0
34188,3.1416,-0.9956,0.6949,0.2961,0.0,0.0,0.0,0.0,0.0,-10.0,-81.0,-22.0,0,0
34200,3.1416,-0.9956,0.6934,0.2961,0.0,0.0,0.0,0.0,0.0,-10.0,-82.0,-21.0,0,0
34208,3.1416,-0.9956,0.6949,0.2945,0.0,0.0,0.0,0.0,0.0,-11.0,-80.0,-19.0,0,0
34220,3.1416,-0.9956,0.6949,0.2961,0.0,0.0,0.0,0.0,0.0,-11.0,-80.0,-18.0,0,0
34233,3.1416,-0.9956,0.6934,0.2961,0.0,0.0,0.0,0.0,0.0,-10.0,-81.0,-21.0,0,0
34245,3.1416,-0.9956,0.6949,0.2945,0.0,0.0,0.0,0.0,0.0,-11.0,-82.0,-20.0,0,0
34257,3.1385,-0.9956,0.6934,0.2945,0.0,0.0,0.0,0.0,56.0,-12.0,-83.0,-14.0,0,0
34265,3.137,-0.9956,0.6949,0.2961,-0.024,0.0,0.0,0.0,50.0,-10.0,-82.0,-19.0,0,0
34278,3.1385,-0.9956,0.6934,0.2961,-0.024,0.0,0.0,0.0,21.0,-11.0,-84.0,-19.0,0,0
34290,3.1385,-0.9956,0.6949,0.2945,-0.024,0.0,0.0,0.0,23.0,-14.0,-85.0,-20.0,0,0
34302,3.1385,-0.9956,0.6949,0.2961,-0.0479,0.0,0.0,0.0,29.0,-14.0,-79.0,-21.0,1,0
34315,3.1385,-0.994,0.6934,0.2961,-0.024,0.0,0.0,0.0,32.0,-15.0,-83.0,-20.0,16,1
34327,3.1385,-0.9956,0.6949,0.2961,-0.024,0.0,0.0,0.0,31.0,-12.0,-82.0,-17.0,21,1
34339,3.137,-0.9956,0.6934,0.2961,0.0,0.0,0.0,0.0,34.0,-12.0,-81.0,-18.0,25,1
34351,3.137,-0.9971,0.6934,0.2945,0.0,0.0,0.0,0.0,31.0,0.0,-77.0,-16.0,42,1
34364,3.137,-0.9971,0.6934,0.2961,0.0,0.0,0.0,0.0,32.0,0.0,-78.0,-20.0,54,1
34376,3.137,-0.9986,0.6949,0.2945,0.0,-0.024,0.0,0.0,34.0,0.0,-80.0,-17.0,56,1
34388,3.137,-0.9986,0.6949,0.2961,0.0,-0.024,0.0,0.0,35.0,3.0,-79.0,-22.0,60,1
34401,3.137,-0.9986,0.6949,0.2961,0.0,-0.024,0.0,0.0,32.0,0.0,-76.0,-20.0,56,1
34413,3.1385,-0.9986,0.6949,0.2961,0.0,-0.0479,0.0,0.0,32.0,0.0,-80.0,-17.0,54,1
34425,3.137,-0.9986,0.6949,0.2961,0.0,-0.024,0.0,0.0,31.0,0.0,-80.0,-22.0,57,1
34438,3.1385,-0.9986,0.6949,0.2961,0.0,-0.024,0.0,0.0,31.0,0.0,-80.0,-21.0,61,1
34450,3.1385,-0.9986,0.6949,0.2961,0.0,0.0,0.0,0.0,31.0,-3.0,-81.0,-20.0,60,1
34462,3.1385,-0.9986,0.6949,0.2961,0.0,0.0,0.0,0.0,30.0,-1.0,-80.0,-20.0,56,1
34478,3.1385,-0.9986,0.6949,0.2961,0.0,0.0,0.0,0.0,28.0,-1.0,-83.0,-20.0,51,1
34491,3.1385,-0.9986,0.6949,0.2961,0.0,0.0,0.0,0.0,21.0,-1.0,-82.0,-19.0,45,1
34503,3.1401,-0.9986,0.6949,0.2961,0.0,0.0,0.0,0.0,11.0,-1.0,-79.0,-17.0,35,1
34515,3.1416,-0.9986,0.6949,0.2961,0.024,0.0,0.0,0.0,4.0,-1.0,-80.0,-16.0,25,1
34528,3.1416,-0.9986,0.6949,0.2961,0.024,0.0,0.0,0.0,-1.0,-1.0,-79.0,-17.0,13,1
34540,3.1416,-0.9986,0.6949,0.2961,0.024,0.0,0.0,0.0,1.0,-1.0,-81.0,-20.0,3,0
34548,3.1416,-0.9986,0.6949,0.2961,0.024,0.0,0.0,0.0,0.0,-1.0,-80.0,-20.0,0,0
34560,3.1416,-0.9971,0.6949,0.2945,0.024,0.0,0.0,0.0,0.0,-1.0,-81.0,-19.0,0,0
34573,3.1416,-0.9971,0.6949,0.2961,0.024,0.0,0.0,0.0,0.0,-1.0,-81.0,-19.0,0,0
34585,3.1416,-0.9971,0.6949,0.2961,0.0,0.0,0.0,0.0,0.0,-2.0,-81.0,-21.0,0,0
34593,3.1416,-0.9971,0.6949,0.2961,0.0,0.0,0.0,0.0,-1.0,-1.0,-79.0,-18.0,0,0
34605,3.1431,-0.9971,0.6949,0.2945,0.0,0.0,0.0,0.0,0.0,-1.0,-77.0,-19.0,0,0
34618,3.1431,-0.9956,0.6949,0.2961,0.0,0.0,0.0,0.0,0.0,-4.0,-81.0,-20.0,0,0
34630,3.1431,-0.9971,0.6949,0.2961,0.0,0.0,0.0,0.0,-1.0,-1.0,-80.0,-20.0,0,0
34642,3.1431,-0.9971,0.6949,0.2961,0.0,0.0,0.0,0.0,0.0,-2.0,-81.0,-19.0,0,0
34650,3.1431,-0.9971,0.6949,0.2961,0.0,0.0,0.0,0.0,0.0,-2.0,-81.0,-19.0,0,0
34663,3.1416,-0.9971,0.6949,0.2945,0.0,0.0,0.0,0.0,0.0,-3.0,-79.0,-15.0,0,0
34675,3.1416,-0.9971,0.6949,0.2961,0.0,0.0,0.0,0.0,0.0,-3.0,-81.0,-21.0,0,0
34687,3.1416,-0.9971,0.6949,0.2945,0.0,0.0,0.0,0.0,0.0,-1.0,-81.0,-21.0,0,0
34700,3.1416,-0.9971,0.6949,0.2945,0.0,0.0,0.0,0.0,0.0,-4.0,-77.0,-19.0,0,0
34708,3.1431,-0.9971,0.6949,0.2945,0.0,0.0,0.0,0.0,0.0,-1.0,-81.0,-19.0,0,0
34720,3.1416,-0.9971,0.6949,0.2961,0.0,0.0,0.0,0.0,0.0,-1.0,-80.0,-18.0,0,0
34732,3.1431,-0.9971,0.6949,0.2961,0.0,0.0,0.0,0.0,0.0,-1.0,-80.0,-20.0,0,0
34745,3.1416,-0.9971,0.6949,0.2961,0.0,0.0,0.0,0.0,0.0,-2.0,-81.0,-14.0,0,0
34757,3.1416,-0.9971,0.6949,0.2945,0.0,0.0,0.0,0.0,0.0,-1.0,-80.0,-15.0,0,0
34765,3.1416,-0.9971,0.6949,0.2961,0.0,0.0,0.0,0.0,0.0,-1.0,-78.0,-15.0,0,0
34777,3.1416,-0.9956,0.6949,0.2961,0.0,0.0,0.0,0.0,0.0,-1.0,-76.0,-15.0,0,0
34790,3.1416,-0.9956,0.6949,0.2961,0.0,0.0,0.0,0.0,0.0,-2.0,-78.0,-15.0,0,0
34802,3.1416,-0.9971,0.6949,0.2961,0.0,0.0,0.0,0.0,0.0,-4.0,-79.0,-15.0,0,0
34814,3.1416,-0.9971,0.6949,0.2961,0.0,0.0,0.0,0.0,0.0,-1.0,-78.0,-15.0,0,0
34823,3.1416,-0.9971,0.6949,0.2945,0.0,0.0,0.0,0.0,0.0,-1.0,-81.0,-16.0,0,0
34835,3.1416,-0.9971,0.6949,0.2961,0.0,0.0,0.0,0.0,0.0,-1.0,-79.0,-15.0,0,0
34847,3.1416,-0.9971,0.6949,0.2961,0.0,0.0,0.0,0.0,0.0,-1.0,-77.0,-15.0,0,0
34859,3.1416,-0.9971,0.6949,0.2961,0.0,0.0,0.0,0.0,0.0,-1.0,-79.0,-15.0,0,0
34872,3.1416,-0.9971,0.6949,0.2961,0.0,0.0,0.0,0.0,0.0,-1.0,-78.0,-15.0,0,0
34880,3.1416,-0.9971,0.6949,0.2961,0.0,0.0,0.0,0.0,0.0,-1.0,-78.0,-15.0,0,0
34892,3.1416,-0.9971,0.6949,0.2961,0.0,0.0,0.0,0.0,0.0,-1.0,-77.0,-15.0,0,0
34904,3.1416,-0.9971,0.6949,0.2961,0.0,0.0,0.0,0.0,0.0,-1.0,-78.0,-15.0,0,0
34917,3.1416,-0.9971,0.6949,0.2945,0.0,0.0,0.0,0.0,0.0,-1.0,-78.0,-15.0,0,0
34929,3.1416,-0.9971,0.6949,0.2961,0.0,0.0,0.0,0.0,0.0,-2.0,-80.0,-15.0,0,0
34937,3.1416,-0.9971,0.6949,0.2945,0.0,0.0,0.0,0.0,0.0,-2.0,-79.0,-15.0,0,0
34949,3.1416,-0.9971,0.6949,0.2961,0.0,0.0,0.0,0.0,0.0,-1.0,-78.0,-15.0,0,0
34962,3.1416,-0.9971,0.6949,0.2961,0.0,0.0,0.0,0.0,0.0,-1.0,-79.0,-15.0,0,0
34974,3.1416,-0.9971,0.6949,0.2961,0.0,0.0,0.0,0.0,0.0,-5.0,-77.0,-15.0,0,0
34986,3.1416,-0.9956,0.6949,0.2961,0.0,0.0,0.0,0.0,0.0,-3.0,-78.0,-15.0,0,0
34995,3.1416,-0.9971,0.6949,0.2961,0.0,0.0,0.0,0.0,0.0,-2.0,-79.0,-15.0,0,0
35007,3.1416,-0.9971,0.6949,0.2961,0.0,0.0,0.0,0.0,0.0,-1.0,-79.0,-15.0,0,0
35019,3.1416,-0.9971,0.6949,0.2945,0.0,0.0,0.0,0.0,0.0,-1.0,-77.0,-15.0,0,0
35031,3.1416,-0.9971,0.6949,0.2945,0.0,0.0,0.0,0.0,0.0,-1.0,-78.0,-15.0,0,0
35040,3.1416,-0.9971,0.6949,0.2945,0.0,0.0,0.0,0.0,0.0,-1.0,-78.0,-15.0,0,0
35052,3.1416,-0.9971,0.6949,0.2961,0.0,0.0,0.0,0.0,0.0,-1.0,-79.0,-15.0,0,0
35064,3.1416,-0.9971,0.6949,0.2961,0.0,0.0,0.0,0.0,0.0,-3.0,-78.0,-15.0,0,0
35076,3.1416,-0.9971,0.6949,0.2945,0.0,0.0,0.0,0.0,0.0,-1.0,-78.0,-15.0,0,0
35089,3.1416,-0.9971,0.6949,0.2961,0.0,0.0,0.0,0.0,3.0,-2.0,-78.0,-15.0,0,0
35097,3.1416,-0.9971,0.6949,0.2945,0.0,0.0,0.0,0.0,0.0,-1.0,-78.0,-15.0,0,0
35109,3.1416,-0.9971,0.6949,0.2945,0.0,0.0,0.0,0.0,0.0,-1.0,-78.0,-15.0,0,0
35122,3.1416,-0.9971,0.6949,0.2961,0.0,0.0,0.0,0.0,0.0,-2.0,-77.0,-15.0,0,0
35134,3.1416,-0.9971,0.6949,0.2961,0.0,0.0,0.0,0.0,0.0,-1.0,-78.0,-15.0,0,0
35146,3.1416,-0.9971,0.6949,0.2945,0.0,0.0,0.0,0.0,0.0,-1.0,-78.0,-15.0,0,0
35154,3.1416,-0.9971,0.6949,0.2961,0.0,0.0,0.0,0.0,0.0,-3.0,-78.0,-15.0,0,0
35167,3.1416,-0.9971,0.6949,0.2945,0.0,0.0,0.0,0.0,0.0,-3.0,-80.0,-15.0,0,0
35179,3.1416,-0.9971,0.6949,0.2961,0.0,0.0,0.0,0.0,0.0,-1.0,-78.0,-15.0,0,0
35191,3.1416,-0.9971,0.6949,0.2945,0.0,0.0,0.0,0.0,0.0,-2.0,-77.0,-15.0,0,0
35203,3.1416,-0.9971,0.6949,0.2945,0.0,0.0,0.0,0.0,0.0,-1.0,-77.0,-16.0,0,0
35212,3.1416,-0.9971,0.6949,0.2961,0.0,0.0,0.0,0.0,0.0,-1.0,-75.0,-15.0,0,0
35224,3.1416,-0.9971,0.6949,0.2961,0.0,0.0,0.0,0.0,0.0,-1.0,-77.0,-15.0,0,0
35236,3.1416,-0.9971,0.6949,0.2961,0.0,0.0,0.0,0.0,0.0,-2.0,-77.0,-15.0,0,0
35248,3.1416,-0.9971,0.6949,0.2945,0.0,0.0,0.0,0.0,0.0,-1.0,-77.0,-14.0,0,0
35261,3.1416,-0.9971,0.6949,0.2961,0.0,0.0,0.0,0.0,0.0,-1.0,-77.0,-15.0,0,0
35269,3.1416,-0.9971,0.6949,0.2961,0.0,0.0,0.0,0.0,0.0,-1.0,-77.0,-15.0,0,0
35281,3.1416,-0.9971,0.6949,0.2945,0.0,0.0,0.0,0.0,0.0,-1.0,-77.0,-15.0,0,0
35294,3.1416,-0.9971,0.6949,0.2945,0.0,0.0,0.0,0.0,0.0,-2.0,-77.0,-15.0,0,0
35306,3.1416,-0.9971,0.6949,0.2961,0.0,0.0,0.0,0.0,0.0,-1.0,-77.0,-15.0,0,0
35318,3.1416,-0.9971,0.6949,0.2961,0.0,0.0,0.0,0.0,0.0,-1.0,-77.0,-15.0,0,0
35326,3.1416,-0.9971,0.6949,0.2961,0.0,0.0,0.0,0.0,0.0,-1.0,-77.0,-14.0,0,0
35339,3.1416,-0.9971,0.6949,0.2945,0.0,0.0,0.0,0.0,0.0,-1.0,-77.0,-15.0,0,0
35351,3.1416,-0.9971,0.6949,0.2945,0.0,0.0,0.0,0.0,0.0,-1.0,-77.0,-15.0,0,0
35363,3.1431,-0.9971,0.6949,0.2945,0.0,0.0,0.0,0.0,0.0,-1.0,-77.0,-15.0,0,0
35375,3.1416,-0.9956,0.6949,0.2961,0.0,0.0,0.0,0.0,0.0,-2.0,-77.0,-15.0,0,0
35384,3.1416,-0.9971,0.6949,0.2945,0.0,0.0,0.0,0.0,0.0,-1.0,-77.0,-15.0,0,0
35396,3.1416,-0.9971,0.6949,0.2961,0.0,0.0,0.0,0.0,0.0,-3.0,-77.0,-15.0,0,0
35408,3.1416,-0.9971,0.6949,0.2945,0.0,0.0,0.0,0.0,0.0,-1.0,-77.0,-15.0,0,0
35421,3.1416,-0.9971,0.6949,0.2961,0.0,0.0,0.0,0.0,0.0,-1.0,-76.0,-15.0,0,0
35433,3.1416,-0.9956,0.6949,0.2945,0.0,0.0,0.0,0.0,0.0,-1.0,-76.0,-15.0,0,0
35441,3.1416,-0.9971,0.6949,0.2945,0.0,0.0,0.0,0.0,0.0,-1.0,-76.0,-15.0,0,0
35453,3.1416,-0.9971,0.6949,0.2945,0.0,0.0,0.0,0.0,0.0,-1.0,-76.0,-15.0,0,0
35466,3.1416,-0.9971,0.6949,0.2945,0.0,0.0,0.0,0.0,0.0,-1.0,-76.0,-15.0,0,0
35478,3.1416,-0.9971,0.6949,0.2945,0.0,0.0,0.0,0.0,0.0,-1.0,-76.0,-15.0,0,0
35486,3.1416,-0.9971,0.6949,0.2961,0.0,0.0,0.0,0.0,0.0,-1.0,-76.0,-15.0,0,0
35498,3.1416,-0.9971,0.6949,0.2945,0.0,0.0,0.0,0.0,0.0,-1.0,-76.0,-15.0,0,0
35511,3.1416,-0.9971,0.6949,0.2961,0.0,0.0,0.0,0.0,0.0,-1.0,-76.0,-15.0,0,0
35523,3.1401,-0.9956,0.6934,0.2945,0.0,0.0,0.0,0.0,26.0,-14.0,-66.0,-14.0,0,0
35535,3.1385,-0.9925,0.6918,0.2961,0.0,0.0,0.0,0.0,34.0,-60.0,-29.0,-8.0,0,0
35543,3.1385,-0.9879,0.6903,0.293,-0.024,0.0479,-0.024,0.0,27.0,-111.0,-16.0,-3.0,0,0
35556,3.1385,-0.9848,0.6903,0.293,-0.024,0.0959,-0.0479,0.0,22.0,-150.0,-50.0,-11.0,0,0
35568,3.1385,-0.9802,0.6918,0.2945,-0.024,0.1438,-0.0479,0.0,22.0,-168.0,-67.0,-14.0,0,0
35580,3.1385,-0.9741,0.6934,0.2961,-0.024,0.1918,-0.0479,0.0,23.0,-198.0,-79.0,-14.0,52,1
35593,3.1385,-0.9649,0.6949,0.2961,-0.024,0.3356,0.0,0.0,28.0,-233.0,-93.0,-19.0,65,1
35605,3.137,-0.9633,0.6964,0.2961,0.0,0.3835,0.0,0.0,30.0,-216.0,-93.0,-16.0,84,1
35617,3.1385,-0.9618,0.6964,0.2961,0.0,0.3835,0.0479,0.0,28.0,-194.0,-86.0,-20.0,89,1
35629,3.137,-0.9618,0.6964,0.2961,0.0,0.3595,0.0479,0.0,34.0,-173.0,-80.0,-19.0,93,1
35642,3.1355,-0.9618,0.6949,0.2961,-0.024,0.2637,0.0479,0.0,48.0,-173.0,-71.0,-18.0,95,1
35658,3.1355,-0.9633,0.6934,0.2961,-0.024,0.1918,0.024,0.0,54.0,-172.0,-54.0,-12.0,101,1
35670,3.1339,-0.9633,0.6934,0.2945,-0.024,0.1198,0.0,0.0,54.0,-165.0,-56.0,-11.0,100,1
35683,3.1339,-0.9633,0.6934,0.2961,-0.024,0.024,-0.024,0.0,43.0,-155.0,-78.0,-14.0,102,1
35699,3.1355,-0.9633,0.6934,0.2961,-0.024,0.0,-0.024,0.0,42.0,-165.0,-79.0,-11.0,103,1
35711,3.1355,-0.9633,0.6949,0.2961,0.0,0.0,0.0,0.0,39.0,-168.0,-76.0,-15.0,104,1
35724,3.1355,-0.9649,0.6949,0.2961,0.0,0.0,0.0,0.0,34.0,-158.0,-78.0,-17.0,98,1
35736,3.137,-0.9649,0.6949,0.2945,0.0,0.0,0.0,0.0,20.0,-138.0,-72.0,-18.0,93,1
35748,3.137,-0.9679,0.6949,0.2961,0.024,-0.024,0.0,0.0,8.0,-111.0,-71.0,-18.0,83,1
35760,3.1401,-0.971,0.6949,0.2961,0.024,-0.0479,0.0,0.0,7.0,-78.0,-72.0,-18.0,72,1
35773,3.1416,-0.9787,0.6949,0.2961,0.0479,-0.1198,0.0,0.0,3.0,-35.0,-73.0,-16.0,61,1
35785,3.1416,-0.9833,0.6949,0.2945,0.0719,-0.1678,0.0,0.0,0.0,-16.0,-74.0,-16.0,46,1
35797,3.1416,-0.9863,0.6949,0.2961,0.0719,-0.2397,0.0,0.0,1.0,-7.0,-72.0,-15.0,29,1
35810,3.1416,-0.9894,0.6934,0.2945,0.0719,-0.2876,0.0,0.0,0.0,-2.0,-72.0,-18.0,12,1
35822,3.1416,-0.994,0.6934,0.2961,0.0479,-0.3116,0.0,0.0,0.0,-9.0,-69.0,-14.0,6,0
35834,3.1416,-0.9956,0.6949,0.2961,0.024,-0.3116,0.0,0.0,0.0,-18.0,-70.0,-11.0,4,0
35846,3.1416,-0.9956,0.6949,0.2945,0.0,-0.2876,0.0,0.0,0.0,-21.0,-71.0,-16.0,3,0
35855,3.1431,-0.9956,0.6949,0.2961,0.0,-0.2397,0.0,0.0,0.0,-25.0,-70.0,-15.0,3,0
35867,3.1431,-0.9956,0.6949,0.2945,0.0,-0.1918,0.0,0.0,0.0,-28.0,-72.0,-14.0,2,0
35879,3.1431,-0.9956,0.6949,0.2961,0.0,-0.1438,0.0,0.0,0.0,-30.0,-72.0,-15.0,2,0
35892,3.1431,-0.9956,0.6949,0.2961,0.0,-0.0479,0.0,0.0,0.0,-29.0,-71.0,-15.0,2,0
35904,3.1431,-0.9956,0.6949,0.2961,0.0,-0.024,0.0,0.0,0.0,-29.0,-70.0,-16.0,1,0
35912,3.1416,-0.9956,0.6949,0.2945,0.0,0.0,0.0,0.0,0.0,-29.0,-72.0,-14.0,1,0
35924,3.1416,-0.9956,0.6949,0.2961,0.0,0.0,0.0,0.0,0.0,-29.0,-70.0,-14.0,1,0
35937,3.1416,-0.9956,0.6949,0.2961,0.0,0.0,0.0,0.0,0.0,-28.0,-70.0,-12.0,1,0
35949,3.1416,-0.9956,0.6949,0.2945,0.0,0.0,0.0,0.0,0.0,-26.0,-69.0,-13.0,1,0
35961,3.1416,-0.9956,0.6949,0.2945,0.0,0.0,0.0,0.0,0.0,-27.0,-71.0,-15.0,0,0
35969,3.1416,-0.9956,0.6949,0.2945,0.0,0.0,0.0,0.0,0.0,-27.0,-71.0,-15.0,0,0
35982,3.1416,-0.9956,0.6949,0.2961,0.0,0.0,0.0,0.0,0.0,-24.0,-69.0,-16.0,1,0
35994,3.1416,-0.9956,0.6949,0.2961,0.0,0.0,0.0,0.0,0.0,-26.0,-70.0,-14.0,1,0
36006,3.1416,-0.9956,0.6949,0.2961,0.0,0.0,0.0,0.0,0.0,-26.0,-70.0,-16.0,1,0
36019,3.1416,-0.9956,0.6949,0.2945,0.0,0.0,0.0,0.0,0.0,-26.0,-71.0,-13.0,1,0
36027,3.1416,-0.9956,0.6949,0.2945,0.0,0.0,0.0,0.0,0.0,-26.0,-71.0,-14.0,1,0
36039,3.1416,-0.9956,0.6949,0.2961,0.0,0.0,0.0,0.0,0.0,-25.0,-72.0,-14.0,0,0
36051,3.1416,-0.9956,0.6949,0.2961,0.0,0.0,0.0,0.0,0.0,-28.0,-69.0,-13.0,0,0
36064,3.1416,-0.9956,0.6949,0.2945,0.0,0.0,0.0,0.0,0.0,-28.0,-69.0,-13.0,1,0
36076,3.1416,-0.9956,0.6949,0.2961,0.0,0.0,0.0,0.0,0.0,-29.0,-68.0,-15.0,0,0
36084,3.1416,-0.9956,0.6949,0.2961,0.0,0.0,0.0,0.0,0.0,-29.0,-70.0,-15.0,0,0
36096,3.1431,-0.9956,0.6949,0.2961,0.0,0.0,0.0,0.0,0.0,-25.0,-71.0,-16.0,0,0
36109,3.1416,-0.9956,0.6949,0.2961,0.0,0.0,0.0,0.0,0.0,-25.0,-72.0,-15.0,0,0
36121,3.1416,-0.9956,0.6949,0.2945,0.0,0.0,0.0,0.0,0.0,-24.0,-70.0,-14.0,0,0
36133,3.1416,-0.9956,0.6949,0.2961,0.0,0.0,0.0,0.0,0.0,-26.0,-69.0,-16.0,0,0
36141,3.1416,-0.9956,0.6949,0.2961,0.0,0.0,0.0,0.0,0.0,-26.0,-70.0,-15.0,0,0
36154,3.1416,-0.9956,0.6949,0.2945,0.0,0.0,0.0,0.0,0.0,-24.0,-69.0,-15.0,0,0
36166,3.1416,-0.9956,0.6949,0.2961,0.0,0.0,0.0,0.0,0.0,-28.0,-70.0,-16.0,0,0
36178,3.1416,-0.9956,0.6949,0.2961,0.0,0.0,0.0,0.0,0.0,-23.0,-69.0,-16.0,0,0
36186,3.1416,-0.9956,0.6949,0.2945,0.0,0.0,0.0,0.0,0.0,-26.0,-66.0,-16.0,0,0
36199,3.1416,-0.9956,0.6949,0.2945,0.0,0.0,0.0,0.0,0.0,-26.0,-69.0,-13.0,0,0
36211,3.1416,-0.9956,0.6949,0.2945,0.0,0.0,0.0,0.0,0.0,-28.0,-68.0,-15.0,0,0
36223,3.1416,-0.9956,0.6949,0.2961,0.0,0.0,0.0,0.0,0.0,-29.0,-69.0,-13.0,0,0
36236,3.1416,-0.9956,0.6949,0.2961,0.0,0.0,0.0,0.0,0.0,-26.0,-67.0,-15.0,0,0
36244,3.1416,-0.9956,0.6949,0.2961,0.0,0.0,0.0,0.0,0.0,-29.0,-69.0,-14.0,0,0
36256,3.1416,-0.9956,0.6949,0.2961,0.0,0.0,0.0,0.0,0.0,-25.0,-67.0,-14.0,0,0
36268,3.1416,-0.9956,0.6949,0.2961,0.0,0.0,0.0,0.0,0.0,-26.0,-68.0,-15.0,0,0
36281,3.1416,-0.9956,0.6949,0.2961,0.0,0.0,0.0,0.0,0.0,-28.0,-69.0,-12.0,0,0
36293,3.1416,-0.9956,0.6934,0.2961,0.0,0.0,0.0,0.0,0.0,-28.0,-70.0,-13.0,0,0
36301,3.1416,-0.9956,0.6949,0.2961,0.0,0.0,0.0,0.0,0.0,-24.0,-70.0,-14.0,0,0
36313,3.1416,-0.9956,0.6949,0.2961,0.0,0.0,0.0,0.0,0.0,-28.0,-70.0,-13.0,0,0
36326,3.1416,-0.9956,0.6949,0.2961,0.0,0.0,0.0,0.0,0.0,-29.0,-67.0,-15.0,0,0
36338,3.1416,-0.9956,0.6949,0.2961,0.0,0.0,0.0,0.0,0.0,-25.0,-70.0,-14.0,0,0
36350,3.1431,-0.9956,0.6949,0.2961,0.0,0.0,0.0,0.0,0.0,-26.0,-66.0,-15.0,0,0
36358,3.1416,-0.9956,0.6949,0.2945,0.0,0.0,0.0,0.0,0.0,-23.0,-70.0,-12.0,0,0
36371,3.1416,-0.9956,0.6949,0.2961,0.0,0.0,0.0,0.0,0.0,-25.0,-67.0,-12.0,0,0
36383,3.1416,-0.9971,0.6949,0.2961,0.0,0.0,0.0,0.0,0.0,-25.0,-70.0,-14.0,0,0
36395,3.1416,-0.9956,0.6949,0.2961,0.0,0.0,0.0,0.0,0.0,-26.0,-70.0,-13.0,0,0
36408,3.1416,-0.9956,0.6949,0.2961,0.0,0.0,0.0,0.0,0.0,-23.0,-66.0,-13.0,0,0
36416,3.1416,-0.9956,0.6949,0.2945,0.0,0.0,0.0,0.0,0.0,-25.0,-70.0,-14.0,0,0
36428,3.1416,-0.9956,0.6949,0.2961,0.0,0.0,0.0,0.0,0.0,-28.0,-70.0,-16.0,0,0
36440,3.1416,-0.9956,0.6949,0.2961,0.0,0.0,0.0,0.0,0.0,-26.0,-70.0,-14.0,0,0
36453,3.1416,-0.9956,0.6949,0.2945,0.0,0.0,0.0,0.0,0.0,-29.0,-71.0,-16.0,0,0
36465,3.1416,-0.9956,0.6949,0.2961,0.0,0.0,0.0,0.0,0.0,-29.0,-70.0,-13.0,0,0
36473,3.1416,-0.9956,0.6949,0.2961,0.0,0.0,0.0,0.0,0.0,-23.0,-70.0,-14.0,0,0
36485,3.1416,-0.9956,0.6949,0.2961,0.0,0.0,0.0,0.0,0.0,-28.0,-69.0,-13.0,0,0
36498,3.1416,-0.9956,0.6949,0.2961,0.0,0.0,0.0,0.0,0.0,-29.0,-67.0,-14.0,0,0
36510,3.1416,-0.9956,0.6949,0.2961,0.0,0.0,0.0,0.0,0.0,-26.0,-69.0,-13.0,0,0
36522,3.1416,-0.9956,0.6949,0.2945,0.0,0.0,0.0,0.0,0.0,-26.0,-68.0,-15.0,0,0
36530,3.1416,-0.9956,0.6949,0.2945,0.0,0.0,0.0,0.0,0.0,-26.0,-68.0,-15.0,0,0
36543,3.1416,-0.9956,0.6949,0.2961,0.0,0.0,0.0,0.0,0.0,-25.0,-71.0,-13.0,0,0
36555,3.1416,-0.9956,0.6949,0.2961,0.0,0.0,0.0,0.0,0.0,-25.0,-67.0,-14.0,0,0
36567,3.1416,-0.9956,0.6949,0.2961,0.0,0.0,0.0,0.0,0.0,-26.0,-67.0,-13.0,0,0
36580,3.1416,-0.9956,0.6949,0.2945,0.0,0.0,0.0,0.0,0.0,-26.0,-71.0,-15.0,0,0
36588,3.1416,-0.9971,0.6949,0.2945,0.0,0.0,0.0,0.0,0.0,-23.0,-68.0,-14.0,0,0
36600,3.1416,-0.9956,0.6949,0.2961,0.0,0.0,0.0,0.0,0.0,-24.0,-70.0,-14.0,0,0
36612,3.1416,-0.9956,0.6949,0.2961,0.0,0.0,0.0,0.0,0.0,-26.0,-70.0,-14.0,0,0
36625,3.1431,-0.9956,0.6949,0.2945,0.0,0.0,0.0,0.0,0.0,-26.0,-67.0,-14.0,0,0
36633,3.1416,-0.9956,0.6949,0.2961,0.0,0.0,0.0,0.0,0.0,-23.0,-69.0,-14.0,0,0
36645,3.1416,-0.9956,0.6949,0.2961,0.0,0.0,0.0,0.0,0.0,-26.0,-69.0,-16.0,0,0
36657,3.1416,-0.9956,0.6949,0.2961,0.0,0.0,0.0,0.0,0.0,-26.0,-68.0,-14.0,0,0
36670,3.1416,-0.9956,0.6949,0.2961,0.0,0.0,0.0,0.0,0.0,-24.0,-67.0,-15.0,0,0
36682,3.1447,-0.9956,0.6934,0.2961,0.0,0.0,0.0,0.0,-3.0,-33.0,-55.0,-11.0,0,0
36690,3.1447,-0.9956,0.6934,0.2961,0.0,0.0,0.0,0.0,-3.0,-33.0,-55.0,-11.0,0,0
36703,3.1431,-0.9894,0.6903,0.2945,0.024,0.024,-0.024,0.0,0.0,-119.0,-17.0,-1.0,0,0
36715,3.1447,-0.9848,0.6903,0.2945,0.024,0.0479,-0.0479,0.0,-3.0,-158.0,-47.0,-8.0,0,0
36727,3.1447,-0.9802,0.6918,0.2961,0.024,0.1198,-0.0479,0.0,0.0,-176.0,-65.0,-12.0,0,0
36739,3.1447,-0.9756,0.6934,0.2961,0.024,0.1678,-0.024,0.0,0.0,-212.0,-81.0,-25.0,37,1
36752,3.1447,-0.9664,0.6964,0.2961,0.0,0.3116,0.0,0.0,-1.0,-245.0,-100.0,-19.0,41,1
36764,3.1431,-0.9633,0.698,0.2961,0.0,0.3595,0.024,0.0,0.0,-218.0,-104.0,-20.0,51,1
36776,3.1447,-0.9633,0.6995,0.2961,0.0,0.3835,0.0719,0.0,0.0,-185.0,-100.0,-21.0,75,1
36789,3.1431,-0.9633,0.6995,0.2961,0.0,0.3595,0.0959,0.0,0.0,-177.0,-83.0,-23.0,86,1
36801,3.1431,-0.9649,0.698,0.2961,0.0,0.3116,0.0959,0.0,0.0,-170.0,-81.0,-17.0,77,1
36813,3.137,-0.9695,0.6964,0.2961,-0.0479,0.1678,0.0479,0.0,21.0,-110.0,-52.0,-13.0,79,1
36825,3.137,-0.9725,0.6964,0.2961,-0.0719,0.0479,0.024,0.0,23.0,-60.0,-52.0,-13.0,76,1
36838,3.1385,-0.9771,0.6964,0.2961,-0.0719,-0.024,0.0,0.0,13.0,-37.0,-69.0,-13.0,36,1
36850,3.1401,-0.9817,0.6964,0.2961,-0.0719,-0.1198,0.0,0.0,0.0,-15.0,-72.0,-16.0,16,1
36862,3.1416,-0.9894,0.6964,0.2961,-0.024,-0.2637,-0.024,0.0,0.0,-6.0,-73.0,-16.0,13,1
36875,3.1431,-0.9925,0.6949,0.2961,0.0,-0.3116,-0.024,0.0,-2.0,-15.0,-70.0,-13.0,10,0
36887,3.1431,-0.994,0.6964,0.2961,0.024,-0.3356,0.0,0.0,-2.0,-24.0,-68.0,-15.0,6,0
36899,3.1431,-0.994,0.6964,0.2961,0.0479,-0.3356,0.0,0.0,-6.0,-30.0,-71.0,-14.0,4,0
36911,3.1431,-0.9956,0.6964,0.2961,0.0479,-0.2637,0.0,0.0,0.0,-30.0,-71.0,-16.0,3,0
36924,3.1431,-0.9956,0.6964,0.2961,0.0479,-0.1918,0.0,0.0,0.0,-34.0,-73.0,-16.0,2,0
36932,3.1416,-0.9956,0.6964,0.2961,0.024,-0.1438,0.0,0.0,0.0,-37.0,-71.0,-16.0,1,0
36944,3.1416,-0.9956,0.6964,0.2961,0.0,-0.0959,0.0,0.0,0.0,-38.0,-69.0,-14.0,1,0
36956,3.1401,-0.9956,0.6964,0.2961,0.0,-0.0719,0.0,0.0,0.0,-37.0,-70.0,-16.0,1,0
36969,3.1401,-0.9956,0.6964,0.2961,-0.024,-0.0479,0.0,0.0,0.0,-41.0,-72.0,-16.0,1,0
36981,3.1385,-0.9956,0.6964,0.2961,-0.0479,0.0,0.0,0.0,5.0,-39.0,-69.0,-16.0,1,0
36989,3.1385,-0.9956,0.6964,0.2961,-0.0479,0.0,0.0,0.0,5.0,-39.0,-69.0,-16.0,1,0
37002,3.1401,-0.9971,0.6964,0.2961,-0.0479,0.0,0.0,0.0,0.0,-43.0,-71.0,-16.0,1,0
37014,3.1401,-0.9956,0.6964,0.2961,-0.024,0.0,0.0,0.0,0.0,-38.0,-72.0,-16.0,1,0
37026,3.1401,-0.9956,0.6964,0.2961,0.0,0.0,0.0,0.0,0.0,-38.0,-70.0,-16.0,1,0
37038,3.1401,-0.9956,0.6964,0.2961,0.0,0.0,0.0,0.0,0.0,-36.0,-69.0,-16.0,1,0
37047,3.1401,-0.9956,0.6964,0.2961,0.0,0.0,0.0,0.0,0.0,-32.0,-72.0,-16.0,0,0
37059,3.1401,-0.9956,0.6964,0.2961,0.0,0.0,0.0,0.0,0.0,-39.0,-71.0,-14.0,0,0
37071,3.1401,-0.9956,0.6964,0.2961,0.0,0.0,0.0,0.0,0.0,-38.0,-70.0,-16.0,0,0
37083,3.1401,-0.9971,0.6964,0.2961,0.0,0.0,0.0,0.0,0.0,-34.0,-72.0,-16.0,0,0
37096,3.1401,-0.9956,0.6964,0.2961,0.0,0.0,0.0,0.0,0.0,-37.0,-70.0,-16.0,0,0
37104,3.1401,-0.9956,0.6964,0.2961,0.0,0.0,0.0,0.0,0.0,-34.0,-72.0,-16.0,0,0
37116,3.1401,-0.9971,0.6964,0.2961,0.0,0.0,0.0,0.0,0.0,-36.0,-72.0,-16.0,1,0
37128,3.1401,-0.9956,0.6964,0.2976,0.0,0.0,0.0,0.0,0.0,-39.0,-70.0,-16.0,1,0
37141,3.1401,-0.9956,0.6964,0.2961,0.0,0.0,0.0,0.0,0.0,-37.0,-72.0,-17.0,0,0
37153,3.1401,-0.9956,0.6964,0.2961,0.0,0.0,0.0,0.0,0.0,-40.0,-71.0,-16.0,0,0
37161,3.1401,-0.9956,0.6964,0.2961,0.0,0.0,0.0,0.0,0.0,-37.0,-70.0,-16.0,0,0
37174,3.1401,-0.9956,0.6964,0.2961,0.0,0.0,0.0,0.0,0.0,-31.0,-70.0,-16.0,0,0
37186,3.1401,-0.9956,0.6964,0.2961,0.0,0.0,0.0,0.0,0.0,-32.0,-71.0,-16.0,0,0
37198,3.1401,-0.9956,0.6964,0.2961,0.0,0.0,0.0,0.0,0.0,-35.0,-70.0,-16.0,0,0
37206,3.1401,-0.9971,0.6964,0.2961,0.0,0.0,0.0,0.0,0.0,-37.0,-67.0,-16.0,0,0
37219,3.1416,-0.9971,0.6964,0.2961,0.0,0.0,0.0,0.0,0.0,-33.0,-69.0,-16.0,0,0
37231,3.1401,-0.9956,0.6964,0.2945,0.0,0.0,0.0,0.0,0.0,-37.0,-69.0,-14.0,0,0
37243,3.1401,-0.9971,0.6964,0.2961,0.0,0.0,0.0,0.0,0.0,-34.0,-71.0,-16.0,0,0
37255,3.1401,-0.9956,0.6964,0.2961,0.0,0.0,0.0,0.0,0.0,-33.0,-69.0,-16.0,0,0
37264,3.1401,-0.9956,0.6964,0.2961,0.0,0.0,0.0,0.0,0.0,-40.0,-70.0,-16.0,0,0
37276,3.1401,-0.9971,0.6964,0.2961,0.0,0.0,0.0,0.0,0.0,-32.0,-69.0,-16.0,0,0
37288,3.1401,-0.9956,0.6964,0.2961,0.0,0.0,0.0,0.0,0.0,-35.0,-71.0,-16.0,0,0
37301,3.1401,-0.9956,0.6964,0.2961,0.0,0.0,0.0,0.0,0.0,-40.0,-69.0,-16.0,0,0
37313,3.1401,-0.9956,0.6964,0.2961,0.0,0.0,0.0,0.0,0.0,-32.0,-68.0,-16.0,0,0
37321,3.1401,-0.9956,0.6964,0.2961,0.0,0.0,0.0,0.0,0.0,-30.0,-71.0,-16.0,0,0
37333,3.1401,-0.9956,0.6964,0.2961,0.0,0.0,0.0,0.0,0.0,-38.0,-69.0,-16.0,0,0
37346,3.1401,-0.9956,0.6964,0.2961,0.0,0.0,0.0,0.0,0.0,-32.0,-71.0,-16.0,0,0
37358,3.1401,-0.9956,0.6964,0.2961,0.0,0.0,0.0,0.0,0.0,-37.0,-71.0,-16.0,0,0
37370,3.1401,-0.9956,0.6964,0.2961,0.0,0.0,0.0,0.0,0.0,-38.0,-73.0,-16.0,0,0
37378,3.1401,-0.9971,0.6964,0.2961,0.0,0.0,0.0,0.0,0.0,-38.0,-69.0,-16.0,0,0
37391,3.1401,-0.9956,0.6964,0.2961,0.0,0.0,0.0,0.0,0.0,-37.0,-67.0,-16.0,0,0
37403,3.1401,-0.9956,0.6964,0.2961,0.0,0.0,0.0,0.0,0.0,-34.0,-70.0,-16.0,0,0
37415,3.1401,-0.9971,0.6964,0.2961,0.0,0.0,0.0,0.0,0.0,-31.0,-70.0,-14.0,0,0
37427,3.1401,-0.9956,0.6964,0.2961,0.0,0.0,0.0,0.0,0.0,-37.0,-71.0,-16.0,0,0
37436,3.1401,-0.9956,0.6964,0.2961,0.0,0.0,0.0,0.0,0.0,-36.0,-70.0,-16.0,0,0
37448,3.1401,-0.9971,0.6964,0.2961,0.0,0.0,0.0,0.0,0.0,-35.0,-68.0,-16.0,0,0
37460,3.1401,-0.9956,0.6964,0.2961,0.0,0.0,0.0,0.0,0.0,-33.0,-66.0,-16.0,0,0
37473,3.1416,-0.9956,0.6964,0.2961,0.0,0.0,0.0,0.0,0.0,-34.0,-65.0,-16.0,0,0
37485,3.1401,-0.9956,0.6964,0.2961,0.0,0.0,0.0,0.0,0.0,-31.0,-67.0,-16.0,0,0
37493,3.1401,-0.9956,0.6964,0.2961,0.0,0.0,0.0,0.0,0.0,-38.0,-67.0,-16.0,0,0
37505,3.1401,-0.9956,0.6964,0.2961,0.0,0.0,0.0,0.0,0.0,-34.0,-71.0,-16.0,0,0
37518,3.1416,-0.9956,0.6964,0.2961,0.0,0.0,0.0,0.0,0.0,-35.0,-68.0,-16.0,0,0
37530,3.1401,-0.9956,0.6964,0.2961,0.0,0.0,0.0,0.0,0.0,-33.0,-72.0,-16.0,0,0
37542,3.1401,-0.9956,0.6964,0.2961,0.0,0.0,0.0,0.0,0.0,-36.0,-68.0,-14.0,0,0
37550,3.1401,-0.9956,0.6964,0.2961,0.0,0.0,0.0,0.0,0.0,-36.0,-68.0,-14.0,0,0
37563,3.1401,-0.9956,0.6964,0.2961,0.0,0.0,0.0,0.0,0.0,-37.0,-68.0,-16.0,0,0
37575,3.1416,-0.9956,0.6964,0.2961,0.0,0.0,0.0,0.0,0.0,-36.0,-69.0,-16.0,0,0
37587,3.1401,-0.9971,0.6964,0.2961,0.0,0.0,0.0,0.0,0.0,-36.0,-71.0,-16.0,0,0
37600,3.1416,-0.9956,0.6964,0.2961,0.0,0.0,0.0,0.0,0.0,-39.0,-68.0,-16.0,0,0
37608,3.1401,-0.9956,0.6964,0.2961,0.0,0.0,0.0,0.0,0.0,-32.0,-71.0,-16.0,0,0
37620,3.1401,-0.9956,0.6964,0.2961,0.0,0.0,0.0,0.0,0.0,-37.0,-68.0,-16.0,0,0
37632,3.1401,-0.9971,0.6964,0.2961,0.0,0.0,0.0,0.0,0.0,-31.0,-69.0,-13.0,0,0
37645,3.1401,-0.9956,0.6964,0.2961,0.0,0.0,0.0,0.0,0.0,-37.0,-67.0,-15.0,0,0
37653,3.1401,-0.9971,0.6964,0.2961,0.0,0.0,0.0,0.0,0.0,-30.0,-71.0,-13.0,0,0
37665,3.1401,-0.9956,0.6964,0.2961,0.0,0.0,0.0,0.0,0.0,-33.0,-71.0,-16.0,0,0
37677,3.1401,-0.9956,0.6964,0.2961,0.0,0.0,0.0,0.0,0.0,-38.0,-69.0,-16.0,0,0
37690,3.1401,-0.9956,0.6964,0.2961,0.0,0.0,0.0,0.0,0.0,-36.0,-71.0,-16.0,0,0
37702,3.1401,-0.9971,0.6964,0.2961,0.0,0.0,0.0,0.0,0.0,-36.0,-70.0,-16.0,0,0
37710,3.1401,-0.9971,0.6964,0.2961,0.0,0.0,0.0,0.0,0.0,-36.0,-70.0,-16.0,0,0
37722,3.1401,-0.9956,0.6964,0.2961,0.0,0.0,0.0,0.0,0.0,-29.0,-69.0,-16.0,0,0
37735,3.1401,-0.9956,0.6964,0.2961,0.0,0.0,0.0,0.0,0.0,-36.0,-70.0,-16.0,0,0
37747,3.1401,-0.9956,0.6964,0.2961,0.0,0.0,0.0,0.0,0.0,-35.0,-69.0,-14.0,0,0
37759,3.1401,-0.9956,0.6964,0.2961,0.0,0.0,0.0,0.0,0.0,-39.0,-67.0,-15.0,0,0
37767,3.1401,-0.9956,0.6964,0.2961,0.0,0.0,0.0,0.0,0.0,-31.0,-71.0,-13.0,0,0
37780,3.1401,-0.9971,0.6964,0.2961,0.0,0.0,0.0,0.0,0.0,-39.0,-68.0,-16.0,0,0
37792,3.1416,-0.9971,0.6964,0.2961,0.0,0.0,0.0,0.0,0.0,-37.0,-68.0,-16.0,0,0
37804,3.1431,-0.9971,0.6964,0.2945,0.0,0.0,0.0,0.0,-1.0,-28.0,-70.0,-14.0,0,0
37817,3.1493,-0.9986,0.6964,0.2961,0.024,0.0,0.0,0.0,-75.0,0.0,-85.0,-18.0,0,0
37825,3.1508,-1.0017,0.6995,0.2961,0.0719,-0.024,0.0,0.0,-112.0,10.0,-107.0,-18.0,0,0
37837,3.1523,-1.0048,0.701,0.2961,0.1198,-0.0479,0.024,0.0,-72.0,14.0,-122.0,-18.0,0,0
37849,3.1523,-1.0048,0.7026,0.2961,0.1438,-0.0959,0.0479,0.0,-55.0,13.0,-112.0,-16.0,0,0
37862,3.1539,-1.0063,0.7041,0.2961,0.1678,-0.1198,0.0719,0.0,-95.0,34.0,-104.0,-16.0,0,0
37874,3.1554,-1.0063,0.7041,0.2961,0.1678,-0.1198,0.0959,0.0,-105.0,40.0,-101.0,-18.0,25,1
37886,3.1569,-1.0063,0.7026,0.2961,0.1438,-0.1198,0.0959,0.0,-97.0,39.0,-95.0,-16.0,31,1
37899,3.1569,-1.0078,0.7026,0.2976,0.1198,-0.0959,0.0719,0.0,-84.0,35.0,-97.0,-16.0,34,1
37911,3.1569,-1.0078,0.7026,0.2961,0.0959,-0.0719,0.0479,0.0,-83.0,32.0,-96.0,-16.0,43,1
37923,3.1569,-1.0078,0.7026,0.2961,0.0719,-0.0479,0.0,0.0,-83.0,31.0,-99.0,-16.0,46,1
37935,3.1569,-1.0078,0.7041,0.2961,0.0479,-0.024,0.0,0.0,-84.0,30.0,-95.0,-16.0,47,1
37948,3.1569,-1.0094,0.7041,0.2961,0.024,-0.024,0.0,0.0,-84.0,33.0,-97.0,-16.0,47,1
37960,3.1569,-1.0078,0.7026,0.2961,0.024,0.0,0.0,0.0,-84.0,30.0,-95.0,-16.0,43,1
37972,3.1569,-1.0078,0.7026,0.2961,0.0,0.0,0.0,0.0,-82.0,32.0,-99.0,-19.0,39,1
37985,3.1569,-1.0063,0.7026,0.2961,0.0,0.0,0.0,0.0,-79.0,32.0,-95.0,-16.0,36,1
37997,3.1554,-1.0078,0.7026,0.2961,0.0,0.0,0.0,0.0,-69.0,33.0,-95.0,-16.0,32,1
38009,3.1539,-1.0094,0.7026,0.2961,0.0,0.0,0.0,0.0,-51.0,34.0,-94.0,-16.0,29,1
38021,3.1508,-1.0078,0.7026,0.2961,-0.0479,0.0,0.0,0.0,-22.0,31.0,-88.0,-16.0,26,1
38034,3.1493,-1.0078,0.701,0.2961,-0.0719,0.0,0.0,0.0,-5.0,29.0,-91.0,-16.0,22,1
38050,3.1462,-1.0063,0.7026,0.2961,-0.0959,0.0,0.0,0.0,0.0,25.0,-93.0,-16.0,15,1
38062,3.1431,-1.0048,0.701,0.2961,-0.1438,0.024,0.0,0.0,0.0,0.0,-95.0,-17.0,15,1
38075,3.1431,-1.0017,0.7026,0.2961,-0.1438,0.024,0.0,0.0,-8.0,-10.0,-98.0,-17.0,12,1
38087,3.1431,-1.0002,0.7026,0.2961,-0.1438,0.0479,0.0,0.0,-3.0,-6.0,-95.0,-16.0,11,1
38095,3.1416,-1.0002,0.7026,0.2961,-0.1438,0.0719,0.0,0.0,0.0,-6.0,-96.0,-16.0,8,0
38107,3.1401,-0.9986,0.7026,0.2961,-0.1198,0.0719,0.0,0.0,2.0,-7.0,-94.0,-16.0,4,0
38120,3.1401,-0.9986,0.7026,0.2961,-0.0959,0.0959,0.0,0.0,0.0,-6.0,-98.0,-16.0,3,0
38132,3.137,-1.0002,0.7026,0.2961,-0.0719,0.0959,0.0,0.0,11.0,-8.0,-96.0,-17.0,2,0
38144,3.1355,-0.9986,0.701,0.2961,-0.0959,0.0719,0.0,0.0,11.0,-5.0,-97.0,-17.0,2,0
38152,3.137,-0.9986,0.7026,0.2961,-0.0959,0.0479,0.0,0.0,4.0,-5.0,-93.0,-18.0,2,0
38165,3.1385,-0.9986,0.701,0.2961,-0.0719,0.024,0.0,0.0,-1.0,-6.0,-96.0,-17.0,3,0
38177,3.1401,-0.9986,0.701,0.2961,-0.0479,0.0,0.0,0.0,-2.0,-3.0,-95.0,-16.0,3,0
38189,3.1416,-0.9986,0.701,0.2961,-0.024,0.0,0.0,0.0,-4.0,-5.0,-95.0,-18.0,3,0
38202,3.1416,-1.0002,0.701,0.2961,0.024,0.0,0.0,0.0,0.0,-5.0,-100.0,-16.0,2,0
38210,3.1416,-1.0002,0.701,0.2961,0.024,0.0,0.0,0.0,0.0,-5.0,-100.0,-16.0,2,0
38222,3.1401,-0.9986,0.7026,0.2961,0.0479,0.0,0.0,0.0,2.0,-4.0,-97.0,-16.0,2,0
38234,3.1401,-0.9986,0.7026,0.2961,0.0479,0.0,0.0,0.0,0.0,-7.0,-98.0,-16.0,2,0
38247,3.1401,-0.9986,0.7026,0.2961,0.024,0.0,0.0,0.0,0.0,-7.0,-98.0,-18.0,2,0
38259,3.1401,-0.9986,0.7026,0.2961,0.0,0.0,0.0,0.0,0.0,-7.0,-95.0,-18.0,2,0
38267,3.1385,-1.0002,0.701,0.2961,0.0,0.0,0.0,0.0,0.0,-3.0,-97.0,-17.0,2,0
38280,3.1385,-1.0002,0.7026,0.2961,-0.024,0.0,0.0,0.0,0.0,-3.0,-94.0,-16.0,2,0
38292,3.1385,-0.9986,0.7026,0.2961,-0.024,0.0,0.0,0.0,0.0,-5.0,-94.0,-16.0,2,0
38305,3.1385,-0.9986,0.7026,0.2961,-0.024,0.0,0.0,0.0,0.0,-4.0,-97.0,-16.0,2,0
38316,3.1385,-0.9986,0.7026,0.2961,-0.024,0.0,0.0,0.0,0.0,-3.0,-98.0,-16.0,2,0
38324,3.1385,-0.9986,0.7026,0.2961,0.0,0.0,0.0,0.0,0.0,-6.0,-99.0,-17.0,2,0
38337,3.1401,-0.9986,0.7026,0.2961,0.0,0.0,0.0,0.0,0.0,-4.0,-99.0,-17.0,1,0
38350,3.1385,-0.9986,0.7026,0.2961,0.0,0.0,0.0,0.0,0.0,-7.0,-99.0,-16.0,1,0
38361,3.1385,-1.0002,0.7026,0.2961,0.0,0.0,0.0,0.0,0.0,-4.0,-97.0,-16.0,1,0
38374,3.1401,-0.9986,0.701,0.2961,0.0,0.0,0.0,0.0,0.0,-5.0,-99.0,-16.0,1,0
38382,3.1401,-1.0002,0.7026,0.2961,0.0,0.0,0.0,0.0,0.0,-4.0,-94.0,-16.0,1,0
38395,3.1385,-1.0002,0.701,0.2961,0.0,0.0,0.0,0.0,0.0,-6.0,-95.0,-16.0,1,0
38406,3.1385,-1.0002,0.7026,0.2961,0.0,0.0,0.0,0.0,0.0,-2.0,-95.0,-16.0,1,0
38419,3.1401,-0.9986,0.7026,0.2961,0.0,0.0,0.0,0.0,0.0,-2.0,-97.0,-16.0,1,0
38431,3.1385,-0.9986,0.701,0.2961,0.0,0.0,0.0,0.0,0.0,-1.0,-98.0,-16.0,1,0
38439,3.1385,-0.9986,0.701,0.2961,0.0,0.0,0.0,0.0,0.0,-1.0,-98.0,-16.0,1,0
38451,3.1385,-0.9986,0.7026,0.2961,0.0,0.0,0.0,0.0,0.0,-1.0,-99.0,-16.0,1,0
38464,3.1401,-0.9986,0.7026,0.2961,0.0,0.0,0.0,0.0,0.0,-1.0,-100.0,-16.0,1,0
38476,3.1385,-0.9986,0.7026,0.2961,0.0,0.0,0.0,0.0,0.0,-1.0,-101.0,-16.0,1,0
38484,3.1401,-0.9986,0.7026,0.2961,0.0,0.0,0.0,0.0,0.0,-1.0,-100.0,-16.0,1,0
38497,3.1385,-0.9986,0.7026,0.2961,0.0,0.0,0.0,0.0,0.0,-1.0,-99.0,-16.0,1,0
38509,3.1385,-0.9986,0.701,0.2961,0.0,0.0,0.0,0.0,0.0,-1.0,-97.0,-19.0,1,0
38521,3.1385,-0.9986,0.7026,0.2961,0.0,0.0,0.0,0.0,0.0,-1.0,-95.0,-17.0,1,0
38534,3.1385,-0.9986,0.7026,0.2961,0.0,0.0,0.0,0.0,0.0,-1.0,-97.0,-17.0,0,0
38542,3.1385,-1.0002,0.7026,0.2961,0.0,0.0,0.0,0.0,0.0,-1.0,-101.0,-17.0,0,0
38554,3.1385,-0.9986,0.7026,0.2961,0.0,0.0,0.0,0.0,0.0,-1.0,-101.0,-17.0,0,0
38566,3.1385,-0.9986,0.7026,0.2961,0.0,0.0,0.0,0.0,0.0,-1.0,-99.0,-16.0,0,0
38578,3.1385,-0.9986,0.7026,0.2961,0.0,0.0,0.0,0.0,0.0,-1.0,-101.0,-18.0,0,0
38591,3.1401,-0.9986,0.7026,0.2961,0.0,0.0,0.0,0.0,0.0,-1.0,-101.0,-16.0,0,0
38599,3.1385,-0.9986,0.7026,0.2961,0.0,0.0,0.0,0.0,0.0,-1.0,-100.0,-16.0,0,0
38611,3.1385,-0.9986,0.7026,0.2961,0.0,0.0,0.0,0.0,0.0,-1.0,-100.0,-16.0,0,0
38623,3.1385,-0.9986,0.7026,0.2961,0.0,0.0,0.0,0.0,0.0,-1.0,-99.0,-16.0,0,0
38636,3.1385,-0.9986,0.701,0.2961,0.0,0.0,0.0,0.0,0.0,-1.0,-97.0,-16.0,0,0
38649,3.1385,-0.9986,0.7026,0.2961,0.0,0.0,0.0,0.0,0.0,-1.0,-100.0,-16.0,0,0
38656,3.1385,-0.9986,0.7026,0.2961,0.0,0.0,0.0,0.0,0.0,-1.0,-97.0,-16.0,0,0
38669,3.1385,-0.9986,0.701,0.2961,0.0,0.0,0.0,0.0,0.0,-1.0,-100.0,-17.0,0,0
38681,3.1385,-0.9986,0.7026,0.2961,0.0,0.0,0.0,0.0,0.0,-1.0,-100.0,-17.0,0,0
38693,3.1385,-0.9986,0.7026,0.2961,0.0,0.0,0.0,0.0,0.0,-1.0,-100.0,-16.0,0,0
38706,3.1385,-0.9986,0.7026,0.2961,0.0,0.0,0.0,0.0,0.0,-1.0,-100.0,-16.0,0,0
38714,3.1401,-0.9986,0.7026,0.2961,0.0,0.0,0.0,0.0,0.0,-1.0,-101.0,-16.0,0,0
38726,3.1385,-0.9986,0.7026,0.2961,0.0,0.0,0.0,0.0,0.0,-1.0,-100.0,-17.0,0,0
38738,3.1401,-0.9986,0.7026,0.2961,0.0,0.0,0.0,0.0,0.0,-1.0,-101.0,-16.0,0,0
38750,3.1401,-0.9986,0.7026,0.2961,0.0,0.0,0.0,0.0,0.0,-1.0,-99.0,-16.0,0,0
38763,3.1385,-0.9986,0.7026,0.2976,0.0,0.0,0.0,0.0,0.0,-1.0,-99.0,-16.0,0,0
38771,3.1385,-0.9986,0.7026,0.2961,0.0,0.0,0.0,0.0,0.0,-1.0,-101.0,-17.0,0,0
38784,3.1385,-0.9986,0.7026,0.2961,0.0,0.0,0.0,0.0,0.0,-1.0,-100.0,-17.0,0,0
38796,3.1385,-1.0002,0.701,0.2961,0.0,0.0,0.0,0.0,0.0,0.0,-102.0,-16.0,0,0
38808,3.1385,-0.9986,0.7026,0.2961,0.0,0.0,0.0,0.0,0.0,0.0,-99.0,-16.0,0,0
38820,3.1385,-0.9986,0.7026,0.2961,0.0,0.0,0.0,0.0,0.0,0.0,-100.0,-17.0,0,0
38828,3.1401,-0.9986,0.701,0.2961,0.0,0.0,0.0,0.0,0.0,0.0,-103.0,-17.0,0,0
38841,3.1385,-0.9986,0.7026,0.2961,0.0,0.0,0.0,0.0,0.0,0.0,-101.0,-17.0,0,0
38853,3.1385,-0.9986,0.7026,0.2961,0.0,0.0,0.0,0.0,0.0,0.0,-102.0,-16.0,0,0
38866,3.1401,-0.9986,0.7026,0.2961,0.0,0.0,0.0,0.0,0.0,0.0,-99.0,-16.0,0,0
38877,3.1385,-1.0002,0.7026,0.2961,0.0,0.0,0.0,0.0,0.0,0.0,-99.0,-16.0,0,0
38886,3.137,-0.9986,0.7026,0.2961,0.0,0.0,0.0,0.0,4.0,-1.0,-100.0,-16.0,1,0
38898,3.1355,-0.9971,0.6995,0.2961,0.0,0.0,0.0,0.0,18.0,-29.0,-81.0,-16.0,1,0
38910,3.1355,-0.9956,0.698,0.2961,-0.024,0.0,0.0,0.0,23.0,-63.0,-41.0,-10.0,1,0
38922,3.137,-0.9863,0.6964,0.2961,-0.024,0.0719,-0.0479,0.0,0.0,-144.0,-75.0,-13.0,2,0
38931,3.137,-0.9863,0.6964,0.2961,-0.024,0.0719,-0.0479,0.0,0.0,-144.0,-75.0,-13.0,2,0
38947,3.1385,-0.9802,0.698,0.2961,0.0,0.1918,-0.0719,0.0,0.0,-161.0,-94.0,-18.0,61,1
38959,3.1385,-0.9756,0.698,0.2961,0.0,0.2397,-0.0479,0.0,3.0,-178.0,-92.0,-20.0,62,1
38972,3.1385,-0.9741,0.698,0.2961,0.0,0.2876,-0.0479,0.0,2.0,-177.0,-88.0,-18.0,71,1
38984,3.137,-0.9725,0.698,0.2961,0.024,0.3116,0.0,0.0,1.0,-138.0,-83.0,-16.0,80,1
38996,3.137,-0.9725,0.698,0.2961,0.024,0.2637,0.0,0.0,11.0,-135.0,-82.0,-16.0,90,1
39009,3.137,-0.9725,0.698,0.2961,0.0,0.2157,0.0,0.0,20.0,-134.0,-81.0,-16.0,92,1
39021,3.137,-0.9725,0.6964,0.2961,0.0,0.1678,0.0,0.0,19.0,-132.0,-74.0,-16.0,91,1
39033,3.137,-0.9741,0.6949,0.2961,0.0,0.0479,0.0,0.0,18.0,-113.0,-58.0,-15.0,91,1
39046,3.1385,-0.9741,0.6949,0.2961,0.0,0.0,-0.024,0.0,16.0,-113.0,-73.0,-16.0,81,1
39058,3.137,-0.9741,0.6964,0.2961,0.0,0.0,-0.024,0.0,17.0,-120.0,-75.0,-16.0,71,1
39070,3.1385,-0.9756,0.6964,0.2961,0.0,-0.024,-0.024,0.0,17.0,-124.0,-78.0,-16.0,67,1
39082,3.1385,-0.9756,0.6964,0.2961,0.0,-0.024,0.0,0.0,5.0,-126.0,-84.0,-16.0,61,1
39095,3.1385,-0.9756,0.6964,0.2961,0.0,-0.024,0.0,0.0,0.0,-133.0,-80.0,-16.0,55,1
39107,3.1401,-0.9756,0.6964,0.2961,0.024,-0.024,0.0,0.0,1.0,-105.0,-79.0,-17.0,50,1
39120,3.1401,-0.9771,0.6964,0.2961,0.024,-0.024,0.0,0.0,0.0,-81.0,-80.0,-16.0,48,1
39131,3.1401,-0.9802,0.6964,0.2961,0.024,-0.024,0.0,0.0,0.0,-57.0,-78.0,-16.0,40,1
39144,3.1401,-0.9848,0.6964,0.2961,0.024,-0.0959,0.0,0.0,0.0,-33.0,-78.0,-16.0,29,1
39156,3.1401,-0.9894,0.6964,0.2961,0.024,-0.1198,0.0,0.0,0.0,-12.0,-79.0,-17.0,14,1
39169,3.1401,-0.991,0.6964,0.2961,0.0,-0.1678,0.0,0.0,0.0,-16.0,-80.0,-16.0,6,0
39181,3.1401,-0.994,0.6964,0.2961,0.0,-0.1918,0.0,0.0,0.0,-17.0,-79.0,-16.0,2,0
39193,3.1401,-0.9956,0.6964,0.2961,0.0,-0.2157,0.0,0.0,0.0,-26.0,-80.0,-16.0,2,0
39205,3.1416,-0.9956,0.6964,0.2961,0.0,-0.1918,0.0,0.0,0.0,-26.0,-79.0,-16.0,2,0
39213,3.1416,-0.9956,0.6964,0.2961,0.0,-0.1678,0.0,0.0,0.0,-30.0,-79.0,-18.0,2,0
39226,3.1416,-0.9956,0.6964,0.2961,0.0,-0.1438,0.0,0.0,0.0,-32.0,-78.0,-16.0,1,0
39238,3.1416,-0.9956,0.6964,0.2961,0.0,-0.0959,0.0,0.0,0.0,-32.0,-78.0,-16.0,1,0
39250,3.1416,-0.9956,0.6964,0.2961,0.0,-0.0719,0.0,0.0,0.0,-32.0,-80.0,-16.0,1,0
39262,3.1416,-0.9956,0.6964,0.2961,0.0,-0.024,0.0,0.0,0.0,-32.0,-78.0,-16.0,1,0
39271,3.1416,-0.9956,0.6964,0.2961,0.0,-0.024,0.0,0.0,0.0,-32.0,-78.0,-16.0,1,0
39283,3.1416,-0.9956,0.6964,0.2961,0.0,0.0,0.0,0.0,0.0,-32.0,-79.0,-16.0,0,0
39296,3.1401,-0.9956,0.6964,0.2961,0.0,0.0,0.0,0.0,0.0,-30.0,-78.0,-16.0,0,0
39307,3.1401,-0.9956,0.6964,0.2961,0.0,0.0,0.0,0.0,0.0,-30.0,-78.0,-16.0,0,0
39320,3.1401,-0.9956,0.6964,0.2961,0.0,0.0,0.0,0.0,0.0,-30.0,-78.0,-16.0,0,0
39328,3.1401,-0.9956,0.6964,0.2961,0.0,0.0,0.0,0.0,0.0,-31.0,-78.0,-17.0,0,0
39340,3.1401,-0.9956,0.6964,0.2961,0.0,0.0,0.0,0.0,0.0,-32.0,-79.0,-16.0,0,0
39353,3.1416,-0.9956,0.6964,0.2961,0.0,0.0,0.0,0.0,0.0,-32.0,-78.0,-17.0,0,0
39365,3.1416,-0.9956,0.6964,0.2961,0.0,0.0,0.0,0.0,0.0,-32.0,-79.0,-16.0,0,0
39373,3.1416,-0.9956,0.6964,0.2961,0.0,0.0,0.0,0.0,0.0,-32.0,-78.0,-16.0,0,0
39386,3.1401,-0.9956,0.6964,0.2961,0.0,0.0,0.0,0.0,0.0,-32.0,-78.0,-16.0,0,0
39398,3.1401,-0.9956,0.6964,0.2961,0.0,0.0,0.0,0.0,0.0,-32.0,-78.0,-16.0,0,0
39410,3.1401,-0.9956,0.6964,0.2961,0.0,0.0,0.0,0.0,0.0,-32.0,-78.0,-16.0,0,0
39422,3.1401,-0.9956,0.6964,0.2961,0.0,0.0,0.0,0.0,0.0,-32.0,-79.0,-16.0,0,0
39430,3.1401,-0.9956,0.6964,0.2961,0.0,0.0,0.0,0.0,0.0,-32.0,-79.0,-16.0,0,0
39443,3.1401,-0.9956,0.6964,0.2961,0.0,0.0,0.0,0.0,0.0,-32.0,-78.0,-16.0,0,0
39456,3.1401,-0.9956,0.6964,0.2961,0.0,0.0,0.0,0.0,0.0,-32.0,-78.0,-16.0,0,0
39467,3.1401,-0.9956,0.6964,0.2961,0.0,0.0,0.0,0.0,0.0,-32.0,-78.0,-16.0,0,0
39480,3.1401,-0.9956,0.6964,0.2961,0.0,0.0,0.0,0.0,0.0,-32.0,-78.0,-16.0,0,0
39488,3.1416,-0.9956,0.6964,0.2961,0.0,0.0,0.0,0.0,0.0,-32.0,-78.0,-16.0,0,0
39500,3.1401,-0.9956,0.6964,0.2961,0.0,0.0,0.0,0.0,0.0,-32.0,-78.0,-16.0,0,0
39512,3.1416,-0.9956,0.6964,0.2961,0.0,0.0,0.0,0.0,0.0,-32.0,-78.0,-16.0,0,0
39525,3.1401,-0.9956,0.6964,0.2961,0.0,0.0,0.0,0.0,0.0,-32.0,-78.0,-16.0,0,0
39537,3.1401,-0.9956,0.6964,0.2961,0.0,0.0,0.0,0.0,0.0,-32.0,-79.0,-16.0,0,0
39545,3.1401,-0.9971,0.6964,0.2961,0.0,0.0,0.0,0.0,0.0,-32.0,-78.0,-16.0,0,0
39557,3.1401,-0.9956,0.6964,0.2961,0.0,0.0,0.0,0.0,0.0,-32.0,-78.0,-16.0,0,0
39570,3.1401,-0.9956,0.6964,0.2961,0.0,0.0,0.0,0.0,0.0,-32.0,-78.0,-16.0,0,0
39582,3.1401,-0.9956,0.6964,0.2961,0.0,0.0,0.0,0.0,0.0,-32.0,-79.0,-16.0,0,0
39594,3.1416,-0.9956,0.6964,0.2961,0.0,0.0,0.0,0.0,0.0,-32.0,-78.0,-16.0,0,0
39602,3.1416,-0.9956,0.6964,0.2961,0.0,0.0,0.0,0.0,0.0,-32.0,-78.0,-16.0,0,0
39615,3.1401,-0.9956,0.6964,0.2961,0.0,0.0,0.0,0.0,0.0,-32.0,-78.0,-16.0,0,0
39627,3.1401,-0.9956,0.6964,0.2961,0.0,0.0,0.0,0.0,0.0,-32.0,-78.0,-16.0,1,0
39640,3.1401,-0.9956,0.6964,0.2961,0.0,0.0,0.0,0.0,0.0,-32.0,-78.0,-18.0,1,0
39652,3.1401,-0.9956,0.6964,0.2961,0.0,0.0,0.0,0.0,0.0,-31.0,-78.0,-16.0,1,0
39660,3.1401,-0.9956,0.6964,0.2961,0.0,0.0,0.0,0.0,0.0,-31.0,-78.0,-19.0,1,0
39672,3.1401,-0.9956,0.698,0.2961,0.0,0.0,0.0,0.0,0.0,-32.0,-78.0,-16.0,1,0
39685,3.1401,-0.9956,0.6964,0.2961,0.0,0.0,0.0,0.0,0.0,-31.0,-78.0,-16.0,1,0
39697,3.1416,-0.9956,0.6964,0.2961,0.0,0.0,0.0,0.0,0.0,-32.0,-78.0,-16.0,1,0
39709,3.1416,-0.9956,0.6964,0.2961,0.0,0.0,0.0,0.0,0.0,-32.0,-78.0,-16.0,1,0
39717,3.1416,-0.9956,0.6964,0.2961,0.0,0.0,0.0,0.0,0.0,-32.0,-78.0,-16.0,1,0
39729,3.1401,-0.9956,0.6964,0.2961,0.0,0.0,0.0,0.0,0.0,-32.0,-78.0,-16.0,1,0
39742,3.1401,-0.9956,0.6964,0.2961,0.0,0.0,0.0,0.0,0.0,-32.0,-78.0,-16.0,1,0
39754,3.1401,-0.9956,0.6964,0.2961,0.0,0.0,0.0,0.0,0.0,-32.0,-78.0,-16.0,1,0
39767,3.1401,-0.9956,0.6964,0.2961,0.0,0.0,0.0,0.0,0.0,-32.0,-78.0,-16.0,1,0
39775,3.1401,-0.9956,0.6964,0.2961,0.0,0.0,0.0,0.0,0.0,-32.0,-78.0,-17.0,1,0
39787,3.1416,-0.9956,0.6964,0.2961,0.0,0.0,0.0,0.0,0.0,-32.0,-78.0,-16.0,1,0
39799,3.1416,-0.9956,0.6964,0.2961,0.0,0.0,0.0,0.0,0.0,-32.0,-78.0,-16.0,1,0
39811,3.1416,-0.9956,0.6964,0.2961,0.0,0.0,0.0,0.0,0.0,-32.0,-78.0,-16.0,1,0
39819,3.1416,-0.9956,0.6964,0.2961,0.0,0.0,0.0,0.0,0.0,-32.0,-78.0,-16.0,1,0
39832,3.1401,-0.9956,0.6964,0.2961,0.0,0.0,0.0,0.0,0.0,-32.0,-78.0,-16.0,1,0
39844,3.1401,-0.9956,0.6964,0.2961,0.0,0.0,0.0,0.0,0.0,-32.0,-77.0,-16.0,1,0
39856,3.1401,-0.9956,0.6964,0.2961,0.0,0.0,0.0,0.0,0.0,-32.0,-77.0,-16.0,1,0
39869,3.1401,-0.9956,0.6964,0.2961,0.0,0.0,0.0,0.0,0.0,-32.0,-77.0,-16.0,1,0
39877,3.1416,-0.9956,0.6964,0.2961,0.0,0.0,0.0,0.0,0.0,-31.0,-77.0,-16.0,2,0
39889,3.1401,-0.9956,0.6964,0.2961,0.0,0.0,0.0,0.0,0.0,-32.0,-77.0,-16.0,1,0
39901,3.1401,-0.9956,0.6964,0.2961,0.0,0.0,0.0,0.0,0.0,-33.0,-77.0,-16.0,1,0
39914,3.1401,-0.9956,0.6964,0.2961,0.0,0.0,0.0,0.0,0.0,-33.0,-77.0,-16.0,1,0
39926,3.1416,-0.9956,0.6964,0.2961,0.0,0.0,0.0,0.0,0.0,-34.0,-76.0,-16.0,1,0
39935,3.1401,-0.9956,0.6964,0.2961,0.0,0.0,0.0,0.0,0.0,-33.0,-76.0,-16.0,1,0
39947,3.1401,-0.9956,0.6964,0.2961,0.0,0.0,0.0,0.0,0.0,-34.0,-76.0,-16.0,1,0
39959,3.1401,-0.9956,0.6964,0.2961,0.0,0.0,0.0,0.0,0.0,-33.0,-76.0,-16.0,1,0
39971,3.1401,-0.9956,0.6964,0.2961,0.0,0.0,0.0,0.0,0.0,-34.0,-76.0,-16.0,1,0
39983,3.1401,-0.9956,0.6964,0.2961,0.0,0.0,0.0,0.0,0.0,-34.0,-75.0,-16.0,1,0
39991,3.1401,-0.9956,0.6964,0.2961,0.0,0.0,0.0,0.0,0.0,-34.0,-75.0,-16.0,1,0
40004,3.1401,-0.9956,0.6964,0.2961,0.0,0.0,0.0,0.0,0.0,-34.0,-79.0,-16.0,1,0
40016,3.1416,-0.9956,0.6964,0.2961,0.0,0.0,0.0,0.0,0.0,-34.0,-76.0,-16.0,1,0
40028,3.1401,-0.9956,0.6964,0.2961,0.0,0.0,0.0,0.0,0.0,-34.0,-76.0,-16.0,1,0
40041,3.1416,-0.9956,0.6964,0.2961,0.0,0.0,0.0,0.0,0.0,-34.0,-76.0,-16.0,1,0
40049,3.1401,-0.9956,0.6964,0.2961,0.0,0.0,0.0,0.0,0.0,-34.0,-76.0,-16.0,1,0
40061,3.1431,-0.9956,0.6964,0.2945,0.0,0.0,0.0,0.0,-8.0,-34.0,-76.0,-4.0,1,0
40073,3.1477,-0.9956,0.698,0.2961,0.0479,0.0,0.0,0.0,-47.0,-32.0,-99.0,-15.0,1,0
40086,3.1431,-0.9956,0.701,0.2961,0.0719,0.0,0.024,0.0,-4.0,-32.0,-121.0,-16.0,1,0
40099,3.1385,-0.9956,0.7026,0.2961,0.024,0.0,0.0479,0.0,6.0,-35.0,-134.0,-16.0,1,0
40106,3.137,-0.9956,0.7041,0.2961,0.0,0.0,0.0719,0.0,15.0,-47.0,-132.0,-16.0,1,0
40118,3.1385,-0.994,0.7041,0.2961,0.0,0.0,0.0719,0.0,6.0,-54.0,-124.0,-18.0,40,1
40131,3.137,-0.994,0.7056,0.2961,-0.0479,0.0,0.0959,0.0,10.0,-54.0,-110.0,-16.0,41,1
40143,3.137,-0.994,0.7056,0.2961,-0.1198,0.0,0.0959,0.0,5.0,-55.0,-108.0,-16.0,45,1
40160,3.137,-0.994,0.7056,0.2961,-0.0959,0.0,0.0719,0.0,7.0,-46.0,-106.0,-16.0,47,1
40172,3.137,-0.994,0.7041,0.2961,-0.0479,0.0,0.0479,0.0,15.0,-48.0,-111.0,-16.0,48,1
40184,3.137,-0.994,0.7041,0.2961,0.0,0.0,0.024,0.0,18.0,-47.0,-111.0,-16.0,46,1
40197,3.137,-0.994,0.7041,0.2961,0.0,0.0,0.0,0.0,14.0,-43.0,-113.0,-16.0,40,1
40209,3.137,-0.994,0.7041,0.2961,0.0,0.0,0.0,0.0,14.0,-43.0,-108.0,-16.0,32,1
40221,3.1385,-0.994,0.7056,0.2961,0.0,0.0,0.0,0.0,8.0,-43.0,-114.0,-16.0,27,1
40233,3.1385,-0.994,0.7041,0.2961,0.0,0.0,0.0,0.0,2.0,-48.0,-106.0,-15.0,24,1
40245,3.1385,-0.994,0.7041,0.2961,0.0,0.0,0.0,0.0,1.0,-48.0,-113.0,-16.0,22,1
40258,3.1385,-0.994,0.7041,0.2961,0.0,0.0,0.0,0.0,1.0,-48.0,-108.0,-16.0,23,1
40270,3.1401,-0.994,0.7041,0.2961,0.0,0.0,0.0,0.0,0.0,-47.0,-109.0,-16.0,24,1
40282,3.1416,-0.9956,0.7041,0.2961,0.024,0.0,0.0,0.0,0.0,-19.0,-112.0,-16.0,24,1
40295,3.1431,-0.9971,0.7026,0.2961,0.024,0.0,0.0,0.0,-5.0,-16.0,-97.0,-16.0,23,1
40307,3.1447,-0.9971,0.7026,0.2961,0.0479,-0.024,0.0,0.0,-12.0,-13.0,-86.0,-16.0,22,1
40319,3.1447,-0.9971,0.701,0.2961,0.0719,-0.024,-0.024,0.0,-14.0,-9.0,-86.0,-16.0,21,1
40331,3.1447,-0.9986,0.701,0.2961,0.0719,-0.024,-0.024,0.0,-20.0,-7.0,-89.0,-16.0,19,1
40344,3.1431,-0.9986,0.701,0.2961,0.0479,-0.0479,-0.024,0.0,-6.0,-13.0,-99.0,-16.0,15,1
40356,3.1431,-0.9986,0.701,0.2961,0.0479,-0.0479,-0.024,0.0,0.0,-14.0,-93.0,-16.0,5,0
40368,3.1416,-0.9986,0.701,0.2961,0.0,-0.024,-0.024,0.0,2.0,-14.0,-100.0,-16.0,3,0
40381,3.1401,-0.9986,0.7026,0.2961,0.0,-0.024,-0.024,0.0,0.0,-14.0,-98.0,-16.0,3,0
40389,3.137,-0.9986,0.7026,0.2961,-0.0479,-0.024,0.0,0.0,12.0,-15.0,-99.0,-16.0,3,0
40401,3.1355,-0.9986,0.701,0.2961,-0.0719,0.0,0.0,0.0,21.0,-18.0,-96.0,-16.0,3,0
40413,3.1385,-0.9986,0.701,0.2961,-0.0959,0.0,0.0,0.0,-5.0,-16.0,-99.0,-15.0,3,0
40426,3.1416,-0.9986,0.701,0.2961,-0.0719,0.0,0.0,0.0,-3.0,-16.0,-96.0,-15.0,2,0
40438,3.1431,-0.9986,0.701,0.2961,-0.024,0.0,0.0,0.0,-5.0,-16.0,-97.0,-15.0,2,0
40446,3.1431,-0.9986,0.701,0.2961,0.0,0.0,0.0,0.0,-2.0,-16.0,-95.0,-16.0,1,0
40458,3.1431,-0.9986,0.701,0.2961,0.0479,0.0,0.0,0.0,-2.0,-18.0,-99.0,-16.0,2,0
40471,3.1431,-0.9986,0.701,0.2961,0.0719,0.0,0.0,0.0,-1.0,-19.0,-97.0,-16.0,2,0
40483,3.1416,-0.9986,0.701,0.2961,0.0479,0.0,0.0,0.0,0.0,-18.0,-100.0,-16.0,1,0
40495,3.1416,-0.9986,0.701,0.2961,0.024,0.0,0.0,0.0,0.0,-17.0,-98.0,-16.0,1,0
40503,3.1401,-0.9986,0.701,0.2961,0.0,0.0,0.0,0.0,0.0,-18.0,-96.0,-16.0,1,0
40516,3.1401,-0.9986,0.701,0.2961,0.0,0.0,0.0,0.0,0.0,-17.0,-101.0,-16.0,1,0
40528,3.137,-0.9986,0.701,0.2961,-0.024,0.0,0.0,0.0,11.0,-17.0,-96.0,-16.0,0,0
40540,3.1355,-0.9986,0.701,0.2961,-0.0479,0.0,0.0,0.0,12.0,-20.0,-100.0,-16.0,0,0
40553,3.1385,-0.9971,0.701,0.2961,-0.0479,0.0,0.0,0.0,-5.0,-14.0,-99.0,-16.0,0,0
40561,3.1385,-0.9971,0.701,0.2961,-0.0479,0.0,0.0,0.0,-5.0,-14.0,-99.0,-16.0,0,0
40573,3.1416,-0.9986,0.701,0.2961,0.0,0.0,0.0,0.0,0.0,-14.0,-98.0,-16.0,0,0
40585,3.1431,-0.9986,0.701,0.2961,0.0,0.0,0.0,0.0,-4.0,-15.0,-100.0,-16.0,0,0
40598,3.1431,-0.9986,0.701,0.2961,0.0479,0.0,0.0,0.0,0.0,-15.0,-101.0,-16.0,0,0
40610,3.1416,-0.9986,0.701,0.2961,0.0479,0.0,0.0,0.0,0.0,-14.0,-100.0,-15.0,0,0
40618,3.1416,-0.9986,0.701,0.2961,0.0479,0.0,0.0,0.0,0.0,-14.0,-99.0,-15.0,0,0
40630,3.1416,-0.9986,0.701,0.2961,0.0479,0.0,0.0,0.0,0.0,-18.0,-98.0,-15.0,0,0
40643,3.1416,-0.9986,0.701,0.2961,0.0,0.0,0.0,0.0,0.0,-15.0,-99.0,-16.0,0,0
40655,3.1401,-0.9986,0.701,0.2961,0.0,0.0,0.0,0.0,0.0,-15.0,-98.0,-15.0,0,0
40667,3.1401,-0.9971,0.701,0.2961,0.0,0.0,0.0,0.0,0.0,-15.0,-98.0,-15.0,0,0
40676,3.1401,-0.9986,0.701,0.2961,-0.024,0.0,0.0,0.0,0.0,-14.0,-99.0,-15.0,0,0
40688,3.1401,-0.9986,0.701,0.2961,-0.024,0.0,0.0,0.0,0.0,-18.0,-101.0,-15.0,0,0
40700,3.1401,-0.9986,0.701,0.2961,-0.024,0.0,0.0,0.0,0.0,-16.0,-99.0,-15.0,0,0
40712,3.1401,-0.9986,0.701,0.2961,0.0,0.0,0.0,0.0,0.0,-15.0,-101.0,-15.0,1,0
40725,3.1401,-0.9986,0.701,0.2961,0.0,0.0,0.0,0.0,0.0,-17.0,-98.0,-16.0,1,0
40733,3.1401,-0.9986,0.701,0.2961,0.0,0.0,0.0,0.0,0.0,-14.0,-98.0,-16.0,1,0
40745,3.1401,-0.9986,0.701,0.2961,0.0,0.0,0.0,0.0,0.0,-13.0,-100.0,-16.0,1,0
40757,3.1401,-0.9986,0.701,0.2961,0.0,0.0,0.0,0.0,0.0,-14.0,-100.0,-16.0,1,0
40770,3.1401,-0.9971,0.701,0.2961,0.0,0.0,0.0,0.0,0.0,-13.0,-101.0,-16.0,1,0
40778,3.1401,-0.9986,0.701,0.2961,0.0,0.0,0.0,0.0,0.0,-13.0,-99.0,-16.0,1,0
40790,3.1401,-0.9986,0.701,0.2961,0.0,0.0,0.0,0.0,0.0,-13.0,-100.0,-16.0,1,0
40802,3.1401,-0.9986,0.701,0.2961,0.0,0.0,0.0,0.0,0.0,-13.0,-100.0,-16.0,0,0
40815,3.1401,-0.9986,0.701,0.2961,0.0,0.0,0.0,0.0,0.0,-14.0,-102.0,-16.0,0,0
40827,3.1401,-0.9986,0.701,0.2961,0.0,0.0,0.0,0.0,0.0,-13.0,-100.0,-16.0,0,0
40835,3.1401,-0.9986,0.701,0.2961,0.0,0.0,0.0,0.0,0.0,-13.0,-100.0,-16.0,0,0
40848,3.1401,-0.9986,0.701,0.2961,0.0,0.0,0.0,0.0,0.0,-13.0,-100.0,-16.0,0,0
40860,3.1401,-0.9986,0.701,0.2961,0.0,0.0,0.0,0.0,0.0,-13.0,-101.0,-15.0,0,0
40872,3.1401,-0.9986,0.701,0.2961,0.0,0.0,0.0,0.0,0.0,-13.0,-101.0,-16.0,0,0
40884,3.1401,-0.9986,0.701,0.2961,0.0,0.0,0.0,0.0,0.0,-12.0,-101.0,-16.0,0,0
40893,3.1401,-0.9986,0.701,0.2961,0.0,0.0,0.0,0.0,0.0,-12.0,-100.0,-16.0,0,0
40905,3.1401,-0.9986,0.701,0.2961,0.0,0.0,0.0,0.0,0.0,-11.0,-101.0,-16.0,0,0
40917,3.1401,-0.9986,0.701,0.2961,0.0,0.0,0.0,0.0,0.0,-11.0,-102.0,-16.0,0,0
40929,3.1401,-0.9986,0.701,0.2961,0.0,0.0,0.0,0.0,0.0,-11.0,-102.0,-16.0,0,0
40942,3.1401,-0.9986,0.701,0.2961,0.0,0.0,0.0,0.0,0.0,-12.0,-102.0,-16.0,0,0
40950,3.1401,-0.9986,0.701,0.2961,0.0,0.0,0.0,0.0,0.0,-11.0,-101.0,-16.0,1,0
40962,3.1401,-0.9986,0.701,0.2961,0.0,0.0,0.0,0.0,0.0,-11.0,-100.0,-16.0,0,0
40975,3.1401,-0.9986,0.701,0.2961,0.0,0.0,0.0,0.0,0.0,-11.0,-102.0,-16.0,0,0
40987,3.1401,-0.9986,0.701,0.2961,0.0,0.0,0.0,0.0,0.0,-11.0,-102.0,-16.0,0,0
40999,3.1401,-0.9986,0.701,0.2961,0.0,0.0,0.0,0.0,0.0,-11.0,-102.0,-16.0,0,0
41007,3.1401,-0.9986,0.701,0.2961,0.0,0.0,0.0,0.0,0.0,-11.0,-102.0,-16.0,0,0
41020,3.1401,-0.9986,0.701,0.2961,0.0,0.0,0.0,0.0,0.0,-11.0,-102.0,-16.0,0,0
41032,3.1401,-0.9986,0.701,0.2961,0.0,0.0,0.0,0.0,0.0,-11.0,-101.0,-16.0,0,0
41044,3.1401,-0.9986,0.701,0.2961,0.0,0.0,0.0,0.0,0.0,-11.0,-101.0,-16.0,0,0
41056,3.1401,-0.9986,0.701,0.2961,0.0,0.0,0.0,0.0,0.0,-10.0,-102.0,-16.0,0,0
41065,3.1401,-0.9986,0.701,0.2961,0.0,0.0,0.0,0.0,0.0,-10.0,-101.0,-16.0,0,0
41077,3.1401,-0.9986,0.701,0.2961,0.0,0.0,0.0,0.0,0.0,-10.0,-101.0,-16.0,0,0
41089,3.1401,-0.9986,0.701,0.2961,0.0,0.0,0.0,0.0,0.0,-10.0,-102.0,-16.0,0,0
41101,3.1401,-0.9986,0.701,0.2961,0.0,0.0,0.0,0.0,0.0,-10.0,-102.0,-16.0,0,0
41114,3.1401,-0.9986,0.701,0.2961,0.0,0.0,0.0,0.0,0.0,-10.0,-102.0,-16.0,0,0
41122,3.1401,-0.9986,0.701,0.2961,0.0,0.0,0.0,0.0,0.0,-10.0,-102.0,-16.0,0,0
41134,3.1401,-0.9986,0.701,0.2961,0.0,0.0,0.0,0.0,0.0,-10.0,-102.0,-16.0,0,0
41147,3.1401,-0.9986,0.701,0.2961,0.0,0.0,0.0,0.0,0.0,-10.0,-102.0,-16.0,0,0
41159,3.1401,-0.9986,0.701,0.2961,0.0,0.0,0.0,0.0,0.0,-10.0,-102.0,-16.0,0,0
41171,3.1431,-0.9986,0.701,0.2961,0.0,0.0,0.0,0.0,-13.0,-10.0,-102.0,-16.0,0,0
41179,3.1462,-0.9986,0.701,0.2961,0.024,0.0,0.0,0.0,-65.0,-10.0,-102.0,-16.0,0,0
41192,3.1431,-0.9986,0.701,0.2961,0.0479,0.0,0.0,0.0,0.0,-10.0,-102.0,-16.0,0,0
41204,3.1447,-0.9986,0.701,0.2961,0.0479,0.0,0.0,0.0,-29.0,-10.0,-102.0,-16.0,1,0
41216,3.1447,-0.9986,0.701,0.2961,0.0479,0.0,0.0,0.0,-34.0,-9.0,-102.0,-16.0,1,0
41228,3.1447,-0.9986,0.701,0.2961,0.0479,0.0,0.0,0.0,-23.0,-7.0,-102.0,-15.0,47,1
41241,3.1447,-0.9986,0.701,0.2961,0.024,0.0,0.0,0.0,-31.0,-7.0,-102.0,-16.0,38,1
41253,3.1462,-0.9986,0.701,0.2961,0.0,0.0,0.0,0.0,-38.0,-6.0,-102.0,-15.0,45,1
41265,3.1462,-0.9986,0.701,0.2961,0.0,0.0,0.0,0.0,-38.0,-6.0,-102.0,-16.0,44,1
41278,3.1447,-0.9986,0.701,0.2961,0.0,0.0,0.0,0.0,-35.0,-6.0,-102.0,-16.0,49,1
41290,3.1447,-0.9986,0.701,0.2961,0.0,0.0,0.0,0.0,-37.0,-6.0,-103.0,-16.0,49,1
41302,3.1447,-0.9986,0.701,0.2961,0.0,0.0,0.0,0.0,-35.0,-6.0,-103.0,-16.0,53,1
41314,3.1462,-0.9986,0.701,0.2961,0.0,0.0,0.0,0.0,-34.0,-6.0,-99.0,-16.0,56,1
41327,3.1447,-0.9986,0.6995,0.2961,0.0,0.0,0.0,0.0,-37.0,-6.0,-94.0,-16.0,55,1
41339,3.1447,-0.9986,0.701,0.2961,0.0,0.0,0.0,0.0,-34.0,-6.0,-99.0,-16.0,57,1
41351,3.1447,-0.9986,0.6995,0.2961,0.0,0.0,0.0,0.0,-31.0,-6.0,-102.0,-16.0,59,1
41364,3.1462,-0.9986,0.701,0.2961,0.0,0.0,0.0,0.0,-35.0,-6.0,-103.0,-16.0,58,1
41376,3.1447,-0.9986,0.701,0.2961,0.0,0.0,0.0,0.0,-29.0,-6.0,-103.0,-16.0,57,1
41388,3.1447,-0.9986,0.701,0.2961,0.0,0.0,0.0,0.0,-27.0,-3.0,-103.0,-16.0,54,1
41400,3.1447,-0.9986,0.701,0.2961,0.0,0.0,0.0,0.0,-19.0,-2.0,-100.0,-16.0,52,1
41413,3.1431,-0.9986,0.701,0.2961,0.0,0.0,0.0,0.0,0.0,-3.0,-103.0,-16.0,48,1
41429,3.1416,-0.9986,0.6995,0.2961,0.0,0.0,0.0,0.0,2.0,-1.0,-100.0,-16.0,41,1
41441,3.1401,-0.9986,0.6995,0.2961,-0.024,0.0,0.0,0.0,0.0,-1.0,-102.0,-18.0,33,1
41454,3.1401,-0.9986,0.701,0.2961,-0.0479,0.0,0.0,0.0,-1.0,-1.0,-101.0,-16.0,28,1
41466,3.1401,-0.9986,0.701,0.2961,-0.0479,0.0,0.0,0.0,0.0,0.0,-102.0,-16.0,16,1
41474,3.1401,-0.9986,0.701,0.2961,-0.0479,0.0,0.0,0.0,-2.0,-2.0,-104.0,-16.0,4,0
41486,3.1401,-0.9986,0.701,0.2961,-0.0479,0.0,0.0,0.0,0.0,-1.0,-104.0,-16.0,1,0
41499,3.1401,-0.9986,0.701,0.2961,-0.024,0.0,0.0,0.0,0.0,-2.0,-104.0,-16.0,1,0
41511,3.1401,-0.9986,0.701,0.2961,-0.024,0.0,0.0,0.0,0.0,-2.0,-104.0,-19.0,2,0
41523,3.1385,-0.9986,0.701,0.2961,0.0,0.0,0.0,0.0,0.0,-6.0,-104.0,-16.0,1,0
41532,3.1385,-0.9971,0.701,0.2961,0.0,0.0,0.0,0.0,0.0,-2.0,-100.0,-16.0,1,0
41544,3.1385,-0.9971,0.6995,0.2961,0.0,0.0,0.0,0.0,0.0,-3.0,-101.0,-16.0,1,0
41556,3.1401,-0.9986,0.701,0.2961,0.0,0.0,0.0,0.0,0.0,-1.0,-102.0,-16.0,0,0
41568,3.1401,-0.9986,0.701,0.2961,0.0,0.0,0.0,0.0,0.0,-1.0,-101.0,-16.0,0,0
41581,3.1401,-0.9986,0.701,0.2961,0.0,0.0,0.0,0.0,0.0,-1.0,-103.0,-16.0,1,0
41589,3.1401,-0.9986,0.701,0.2961,0.0,0.0,0.0,0.0,0.0,-1.0,-104.0,-16.0,1,0
41601,3.1401,-0.9986,0.701,0.2961,0.0,0.0,0.0,0.0,0.0,-1.0,-106.0,-16.0,1,0
41613,3.1401,-0.9986,0.701,0.2961,0.0,0.0,0.0,0.0,0.0,-2.0,-103.0,-16.0,1,0
41626,3.1401,-0.9986,0.701,0.2961,0.0,0.0,0.0,0.0,0.0,-2.0,-103.0,-16.0,1,0
41638,3.1401,-0.9986,0.701,0.2961,0.0,0.0,0.0,0.0,0.0,-1.0,-104.0,-16.0,1,0
41646,3.1401,-0.9986,0.6995,0.2961,0.0,0.0,0.0,0.0,0.0,-2.0,-104.0,-16.0,1,0
41659,3.1401,-0.9986,0.6995,0.2961,0.0,0.0,0.0,0.0,0.0,-1.0,-106.0,-16.0,1,0
41671,3.1401,-0.9986,0.701,0.2961,0.0,0.0,0.0,0.0,0.0,-3.0,-105.0,-16.0,1,0
41683,3.1401,-0.9986,0.701,0.2961,0.0,0.0,0.0,0.0,0.0,-1.0,-106.0,-16.0,1,0
41695,3.1401,-0.9986,0.701,0.2961,0.0,0.0,0.0,0.0,0.0,-1.0,-107.0,-16.0,1,0
41704,3.1401,-0.9986,0.701,0.2961,0.0,0.0,0.0,0.0,0.0,-1.0,-106.0,-16.0,1,0
41716,3.1401,-0.9986,0.701,0.2961,0.0,0.0,0.0,0.0,0.0,-1.0,-103.0,-16.0,1,0
41728,3.1401,-0.9986,0.701,0.2961,0.0,0.0,0.0,0.0,0.0,-3.0,-107.0,-16.0,1,0
41740,3.1401,-0.9986,0.701,0.2961,0.0,0.0,0.0,0.0,0.0,-2.0,-106.0,-16.0,1,0
41753,3.1401,-0.9986,0.701,0.2961,0.0,0.0,0.0,0.0,0.0,-2.0,-103.0,-16.0,1,0
41761,3.1401,-0.9986,0.701,0.2961,0.0,0.0,0.0,0.0,0.0,-2.0,-103.0,-16.0,1,0
41773,3.1401,-0.9971,0.701,0.2961,0.0,0.0,0.0,0.0,0.0,-3.0,-103.0,-16.0,1,0
41785,3.1401,-0.9986,0.701,0.2961,0.0,0.0,0.0,0.0,0.0,-6.0,-104.0,-14.0,1,0
41798,3.1401,-0.9986,0.701,0.2961,0.0,0.0,0.0,0.0,0.0,-2.0,-108.0,-15.0,1,0
41810,3.1401,-0.9986,0.701,0.2961,0.0,0.0,0.0,0.0,0.0,-1.0,-105.0,-15.0,1,0
41818,3.1401,-0.9986,0.701,0.2961,0.0,0.0,0.0,0.0,0.0,-1.0,-105.0,-16.0,1,0
41831,3.1401,-0.9986,0.701,0.2961,0.0,0.0,0.0,0.0,0.0,-1.0,-105.0,-16.0,1,0
41843,3.1401,-0.9986,0.701,0.2961,0.0,0.0,0.0,0.0,0.0,-4.0,-105.0,-16.0,1,0
41855,3.1401,-0.9986,0.6995,0.2961,0.0,0.0,0.0,0.0,0.0,-4.0,-108.0,-16.0,1,0
41863,3.1401,-0.9986,0.701,0.2961,0.0,0.0,0.0,0.0,0.0,-2.0,-102.0,-16.0,1,0
41876,3.1401,-0.9986,0.701,0.2961,0.0,0.0,0.0,0.0,0.0,-1.0,-106.0,-16.0,1,0
41888,3.1401,-0.9986,0.701,0.2961,0.0,0.0,0.0,0.0,0.0,-1.0,-106.0,-16.0,1,0
41900,3.1401,-0.9986,0.701,0.2961,0.0,0.0,0.0,0.0,0.0,-2.0,-105.0,-16.0,1,0
41912,3.1401,-0.9971,0.701,0.2961,0.0,0.0,0.0,0.0,0.0,-4.0,-106.0,-16.0,1,0
41921,3.1401,-0.9971,0.701,0.2961,0.0,0.0,0.0,0.0,0.0,-4.0,-106.0,-16.0,0,0
41933,3.1401,-0.9986,0.701,0.2961,0.0,0.0,0.0,0.0,0.0,-1.0,-107.0,-16.0,1,0
41945,3.1401,-0.9986,0.701,0.2961,0.0,0.0,0.0,0.0,0.0,-1.0,-108.0,-16.0,1,0
41958,3.1401,-0.9986,0.701,0.2961,0.0,0.0,0.0,0.0,0.0,-1.0,-106.0,-16.0,1,0
41970,3.1401,-0.9971,0.701,0.2961,0.0,0.0,0.0,0.0,0.0,-1.0,-107.0,-16.0,1,0
41978,3.1401,-0.9971,0.701,0.2961,0.0,0.0,0.0,0.0,0.0,-1.0,-110.0,-16.0,1,0
41990,3.1401,-0.9986,0.6995,0.2961,0.0,0.0,0.0,0.0,0.0,-2.0,-108.0,-16.0,1,0
42003,3.1401,-0.9971,0.701,0.2961,0.0,0.0,0.0,0.0,0.0,-2.0,-106.0,-16.0,0,0
42015,3.1401,-0.9971,0.701,0.2961,0.0,0.0,0.0,0.0,0.0,-1.0,-110.0,-16.0,1,0
42027,3.1401,-0.9986,0.701,0.2961,0.0,0.0,0.0,0.0,0.0,-3.0,-106.0,-16.0,1,0
42035,3.1401,-0.9986,0.701,0.2961,0.0,0.0,0.0,0.0,0.0,-1.0,-107.0,-16.0,1,0
42048,3.1401,-0.9971,0.701,0.2961,0.0,0.0,0.0,0.0,0.0,-1.0,-106.0,-16.0,1,0
42060,3.1401,-0.9986,0.701,0.2961,0.0,0.0,0.0,0.0,0.0,-1.0,-105.0,-16.0,1,0
42072,3.1401,-0.9986,0.701,0.2961,0.0,0.0,0.0,0.0,0.0,-1.0,-105.0,-16.0,1,0
42084,3.1401,-0.9986,0.701,0.2961,0.0,0.0,0.0,0.0,0.0,-1.0,-104.0,-16.0,0,0
42093,3.1401,-0.9986,0.701,0.2961,0.0,0.0,0.0,0.0,0.0,-4.0,-104.0,-16.0,0,0
42105,3.1401,-0.9986,0.701,0.2961,0.0,0.0,0.0,0.0,0.0,-3.0,-108.0,-16.0,0,0
42117,3.1401,-0.9986,0.701,0.2961,0.0,0.0,0.0,0.0,0.0,-2.0,-107.0,-16.0,0,0
42130,3.1401,-0.9971,0.701,0.2961,0.0,0.0,0.0,0.0,0.0,-3.0,-108.0,-16.0,1,0
42142,3.1401,-0.9986,0.701,0.2961,0.0,0.0,0.0,0.0,0.0,-1.0,-109.0,-16.0,0,0
42150,3.1401,-0.9986,0.701,0.2961,0.0,0.0,0.0,0.0,0.0,-1.0,-109.0,-16.0,0,0
42162,3.1401,-0.9971,0.701,0.2961,0.0,0.0,0.0,0.0,0.0,-3.0,-108.0,-16.0,1,0
42175,3.1401,-0.9986,0.701,0.2961,0.0,0.0,0.0,0.0,0.0,-1.0,-105.0,-16.0,1,0
42187,3.1401,-0.9986,0.701,0.2961,0.0,0.0,0.0,0.0,0.0,-1.0,-108.0,-16.0,0,0
42199,3.1401,-0.9986,0.701,0.2961,0.0,0.0,0.0,0.0,0.0,-2.0,-110.0,-16.0,0,0
42207,3.1401,-0.9986,0.701,0.2961,0.0,0.0,0.0,0.0,0.0,-1.0,-107.0,-16.0,0,0
42220,3.1401,-0.9986,0.701,0.2961,0.0,0.0,0.0,0.0,0.0,-1.0,-107.0,-16.0,0,0
42232,3.1401,-0.9986,0.701,0.2961,0.0,0.0,0.0,0.0,0.0,-1.0,-110.0,-16.0,0,0
42244,3.1401,-0.9986,0.701,0.2961,0.0,0.0,0.0,0.0,0.0,-1.0,-108.0,-16.0,0,0
42257,3.1401,-0.9986,0.701,0.2961,0.0,0.0,0.0,0.0,0.0,-1.0,-107.0,-16.0,0,0
42265,3.1401,-0.9986,0.701,0.2961,0.0,0.0,0.0,0.0,0.0,-1.0,-108.0,-16.0,0,0
42277,3.1401,-0.9986,0.701,0.2961,0.0,0.0,0.0,0.0,0.0,-1.0,-110.0,-16.0,0,0
42289,3.1401,-0.9986,0.701,0.2961,0.0,0.0,0.0,0.0,0.0,-1.0,-107.0,-16.0,0,0
42302,3.1401,-0.9971,0.701,0.2961,0.0,0.0,0.0,0.0,0.0,-1.0,-106.0,-16.0,0,0
42310,3.1401,-0.9971,0.701,0.2961,0.0,0.0,0.0,0.0,0.0,-1.0,-106.0,-16.0,0,0
42322,3.1401,-0.9986,0.6995,0.2961,0.0,0.0,0.0,0.0,0.0,-3.0,-108.0,-16.0,0,0
42334,3.1401,-0.9986,0.6995,0.2961,0.0,0.0,0.0,0.0,0.0,-1.0,-109.0,-16.0,0,0
42347,3.1401,-0.9986,0.701,0.2961,0.0,0.0,0.0,0.0,0.0,-1.0,-108.0,-16.0,0,0
42359,3.1401,-0.9986,0.701,0.2961,0.0,0.0,0.0,0.0,0.0,-1.0,-108.0,-16.0,0,0
42367,3.1401,-0.9986,0.701,0.2961,0.0,0.0,0.0,0.0,0.0,-2.0,-110.0,-16.0,0,0
42379,3.1401,-0.9986,0.701,0.2961,0.0,0.0,0.0,0.0,0.0,-2.0,-107.0,-16.0,0,0
42392,3.1401,-0.9986,0.701,0.2961,0.0,0.0,0.0,0.0,0.0,-1.0,-110.0,-16.0,0,0
42404,3.1401,-0.9971,0.701,0.2961,0.0,0.0,0.0,0.0,0.0,-2.0,-108.0,-16.0,0,0
42416,3.1401,-0.9971,0.701,0.2961,0.0,0.0,0.0,0.0,0.0,-2.0,-106.0,-16.0,0,0
42424,3.1401,-0.9986,0.701,0.2961,0.0,0.0,0.0,0.0,0.0,-2.0,-107.0,-16.0,0,0
42437,3.1401,-0.9986,0.701,0.2961,0.0,0.0,0.0,0.0,0.0,-1.0,-108.0,-16.0,0,0
42449,3.1401,-0.9986,0.701,0.2961,0.0,0.0,0.0,0.0,0.0,-1.0,-106.0,-16.0,0,0
42461,3.1401,-0.9986,0.701,0.2961,0.0,0.0,0.0,0.0,0.0,0.0,-109.0,-16.0,1,0
42474,3.1355,-0.9986,0.701,0.2961,-0.024,0.0,0.0,0.0,17.0,0.0,-107.0,-16.0,1,0
42482,3.1339,-0.9971,0.6995,0.2961,-0.0479,0.0,0.0,0.0,27.0,0.0,-106.0,-16.0,1,0
42494,3.1339,-0.9971,0.6995,0.2961,-0.0719,0.0,0.0,0.0,30.0,-5.0,-104.0,-16.0,1,0
42506,3.1339,-0.9971,0.6995,0.2961,-0.0719,0.0,0.0,0.0,30.0,-7.0,-105.0,-16.0,1,0
42519,3.1324,-0.9971,0.6995,0.2961,-0.0719,0.0,0.0,0.0,37.0,-7.0,-108.0,-16.0,3,0
42531,3.1339,-0.9971,0.701,0.2961,-0.0719,0.0,0.0,0.0,32.0,-6.0,-110.0,-16.0,24,1
42543,3.1339,-0.9971,0.701,0.2961,-0.0479,0.0,0.0,0.0,34.0,-5.0,-107.0,-16.0,41,1
42556,3.1339,-0.9971,0.6995,0.2961,-0.024,0.0,0.0,0.0,35.0,-6.0,-106.0,-16.0,52,1
42568,3.1339,-0.9971,0.6995,0.2961,0.0,0.0,0.0,0.0,36.0,-3.0,-99.0,-16.0,62,1
42580,3.1339,-0.9971,0.6995,0.2961,0.0,0.0,0.0,0.0,37.0,-5.0,-102.0,-16.0,64,1
42592,3.1339,-0.9971,0.6995,0.2961,0.0,0.0,0.0,0.0,34.0,-1.0,-104.0,-16.0,66,1
42605,3.1339,-0.9971,0.6995,0.2961,0.0,0.0,0.0,0.0,26.0,-1.0,-104.0,-13.0,66,1
42617,3.1355,-0.9971,0.6995,0.2961,0.0,0.0,0.0,0.0,18.0,-1.0,-104.0,-15.0,64,1
42629,3.1355,-0.9971,0.6995,0.2961,0.0,0.0,0.0,0.0,18.0,-7.0,-106.0,-16.0,61,1
42642,3.137,-0.9971,0.6995,0.2961,0.024,0.0,0.0,0.0,7.0,-3.0,-107.0,-16.0,61,1
42654,3.1385,-0.9971,0.6995,0.2961,0.024,0.0,0.0,0.0,1.0,-6.0,-105.0,-16.0,56,1
42666,3.1385,-0.9971,0.701,0.2961,0.0479,0.0,0.0,0.0,0.0,-4.0,-105.0,-16.0,50,1
42678,3.1385,-0.9971,0.6995,0.2961,0.0479,0.0,0.0,0.0,0.0,-3.0,-104.0,-16.0,41,1
42691,3.1385,-0.9956,0.6995,0.2961,0.0479,0.0,0.0,0.0,0.0,-4.0,-104.0,-16.0,26,1
42703,3.1385,-0.9971,0.6995,0.2961,0.024,0.0,0.0,0.0,0.0,-1.0,-104.0,-16.0,9,0
42715,3.1385,-0.9971,0.6995,0.2961,0.024,0.0,0.0,0.0,0.0,-6.0,-104.0,-16.0,0,0
42728,3.1401,-0.9971,0.6995,0.2961,0.024,0.0,0.0,0.0,0.0,-9.0,-106.0,-16.0,2,0
42740,3.1401,-0.9971,0.6995,0.2961,0.024,0.0,0.0,0.0,0.0,-3.0,-103.0,-16.0,2,0
42748,3.1401,-0.9971,0.6995,0.2961,0.024,0.0,0.0,0.0,0.0,-2.0,-107.0,-16.0,3,0
42760,3.1401,-0.9971,0.6995,0.2961,0.024,0.0,0.0,0.0,0.0,-3.0,-107.0,-16.0,3,0
42773,3.1401,-0.9971,0.6995,0.2961,0.024,0.0,0.0,0.0,0.0,-7.0,-107.0,-16.0,2,0
42785,3.1401,-0.9956,0.6995,0.2961,0.024,0.0,0.0,0.0,0.0,-7.0,-105.0,-16.0,2,0
42797,3.1401,-0.9971,0.6995,0.2961,0.0,0.0,0.0,0.0,0.0,-6.0,-105.0,-15.0,2,0
42805,3.1401,-0.9971,0.6995,0.2961,0.0,0.0,0.0,0.0,0.0,-5.0,-106.0,-15.0,2,0
42818,3.1401,-0.9971,0.6995,0.2961,0.0,0.0,0.0,0.0,0.0,-3.0,-104.0,-16.0,2,0
42830,3.1401,-0.9971,0.6995,0.2961,0.0,0.0,0.0,0.0,0.0,-2.0,-106.0,-16.0,1,0
42842,3.1401,-0.9971,0.6995,0.2961,0.0,0.0,0.0,0.0,0.0,-2.0,-106.0,-16.0,1,0
42855,3.1401,-0.9956,0.6995,0.2961,0.0,0.0,0.0,0.0,0.0,-7.0,-104.0,-16.0,0,0
42863,3.1401,-0.9971,0.6995,0.2961,0.0,0.0,0.0,0.0,0.0,-9.0,-104.0,-16.0,0,0
42875,3.1401,-0.9956,0.6995,0.2961,0.0,0.0,0.0,0.0,0.0,-6.0,-105.0,-14.0,0,0
42887,3.1401,-0.9971,0.701,0.2961,0.0,0.0,0.0,0.0,0.0,-4.0,-107.0,-15.0,0,0
42900,3.1401,-0.9956,0.6995,0.2961,0.0,0.0,0.0,0.0,0.0,-4.0,-106.0,-16.0,0,0
42912,3.1401,-0.9971,0.6995,0.2961,0.0,0.0,0.0,0.0,0.0,-3.0,-105.0,-16.0,0,0
42920,3.1401,-0.9971,0.6995,0.2961,0.0,0.0,0.0,0.0,0.0,-3.0,-105.0,-16.0,1,0
42932,3.1401,-0.9971,0.6995,0.2961,0.0,0.0,0.0,0.0,0.0,-3.0,-107.0,-16.0,0,0
42945,3.1401,-0.9971,0.6995,0.2961,0.0,0.0,0.0,0.0,0.0,-1.0,-105.0,-16.0,1,0
42957,3.1385,-0.9971,0.6995,0.2961,0.0,0.0,0.0,0.0,0.0,-6.0,-105.0,-13.0,1,0
42969,3.1401,-0.9971,0.6995,0.2961,0.0,0.0,0.0,0.0,0.0,-4.0,-105.0,-15.0,1,0
42977,3.1401,-0.9971,0.6995,0.2961,0.0,0.0,0.0,0.0,0.0,-5.0,-105.0,-15.0,1,0
42990,3.1401,-0.9971,0.6995,0.2961,0.0,0.0,0.0,0.0,0.0,-4.0,-105.0,-15.0,0,0
43002,3.1401,-0.9956,0.6995,0.2961,0.0,0.0,0.0,0.0,0.0,-3.0,-107.0,-16.0,0,0
43014,3.1401,-0.9971,0.6995,0.2961,0.0,0.0,0.0,0.0,0.0,-7.0,-106.0,-16.0,0,0
43027,3.1401,-0.9971,0.6995,0.2961,0.0,0.0,0.0,0.0,0.0,-3.0,-106.0,-16.0,0,0
43035,3.1401,-0.9971,0.6995,0.2961,0.0,0.0,0.0,0.0,0.0,-7.0,-107.0,-16.0,0,0
43047,3.1401,-0.9971,0.6995,0.2961,0.0,0.0,0.0,0.0,0.0,-5.0,-108.0,-16.0,0,0
43059,3.1401,-0.9971,0.6995,0.2961,0.0,0.0,0.0,0.0,0.0,-7.0,-107.0,-16.0,0,0
43072,3.1401,-0.9971,0.6995,0.2961,0.0,0.0,0.0,0.0,0.0,-5.0,-109.0,-16.0,0,0
43084,3.1401,-0.9971,0.6995,0.2961,0.0,0.0,0.0,0.0,0.0,-5.0,-106.0,-16.0,0,0
43092,3.1401,-0.9971,0.6995,0.2961,0.0,0.0,0.0,0.0,0.0,-7.0,-105.0,-16.0,0,0
43104,3.1401,-0.9971,0.6995,0.2961,0.0,0.0,0.0,0.0,0.0,-3.0,-107.0,-16.0,0,0
43117,3.1401,-0.9971,0.6995,0.2961,0.0,0.0,0.0,0.0,0.0,-3.0,-106.0,-16.0,0,0
43129,3.1401,-0.9971,0.6995,0.2961,0.0,0.0,0.0,0.0,0.0,-1.0,-106.0,-16.0,0,0
43137,3.1401,-0.9971,0.6995,0.2961,0.0,0.0,0.0,0.0,0.0,-6.0,-110.0,-16.0,0,0
43149,3.1401,-0.9971,0.6995,0.2961,0.0,0.0,0.0,0.0,0.0,-4.0,-108.0,-16.0,0,0
43162,3.1401,-0.9971,0.6995,0.2961,0.0,0.0,0.0,0.0,0.0,-6.0,-108.0,-16.0,0,0
43174,3.1401,-0.9971,0.6995,0.2961,0.0,0.0,0.0,0.0,0.0,-5.0,-106.0,-16.0,0,0
43186,3.1401,-0.9956,0.6995,0.2961,0.0,0.0,0.0,0.0,0.0,-3.0,-108.0,-16.0,0,0
43194,3.1401,-0.9971,0.6995,0.2961,0.0,0.0,0.0,0.0,0.0,-1.0,-105.0,-16.0,0,0
43207,3.1401,-0.9956,0.701,0.2961,0.0,0.0,0.0,0.0,0.0,-3.0,-106.0,-16.0,0,0
43219,3.1401,-0.9971,0.6995,0.2961,0.0,0.0,0.0,0.0,0.0,-5.0,-107.0,-16.0,0,0
43231,3.1401,-0.9971,0.6995,0.2961,0.0,0.0,0.0,0.0,0.0,-6.0,-110.0,-16.0,0,0
43244,3.1401,-0.9971,0.6995,0.2961,0.0,0.0,0.0,0.0,0.0,-1.0,-108.0,-16.0,0,0
43252,3.1401,-0.9971,0.6995,0.2961,0.0,0.0,0.0,0.0,0.0,-1.0,-104.0,-16.0,0,0
43264,3.1401,-0.9971,0.6995,0.2961,0.0,0.0,0.0,0.0,0.0,-5.0,-104.0,-15.0,0,0
43276,3.1401,-0.9971,0.6995,0.2961,0.0,0.0,0.0,0.0,0.0,-4.0,-105.0,-15.0,0,0
43289,3.1401,-0.9956,0.6995,0.2961,0.0,0.0,0.0,0.0,0.0,-1.0,-108.0,-15.0,0,0
43301,3.1401,-0.9971,0.6995,0.2961,0.0,0.0,0.0,0.0,0.0,-1.0,-108.0,-15.0,0,0
43309,3.1401,-0.9971,0.6995,0.2961,0.0,0.0,0.0,0.0,0.0,-6.0,-109.0,-15.0,0,0
43321,3.1401,-0.9971,0.6995,0.2961,0.0,0.0,0.0,0.0,0.0,-5.0,-107.0,-15.0,0,0
43334,3.1401,-0.9971,0.6995,0.2961,0.0,0.0,0.0,0.0,0.0,-7.0,-109.0,-15.0,0,0
43346,3.1401,-0.9971,0.6995,0.2961,0.0,0.0,0.0,0.0,0.0,-3.0,-108.0,-16.0,0,0
43358,3.1401,-0.9971,0.6995,0.2961,0.0,0.0,0.0,0.0,0.0,-3.0,-107.0,-16.0,0,0
43366,3.1401,-0.9956,0.6995,0.2961,0.0,0.0,0.0,0.0,0.0,-3.0,-107.0,-16.0,0,0
43379,3.1401,-0.9971,0.6995,0.2961,0.0,0.0,0.0,0.0,0.0,-2.0,-109.0,-16.0,0,0
43391,3.1401,-0.9971,0.6995,0.2961,0.0,0.0,0.0,0.0,0.0,-3.0,-104.0,-16.0,0,0
43403,3.1401,-0.9971,0.6995,0.2961,0.0,0.0,0.0,0.0,0.0,-2.0,-106.0,-14.0,0,0
43416,3.1401,-0.9956,0.701,0.2961,0.0,0.0,0.0,0.0,0.0,-1.0,-107.0,-15.0,0,0
43424,3.1401,-0.9971,0.6995,0.2961,0.0,0.0,0.0,0.0,0.0,-3.0,-107.0,-15.0,0,0
43436,3.1401,-0.9971,0.6995,0.2961,0.0,0.0,0.0,0.0,0.0,-3.0,-109.0,-15.0,0,0
43448,3.1385,-0.9971,0.6995,0.2961,0.0,0.0,0.0,0.0,0.0,-3.0,-106.0,-15.0,0,0
43461,3.1401,-0.9971,0.701,0.2961,0.0,0.0,0.0,0.0,0.0,-5.0,-106.0,-15.0,0,0
43473,3.1385,-0.9971,0.6995,0.2961,0.0,0.0,0.0,0.0,0.0,-1.0,-105.0,-15.0,0,0
43481,3.1385,-0.9971,0.6995,0.2961,0.0,0.0,0.0,0.0,0.0,-1.0,-105.0,-15.0,0,0
43493,3.1385,-0.9956,0.698,0.2961,0.0,0.0,0.0,0.0,2.0,-13.0,-96.0,-16.0,0,0
43506,3.137,-0.994,0.6949,0.2961,-0.024,0.0,0.0,0.0,19.0,-63.0,-36.0,-6.0,0,0
43518,3.137,-0.9894,0.6918,0.2945,-0.024,0.024,-0.024,0.0,20.0,-116.0,-7.0,-2.0,0,0
43530,3.137,-0.9848,0.6903,0.2945,-0.024,0.0719,-0.0719,0.0,16.0,-169.0,-32.0,-8.0,0,0
43539,3.137,-0.9787,0.6903,0.2945,-0.024,0.1438,-0.0959,0.0,18.0,-199.0,-77.0,-16.0,0,0
43551,3.137,-0.9725,0.6918,0.2961,-0.024,0.2157,-0.0959,0.0,18.0,-225.0,-91.0,-18.0,27,1
43563,3.1385,-0.9633,0.6949,0.2961,-0.024,0.3595,-0.0719,0.0,1.0,-247.0,-114.0,-24.0,37,1
43575,3.1401,-0.9587,0.6964,0.2961,0.0,0.4314,-0.0479,0.0,0.0,-246.0,-101.0,-19.0,45,1
43588,3.1401,-0.9572,0.6964,0.2961,0.0,0.4554,0.0,0.0,0.0,-218.0,-91.0,-22.0,48,1
43604,3.1447,-0.9587,0.6949,0.2961,0.0479,0.3835,0.0479,0.0,-2.0,-189.0,-87.0,-20.0,56,1
43616,3.1431,-0.9587,0.6949,0.2961,0.0719,0.3116,0.024,0.0,-5.0,-181.0,-84.0,-18.0,57,1
43629,3.1431,-0.9603,0.6934,0.2961,0.0719,0.2157,0.024,0.0,-8.0,-157.0,-69.0,-16.0,57,1
43641,3.1431,-0.9633,0.6934,0.2961,0.0719,0.1198,0.0,0.0,-4.0,-123.0,-63.0,-14.0,53,1
43653,3.1416,-0.9695,0.6934,0.2961,0.0479,-0.024,-0.024,0.0,2.0,-82.0,-77.0,-15.0,49,1
43665,3.1401,-0.9741,0.6934,0.2961,0.0,-0.0959,-0.024,0.0,0.0,-64.0,-83.0,-16.0,38,1
43678,3.1385,-0.9756,0.6934,0.2961,0.0,-0.1678,-0.024,0.0,0.0,-65.0,-80.0,-19.0,29,1
43690,3.137,-0.9787,0.6934,0.2961,-0.0479,-0.2157,-0.024,0.0,5.0,-57.0,-82.0,-17.0,20,1
43702,3.137,-0.9833,0.6934,0.2961,-0.0719,-0.2637,0.0,0.0,8.0,-51.0,-79.0,-16.0,9,0
43711,3.137,-0.9833,0.6934,0.2961,-0.0719,-0.2637,0.0,0.0,8.0,-51.0,-79.0,-16.0,4,0
43723,3.1385,-0.9863,0.6918,0.2961,-0.0479,-0.2637,0.0,0.0,0.0,-38.0,-80.0,-16.0,3,0
43735,3.1385,-0.9894,0.6934,0.2961,-0.024,-0.2397,0.0,0.0,0.0,-25.0,-74.0,-20.0,2,0
43747,3.1385,-0.991,0.6934,0.2961,-0.024,-0.2157,0.0,0.0,0.0,-23.0,-80.0,-16.0,1,0
43760,3.1401,-0.9925,0.6934,0.2961,0.0,-0.2157,0.0,0.0,0.0,-25.0,-79.0,-17.0,1,0
43768,3.1401,-0.994,0.6918,0.2961,0.0,-0.1918,0.0,0.0,0.0,-30.0,-78.0,-16.0,1,0
43780,3.1401,-0.994,0.6934,0.2961,0.024,-0.1678,0.0,0.0,0.0,-35.0,-81.0,-16.0,1,0
43792,3.1416,-0.994,0.6934,0.2961,0.024,-0.1198,0.0,0.0,0.0,-42.0,-78.0,-18.0,1,0
43805,3.1416,-0.994,0.6934,0.2961,0.024,-0.0959,0.0,0.0,0.0,-43.0,-80.0,-16.0,1,0
43817,3.1401,-0.994,0.6934,0.2961,0.024,-0.0719,0.0,0.0,0.0,-43.0,-79.0,-17.0,1,0
43825,3.1401,-0.994,0.6934,0.2961,0.024,-0.0479,0.0,0.0,0.0,-43.0,-77.0,-16.0,0,0
43838,3.1401,-0.994,0.6934,0.2961,0.0,-0.024,0.0,0.0,0.0,-44.0,-79.0,-16.0,0,0
43850,3.1401,-0.994,0.6934,0.2961,0.0,0.0,0.0,0.0,0.0,-40.0,-77.0,-16.0,0,0
43862,3.1401,-0.994,0.6934,0.2961,0.0,0.0,0.0,0.0,0.0,-38.0,-80.0,-17.0,0,0
43874,3.1401,-0.994,0.6934,0.2976,0.0,0.0,0.0,0.0,0.0,-38.0,-76.0,-16.0,0,0
43883,3.1401,-0.994,0.6934,0.2961,0.0,0.0,0.0,0.0,0.0,-38.0,-80.0,-16.0,0,0
43895,3.1401,-0.994,0.6934,0.2961,0.0,0.0,0.0,0.0,0.0,-38.0,-80.0,-16.0,0,0
43907,3.1401,-0.994,0.6934,0.2961,0.0,0.0,0.0,0.0,0.0,-38.0,-75.0,-16.0,0,0
43919,3.1401,-0.994,0.6934,0.2961,0.0,0.0,0.0,0.0,0.0,-38.0,-78.0,-17.0,0,0
43932,3.1401,-0.994,0.6934,0.2961,0.0,0.0,0.0,0.0,0.0,-38.0,-79.0,-16.0,0,0
43940,3.1401,-0.994,0.6934,0.2961,0.0,0.0,0.0,0.0,0.0,-38.0,-79.0,-16.0,0,0
43952,3.1401,-0.994,0.6934,0.2961,0.0,0.0,0.0,0.0,0.0,-38.0,-79.0,-17.0,0,0
43964,3.1401,-0.994,0.6934,0.2961,0.0,0.0,0.0,0.0,0.0,-38.0,-78.0,-16.0,0,0
43977,3.1401,-0.994,0.6934,0.2961,0.0,0.0,0.0,0.0,0.0,-38.0,-79.0,-16.0,0,0
43989,3.1401,-0.994,0.6934,0.2961,0.0,0.0,0.0,0.0,0.0,-38.0,-79.0,-16.0,0,0
43997,3.1401,-0.994,0.6918,0.2961,0.0,0.0,0.0,0.0,0.0,-38.0,-80.0,-16.0,0,0
44010,3.1401,-0.994,0.6934,0.2961,0.0,0.0,0.0,0.0,0.0,-43.0,-74.0,-16.0,0,0
44022,3.1401,-0.994,0.6918,0.2961,0.0,0.0,0.0,0.0,0.0,-44.0,-77.0,-16.0,0,0
44034,3.1401,-0.994,0.6934,0.2961,0.0,0.0,0.0,0.0,0.0,-44.0,-78.0,-16.0,0,0
44046,3.1401,-0.994,0.6934,0.2961,0.0,0.0,0.0,0.0,0.0,-44.0,-78.0,-16.0,0,0
44055,3.1401,-0.994,0.6934,0.2961,0.0,0.0,0.0,0.0,0.0,-44.0,-77.0,-16.0,0,0
44067,3.1401,-0.994,0.6934,0.2961,0.0,0.0,0.0,0.0,0.0,-45.0,-78.0,-16.0,0,0
44079,3.1401,-0.994,0.6934,0.2961,0.0,0.0,0.0,0.0,0.0,-45.0,-77.0,-16.0,0,0
44091,3.1401,-0.994,0.6934,0.2961,0.0,0.0,0.0,0.0,0.0,-45.0,-78.0,-16.0,0,0
44104,3.1401,-0.994,0.6934,0.2961,0.0,0.0,0.0,0.0,0.0,-45.0,-77.0,-17.0,0,0
44112,3.1401,-0.994,0.6934,0.2961,0.0,0.0,0.0,0.0,0.0,-44.0,-75.0,-16.0,0,0
44124,3.1401,-0.994,0.6934,0.2961,0.0,0.0,0.0,0.0,0.0,-45.0,-76.0,-16.0,0,0
44137,3.1401,-0.994,0.6934,0.2961,0.0,0.0,0.0,0.0,0.0,-44.0,-77.0,-16.0,0,0
44149,3.1401,-0.994,0.6934,0.2961,0.0,0.0,0.0,0.0,0.0,-44.0,-73.0,-16.0,0,0
44157,3.1401,-0.994,0.6934,0.2961,0.0,0.0,0.0,0.0,0.0,-45.0,-76.0,-16.0,0,0
44169,3.1401,-0.994,0.6934,0.2961,0.0,0.0,0.0,0.0,0.0,-45.0,-76.0,-16.0,0,0
44182,3.1401,-0.994,0.6934,0.2961,0.0,0.0,0.0,0.0,0.0,-44.0,-75.0,-16.0,0,0
44194,3.1401,-0.994,0.6934,0.2961,0.0,0.0,0.0,0.0,0.0,-45.0,-77.0,-16.0,0,0
44206,3.1401,-0.994,0.6934,0.2961,0.0,0.0,0.0,0.0,0.0,-44.0,-75.0,-16.0,0,0
44214,3.1401,-0.994,0.6934,0.2961,0.0,0.0,0.0,0.0,0.0,-44.0,-76.0,-19.0,0,0
44227,3.1401,-0.994,0.6934,0.2961,0.0,0.0,0.0,0.0,0.0,-44.0,-73.0,-16.0,0,0
44239,3.1401,-0.994,0.6934,0.2961,0.0,0.0,0.0,0.0,0.0,-44.0,-75.0,-17.0,0,0
44251,3.1401,-0.994,0.6934,0.2961,0.0,0.0,0.0,0.0,0.0,-44.0,-75.0,-19.0,0,0
44263,3.1401,-0.994,0.6934,0.2961,0.0,0.0,0.0,0.0,0.0,-44.0,-72.0,-16.0,0,0
44272,3.1401,-0.994,0.6934,0.2961,0.0,0.0,0.0,0.0,0.0,-44.0,-75.0,-16.0,0,0
44284,3.1401,-0.994,0.6934,0.2961,0.0,0.0,0.0,0.0,0.0,-44.0,-75.0,-16.0,0,0
44296,3.1401,-0.994,0.6934,0.2961,0.0,0.0,0.0,0.0,0.0,-44.0,-75.0,-16.0,0,0
44309,3.1401,-0.994,0.6934,0.2961,0.0,0.0,0.0,0.0,0.0,-44.0,-75.0,-16.0,0,0
44321,3.1401,-0.994,0.6918,0.2976,0.0,0.0,0.0,0.0,0.0,-44.0,-75.0,-16.0,0,0
44329,3.1401,-0.994,0.6934,0.2961,0.0,0.0,0.0,0.0,0.0,-44.0,-74.0,-16.0,0,0
44341,3.1401,-0.994,0.6934,0.2961,0.0,0.0,0.0,0.0,0.0,-44.0,-73.0,-16.0,0,0
44354,3.1401,-0.994,0.6934,0.2961,0.0,0.0,0.0,0.0,0.0,-47.0,-73.0,-16.0,0,0
44366,3.1401,-0.994,0.6934,0.2961,0.0,0.0,0.0,0.0,0.0,-46.0,-73.0,-16.0,0,0
44378,3.1401,-0.994,0.6934,0.2961,0.0,0.0,0.0,0.0,0.0,-47.0,-73.0,-16.0,0,0
44386,3.1401,-0.994,0.6934,0.2961,0.0,0.0,0.0,0.0,0.0,-47.0,-74.0,-16.0,0,0
44399,3.1401,-0.994,0.6934,0.2961,0.0,0.0,0.0,0.0,0.0,-46.0,-73.0,-17.0,0,0
44411,3.1401,-0.994,0.6934,0.2961,0.0,0.0,0.0,0.0,0.0,-47.0,-74.0,-16.0,0,0
44423,3.1401,-0.994,0.6934,0.2961,0.0,0.0,0.0,0.0,0.0,-47.0,-72.0,-16.0,0,0
44436,3.1401,-0.994,0.6934,0.2961,0.0,0.0,0.0,0.0,0.0,-47.0,-74.0,-16.0,0,0
44444,3.1401,-0.994,0.6934,0.2961,0.0,0.0,0.0,0.0,0.0,-47.0,-70.0,-16.0,0,0
44456,3.1401,-0.994,0.6918,0.2961,0.0,0.0,0.0,0.0,0.0,-46.0,-75.0,-16.0,0,0
44468,3.1401,-0.994,0.6918,0.2961,0.0,0.0,0.0,0.0,0.0,-47.0,-68.0,-16.0,0,0
44481,3.1401,-0.994,0.6934,0.2961,0.0,0.0,0.0,0.0,0.0,-46.0,-73.0,-16.0,0,0
44493,3.1401,-0.994,0.6934,0.2961,0.0,0.0,0.0,0.0,0.0,-47.0,-72.0,-16.0,0,0
44501,3.1401,-0.994,0.6934,0.2961,0.0,0.0,0.0,0.0,0.0,-47.0,-72.0,-16.0,0,0
44513,3.1401,-0.994,0.6934,0.2961,0.0,0.0,0.0,0.0,0.0,-47.0,-72.0,-16.0,0,0
44526,3.1401,-0.994,0.6934,0.2961,0.0,0.0,0.0,0.0,0.0,-46.0,-74.0,-16.0,0,0
44538,3.1401,-0.994,0.6934,0.2961,0.0,0.0,0.0,0.0,0.0,-47.0,-71.0,-16.0,0,0
44550,3.1401,-0.994,0.6934,0.2961,0.0,0.0,0.0,0.0,0.0,-47.0,-69.0,-16.0,0,0
44558,3.1401,-0.994,0.6934,0.2961,0.0,0.0,0.0,0.0,0.0,-47.0,-72.0,-16.0,0,0
44571,3.1401,-0.994,0.6934,0.2961,0.0,0.0,0.0,0.0,0.0,-47.0,-73.0,-16.0,0,0
44583,3.1401,-0.994,0.6934,0.2961,0.0,0.0,0.0,0.0,0.0,-47.0,-70.0,-16.0,0,0
44595,3.1401,-0.994,0.6934,0.2961,0.0,0.0,0.0,0.0,0.0,-46.0,-73.0,-16.0,0,0
44603,3.1401,-0.994,0.6934,0.2961,0.0,0.0,0.0,0.0,0.0,-47.0,-69.0,-16.0,0,0
44616,3.1416,-1.0002,0.6934,0.2945,0.0,0.0,0.0,0.0,-5.0,3.0,-77.0,-14.0,0,0
44628,3.1462,-1.0017,0.6949,0.2976,0.024,-0.0479,0.0,0.0,-29.0,23.0,-93.0,-36.0,0,0
44640,3.1462,-1.0063,0.698,0.2976,0.0479,-0.0959,0.0,0.0,-33.0,77.0,-134.0,-29.0,0,0
44653,3.1447,-1.014,0.698,0.2961,0.0719,-0.1918,0.0479,0.0,-23.0,121.0,-92.0,-23.0,0,0
44661,3.1447,-1.014,0.698,0.2961,0.0719,-0.1918,0.0479,0.0,-23.0,121.0,-92.0,-23.0,0,0
44673,3.1447,-1.0186,0.6949,0.2945,0.0719,-0.2876,0.0479,0.0,-43.0,137.0,-36.0,0.0,5,0
44685,3.1447,-1.0216,0.6934,0.2945,0.0479,-0.3116,0.024,0.0,-42.0,148.0,-41.0,-2.0,14,1
44698,3.1447,-1.0247,0.6918,0.2945,0.0,-0.3116,0.0,0.0,-30.0,141.0,-50.0,-7.0,24,1
44710,3.1447,-1.0247,0.6918,0.2945,0.0,-0.2876,-0.024,-0.024,-10.0,114.0,-58.0,-5.0,22,1
44722,3.1431,-1.0232,0.6918,0.2961,0.0,-0.2157,-0.0719,-0.024,-4.0,104.0,-68.0,-12.0,23,1
44735,3.1431,-1.0232,0.6934,0.2961,0.0,-0.1438,-0.0719,0.0,-7.0,101.0,-77.0,-17.0,17,1
44751,3.1431,-1.0216,0.6934,0.2961,0.0,-0.0959,-0.024,0.0,-9.0,83.0,-79.0,-15.0,14,1
44763,3.1416,-1.0186,0.6949,0.2961,-0.024,0.0,0.0,0.0,-7.0,51.0,-84.0,-16.0,17,1
44775,3.1431,-1.0155,0.6934,0.2961,0.0,0.0479,0.0,0.0,-9.0,39.0,-81.0,-16.0,24,1
44788,3.1416,-1.014,0.6934,0.2961,0.0,0.0719,0.0,0.0,-6.0,26.0,-83.0,-16.0,19,1
44796,3.1416,-1.0109,0.6934,0.2961,0.0,0.1198,0.0,0.0,0.0,22.0,-84.0,-15.0,4,0
44808,3.1416,-1.0094,0.6934,0.2961,-0.024,0.1438,0.0,0.0,1.0,25.0,-80.0,-15.0,0,0
44821,3.1385,-1.0094,0.6934,0.2961,-0.024,0.1678,0.0,0.0,0.0,23.0,-84.0,-16.0,0,0
44833,3.1355,-1.0063,0.6934,0.2961,-0.0479,0.1678,0.0,0.0,15.0,11.0,-83.0,-16.0,0,0
44845,3.1355,-1.0048,0.6934,0.2961,-0.0719,0.1678,0.0,0.0,14.0,4.0,-82.0,-16.0,0,0
44853,3.137,-1.0032,0.6934,0.2961,-0.0719,0.1438,0.0,0.0,2.0,2.0,-82.0,-16.0,0,0
44866,3.1401,-1.0017,0.6934,0.2961,-0.0479,0.1438,0.0,0.0,-4.0,0.0,-84.0,-16.0,0,0
44878,3.1416,-1.0002,0.6934,0.2961,-0.024,0.1438,0.0,0.0,-2.0,-7.0,-84.0,-14.0,0,0
44890,3.1431,-1.0002,0.6934,0.2961,0.0,0.1198,0.0,0.0,-5.0,-1.0,-84.0,-16.0,0,0
44902,3.1431,-0.9986,0.6934,0.2961,0.0719,0.1198,0.0,0.0,-2.0,-1.0,-84.0,-13.0,0,0
44911,3.1431,-0.9986,0.6934,0.2961,0.0719,0.1198,0.0,0.0,-2.0,-1.0,-84.0,-13.0,0,0
44923,3.1401,-0.9986,0.6934,0.2961,0.0719,0.0719,0.0,0.0,0.0,-1.0,-81.0,-16.0,0,0
44935,3.1401,-0.9986,0.6934,0.2961,0.024,0.0479,0.0,0.0,0.0,-1.0,-79.0,-16.0,0,0
44947,3.1401,-0.9986,0.6934,0.2961,0.0,0.0479,0.0,0.0,0.0,-1.0,-80.0,-13.0,0,0
44960,3.1385,-0.9986,0.6934,0.2961,0.0,0.024,0.0,0.0,0.0,-1.0,-84.0,-15.0,0,0
44968,3.1385,-0.9986,0.6934,0.2961,-0.024,0.0,0.0,0.0,10.0,-1.0,-84.0,-15.0,0,0
44980,3.137,-0.9986,0.6934,0.2961,-0.0479,0.0,0.0,0.0,8.0,-1.0,-78.0,-13.0,0,0
44993,3.1385,-0.9986,0.6934,0.2945,-0.0479,0.0,0.0,0.0,0.0,-1.0,-83.0,-15.0,0,0
45005,3.1401,-0.9986,0.6934,0.2961,-0.024,0.0,0.0,0.0,0.0,-1.0,-85.0,-14.0,0,0
45017,3.1401,-0.9986,0.6934,0.2961,0.0,0.0,0.0,0.0,0.0,-1.0,-78.0,-15.0,0,0
45025,3.1416,-0.9986,0.6934,0.2961,0.0,0.0,0.0,0.0,-1.0,-1.0,-84.0,-15.0,0,0
45038,3.1416,-0.9986,0.6934,0.2961,0.024,0.0,0.0,0.0,-2.0,-1.0,-79.0,-15.0,0,0
45050,3.1431,-0.9986,0.6934,0.2961,0.0479,0.0,0.0,0.0,0.0,-1.0,-78.0,-13.0,0,0
45062,3.1416,-0.9986,0.6934,0.2961,0.0479,0.0,0.0,0.0,0.0,-1.0,-82.0,-16.0,0,0
45074,3.1416,-0.9986,0.6934,0.2961,0.024,0.0,0.0,0.0,0.0,-1.0,-78.0,-16.0,0,0
45083,3.1416,-0.9986,0.6934,0.2961,0.024,0.0,0.0,0.0,0.0,-1.0,-83.0,-16.0,0,0
45095,3.1416,-0.9986,0.6934,0.2961,0.0,0.0,0.0,0.0,0.0,-1.0,-85.0,-16.0,0,0
45107,3.1401,-0.9986,0.6934,0.2961,0.0,0.0,0.0,0.0,0.0,0.0,-80.0,-16.0,0,0
45120,3.1401,-0.9986,0.6934,0.2961,0.0,0.0,0.0,0.0,0.0,0.0,-77.0,-15.0,0,0
45132,3.1401,-0.9986,0.6934,0.2961,0.0,0.0,0.0,0.0,0.0,0.0,-82.0,-15.0,0,0
45140,3.1401,-0.9986,0.6934,0.2961,0.0,0.0,0.0,0.0,0.0,0.0,-82.0,-15.0,0,0
45152,3.1401,-0.9986,0.6934,0.2961,0.0,0.0,0.0,0.0,0.0,0.0,-80.0,-15.0,0,0
45165,3.1401,-0.9986,0.6934,0.2961,0.0,0.0,0.0,0.0,0.0,0.0,-78.0,-16.0,0,0
45177,3.1401,-0.9986,0.6934,0.2961,0.0,0.0,0.0,0.0,0.0,0.0,-79.0,-16.0,0,0
45189,3.1401,-0.9986,0.6934,0.2961,0.0,0.0,0.0,0.0,0.0,0.0,-77.0,-16.0,0,0
45197,3.1401,-0.9986,0.6934,0.2961,0.0,0.0,0.0,0.0,0.0,0.0,-83.0,-16.0,0,0
45210,3.1401,-0.9986,0.6934,0.2961,0.0,0.0,0.0,0.0,0.0,0.0,-81.0,-16.0,0,0
45222,3.1401,-0.9986,0.6934,0.2961,0.0,0.0,0.0,0.0,0.0,0.0,-76.0,-15.0,0,0
45234,3.1401,-0.9986,0.6934,0.2961,0.0,0.0,0.0,0.0,0.0,0.0,-80.0,-15.0,0,0
45242,3.1401,-0.9986,0.6934,0.2961,0.0,0.0,0.0,0.0,0.0,0.0,-75.0,-15.0,0,0
45255,3.1401,-0.9986,0.6934,0.2961,0.0,0.0,0.0,0.0,0.0,0.0,-78.0,-13.0,0,0
45267,3.1401,-0.9986,0.6934,0.2961,0.0,0.0,0.0,0.0,0.0,0.0,-80.0,-15.0,0,0
45279,3.1401,-0.9986,0.6949,0.2961,0.0,0.0,0.0,0.0,0.0,0.0,-77.0,-15.0,0,0
45292,3.1401,-0.9986,0.6934,0.2961,0.0,0.0,0.0,0.0,0.0,0.0,-80.0,-15.0,0,0
45300,3.1401,-0.9986,0.6934,0.2961,0.0,0.0,0.0,0.0,0.0,0.0,-80.0,-15.0,0,0
45312,3.1401,-0.9986,0.6934,0.2961,0.0,0.0,0.0,0.0,0.0,0.0,-76.0,-15.0,0,0
45324,3.1401,-0.9986,0.6949,0.2961,0.0,0.0,0.0,0.0,0.0,0.0,-76.0,-14.0,0,0
45337,3.1401,-0.9986,0.6934,0.2961,0.0,0.0,0.0,0.0,0.0,0.0,-78.0,-16.0,0,0
45349,3.1401,-0.9986,0.6934,0.2961,0.0,0.0,0.0,0.0,0.0,0.0,-78.0,-15.0,0,0
45357,3.1401,-0.9986,0.6934,0.2961,0.0,0.0,0.0,0.0,0.0,0.0,-74.0,-16.0,0,0
45369,3.1401,-0.9986,0.6934,0.2961,0.0,0.0,0.0,0.0,0.0,0.0,-73.0,-16.0,0,0
45382,3.1401,-0.9986,0.6934,0.2961,0.0,0.0,0.0,0.0,0.0,0.0,-74.0,-15.0,0,0
45394,3.1401,-0.9986,0.6934,0.2961,0.0,0.0,0.0,0.0,0.0,0.0,-78.0,-15.0,0,0
45406,3.1401,-0.9986,0.6949,0.2961,0.0,0.0,0.0,0.0,0.0,0.0,-74.0,-16.0,0,0
45414,3.1401,-0.9986,0.6934,0.2961,0.0,0.0,0.0,0.0,0.0,0.0,-78.0,-16.0,0,0
45427,3.1401,-0.9986,0.6934,0.2961,0.0,0.0,0.0,0.0,0.0,0.0,-79.0,-16.0,0,0
45439,3.1401,-0.9986,0.6934,0.2961,0.0,0.0,0.0,0.0,0.0,0.0,-75.0,-16.0,0,0
45451,3.1401,-0.9986,0.6934,0.2961,0.0,0.0,0.0,0.0,0.0,0.0,-75.0,-16.0,0,0
45464,3.1401,-0.9986,0.6934,0.2961,0.0,0.0,0.0,0.0,0.0,0.0,-78.0,-16.0,0,0
45472,3.1401,-0.9986,0.6934,0.2961,0.0,0.0,0.0,0.0,0.0,0.0,-71.0,-14.0,0,0
45484,3.1401,-0.9986,0.6934,0.2961,0.0,0.0,0.0,0.0,0.0,0.0,-75.0,-15.0,0,0
45496,3.1401,-0.9986,0.6934,0.2961,0.0,0.0,0.0,0.0,0.0,0.0,-78.0,-13.0,0,0
45509,3.1401,-0.9986,0.6934,0.2961,0.0,0.0,0.0,0.0,0.0,0.0,-70.0,-15.0,0,0
45521,3.1401,-0.9986,0.6934,0.2961,0.0,0.0,0.0,0.0,0.0,0.0,-72.0,-16.0,0,0
45529,3.1401,-0.9986,0.6934,0.2961,0.0,0.0,0.0,0.0,0.0,0.0,-74.0,-15.0,0,0
45541,3.1401,-0.9986,0.6934,0.2961,0.0,0.0,0.0,0.0,0.0,0.0,-74.0,-15.0,0,0
45554,3.1401,-0.9986,0.6934,0.2961,0.0,0.0,0.0,0.0,0.0,0.0,-73.0,-16.0,0,0
45566,3.1401,-0.9986,0.6934,0.2961,0.0,0.0,0.0,0.0,0.0,0.0,-73.0,-16.0,0,0
45578,3.1401,-0.9986,0.6934,0.2961,0.0,0.0,0.0,0.0,0.0,0.0,-71.0,-16.0,0,0
45586,3.1401,-0.9986,0.6934,0.2945,0.0,0.0,0.0,0.0,0.0,0.0,-69.0,-16.0,0,0
45599,3.1401,-0.9986,0.6934,0.2961,0.0,0.0,0.0,0.0,0.0,0.0,-72.0,-13.0,0,0
45611,3.1401,-0.9986,0.6934,0.2961,0.0,0.0,0.0,0.0,0.0,0.0,-75.0,-15.0,0,0
45623,3.1401,-0.9986,0.6934,0.2961,0.0,0.0,0.0,0.0,0.0,0.0,-71.0,-15.0,0,0
45636,3.1401,-0.9986,0.6934,0.2961,0.0,0.0,0.0,0.0,0.0,0.0,-74.0,-16.0,0,0
45644,3.1401,-0.9986,0.6934,0.2961,0.0,0.0,0.0,0.0,0.0,0.0,-70.0,-16.0,0,0
45656,3.1401,-0.9986,0.6934,0.2961,0.0,0.0,0.0,0.0,0.0,0.0,-72.0,-16.0,0,0
45668,3.1401,-0.9986,0.6934,0.2961,0.0,0.0,0.0,0.0,0.0,0.0,-71.0,-16.0,0,0
45681,3.1401,-0.9986,0.6934,0.2961,0.0,0.0,0.0,0.0,0.0,3.0,-68.0,-15.0,0,0
45689,3.1401,-0.9986,0.6934,0.2961,0.0,0.0,0.0,0.0,0.0,0.0,-71.0,-15.0,0,0
45701,3.1401,-0.9986,0.6934,0.2961,0.0,0.0,0.0,0.0,0.0,0.0,-71.0,-12.0,0,0
45713,3.137,-0.9986,0.6934,0.2961,0.0,0.0,0.0,0.0,4.0,0.0,-69.0,-16.0,0,0
45726,3.1355,-0.9971,0.6934,0.2961,-0.024,0.0,0.0,0.0,16.0,-8.0,-57.0,-11.0,0,0
45738,3.1339,-0.994,0.6918,0.2961,-0.0479,0.0,0.0,0.0,34.0,-44.0,-35.0,-5.0,0,0
45746,3.1339,-0.991,0.6918,0.2945,-0.0719,0.024,0.0,0.0,35.0,-75.0,-44.0,-11.0,0,0
45758,3.1355,-0.9879,0.6918,0.2945,-0.0719,0.0719,0.0,0.0,17.0,-105.0,-54.0,-10.0,0,0
45771,3.137,-0.9848,0.6934,0.2961,-0.0719,0.1198,0.0,0.0,12.0,-120.0,-71.0,-16.0,7,0
45783,3.1431,-0.9802,0.6964,0.2961,0.0,0.1918,0.0,0.0,-11.0,-133.0,-100.0,-20.0,32,1
45795,3.1462,-0.9787,0.698,0.2961,0.0479,0.2157,0.024,0.0,-34.0,-130.0,-105.0,-19.0,39,1
45808,3.1462,-0.9787,0.698,0.2976,0.0959,0.2397,0.0479,0.0,-42.0,-110.0,-85.0,-19.0,40,1
45820,3.1462,-0.9771,0.698,0.2961,0.1438,0.2157,0.0719,0.0,-34.0,-101.0,-93.0,-19.0,47,1
45832,3.1462,-0.9787,0.6964,0.2961,0.1438,0.1438,0.0479,0.0,-34.0,-98.0,-70.0,-16.0,47,1
45844,3.1462,-0.9802,0.6964,0.2961,0.1198,0.0959,0.024,0.0,-30.0,-85.0,-67.0,-15.0,46,1
45857,3.1462,-0.9817,0.6964,0.2961,0.0959,0.0479,0.024,0.0,-28.0,-61.0,-71.0,-15.0,45,1
45869,3.1447,-0.9833,0.6964,0.2961,0.0479,0.0,0.0,0.0,-14.0,-43.0,-71.0,-15.0,33,1
45881,3.1431,-0.9848,0.6964,0.2961,0.0,-0.024,0.0,0.0,-2.0,-32.0,-74.0,-15.0,25,1
45898,3.1401,-0.9879,0.6964,0.2961,-0.024,-0.0719,0.0,0.0,3.0,-38.0,-72.0,-16.0,25,1
45910,3.1401,-0.9879,0.6964,0.2961,-0.0479,-0.0959,0.0,0.0,0.0,-43.0,-70.0,-16.0,24,1
45922,3.1416,-0.9894,0.6964,0.2961,-0.0719,-0.1198,0.0,0.0,0.0,-47.0,-73.0,-16.0,21,1
45935,3.1401,-0.9894,0.698,0.2961,-0.0479,-0.0959,0.0,0.0,0.0,-42.0,-75.0,-16.0,17,1
45947,3.1401,-0.9894,0.6964,0.2961,-0.0479,-0.0959,0.0,0.0,-3.0,-41.0,-75.0,-16.0,14,1
45959,3.1401,-0.9894,0.698,0.2961,-0.024,-0.0719,0.0,0.0,0.0,-42.0,-74.0,-16.0,9,0
45967,3.1401,-0.9894,0.6964,0.2961,-0.024,-0.0479,0.0,0.0,0.0,-45.0,-72.0,-16.0,9,0
45980,3.1401,-0.9894,0.6964,0.2961,0.0,-0.024,0.0,0.0,0.0,-45.0,-72.0,-15.0,6,0
45992,3.137,-0.991,0.698,0.2961,0.0,-0.024,0.0,0.0,0.0,-43.0,-79.0,-15.0,4,0
46004,3.1355,-0.991,0.698,0.2961,-0.024,-0.024,0.0,0.0,5.0,-36.0,-76.0,-15.0,3,0
46017,3.1355,-0.9925,0.6964,0.2961,-0.0479,-0.024,0.0,0.0,8.0,-43.0,-75.0,-15.0,2,0
46025,3.137,-0.991,0.6964,0.2961,-0.0479,-0.024,0.0,0.0,2.0,-43.0,-75.0,-15.0,2,0
46037,3.1385,-0.991,0.6964,0.2961,-0.0479,-0.024,0.0,0.0,-9.0,-39.0,-74.0,-17.0,2,0
46049,3.1401,-0.991,0.6964,0.2961,-0.024,0.0,0.0,0.0,0.0,-44.0,-76.0,-16.0,2,0
46062,3.1416,-0.9925,0.6964,0.2961,0.0,0.0,0.0,0.0,-1.0,-44.0,-74.0,-16.0,1,0
46070,3.1416,-0.9925,0.6964,0.2961,0.0,0.0,0.0,0.0,-1.0,-44.0,-74.0,-16.0,1,0
46082,3.1401,-0.9925,0.6964,0.2961,0.0479,0.0,0.0,0.0,2.0,-44.0,-75.0,-17.0,2,0
46094,3.1401,-0.9925,0.6964,0.2961,0.0479,0.0,0.0,0.0,0.0,-43.0,-75.0,-16.0,2,0
46107,3.1401,-0.9925,0.6964,0.2961,0.024,0.0,0.0,0.0,0.0,-43.0,-73.0,-18.0,2,0
46119,3.1401,-0.9925,0.6964,0.2961,0.024,0.0,0.0,0.0,0.0,-43.0,-73.0,-16.0,1,0
46127,3.1401,-0.9925,0.6964,0.2961,0.0,0.0,0.0,0.0,0.0,-43.0,-75.0,-16.0,2,0
46139,3.1401,-0.9925,0.6964,0.2961,0.0,0.0,0.0,0.0,0.0,-43.0,-72.0,-16.0,1,0
46152,3.1401,-0.991,0.6964,0.2961,0.0,0.0,0.0,0.0,0.0,-39.0,-74.0,-16.0,1,0
46164,3.1401,-0.9925,0.698,0.2961,0.0,0.0,0.0,0.0,0.0,-42.0,-73.0,-16.0,1,0
46176,3.1401,-0.991,0.698,0.2961,0.0,0.0,0.0,0.0,0.0,-41.0,-73.0,-16.0,1,0
46184,3.1401,-0.9925,0.698,0.2961,0.0,0.0,0.0,0.0,0.0,-41.0,-74.0,-16.0,1,0
46197,3.1401,-0.991,0.6964,0.2961,0.0,0.0,0.0,0.0,0.0,-40.0,-69.0,-16.0,1,0
46209,3.1401,-0.9925,0.698,0.2961,0.0,0.0,0.0,0.0,0.0,-39.0,-72.0,-16.0,1,0
46221,3.1401,-0.9925,0.698,0.2961,0.0,0.0,0.0,0.0,0.0,-40.0,-75.0,-16.0,1,0
46234,3.1401,-0.9925,0.6964,0.2961,0.0,0.0,0.0,0.0,0.0,-45.0,-74.0,-16.0,1,0
46242,3.1401,-0.9925,0.6964,0.2961,0.0,0.0,0.0,0.0,0.0,-44.0,-71.0,-16.0,1,0
46254,3.1401,-0.991,0.698,0.2961,0.0,0.0,0.0,0.0,0.0,-39.0,-72.0,-16.0,1,0
46266,3.1401,-0.9925,0.6964,0.2961,0.0,0.0,0.0,0.0,0.0,-40.0,-72.0,-16.0,1,0
46279,3.1401,-0.991,0.698,0.2961,0.0,0.0,0.0,0.0,0.0,-44.0,-73.0,-16.0,1,0
46291,3.1401,-0.9925,0.698,0.2961,0.0,0.0,0.0,0.0,0.0,-45.0,-73.0,-16.0,1,0
46299,3.1401,-0.991,0.6964,0.2961,0.0,0.0,0.0,0.0,0.0,-41.0,-74.0,-16.0,0,0
46311,3.1401,-0.9925,0.698,0.2961,0.0,0.0,0.0,0.0,0.0,-41.0,-71.0,-17.0,0,0
46324,3.1401,-0.9925,0.6964,0.2961,0.0,0.0,0.0,0.0,0.0,-45.0,-74.0,-16.0,0,0
46336,3.1401,-0.9925,0.6964,0.2961,0.0,0.0,0.0,0.0,0.0,-39.0,-75.0,-16.0,0,0
46348,3.1401,-0.9925,0.698,0.2961,0.0,0.0,0.0,0.0,0.0,-45.0,-73.0,-15.0,0,0
46356,3.1401,-0.9925,0.6964,0.2961,0.0,0.0,0.0,0.0,0.0,-47.0,-74.0,-15.0,1,0
46369,3.1401,-0.9925,0.698,0.2961,0.0,0.0,0.0,0.0,0.0,-46.0,-72.0,-15.0,0,0
46381,3.1401,-0.9925,0.698,0.2961,0.0,0.0,0.0,0.0,0.0,-47.0,-74.0,-16.0,0,0
46393,3.1401,-0.9925,0.6964,0.2961,0.0,0.0,0.0,0.0,0.0,-42.0,-70.0,-16.0,0,0
46406,3.1401,-0.991,0.6964,0.2961,0.0,0.0,0.0,0.0,0.0,-43.0,-75.0,-16.0,0,0
46414,3.1401,-0.991,0.698,0.2961,0.0,0.0,0.0,0.0,0.0,-46.0,-75.0,-16.0,0,0
46426,3.1401,-0.9925,0.6964,0.2961,0.0,0.0,0.0,0.0,0.0,-41.0,-72.0,-16.0,0,0
46438,3.1401,-0.9925,0.698,0.2961,0.0,0.0,0.0,0.0,0.0,-46.0,-74.0,-16.0,0,0
46451,3.1401,-0.9925,0.6964,0.2961,0.0,0.0,0.0,0.0,0.0,-43.0,-71.0,-16.0,0,0
46463,3.1401,-0.9925,0.698,0.2961,0.0,0.0,0.0,0.0,0.0,-47.0,-75.0,-16.0,0,0
46471,3.1401,-0.9925,0.698,0.2961,0.0,0.0,0.0,0.0,0.0,-47.0,-75.0,-16.0,0,0
46483,3.1401,-0.9925,0.698,0.2961,0.0,0.0,0.0,0.0,0.0,-47.0,-77.0,-16.0,0,0
46496,3.1401,-0.9925,0.6964,0.2961,0.0,0.0,0.0,0.0,0.0,-41.0,-75.0,-17.0,0,0
46508,3.1401,-0.991,0.6964,0.2961,0.0,0.0,0.0,0.0,0.0,-45.0,-74.0,-16.0,0,0
46516,3.1401,-0.9925,0.6964,0.2961,0.0,0.0,0.0,0.0,0.0,-44.0,-72.0,-16.0,0,0
46528,3.1401,-0.9925,0.6964,0.2961,0.0,0.0,0.0,0.0,0.0,-43.0,-71.0,-16.0,0,0
46541,3.1401,-0.9925,0.6964,0.2961,0.0,0.0,0.0,0.0,0.0,-45.0,-74.0,-16.0,0,0
46553,3.1401,-0.9925,0.6964,0.2961,0.0,0.0,0.0,0.0,0.0,-47.0,-74.0,-16.0,0,0
46565,3.1401,-0.9925,0.698,0.2961,0.0,0.0,0.0,0.0,0.0,-46.0,-71.0,-16.0,0,0
46574,3.1401,-0.9925,0.6964,0.2961,0.0,0.0,0.0,0.0,0.0,-47.0,-71.0,-16.0,0,0
46586,3.1401,-0.9925,0.6964,0.2961,0.0,0.0,0.0,0.0,0.0,-47.0,-72.0,-16.0,0,0
46598,3.1401,-0.9925,0.6964,0.2961,0.0,0.0,0.0,0.0,0.0,-44.0,-71.0,-16.0,0,0
46610,3.1401,-0.9925,0.6964,0.2961,0.0,0.0,0.0,0.0,0.0,-43.0,-70.0,-16.0,0,0
46623,3.1401,-0.9925,0.6964,0.2961,0.0,0.0,0.0,0.0,0.0,-47.0,-69.0,-16.0,0,0
46631,3.1401,-0.9925,0.6964,0.2961,0.0,0.0,0.0,0.0,0.0,-47.0,-69.0,-16.0,0,0
46643,3.1401,-0.991,0.6964,0.2961,0.0,0.0,0.0,0.0,0.0,-49.0,-73.0,-16.0,0,0
46655,3.1401,-0.9925,0.6964,0.2961,0.0,0.0,0.0,0.0,0.0,-45.0,-70.0,-16.0,0,0
46668,3.1401,-0.9925,0.6964,0.2961,0.0,0.0,0.0,0.0,0.0,-48.0,-70.0,-16.0,0,0
46680,3.1401,-0.9925,0.698,0.2961,0.0,0.0,0.0,0.0,0.0,-47.0,-78.0,-8.0,0,0
46688,3.1416,-0.9925,0.698,0.2961,0.0,0.0,0.0,0.0,-3.0,-46.0,-78.0,-13.0,0,0
46701,3.1416,-0.991,0.6995,0.2961,0.0,0.0,0.0,0.0,0.0,-46.0,-83.0,-15.0,0,0
46713,3.1339,-0.9925,0.701,0.2961,0.0,0.0,0.024,0.0,15.0,-46.0,-100.0,-16.0,0,0
46725,3.1339,-0.991,0.701,0.2961,-0.0479,0.0,0.024,0.0,20.0,-48.0,-110.0,-16.0,1,0
46737,3.1355,-0.9925,0.701,0.2961,-0.0479,0.0,0.0479,0.0,13.0,-46.0,-106.0,-15.0,21,1
46750,3.137,-0.9925,0.7026,0.2961,-0.0479,0.0,0.0479,0.0,0.0,-45.0,-107.0,-15.0,5,0
46758,3.1385,-0.9925,0.7041,0.2961,-0.0479,0.0,0.0479,0.0,-1.0,-48.0,-116.0,-15.0,4,0
46770,3.1385,-0.9925,0.7041,0.2961,-0.0479,0.0,0.0719,0.0,-1.0,-45.0,-119.0,-16.0,7,0
46782,3.1385,-0.991,0.7056,0.2961,0.0,0.0,0.0719,0.0,0.0,-48.0,-129.0,-12.0,7,0
46795,3.1385,-0.991,0.7072,0.2961,0.024,0.0,0.0719,0.0,0.0,-45.0,-133.0,-15.0,6,0
46807,3.1385,-0.9925,0.7072,0.2961,0.024,0.0,0.0719,0.0,0.0,-45.0,-130.0,-16.0,7,0
46815,3.1385,-0.9925,0.7087,0.2961,0.024,0.0,0.0719,0.0,0.0,-46.0,-138.0,-16.0,6,0
46827,3.1385,-0.9925,0.7102,0.2961,0.024,0.0,0.0719,0.0,1.0,-47.0,-140.0,-16.0,4,0
46840,3.137,-0.991,0.7102,0.2961,0.0,0.0,0.0719,0.0,3.0,-45.0,-135.0,-16.0,3,0
46852,3.1385,-0.9925,0.7102,0.2961,0.0,0.0,0.0719,0.0,0.0,-49.0,-130.0,-16.0,2,0
46864,3.1385,-0.9925,0.7102,0.2961,0.0,0.0,0.0479,0.0,0.0,-47.0,-130.0,-16.0,0,0
46877,3.1401,-0.9925,0.7102,0.2961,0.0,0.0,0.0479,0.0,0.0,-45.0,-130.0,-16.0,15,1
46889,3.1385,-0.9925,0.7102,0.2961,0.0,0.0,0.024,0.0,0.0,-38.0,-128.0,-14.0,12,1
46897,3.1401,-0.9925,0.7102,0.2961,0.0,0.0,0.0,0.0,0.0,-37.0,-131.0,-16.0,5,0
46909,3.1401,-0.9925,0.7087,0.2961,0.0,0.0,0.0,0.0,0.0,-34.0,-132.0,-16.0,4,0
46922,3.1401,-0.994,0.7102,0.2961,0.0,0.0,0.0,0.0,0.0,-40.0,-132.0,-16.0,11,1
46934,3.1401,-0.994,0.7102,0.2961,0.0,0.0,0.0,0.0,0.0,-40.0,-129.0,-15.0,10,0
46946,3.1401,-0.994,0.7102,0.2961,0.0,0.0,0.0,0.0,0.0,-40.0,-131.0,-15.0,7,0
46959,3.1401,-0.994,0.7102,0.2961,0.0,0.0,0.0,0.0,0.0,-37.0,-131.0,-16.0,10,0
46971,3.1401,-0.994,0.7102,0.2961,0.0,0.0,0.0,0.0,0.0,-30.0,-133.0,-16.0,4,0
46983,3.1401,-0.9956,0.7087,0.2961,0.0,0.0,0.0,0.0,0.0,-22.0,-128.0,-14.0,1,0
46995,3.1385,-0.9956,0.7087,0.2961,0.0,0.0,0.0,0.0,0.0,-24.0,-127.0,-15.0,0,0
47004,3.1385,-0.9956,0.7072,0.2961,0.0,0.0,0.0,0.0,0.0,-25.0,-126.0,-15.0,2,0
47016,3.1385,-0.9956,0.7087,0.2961,0.0,0.0,0.0,0.0,1.0,-25.0,-123.0,-16.0,2,0
47028,3.1401,-0.9956,0.7087,0.2961,0.0,0.0,0.0,0.0,0.0,-26.0,-120.0,-13.0,12,1
47040,3.1401,-0.9956,0.7072,0.2961,0.0,0.0,0.0,0.0,0.0,-24.0,-111.0,-16.0,15,1
47053,3.1416,-0.9956,0.7056,0.2961,0.0,0.0,-0.024,0.0,-2.0,-26.0,-107.0,-15.0,11,1
47065,3.1416,-0.9956,0.7056,0.2961,0.0,0.0,-0.024,0.0,-1.0,-28.0,-111.0,-16.0,4,0
47077,3.1416,-0.9956,0.7056,0.2961,0.024,0.0,-0.024,0.0,0.0,-28.0,-114.0,-16.0,2,0
47090,3.1416,-0.9956,0.7056,0.2961,0.024,0.0,-0.024,0.0,0.0,-28.0,-115.0,-16.0,0,0
47102,3.1401,-0.9956,0.7056,0.2961,0.0,0.0,-0.024,0.0,0.0,-25.0,-116.0,-16.0,1,0
47110,3.1401,-0.9956,0.7056,0.2961,0.0,0.0,-0.024,0.0,0.0,-25.0,-116.0,-16.0,1,0
47122,3.1401,-0.9956,0.7056,0.2961,0.0,0.0,0.0,0.0,0.0,-25.0,-118.0,-15.0,1,0
47135,3.1401,-0.9956,0.7056,0.2961,0.0,0.0,0.0,0.0,0.0,-28.0,-118.0,-15.0,1,0
47147,3.1401,-0.9956,0.7056,0.2961,0.0,0.0,0.0,0.0,0.0,-28.0,-118.0,-16.0,1,0
47155,3.1401,-0.9956,0.7056,0.2961,0.0,0.0,0.0,0.0,0.0,-28.0,-116.0,-16.0,1,0
47167,3.1401,-0.9956,0.7056,0.2961,0.0,0.0,0.0,0.0,0.0,-26.0,-114.0,-15.0,1,0
47180,3.1401,-0.9956,0.7041,0.2961,0.0,0.0,0.0,0.0,0.0,-28.0,-118.0,-16.0,0,0
47192,3.1401,-0.9956,0.7056,0.2961,0.0,0.0,0.0,0.0,0.0,-28.0,-119.0,-16.0,0,0
47204,3.1401,-0.9956,0.7041,0.2961,0.0,0.0,0.0,0.0,0.0,-25.0,-118.0,-16.0,0,0
47213,3.1401,-0.9971,0.7056,0.2961,0.0,0.0,0.0,0.0,0.0,-26.0,-119.0,-16.0,0,0
47225,3.1401,-0.9956,0.7056,0.2961,0.0,0.0,0.0,0.0,0.0,-26.0,-117.0,-13.0,0,0
47237,3.1401,-0.9956,0.7056,0.2961,0.0,0.0,0.0,0.0,0.0,-26.0,-119.0,-16.0,0,0
47249,3.1401,-0.9956,0.7056,0.2961,0.0,0.0,0.0,0.0,0.0,-28.0,-118.0,-16.0,0,0
47262,3.1401,-0.9971,0.7056,0.2961,0.0,0.0,0.0,0.0,0.0,-26.0,-118.0,-15.0,0,0
47270,3.1401,-0.9971,0.7056,0.2961,0.0,0.0,0.0,0.0,0.0,-26.0,-118.0,-15.0,0,0
47282,3.1401,-0.9956,0.7056,0.2961,0.0,0.0,0.0,0.0,0.0,-26.0,-120.0,-15.0,0,0
47294,3.1401,-0.9956,0.7056,0.2961,0.0,0.0,0.0,0.0,0.0,-25.0,-120.0,-16.0,0,0
47307,3.1401,-0.9956,0.7056,0.2961,0.0,0.0,0.0,0.0,0.0,-25.0,-116.0,-16.0,0,0
47319,3.1401,-0.9956,0.7056,0.2961,0.0,0.0,0.0,0.0,0.0,-26.0,-120.0,-16.0,0,0
47327,3.1401,-0.9956,0.7056,0.2961,0.0,0.0,0.0,0.0,0.0,-23.0,-120.0,-13.0,0,0
47339,3.1401,-0.9956,0.7056,0.2961,0.0,0.0,0.0,0.0,0.0,-28.0,-120.0,-13.0,0,0
47352,3.1401,-0.9956,0.7056,0.2961,0.0,0.0,0.0,0.0,0.0,-25.0,-118.0,-16.0,0,0
47364,3.1401,-0.9956,0.7056,0.2961,0.0,0.0,0.0,0.0,0.0,-25.0,-123.0,-16.0,0,0
47376,3.1401,-0.9956,0.7056,0.2961,0.0,0.0,0.0,0.0,0.0,-25.0,-122.0,-16.0,0,0
47385,3.1401,-0.9956,0.7056,0.2961,0.0,0.0,0.0,0.0,0.0,-23.0,-118.0,-16.0,0,0
47397,3.1401,-0.9956,0.7056,0.2961,0.0,0.0,0.0,0.0,0.0,-25.0,-122.0,-16.0,0,0
47409,3.1401,-0.9956,0.7056,0.2961,0.0,0.0,0.0,0.0,0.0,-25.0,-122.0,-15.0,0,0
47421,3.1385,-0.9956,0.7056,0.2961,0.0,0.0,0.0,0.0,0.0,-25.0,-123.0,-16.0,1,0
47434,3.1401,-0.9956,0.7056,0.2961,0.0,0.0,0.0,0.0,0.0,-24.0,-124.0,-16.0,0,0
47442,3.1401,-0.9956,0.7041,0.2961,0.0,0.0,0.0,0.0,0.0,-24.0,-122.0,-16.0,0,0
47454,3.1401,-0.9956,0.7056,0.2961,0.0,0.0,0.0,0.0,0.0,-24.0,-122.0,-15.0,0,0
47466,3.1385,-0.9956,0.7056,0.2961,0.0,0.0,0.0,0.0,0.0,-25.0,-121.0,-15.0,0,0
47479,3.1401,-0.9956,0.7056,0.2945,0.0,0.0,0.0,0.0,0.0,-25.0,-119.0,-15.0,0,0
47491,3.1401,-0.9956,0.7056,0.2961,0.0,0.0,0.0,0.0,0.0,-25.0,-120.0,-15.0,0,0
47499,3.1401,-0.9971,0.7056,0.2961,0.0,0.0,0.0,0.0,0.0,-24.0,-122.0,-15.0,0,0
47512,3.1401,-0.9956,0.7056,0.2961,0.0,0.0,0.0,0.0,0.0,-25.0,-123.0,-16.0,0,0
47524,3.1401,-0.9956,0.7056,0.2961,0.0,0.0,0.0,0.0,0.0,-25.0,-123.0,-16.0,0,0
47536,3.1401,-0.9956,0.7041,0.2961,0.0,0.0,0.0,0.0,0.0,-25.0,-122.0,-16.0,0,0
47548,3.1401,-0.9956,0.7056,0.2961,0.0,0.0,0.0,0.0,0.0,-25.0,-123.0,-16.0,0,0
47557,3.1401,-0.9956,0.7056,0.2961,0.0,0.0,0.0,0.0,0.0,-25.0,-121.0,-16.0,0,0
47569,3.1385,-0.9956,0.7056,0.2961,0.0,0.0,0.0,0.0,0.0,-28.0,-125.0,-16.0,0,0
47581,3.1401,-0.9956,0.7041,0.2961,0.0,0.0,0.0,0.0,0.0,-29.0,-123.0,-16.0,0,0
47593,3.1401,-0.9956,0.7056,0.2961,0.0,0.0,0.0,0.0,0.0,-27.0,-123.0,-16.0,0,0
47602,3.1401,-0.9956,0.7056,0.2961,0.0,0.0,0.0,0.0,0.0,-25.0,-122.0,-16.0,0,0
47614,3.1401,-0.9956,0.7056,0.2961,0.0,0.0,0.0,0.0,0.0,-26.0,-124.0,-16.0,0,0
47626,3.1401,-0.9956,0.7056,0.2961,0.0,0.0,0.0,0.0,0.0,-25.0,-124.0,-15.0,0,0
47638,3.1401,-0.9956,0.7056,0.2961,0.0,0.0,0.0,0.0,0.0,-26.0,-126.0,-16.0,0,0
47651,3.1401,-0.9956,0.7056,0.2961,0.0,0.0,0.0,0.0,0.0,-25.0,-127.0,-16.0,0,0
47659,3.1401,-0.9956,0.7056,0.2961,0.0,0.0,0.0,0.0,0.0,-26.0,-125.0,-16.0,0,0
47671,3.1401,-0.9956,0.7056,0.2961,0.0,0.0,0.0,0.0,0.0,-26.0,-127.0,-16.0,0,0
47684,3.1385,-0.9956,0.7056,0.2961,0.0,0.0,0.0,0.0,0.0,-28.0,-123.0,-13.0,0,0
47696,3.1401,-0.9956,0.7056,0.2961,0.0,0.0,0.0,0.0,0.0,-28.0,-125.0,-15.0,0,0
47708,3.1401,-0.9956,0.7056,0.2961,0.0,0.0,0.0,0.0,0.0,-29.0,-124.0,-16.0,0,0
47716,3.1401,-0.9956,0.7056,0.2961,0.0,0.0,0.0,0.0,0.0,-27.0,-125.0,-16.0,0,0
47729,3.1401,-0.9956,0.7041,0.2961,0.0,0.0,0.0,0.0,0.0,-26.0,-125.0,-16.0,0,0
47741,3.1401,-0.9956,0.7056,0.2961,0.0,0.0,0.0,0.0,0.0,-26.0,-126.0,-16.0,0,0
47753,3.1401,-0.9971,0.7056,0.2961,0.0,0.0,0.0,0.0,0.0,-28.0,-124.0,-14.0,0,0
47765,3.1401,-0.9956,0.7041,0.2961,0.0,0.0,0.0,0.0,0.0,-28.0,-126.0,-16.0,0,0
47774,3.1401,-0.9956,0.7041,0.2961,0.0,0.0,0.0,0.0,0.0,-25.0,-127.0,-16.0,0,0
47786,3.1401,-0.9956,0.7056,0.2961,0.0,0.0,0.0,0.0,0.0,-25.0,-126.0,-16.0,0,0
47798,3.1401,-0.9956,0.7056,0.2961,0.0,0.0,0.0,0.0,0.0,-26.0,-127.0,-16.0,0,0
47810,3.1401,-0.9956,0.7056,0.2961,0.0,0.0,0.0,0.0,0.0,-26.0,-125.0,-16.0,0,0
47823,3.1401,-0.9956,0.7041,0.2961,0.0,0.0,0.0,0.0,0.0,-28.0,-125.0,-15.0,0,0
47832,3.1401,-0.9956,0.7056,0.2961,0.0,0.0,0.0,0.0,0.0,-25.0,-126.0,-15.0,0,0
47843,3.1401,-0.9956,0.7041,0.2961,0.0,0.0,0.0,0.0,0.0,-28.0,-128.0,-16.0,0,0
47856,3.1401,-0.9956,0.7056,0.2961,0.0,0.0,0.0,0.0,0.0,-25.0,-128.0,-16.0,0,0
47868,3.1401,-0.9956,0.7056,0.2961,0.0,0.0,0.0,0.0,0.0,-26.0,-127.0,-15.0,0,0
47880,3.1401,-0.9956,0.7056,0.2961,0.0,0.0,0.0,0.0,0.0,-28.0,-126.0,-15.0,0,0
47888,3.1385,-0.9956,0.7056,0.2961,0.0,0.0,0.0,0.0,0.0,-24.0,-128.0,-15.0,0,0
47901,3.1401,-0.9956,0.7056,0.2961,0.0,0.0,0.0,0.0,0.0,-25.0,-127.0,-13.0,0,0
47913,3.1401,-0.9956,0.7056,0.2961,0.0,0.0,0.0,0.0,0.0,-25.0,-127.0,-15.0,1,0
47925,3.1401,-0.9956,0.7041,0.2961,0.0,0.0,0.0,0.0,0.0,-29.0,-127.0,-15.0,1,0
47937,3.1401,-0.9956,0.7041,0.2961,0.0,0.0,0.0,0.0,0.0,-29.0,-128.0,-15.0,0,0
47946,3.1401,-0.9956,0.7041,0.2961,0.0,0.0,0.0,0.0,0.0,-29.0,-128.0,-15.0,1,0
47958,3.1401,-0.9956,0.7056,0.2961,0.0,0.0,0.0,0.0,0.0,-28.0,-126.0,-15.0,1,0
47970,3.1401,-0.9956,0.7056,0.2961,0.0,0.0,0.0,0.0,0.0,-29.0,-129.0,-16.0,1,0
47983,3.1401,-0.9956,0.7041,0.2961,0.0,0.0,0.0,0.0,0.0,-28.0,-130.0,-16.0,1,0
47995,3.1401,-0.9956,0.7041,0.2961,0.0,0.0,0.0,0.0,0.0,-24.0,-125.0,-16.0,1,0
48003,3.1401,-0.9956,0.7041,0.2961,0.0,0.0,0.0,0.0,0.0,-28.0,-129.0,-16.0,1,0
48015,3.1401,-0.9956,0.7041,0.2961,0.0,0.0,0.0,0.0,0.0,-28.0,-129.0,-16.0,0,0
48028,3.1401,-0.9956,0.7056,0.2961,0.0,0.0,0.0,0.0,0.0,-29.0,-130.0,-16.0,1,0
48040,3.1401,-0.9956,0.7056,0.2961,0.0,0.0,0.0,0.0,0.0,-29.0,-129.0,-15.0,0,0
48048,3.1401,-0.9956,0.7056,0.2961,0.0,0.0,0.0,0.0,0.0,-25.0,-130.0,-15.0,0,0
48060,3.1401,-0.9956,0.7056,0.2961,0.0,0.0,0.0,0.0,0.0,-25.0,-127.0,-15.0,0,0
48073,3.1401,-0.9956,0.7056,0.2961,0.0,0.0,0.0,0.0,0.0,-26.0,-130.0,-16.0,0,0
48085,3.1401,-0.9956,0.7041,0.2961,0.0,0.0,0.0,0.0,0.0,-28.0,-124.0,-15.0,0,0
48097,3.1401,-0.9956,0.7056,0.2961,0.0,0.0,0.0,0.0,0.0,-29.0,-130.0,-15.0,1,0
48105,3.1385,-0.9956,0.7056,0.2961,0.0,0.0,0.0,0.0,0.0,-28.0,-126.0,-15.0,1,0
48118,3.1401,-0.9956,0.7041,0.2945,0.0,0.0,0.0,0.0,0.0,-28.0,-129.0,-15.0,1,0
48130,3.1401,-0.9956,0.7041,0.2961,0.0,0.0,0.0,0.0,0.0,-29.0,-125.0,-15.0,1,0
48142,3.1401,-0.9956,0.7041,0.2961,0.0,0.0,0.0,0.0,0.0,-25.0,-125.0,-13.0,1,0
48155,3.1401,-0.9956,0.7041,0.2961,0.0,0.0,0.0,0.0,0.0,-23.0,-124.0,-13.0,1,0
48163,3.1401,-0.9956,0.7041,0.2961,0.0,0.0,0.0,0.0,0.0,-23.0,-123.0,-15.0,1,0
48175,3.1401,-0.9956,0.7041,0.2961,0.0,0.0,0.0,0.0,0.0,-21.0,-122.0,-15.0,1,0
48187,3.1401,-0.9956,0.7041,0.2961,0.0,0.0,0.0,0.0,0.0,-29.0,-122.0,-15.0,1,0
48200,3.1401,-0.9956,0.7041,0.2961,0.0,0.0,0.0,0.0,0.0,-29.0,-122.0,-16.0,1,0
48212,3.1401,-0.9956,0.7041,0.2961,0.0,0.0,0.0,0.0,0.0,-28.0,-122.0,-16.0,1,0
48220,3.1401,-0.9956,0.7041,0.2961,0.0,0.0,0.0,0.0,0.0,-28.0,-122.0,-16.0,1,0
48232,3.1401,-0.9956,0.7041,0.2961,0.0,0.0,0.0,0.0,0.0,-29.0,-125.0,-16.0,0,0
48245,3.1401,-0.9956,0.7041,0.2961,0.0,0.0,0.0,0.0,0.0,-29.0,-124.0,-16.0,1,0
48257,3.1401,-0.9971,0.7026,0.2961,0.0,0.0,0.0,0.0,0.0,-29.0,-119.0,-16.0,1,0
48269,3.1401,-0.9956,0.7041,0.2961,0.0,0.0,0.0,0.0,0.0,-26.0,-121.0,-16.0,1,0
48277,3.1401,-0.9956,0.7041,0.2961,0.0,0.0,0.0,0.0,0.0,-25.0,-122.0,-13.0,0,0
48290,3.1401,-0.9956,0.7026,0.2961,0.0,0.0,0.0,0.0,0.0,-28.0,-120.0,-16.0,1,0
48302,3.1401,-0.9956,0.7026,0.2961,0.0,0.0,0.0,0.0,0.0,-24.0,-120.0,-16.0,1,0
48314,3.1416,-0.9956,0.7026,0.2961,0.0,0.0,0.0,0.0,0.0,-29.0,-115.0,-16.0,1,0
48327,3.1416,-0.9956,0.7026,0.2961,0.0,0.0,0.0,0.0,-1.0,-29.0,-115.0,-16.0,1,0
48335,3.1416,-0.9956,0.7026,0.2961,0.0,0.0,0.0,0.0,-2.0,-25.0,-121.0,-16.0,1,0
48347,3.1431,-0.9956,0.7026,0.2961,0.024,0.0,0.0,0.0,-3.0,-26.0,-119.0,-16.0,1,0
48359,3.1431,-0.9956,0.7026,0.2961,0.024,0.0,0.0,0.0,-3.0,-26.0,-121.0,-16.0,1,0
48372,3.1431,-0.9956,0.7026,0.2961,0.024,0.0,0.0,0.0,-11.0,-30.0,-117.0,-15.0,0,0
48384,3.1431,-0.9956,0.7026,0.2961,0.024,0.0,0.0,0.0,-9.0,-31.0,-120.0,-13.0,0,0
48392,3.1431,-0.9956,0.7026,0.2961,0.024,0.0,0.0,0.0,-11.0,-34.0,-121.0,-15.0,0,0
48404,3.1416,-0.994,0.7026,0.2961,0.024,0.0,0.0,0.0,-7.0,-39.0,-123.0,-15.0,0,0
48417,3.1416,-0.994,0.7026,0.2961,0.0,0.0,0.0,0.0,-4.0,-33.0,-123.0,-16.0,0,0
48429,3.1416,-0.994,0.7026,0.2961,0.0,0.0,0.0,0.0,-2.0,-35.0,-122.0,-15.0,4,0
48442,3.1416,-0.994,0.7026,0.2961,0.0,0.0,0.0,0.0,0.0,-35.0,-120.0,-16.0,10,0
48454,3.1416,-0.994,0.7026,0.2961,0.0,0.0,0.0,0.0,0.0,-38.0,-121.0,-15.0,15,1
48466,3.1401,-0.994,0.7026,0.2961,0.0,0.0,0.0,0.0,-2.0,-38.0,-120.0,-15.0,17,1
48478,3.1401,-0.994,0.701,0.2961,-0.024,0.0,0.0,0.0,-1.0,-37.0,-123.0,-15.0,20,1
48490,3.1416,-0.994,0.7026,0.2961,-0.024,0.0,0.0,0.0,-1.0,-41.0,-121.0,-15.0,23,1
48503,3.1401,-0.9925,0.7026,0.2961,-0.024,0.0,0.0,0.0,-1.0,-59.0,-123.0,-15.0,25,1
48515,3.1401,-0.9925,0.7026,0.2961,-0.024,0.0,0.0,0.0,0.0,-61.0,-122.0,-15.0,26,1
48527,3.1401,-0.991,0.7026,0.2961,0.0,0.0,0.0,0.0,-1.0,-71.0,-120.0,-14.0,26,1
48540,3.1401,-0.991,0.7026,0.2961,0.0,0.024,0.0,0.0,-1.0,-71.0,-121.0,-15.0,31,1
48552,3.1401,-0.9879,0.7026,0.2961,0.0,0.0479,0.0,0.0,0.0,-87.0,-122.0,-16.0,33,1
48564,3.1401,-0.9863,0.7026,0.2961,0.0,0.0719,0.0,0.0,-1.0,-89.0,-123.0,-16.0,40,1
48576,3.1401,-0.9863,0.7026,0.2961,0.0,0.0719,0.0,0.0,0.0,-89.0,-123.0,-16.0,48,1
48589,3.1401,-0.9848,0.701,0.2961,0.0,0.0959,0.0,0.0,0.0,-105.0,-122.0,-14.0,54,1
48602,3.1401,-0.9848,0.7026,0.2961,0.0,0.0719,0.0,0.0,0.0,-88.0,-122.0,-16.0,61,1
48613,3.1401,-0.9833,0.7026,0.2961,0.0,0.0719,0.0,0.0,0.0,-93.0,-121.0,-16.0,60,1
48626,3.1401,-0.9848,0.7026,0.2961,0.0,0.0719,0.0,0.0,0.0,-90.0,-124.0,-16.0,63,1
48642,3.1401,-0.9833,0.7026,0.2961,0.0,0.0479,0.0,0.0,0.0,-87.0,-124.0,-16.0,69,1
48654,3.1401,-0.9833,0.701,0.2961,0.0,0.024,0.0,0.0,0.0,-86.0,-121.0,-15.0,67,1
48667,3.1401,-0.9848,0.7026,0.2961,0.0,0.024,0.0,0.0,-1.0,-87.0,-120.0,-15.0,70,1
48679,3.1401,-0.9833,0.7026,0.2961,0.0,0.0,0.0,0.0,-2.0,-89.0,-122.0,-16.0,68,1
48692,3.1401,-0.9848,0.7026,0.2961,0.0,0.0,0.0,0.0,0.0,-87.0,-124.0,-16.0,63,1
48703,3.1401,-0.9848,0.7026,0.2961,0.0,0.0,0.0,0.0,0.0,-86.0,-125.0,-13.0,59,1
48716,3.1401,-0.9863,0.7026,0.2961,0.0,0.0,0.0,0.0,0.0,-68.0,-122.0,-15.0,57,1
48728,3.1401,-0.9863,0.7026,0.2961,0.0,-0.024,0.0,0.0,0.0,-48.0,-123.0,-15.0,50,1
48740,3.1385,-0.9894,0.701,0.2961,0.0,-0.024,0.0,0.0,0.0,-29.0,-109.0,-14.0,37,1
48753,3.1385,-0.994,0.6995,0.2961,0.0,-0.0719,0.0,0.0,0.0,-15.0,-97.0,-15.0,21,1
48765,3.1385,-0.994,0.6995,0.2961,0.0,-0.0959,-0.024,0.0,0.0,-22.0,-102.0,-16.0,7,0
48777,3.1385,-0.9956,0.698,0.2961,0.0,-0.1198,-0.024,0.0,0.0,-20.0,-100.0,-16.0,5,0
48785,3.1401,-0.9956,0.698,0.2961,0.0,-0.1198,-0.0479,0.0,0.0,-25.0,-108.0,-16.0,4,0
48798,3.1401,-0.9956,0.698,0.2961,0.0,-0.1198,-0.0479,0.0,0.0,-29.0,-107.0,-16.0,3,0
48810,3.1401,-0.9956,0.698,0.2961,0.0,-0.0959,-0.0479,0.0,0.0,-31.0,-108.0,-16.0,3,0
48822,3.1401,-0.9956,0.698,0.2961,0.0,-0.0479,-0.024,0.0,0.0,-32.0,-109.0,-16.0,4,0
48834,3.1401,-0.9956,0.6995,0.2961,0.0,-0.024,0.0,0.0,0.0,-32.0,-111.0,-16.0,3,0
48843,3.1401,-0.9956,0.698,0.2961,0.0,0.0,0.0,0.0,0.0,-32.0,-105.0,-14.0,3,0
48855,3.1401,-0.9956,0.698,0.2961,0.0,0.0,0.0,0.0,0.0,-32.0,-110.0,-15.0,3,0
48867,3.1401,-0.9956,0.698,0.2961,0.0,0.0,0.0,0.0,0.0,-32.0,-107.0,-15.0,3,0
48880,3.1401,-0.9956,0.698,0.2961,0.0,0.0,0.0,0.0,0.0,-32.0,-108.0,-15.0,3,0
48892,3.1401,-0.9956,0.698,0.2961,0.0,0.0,0.0,0.0,0.0,-31.0,-106.0,-15.0,3,0
48900,3.1401,-0.9956,0.698,0.2961,0.0,0.0,0.0,0.0,0.0,-31.0,-106.0,-15.0,3,0
48912,3.1401,-0.9956,0.698,0.2961,0.0,0.0,0.0,0.0,0.0,-32.0,-110.0,-16.0,3,0
48925,3.1401,-0.9956,0.6995,0.2961,0.0,0.0,0.0,0.0,0.0,-31.0,-107.0,-16.0,3,0
48937,3.1385,-0.9956,0.698,0.2961,0.0,0.0,0.0,0.0,0.0,-31.0,-108.0,-16.0,3,0
48945,3.1401,-0.9956,0.698,0.2961,0.0,0.0,0.0,0.0,0.0,-31.0,-110.0,-16.0,3,0
48957,3.1401,-0.9956,0.698,0.2961,0.0,0.0,0.0,0.0,0.0,-32.0,-106.0,-16.0,3,0
48970,3.1401,-0.9956,0.698,0.2961,0.0,0.0,0.0,0.0,0.0,-32.0,-108.0,-16.0,2,0
48982,3.1401,-0.9956,0.698,0.2961,0.0,0.0,0.0,0.0,0.0,-32.0,-106.0,-14.0,2,0
48994,3.1401,-0.9956,0.6995,0.2961,0.0,0.0,0.0,0.0,0.0,-32.0,-109.0,-14.0,2,0
49002,3.1401,-0.9971,0.698,0.2961,0.0,0.0,0.0,0.0,0.0,-32.0,-109.0,-14.0,2,0
49015,3.1385,-0.9971,0.698,0.2961,0.0,0.0,0.0,0.0,0.0,-31.0,-107.0,-15.0,2,0
49027,3.1385,-0.9956,0.6995,0.2961,0.0,0.0,0.0,0.0,0.0,-32.0,-108.0,-15.0,2,0
49039,3.1385,-0.9956,0.698,0.2961,0.0,0.0,0.0,0.0,0.0,-31.0,-107.0,-15.0,2,0
49052,3.1401,-0.9956,0.6995,0.2961,0.0,0.0,0.0,0.0,0.0,-31.0,-109.0,-15.0,2,0
49060,3.1401,-0.9956,0.6995,0.2961,0.0,0.0,0.0,0.0,0.0,-31.0,-109.0,-15.0,2,0
49072,3.1401,-0.9956,0.6995,0.2961,0.0,0.0,0.0,0.0,0.0,-31.0,-106.0,-16.0,2,0
49084,3.1385,-0.9956,0.698,0.2961,0.0,0.0,0.0,0.0,0.0,-31.0,-107.0,-16.0,2,0
49097,3.1385,-0.9956,0.698,0.2961,0.0,0.0,0.0,0.0,0.0,-31.0,-105.0,-16.0,1,0
49109,3.1401,-0.9956,0.698,0.2961,0.0,0.0,0.0,0.0,0.0,-31.0,-109.0,-16.0,1,0
49117,3.1385,-0.9956,0.698,0.2961,0.0,0.0,0.0,0.0,0.0,-29.0,-104.0,-15.0,1,0
49129,3.1385,-0.9956,0.698,0.2961,0.0,0.0,0.0,0.0,0.0,-30.0,-108.0,-14.0,1,0
49142,3.1401,-0.9956,0.6995,0.2961,0.0,0.0,0.0,0.0,0.0,-31.0,-106.0,-16.0,1,0
49154,3.1385,-0.9956,0.698,0.2961,0.0,0.0,0.0,0.0,0.0,-31.0,-107.0,-16.0,1,0
49166,3.1385,-0.9971,0.6995,0.2961,0.0,0.0,0.0,0.0,0.0,-31.0,-107.0,-16.0,1,0
49174,3.1401,-0.9956,0.6995,0.2961,0.0,0.0,0.0,0.0,0.0,-31.0,-109.0,-16.0,1,0
49187,3.1401,-0.9956,0.6995,0.2961,0.0,0.0,0.0,0.0,0.0,-31.0,-105.0,-16.0,1,0
49199,3.1401,-0.9956,0.6995,0.2961,0.0,0.0,0.0,0.0,0.0,-31.0,-108.0,-16.0,1,0
49212,3.1401,-0.9971,0.698,0.2961,0.0,0.0,0.0,0.0,0.0,-31.0,-105.0,-16.0,0,0
49224,3.1401,-0.9956,0.698,0.2961,0.0,0.0,0.0,0.0,0.0,-32.0,-109.0,-15.0,0,0
49232,3.1385,-0.9956,0.698,0.2961,0.0,0.0,0.0,0.0,0.0,-31.0,-107.0,-15.0,0,0
49244,3.1385,-0.9956,0.698,0.2961,0.0,0.0,0.0,0.0,0.0,-31.0,-108.0,-15.0,0,0
49256,3.1401,-0.9956,0.698,0.2961,0.0,0.0,0.0,0.0,0.0,-31.0,-108.0,-15.0,0,0
49269,3.1401,-0.9956,0.6995,0.2961,0.0,0.0,0.0,0.0,0.0,-31.0,-110.0,-15.0,0,0
49282,3.1401,-0.9956,0.6995,0.2961,0.0,0.0,0.0,0.0,0.0,-31.0,-109.0,-16.0,0,0
49289,3.1401,-0.9956,0.6995,0.2961,0.0,0.0,0.0,0.0,0.0,-31.0,-109.0,-16.0,1,0
49302,3.1401,-0.9956,0.698,0.2961,0.0,0.0,0.0,0.0,0.0,-32.0,-108.0,-14.0,1,0
49314,3.1385,-0.9956,0.698,0.2961,0.0,0.0,0.0,0.0,0.0,-32.0,-110.0,-16.0,1,0
49326,3.1385,-0.9956,0.6995,0.2961,0.0,0.0,0.0,0.0,0.0,-31.0,-106.0,-15.0,1,0
49338,3.1401,-0.9956,0.6995,0.2961,0.0,0.0,0.0,0.0,0.0,-31.0,-107.0,-15.0,1,0
49346,3.1401,-0.9956,0.6995,0.2961,0.0,0.0,0.0,0.0,0.0,-32.0,-106.0,-15.0,1,0
49359,3.1385,-0.9956,0.6995,0.2961,0.0,0.0,0.0,0.0,0.0,-32.0,-109.0,-15.0,1,0
49372,3.1401,-0.9956,0.698,0.2961,0.0,0.0,0.0,0.0,0.0,-31.0,-107.0,-16.0,1,0
49383,3.1401,-0.9956,0.6995,0.2961,0.0,0.0,0.0,0.0,0.0,-31.0,-111.0,-14.0,1,0
49392,3.1385,-0.9956,0.698,0.2961,0.0,0.0,0.0,0.0,0.0,-31.0,-106.0,-15.0,1,0
49404,3.1385,-0.9956,0.698,0.2961,0.0,0.0,0.0,0.0,0.0,-31.0,-109.0,-16.0,1,0
49416,3.1385,-0.9956,0.698,0.2961,0.0,0.0,0.0,0.0,0.0,-31.0,-111.0,-16.0,1,0
49428,3.1401,-0.9956,0.698,0.2961,0.0,0.0,0.0,0.0,0.0,-31.0,-107.0,-16.0,1,0
49441,3.1401,-0.9956,0.698,0.2961,0.0,0.0,0.0,0.0,0.0,-31.0,-109.0,-16.0,1,0
49449,3.1401,-0.9956,0.698,0.2961,0.0,0.0,0.0,0.0,0.0,-31.0,-107.0,-16.0,1,0
49462,3.1401,-0.9956,0.698,0.2961,0.0,0.0,0.0,0.0,0.0,-30.0,-107.0,-16.0,1,0
49473,3.1401,-0.9956,0.698,0.2961,0.0,0.0,0.0,0.0,0.0,-31.0,-111.0,-15.0,1,0
49486,3.1401,-0.9956,0.6995,0.2961,0.0,0.0,0.0,0.0,0.0,-31.0,-107.0,-15.0,1,0
49498,3.1401,-0.9956,0.698,0.2961,0.0,0.0,0.0,0.0,0.0,-31.0,-109.0,-15.0,1,0
49506,3.1401,-0.9956,0.698,0.2961,0.0,0.0,0.0,0.0,0.0,-29.0,-104.0,-16.0,1,0
49518,3.1385,-0.9956,0.6995,0.2961,0.0,0.0,0.0,0.0,0.0,-32.0,-104.0,-16.0,1,0
49531,3.1385,-0.9956,0.698,0.2961,0.0,0.0,0.0,0.0,0.0,-30.0,-108.0,-15.0,1,0
49543,3.1385,-0.9956,0.6995,0.2961,0.0,0.0,0.0,0.0,0.0,-32.0,-108.0,-16.0,1,0
49555,3.1385,-0.9956,0.698,0.2961,0.0,0.0,0.0,0.0,0.0,-32.0,-107.0,-14.0,1,0
49564,3.1385,-0.9956,0.698,0.2961,0.0,0.0,0.0,0.0,0.0,-32.0,-103.0,-13.0,1,0
49576,3.1385,-0.9956,0.698,0.2961,0.0,0.0,0.0,0.0,0.0,-32.0,-104.0,-15.0,1,0
49588,3.1401,-0.9956,0.698,0.2961,0.0,0.0,0.0,0.0,0.0,-32.0,-106.0,-15.0,1,0
49600,3.1416,-0.9956,0.698,0.2961,0.0,0.0,0.0,0.0,-2.0,-33.0,-107.0,-15.0,34,1
49613,3.1401,-0.9956,0.698,0.2961,0.0,0.0,0.0,0.0,-4.0,-53.0,-109.0,-16.0,35,1
49625,3.1416,-0.994,0.698,0.2961,0.0,0.0,0.0,0.0,-5.0,-51.0,-108.0,-16.0,41,1
49637,3.1401,-0.994,0.698,0.2961,0.024,0.0,0.0,0.0,-4.0,-49.0,-105.0,-16.0,46,1
49650,3.1401,-0.994,0.698,0.2961,0.024,0.0,0.0,0.0,-4.0,-48.0,-107.0,-16.0,53,1
49662,3.1401,-0.994,0.698,0.2961,0.0,0.0,0.0,0.0,0.0,-48.0,-104.0,-15.0,63,1
49674,3.1401,-0.994,0.698,0.2961,0.0,0.0,0.0,0.0,0.0,-48.0,-105.0,-15.0,66,1
49686,3.1416,-0.994,0.698,0.2961,0.0,0.0,0.0,0.0,-1.0,-48.0,-105.0,-14.0,69,1
49699,3.1416,-0.994,0.698,0.2961,0.0,0.0,0.0,0.0,-1.0,-47.0,-105.0,-15.0,72,1
49712,3.1401,-0.994,0.698,0.2961,0.0,0.0,0.0,0.0,-1.0,-47.0,-107.0,-15.0,75,1
49727,3.1401,-0.994,0.698,0.2961,0.0,0.0,0.0,0.0,-1.0,-48.0,-108.0,-15.0,76,1
49740,3.1401,-0.994,0.698,0.2961,0.0,0.0,0.0,0.0,-1.0,-45.0,-107.0,-16.0,77,1
49752,3.1401,-0.994,0.698,0.2961,0.0,0.0,0.0,0.0,0.0,-47.0,-110.0,-16.0,79,1
49764,3.1401,-0.994,0.698,0.2961,0.0,0.0,0.0,0.0,0.0,-43.0,-106.0,-16.0,77,1
49777,3.1401,-0.9956,0.698,0.2961,0.0,0.0,0.0,0.0,0.0,-48.0,-105.0,-16.0,73,1
49789,3.1401,-0.9956,0.698,0.2961,0.0,0.0,0.0,0.0,0.0,-48.0,-108.0,-16.0,71,1
49801,3.1401,-0.9956,0.698,0.2961,0.0,0.0,0.0,0.0,0.0,-35.0,-106.0,-16.0,66,1
49813,3.1401,-0.9956,0.698,0.2961,0.0,0.0,0.0,0.0,0.0,-33.0,-105.0,-16.0,61,1
49826,3.1385,-0.9956,0.698,0.2961,0.0,0.0,0.0,0.0,0.0,-28.0,-104.0,-16.0,53,1
49838,3.1385,-0.9956,0.698,0.2961,0.0,0.0,0.0,0.0,0.0,-27.0,-104.0,-16.0,44,1
49850,3.1385,-0.9956,0.698,0.2961,0.0,0.0,0.0,0.0,5.0,-27.0,-105.0,-15.0,34,1
49863,3.1385,-0.9956,0.698,0.2961,0.0,0.0,0.0,0.0,0.0,-31.0,-105.0,-15.0,20,1
49875,3.1385,-0.9956,0.698,0.2961,0.0,0.0,0.0,0.0,0.0,-30.0,-106.0,-16.0,8,0
49887,3.1385,-0.9956,0.698,0.2961,0.0,0.0,0.0,0.0,0.0,-31.0,-108.0,-16.0,4,0
49895,3.1385,-0.9956,0.698,0.2961,0.0,0.0,0.0,0.0,0.0,-31.0,-108.0,-16.0,3,0
49908,3.1401,-0.9956,0.698,0.2961,0.0,0.0,0.0,0.0,0.0,-31.0,-108.0,-16.0,3,0
49920,3.1401,-0.9956,0.698,0.2961,0.0,0.0,0.0,0.0,0.0,-31.0,-105.0,-16.0,3,0
49932,3.1385,-0.9956,0.698,0.2961,0.0,0.0,0.0,0.0,0.0,-31.0,-106.0,-16.0,2,0
49944,3.1385,-0.9956,0.698,0.2961,0.0,0.0,0.0,0.0,0.0,-30.0,-106.0,-16.0,2,0
49953,3.1385,-0.9956,0.698,0.2961,0.0,0.0,0.0,0.0,0.0,-30.0,-105.0,-16.0,2,0
49965,3.1385,-0.9956,0.698,0.2961,0.0,0.0,0.0,0.0,0.0,-31.0,-106.0,-16.0,2,0
49977,3.1385,-0.9956,0.698,0.2961,0.0,0.0,0.0,0.0,0.0,-28.0,-104.0,-16.0,1,0
49990,3.1385,-0.9956,0.698,0.2961,0.0,0.0,0.0,0.0,0.0,-31.0,-104.0,-16.0,1,0
50002,3.1385,-0.9956,0.698,0.2961,0.0,0.0,0.0,0.0,0.0,-32.0,-105.0,-15.0,1,0
50010,3.1385,-0.9956,0.698,0.2961,0.0,0.0,0.0,0.0,0.0,-32.0,-105.0,-15.0,0,0
50022,3.1385,-0.9956,0.698,0.2961,0.0,0.0,0.0,0.0,0.0,-29.0,-107.0,-16.0,0,0
50035,3.1385,-0.9956,0.698,0.2961,0.0,0.0,0.0,0.0,0.0,-30.0,-108.0,-15.0,0,0
50047,3.1401,-0.9956,0.698,0.2961,0.0,0.0,0.0,0.0,0.0,-31.0,-108.0,-16.0,0,0
50059,3.1385,-0.9956,0.698,0.2961,0.0,0.0,0.0,0.0,0.0,-30.0,-106.0,-16.0,0,0
50067,3.1385,-0.9956,0.698,0.2961,0.0,0.0,0.0,0.0,0.0,-30.0,-105.0,-16.0,0,0
50080,3.1385,-0.9956,0.698,0.2961,0.0,0.0,0.0,0.0,0.0,-31.0,-104.0,-16.0,1,0
50092,3.1385,-0.9956,0.698,0.2961,0.0,0.0,0.0,0.0,0.0,-31.0,-108.0,-13.0,0,0
50104,3.1385,-0.9956,0.698,0.2961,0.0,0.0,0.0,0.0,0.0,-32.0,-106.0,-15.0,1,0
50116,3.1385,-0.9956,0.698,0.2961,0.0,0.0,0.0,0.0,0.0,-31.0,-106.0,-15.0,0,0
50125,3.1385,-0.9956,0.698,0.2961,0.0,0.0,0.0,0.0,0.0,-31.0,-107.0,-13.0,1,0
50137,3.1385,-0.9956,0.698,0.2961,0.0,0.0,0.0,0.0,0.0,-30.0,-107.0,-16.0,1,0
50149,3.1385,-0.9956,0.698,0.2961,0.0,0.0,0.0,0.0,0.0,-31.0,-106.0,-16.0,1,0
50162,3.1385,-0.9956,0.698,0.2961,0.0,0.0,0.0,0.0,0.0,-31.0,-105.0,-16.0,0,0
50174,3.1385,-0.9956,0.698,0.2961,0.0,0.0,0.0,0.0,0.0,-28.0,-106.0,-16.0,0,0
50182,3.1385,-0.9956,0.698,0.2961,0.0,0.0,0.0,0.0,0.0,-31.0,-107.0,-16.0,1,0
50194,3.1401,-0.9956,0.698,0.2961,0.0,0.0,0.0,0.0,0.0,-31.0,-105.0,-16.0,1,0
50207,3.1385,-0.9956,0.698,0.2961,0.0,0.0,0.0,0.0,0.0,-31.0,-107.0,-16.0,1,0
50219,3.1385,-0.9956,0.698,0.2961,0.0,0.0,0.0,0.0,0.0,-31.0,-107.0,-16.0,1,0
50231,3.1385,-0.9956,0.698,0.2961,0.0,0.0,0.0,0.0,0.0,-31.0,-109.0,-16.0,1,0
50239,3.1385,-0.9956,0.698,0.2961,0.0,0.0,0.0,0.0,0.0,-31.0,-109.0,-16.0,0,0
50252,3.1385,-0.9956,0.698,0.2961,0.0,0.0,0.0,0.0,0.0,-32.0,-105.0,-16.0,1,0
50264,3.1385,-0.9956,0.698,0.2961,0.0,0.0,0.0,0.0,0.0,-30.0,-106.0,-14.0,0,0
50276,3.1401,-0.9956,0.698,0.2961,0.0,0.0,0.0,0.0,0.0,-31.0,-108.0,-16.0,0,0
50289,3.1401,-0.9956,0.698,0.2961,0.0,0.0,0.0,0.0,0.0,-29.0,-106.0,-15.0,0,0
50297,3.1385,-0.9956,0.698,0.2961,0.0,0.0,0.0,0.0,0.0,-30.0,-107.0,-16.0,1,0
50309,3.1385,-0.9956,0.698,0.2961,0.0,0.0,0.0,0.0,0.0,-31.0,-105.0,-16.0,1,0
50321,3.1385,-0.9956,0.698,0.2961,0.0,0.0,0.0,0.0,0.0,-31.0,-108.0,-16.0,1,0
50334,3.1401,-0.9956,0.698,0.2961,0.0,0.0,0.0,0.0,0.0,-31.0,-109.0,-16.0,1,0
50342,3.1401,-0.9956,0.698,0.2961,0.0,0.0,0.0,0.0,0.0,-31.0,-105.0,-16.0,1,0
50354,3.1401,-0.9956,0.698,0.2961,0.0,0.0,0.0,0.0,0.0,-31.0,-108.0,-16.0,1,0
50366,3.1401,-0.9956,0.698,0.2961,0.0,0.0,0.0,0.0,0.0,-31.0,-107.0,-16.0,1,0
50379,3.1401,-0.9956,0.698,0.2961,0.0,0.0,0.0,0.0,0.0,-32.0,-106.0,-16.0,1,0
50391,3.1385,-0.9956,0.698,0.2961,0.0,0.0,0.0,0.0,0.0,-32.0,-107.0,-16.0,1,0
50399,3.1385,-0.9956,0.698,0.2961,0.0,0.0,0.0,0.0,0.0,-32.0,-105.0,-16.0,1,0
50411,3.1385,-0.9956,0.698,0.2961,0.0,0.0,0.0,0.0,0.0,-32.0,-108.0,-16.0,1,0
50424,3.1401,-0.9971,0.6995,0.2961,0.0,0.0,0.0,0.0,0.0,-31.0,-106.0,-15.0,1,0
50436,3.1401,-0.9956,0.698,0.2961,0.0,0.0,0.0,0.0,0.0,-31.0,-106.0,-15.0,1,0
50448,3.1401,-0.9956,0.698,0.2961,0.0,0.0,0.0,0.0,0.0,-31.0,-108.0,-15.0,1,0
50456,3.1401,-0.9956,0.698,0.2961,0.0,0.0,0.0,0.0,0.0,-29.0,-106.0,-16.0,0,0
50469,3.1401,-0.9956,0.6995,0.2961,0.0,0.0,0.0,0.0,0.0,-31.0,-106.0,-13.0,0,0
50481,3.1401,-0.9956,0.698,0.2961,0.0,0.0,0.0,0.0,2.0,-31.0,-107.0,-15.0,0,0
50493,3.1401,-0.9956,0.698,0.2961,0.0,0.0,0.0,0.0,0.0,-31.0,-107.0,-16.0,0,0
50506,3.1401,-0.9956,0.698,0.2961,0.0,0.0,0.0,0.0,0.0,-29.0,-105.0,-16.0,0,0
50514,3.1401,-0.9956,0.698,0.2961,0.0,0.0,0.0,0.0,0.0,-31.0,-106.0,-16.0,0,0
50526,3.1401,-0.9956,0.698,0.2961,0.0,0.0,0.0,0.0,0.0,-31.0,-107.0,-16.0,0,0
50538,3.1401,-0.9956,0.698,0.2961,0.0,0.0,0.0,0.0,0.0,-31.0,-107.0,-15.0,0,0
50551,3.1401,-0.9956,0.698,0.2961,0.0,0.0,0.0,0.0,0.0,-31.0,-106.0,-15.0,0,0
50563,3.1401,-0.9956,0.698,0.2961,0.0,0.0,0.0,0.0,0.0,-31.0,-107.0,-15.0,0,0
50572,3.1401,-0.9956,0.6995,0.2961,0.0,0.0,0.0,0.0,0.0,-31.0,-107.0,-16.0,0,0
50583,3.1401,-0.9956,0.698,0.2961,0.0,0.0,0.0,0.0,0.0,-31.0,-105.0,-16.0,0,0
50596,3.1401,-0.9956,0.698,0.2961,0.0,0.0,0.0,0.0,0.0,-31.0,-105.0,-16.0,0,0
50608,3.1401,-0.9956,0.698,0.2961,0.0,0.0,0.0,0.0,0.0,-30.0,-107.0,-16.0,0,0
50620,3.1416,-0.9956,0.6995,0.2961,0.0,0.0,0.0,0.0,0.0,-31.0,-109.0,-9.0,0,0
50628,3.1431,-0.9971,0.698,0.2961,0.0,0.0,0.0,0.0,-6.0,-32.0,-109.0,-16.0,1,0
50641,3.1447,-0.9971,0.6995,0.2961,0.024,0.0,0.0,0.0,-16.0,-24.0,-110.0,-16.0,1,0
50653,3.1416,-0.9971,0.6995,0.2961,0.024,0.0,0.0,0.0,6.0,-30.0,-113.0,-15.0,1,0
50665,3.1416,-0.9956,0.6995,0.2961,0.024,0.0,0.0,0.0,0.0,-30.0,-115.0,-16.0,1,0
50678,3.1416,-0.9971,0.6995,0.2961,0.024,0.0,0.0,0.0,0.0,-30.0,-114.0,-15.0,33,1
50690,3.1431,-0.9956,0.6995,0.2961,0.0,0.0,0.0,0.0,-5.0,-28.0,-115.0,-15.0,26,1
50702,3.1416,-0.9956,0.6995,0.2961,0.0,0.0,0.0,0.0,-11.0,-28.0,-114.0,-15.0,35,1
50714,3.1431,-0.9971,0.6995,0.2961,0.0,0.0,0.0,0.0,-4.0,-28.0,-114.0,-16.0,37,1
50727,3.1431,-0.9956,0.6995,0.2961,0.0,0.0,0.0,0.0,-4.0,-31.0,-114.0,-13.0,40,1
50739,3.1416,-0.9956,0.6995,0.2961,0.0,0.0,0.0,0.0,-5.0,-28.0,-114.0,-16.0,44,1
50751,3.1401,-0.9956,0.6995,0.2961,0.0,0.0,0.0,0.0,0.0,-29.0,-115.0,-14.0,45,1
50764,3.1416,-0.9956,0.6995,0.2961,0.0,0.0,0.0,0.0,0.0,-29.0,-117.0,-15.0,45,1
50776,3.1416,-0.9971,0.6995,0.2961,0.0,0.0,0.0,0.0,0.0,-27.0,-118.0,-15.0,48,1
50788,3.1416,-0.9971,0.6995,0.2961,0.0,0.0,0.0,0.0,0.0,-29.0,-117.0,-15.0,48,1
50800,3.1416,-0.9971,0.6995,0.2961,0.0,0.0,0.0,0.0,-6.0,-25.0,-117.0,-15.0,49,1
50813,3.1416,-0.9956,0.6995,0.2961,0.0,0.0,0.0,0.0,0.0,-30.0,-114.0,-16.0,50,1
50825,3.1416,-0.9971,0.6995,0.2961,0.0,0.0,0.0,0.0,0.0,-28.0,-114.0,-16.0,52,1
50837,3.1401,-0.9956,0.6995,0.2961,0.0,0.0,0.0,0.0,0.0,-28.0,-114.0,-16.0,53,1
50850,3.1401,-0.9971,0.6995,0.2961,0.0,0.0,0.0,0.0,0.0,-28.0,-114.0,-16.0,53,1
50866,3.1401,-0.9971,0.698,0.2961,0.0,0.0,0.0,0.0,0.0,-27.0,-109.0,-16.0,53,1
50878,3.1401,-0.9956,0.698,0.2961,0.0,0.0,0.0,0.0,0.0,-29.0,-108.0,-16.0,52,1
50891,3.1401,-0.9971,0.698,0.2961,0.0,0.0,0.0,0.0,0.0,-26.0,-105.0,-16.0,49,1
50903,3.1401,-0.9971,0.698,0.2961,0.0,0.0,0.0,0.0,0.0,-26.0,-105.0,-16.0,45,1
50915,3.1401,-0.9971,0.698,0.2961,0.0,0.0,0.0,0.0,0.0,-26.0,-106.0,-15.0,39,1
50927,3.1401,-0.9971,0.698,0.2961,0.0,0.0,0.0,0.0,0.0,-27.0,-106.0,-15.0,32,1
50940,3.1401,-0.9971,0.698,0.2961,0.0,0.0,0.0,0.0,0.0,-26.0,-107.0,-15.0,18,1
50952,3.1401,-0.9971,0.698,0.2961,0.0,0.0,0.0,0.0,0.0,-26.0,-107.0,-15.0,2,0
50960,3.1401,-0.9971,0.698,0.2961,0.0,0.0,0.0,0.0,0.0,-26.0,-107.0,-15.0,2,0
50973,3.1401,-0.9971,0.698,0.2961,0.0,0.0,0.0,0.0,0.0,-28.0,-108.0,-16.0,1,0
50985,3.1385,-0.9971,0.698,0.2961,0.0,0.0,0.0,0.0,0.0,-27.0,-107.0,-16.0,1,0
50997,3.1401,-0.9971,0.698,0.2961,0.0,0.0,0.0,0.0,0.0,-27.0,-107.0,-16.0,1,0
51009,3.1401,-0.9971,0.698,0.2961,0.0,0.0,0.0,0.0,0.0,-28.0,-106.0,-16.0,1,0
51018,3.1401,-0.9971,0.698,0.2961,0.0,0.0,0.0,0.0,0.0,-27.0,-106.0,-16.0,1,0
51030,3.1401,-0.9971,0.698,0.2961,0.0,0.0,0.0,0.0,0.0,-29.0,-107.0,-16.0,0,0
51042,3.1401,-0.9971,0.698,0.2961,0.0,0.0,0.0,0.0,0.0,-29.0,-106.0,-15.0,1,0
51054,3.1401,-0.9971,0.698,0.2945,0.0,0.0,0.0,0.0,0.0,-30.0,-107.0,-13.0,1,0
51067,3.1385,-0.9971,0.698,0.2961,0.0,0.0,0.0,0.0,0.0,-30.0,-105.0,-16.0,1,0
51075,3.1401,-0.9971,0.698,0.2961,0.0,0.0,0.0,0.0,0.0,-30.0,-106.0,-16.0,1,0
51087,3.1385,-0.9971,0.698,0.2961,0.0,0.0,0.0,0.0,0.0,-35.0,-108.0,-15.0,1,0
51099,3.1401,-0.9971,0.698,0.2961,0.0,0.0,0.0,0.0,0.0,-34.0,-107.0,-16.0,1,0
51112,3.1401,-0.9971,0.698,0.2961,0.0,0.0,0.0,0.0,0.0,-35.0,-107.0,-16.0,1,0
51124,3.1401,-0.9971,0.698,0.2961,0.0,0.0,0.0,0.0,0.0,-36.0,-107.0,-16.0,1,0
51132,3.1401,-0.9971,0.698,0.2961,0.0,0.0,0.0,0.0,0.0,-36.0,-108.0,-16.0,1,0
51145,3.1385,-0.9971,0.698,0.2961,0.0,0.0,0.0,0.0,0.0,-36.0,-106.0,-16.0,1,0
51157,3.1385,-0.9971,0.698,0.2961,0.0,0.0,0.0,0.0,0.0,-31.0,-107.0,-16.0,1,0
51169,3.1401,-0.9971,0.698,0.2961,0.0,0.0,0.0,0.0,0.0,-30.0,-107.0,-16.0,1,0
51177,3.1401,-0.9971,0.698,0.2961,0.0,0.0,0.0,0.0,0.0,-30.0,-105.0,-14.0,1,0
51190,3.1401,-0.9971,0.698,0.2961,0.0,0.0,0.0,0.0,0.0,-30.0,-106.0,-16.0,1,0
51202,3.1401,-0.9971,0.698,0.2961,0.0,0.0,0.0,0.0,0.0,-30.0,-106.0,-14.0,1,0
51214,3.1401,-0.9971,0.698,0.2961,0.0,0.0,0.0,0.0,0.0,-29.0,-106.0,-15.0,1,0
51226,3.1385,-0.9971,0.698,0.2961,0.0,0.0,0.0,0.0,0.0,-29.0,-106.0,-16.0,0,0
51235,3.1401,-0.9971,0.698,0.2961,0.0,0.0,0.0,0.0,0.0,-30.0,-109.0,-16.0,0,0
51247,3.1401,-0.9971,0.698,0.2961,0.0,0.0,0.0,0.0,0.0,-35.0,-105.0,-16.0,0,0
51259,3.1385,-0.9971,0.698,0.2961,0.0,0.0,0.0,0.0,0.0,-36.0,-106.0,-16.0,0,0
51272,3.1385,-0.9971,0.698,0.2961,0.0,0.0,0.0,0.0,0.0,-30.0,-106.0,-16.0,0,0
51284,3.1385,-0.9971,0.698,0.2961,0.0,0.0,0.0,0.0,0.0,-30.0,-108.0,-15.0,0,0
51292,3.1401,-0.9956,0.698,0.2961,0.0,0.0,0.0,0.0,0.0,-30.0,-108.0,-16.0,1,0
51304,3.1401,-0.9971,0.698,0.2961,0.0,0.0,0.0,0.0,0.0,-35.0,-106.0,-16.0,0,0
51317,3.1401,-0.9971,0.698,0.2961,0.0,0.0,0.0,0.0,0.0,-36.0,-107.0,-16.0,0,0
51329,3.1401,-0.9971,0.698,0.2961,0.0,0.0,0.0,0.0,0.0,-33.0,-107.0,-16.0,0,0
51341,3.1401,-0.9971,0.698,0.2961,0.0,0.0,0.0,0.0,0.0,-30.0,-106.0,-16.0,0,0
51349,3.1401,-0.9971,0.698,0.2961,0.0,0.0,0.0,0.0,0.0,-30.0,-106.0,-16.0,0,0
51362,3.1385,-0.9971,0.698,0.2961,0.0,0.0,0.0,0.0,0.0,-36.0,-107.0,-16.0,0,0
51374,3.1401,-0.9971,0.698,0.2961,0.0,0.0,0.0,0.0,0.0,-30.0,-106.0,-16.0,0,0
51386,3.1401,-0.9971,0.698,0.2961,0.0,0.0,0.0,0.0,0.0,-28.0,-105.0,-16.0,0,0
51398,3.1401,-0.9971,0.698,0.2961,0.0,0.0,0.0,0.0,0.0,-28.0,-106.0,-15.0,0,0
51407,3.1401,-0.9971,0.698,0.2961,0.0,0.0,0.0,0.0,0.0,-33.0,-107.0,-15.0,0,0
51419,3.1401,-0.9971,0.698,0.2961,0.0,0.0,0.0,0.0,0.0,-34.0,-108.0,-16.0,0,0
51431,3.1401,-0.9971,0.698,0.2961,0.0,0.0,0.0,0.0,0.0,-34.0,-107.0,-15.0,0,0
51444,3.1401,-0.9971,0.698,0.2961,0.0,0.0,0.0,0.0,0.0,-34.0,-106.0,-15.0,0,0
51456,3.1385,-0.9971,0.698,0.2961,0.0,0.0,0.0,0.0,0.0,-33.0,-106.0,-15.0,0,0
51464,3.1401,-0.9971,0.698,0.2961,0.0,0.0,0.0,0.0,0.0,-33.0,-106.0,-14.0,0,0
51476,3.1401,-0.9971,0.698,0.2961,0.0,0.0,0.0,0.0,0.0,-33.0,-105.0,-15.0,0,0
51489,3.1401,-0.9971,0.698,0.2961,0.0,0.0,0.0,0.0,0.0,-34.0,-107.0,-13.0,0,0
51501,3.1401,-0.9971,0.698,0.2961,0.0,0.0,0.0,0.0,0.0,-34.0,-108.0,-15.0,0,0
51513,3.1385,-0.9971,0.698,0.2961,0.0,0.0,0.0,0.0,0.0,-34.0,-105.0,-15.0,0,0
51521,3.1401,-0.9971,0.698,0.2961,0.0,0.0,0.0,0.0,0.0,-27.0,-106.0,-14.0,0,0
51534,3.1401,-0.9971,0.698,0.2961,0.0,0.0,0.0,0.0,0.0,-28.0,-105.0,-15.0,0,0
51546,3.1401,-0.9971,0.698,0.2961,0.0,0.0,0.0,0.0,0.0,-33.0,-108.0,-15.0,0,0
51558,3.1401,-0.9971,0.698,0.2961,0.0,0.0,0.0,0.0,0.0,-34.0,-107.0,-15.0,0,0
51571,3.1385,-0.9971,0.698,0.2961,0.0,0.0,0.0,0.0,0.0,-34.0,-106.0,-13.0,0,0
51579,3.1385,-0.9971,0.698,0.2961,0.0,0.0,0.0,0.0,0.0,-34.0,-107.0,-15.0,0,0
51591,3.1385,-0.9971,0.698,0.2961,0.0,0.0,0.0,0.0,0.0,-33.0,-107.0,-16.0,0,0
51603,3.1401,-0.9971,0.698,0.2961,0.0,0.0,0.0,0.0,0.0,-33.0,-108.0,-15.0,0,0
51616,3.1401,-0.9971,0.698,0.2961,0.0,0.0,0.0,0.0,0.0,-33.0,-108.0,-14.0,0,0
51624,3.1401,-0.9971,0.698,0.2961,0.0,0.0,0.0,0.0,0.0,-33.0,-105.0,-15.0,0,0
51636,3.1401,-0.9971,0.698,0.2961,0.0,0.0,0.0,0.0,0.0,-33.0,-107.0,-15.0,0,0
51648,3.1401,-0.9971,0.698,0.2961,0.0,0.0,0.0,0.0,0.0,-27.0,-106.0,-15.0,0,0
51661,3.1401,-0.9971,0.698,0.2961,0.0,0.0,0.0,0.0,0.0,-27.0,-105.0,-16.0,0,0
51673,3.1416,-0.9971,0.698,0.2961,0.0,0.0,0.0,0.0,0.0,-28.0,-107.0,-15.0,0,0
51681,3.1416,-0.9971,0.698,0.2961,0.0,0.0,0.0,0.0,-4.0,-27.0,-108.0,-15.0,0,0
51693,3.1416,-0.9971,0.6995,0.2961,0.0,0.0,0.0,0.0,0.0,-27.0,-108.0,-15.0,0,0
51706,3.1385,-0.9971,0.698,0.2961,0.0,0.0,0.0,0.0,7.0,-27.0,-113.0,-16.0,0,0
51718,3.1355,-0.9956,0.6995,0.2961,0.0,0.0,0.0,0.0,24.0,-30.0,-114.0,-16.0,0,0
51730,3.1339,-0.9956,0.698,0.2961,-0.0479,0.0,0.0,0.0,26.0,-35.0,-115.0,-16.0,32,1
51743,3.1355,-0.9956,0.6995,0.2961,-0.0719,0.0,0.0,0.0,18.0,-28.0,-114.0,-15.0,27,1
51755,3.1355,-0.9956,0.6995,0.2961,-0.0719,0.0,0.0,0.0,28.0,-27.0,-114.0,-16.0,31,1
51767,3.1355,-0.9971,0.6995,0.2961,-0.0719,0.0,0.0,0.0,30.0,-27.0,-114.0,-16.0,35,1
51779,3.1355,-0.9956,0.6995,0.2961,-0.0479,0.0,0.0,0.0,30.0,-28.0,-114.0,-16.0,40,1
51792,3.1355,-0.9956,0.6995,0.2961,0.0,0.0,0.0,0.0,25.0,-26.0,-116.0,-16.0,42,1
51804,3.1355,-0.9956,0.6995,0.2961,0.0,0.0,0.0,0.0,29.0,-26.0,-116.0,-16.0,47,1
51816,3.1355,-0.9956,0.6995,0.2961,0.0,0.0,0.0,0.0,30.0,-28.0,-116.0,-16.0,49,1
51829,3.137,-0.9956,0.6995,0.2961,0.0,0.0,0.0,0.0,26.0,-28.0,-116.0,-16.0,50,1
51841,3.1355,-0.9971,0.701,0.2961,0.0,0.0,0.0,0.0,26.0,-28.0,-120.0,-15.0,52,1
51853,3.1355,-0.9956,0.701,0.2961,0.0,0.0,0.0,0.0,25.0,-27.0,-122.0,-15.0,54,1
51865,3.1355,-0.9956,0.701,0.2961,0.0,0.0,0.0,0.0,22.0,-26.0,-121.0,-15.0,55,1
51878,3.1355,-0.9971,0.6995,0.2961,0.0,0.0,0.0,0.0,27.0,-28.0,-121.0,-16.0,56,1
51894,3.137,-0.9956,0.6995,0.2961,0.0,0.0,0.0,0.0,29.0,-26.0,-117.0,-16.0,61,1
51906,3.1355,-0.9956,0.701,0.2961,0.0,0.0,0.0,0.0,25.0,-28.0,-121.0,-16.0,63,1
51919,3.1355,-0.9956,0.6995,0.2961,0.0,0.0,0.0,0.0,26.0,-27.0,-120.0,-16.0,64,1
51931,3.137,-0.9971,0.6995,0.2961,0.0,0.0,0.0,0.0,30.0,-28.0,-116.0,-16.0,66,1
51943,3.1355,-0.9956,0.6995,0.2961,0.0,0.0,0.0,0.0,25.0,-29.0,-118.0,-16.0,68,1
51956,3.137,-0.9956,0.6995,0.2961,0.0,0.0,0.0,0.0,22.0,-25.0,-116.0,-16.0,68,1
51968,3.137,-0.9971,0.6995,0.2961,0.0,0.0,0.0,0.0,17.0,-28.0,-114.0,-16.0,67,1
51980,3.1385,-0.9971,0.6995,0.2961,0.0,0.0,0.0,0.0,12.0,-27.0,-112.0,-16.0,64,1
51992,3.1401,-0.9971,0.6995,0.2961,0.024,0.0,0.0,0.0,0.0,-25.0,-111.0,-16.0,61,1
52005,3.1401,-0.9971,0.698,0.2961,0.0479,0.0,0.0,0.0,0.0,-26.0,-112.0,-16.0,55,1
52017,3.1416,-0.9971,0.6995,0.2961,0.0479,0.0,0.0,0.0,0.0,-27.0,-108.0,-16.0,51,1
52029,3.1431,-0.9956,0.698,0.2961,0.0479,0.0,0.0,0.0,0.0,-26.0,-108.0,-16.0,43,1
52042,3.1447,-0.9956,0.698,0.2961,0.0719,0.0,0.0,0.0,-9.0,-26.0,-110.0,-14.0,37,1
52054,3.1447,-0.9956,0.698,0.2961,0.0719,0.0,0.0,0.0,-13.0,-25.0,-107.0,-15.0,28,1
52066,3.1431,-0.9971,0.6995,0.2961,0.0719,0.0,0.0,0.0,-1.0,-24.0,-107.0,-16.0,13,1
52078,3.1416,-0.9956,0.698,0.2961,0.0479,0.0,0.0,0.0,6.0,-27.0,-109.0,-16.0,4,0
52091,3.1401,-0.9956,0.698,0.2961,0.024,0.0,0.0,0.0,0.0,-26.0,-108.0,-16.0,4,0
52103,3.137,-0.9971,0.698,0.2961,-0.024,0.0,0.0,0.0,10.0,-26.0,-110.0,-16.0,3,0
52111,3.137,-0.9971,0.698,0.2961,-0.0719,0.0,0.0,0.0,14.0,-26.0,-106.0,-16.0,2,0
52123,3.1385,-0.9971,0.698,0.2961,-0.0719,0.0,0.0,0.0,6.0,-27.0,-109.0,-15.0,2,0
52136,3.1401,-0.9971,0.698,0.2961,-0.0719,0.0,0.0,0.0,-8.0,-27.0,-109.0,-15.0,1,0
52148,3.1401,-0.9971,0.698,0.2961,-0.0479,0.0,0.0,0.0,0.0,-25.0,-111.0,-16.0,0,0
52160,3.1416,-0.9956,0.6995,0.2961,-0.024,0.0,0.0,0.0,0.0,-25.0,-107.0,-16.0,1,0
52168,3.1431,-0.9956,0.698,0.2961,0.0,0.0,0.0,0.0,-6.0,-26.0,-109.0,-16.0,1,0
52181,3.1431,-0.9971,0.698,0.2961,0.024,0.0,0.0,0.0,-3.0,-25.0,-107.0,-16.0,1,0
52193,3.1431,-0.9971,0.698,0.2961,0.0719,0.0,0.0,0.0,0.0,-28.0,-108.0,-15.0,1,0
52205,3.1416,-0.9971,0.698,0.2961,0.0479,0.0,0.0,0.0,4.0,-28.0,-107.0,-15.0,1,0
52218,3.1401,-0.9956,0.698,0.2961,0.024,0.0,0.0,0.0,0.0,-26.0,-108.0,-16.0,1,0
52226,3.1401,-0.9971,0.698,0.2961,0.0,0.0,0.0,0.0,0.0,-29.0,-109.0,-16.0,1,0
52238,3.1385,-0.9971,0.698,0.2961,0.0,0.0,0.0,0.0,11.0,-26.0,-109.0,-16.0,1,0
52250,3.1385,-0.9956,0.698,0.2961,-0.024,0.0,0.0,0.0,6.0,-28.0,-108.0,-16.0,1,0
52263,3.1385,-0.9971,0.698,0.2961,-0.0479,0.0,0.0,0.0,4.0,-28.0,-106.0,-17.0,1,0
52275,3.1401,-0.9956,0.698,0.2961,-0.024,0.0,0.0,0.0,-3.0,-27.0,-109.0,-16.0,1,0
52283,3.1401,-0.9971,0.698,0.2961,-0.024,0.0,0.0,0.0,0.0,-26.0,-109.0,-16.0,1,0
52295,3.1401,-0.9971,0.6995,0.2961,0.0,0.0,0.0,0.0,0.0,-26.0,-110.0,-16.0,1,0
52308,3.1416,-0.9971,0.698,0.2961,0.0,0.0,0.0,0.0,0.0,-26.0,-110.0,-16.0,1,0
52320,3.1416,-0.9971,0.698,0.2961,0.024,0.0,0.0,0.0,0.0,-25.0,-107.0,-15.0,1,0
52332,3.1416,-0.9971,0.698,0.2961,0.024,0.0,0.0,0.0,0.0,-27.0,-110.0,-16.0,1,0
52341,3.1416,-0.9971,0.698,0.2961,0.024,0.0,0.0,0.0,0.0,-27.0,-110.0,-16.0,1,0
52353,3.1416,-0.9956,0.698,0.2961,0.024,0.0,0.0,0.0,0.0,-27.0,-110.0,-16.0,1,0
52365,3.1416,-0.9956,0.698,0.2961,0.0,0.0,0.0,0.0,0.0,-26.0,-109.0,-16.0,1,0
52377,3.1416,-0.9956,0.698,0.2961,0.0,0.0,0.0,0.0,0.0,-26.0,-110.0,-15.0,1,0
52386,3.1416,-0.9956,0.698,0.2961,0.0,0.0,0.0,0.0,0.0,-21.0,-111.0,-16.0,1,0
52398,3.1416,-0.9956,0.698,0.2961,0.0,0.0,0.0,0.0,0.0,-21.0,-111.0,-14.0,1,0
52410,3.1416,-0.9956,0.698,0.2961,0.0,0.0,0.0,0.0,0.0,-16.0,-110.0,-15.0,1,0
52422,3.1416,-0.9971,0.698,0.2961,0.0,0.0,0.0,0.0,0.0,-22.0,-106.0,-16.0,1,0
52435,3.1416,-0.9971,0.698,0.2961,0.0,0.0,0.0,0.0,0.0,-19.0,-110.0,-16.0,1,0
52443,3.1416,-0.9971,0.698,0.2961,0.0,0.0,0.0,0.0,0.0,-20.0,-109.0,-13.0,1,0
52455,3.1416,-0.9956,0.698,0.2961,0.0,0.0,0.0,0.0,0.0,-20.0,-107.0,-16.0,1,0
52468,3.1401,-0.9971,0.698,0.2961,0.0,0.0,0.0,0.0,0.0,-19.0,-110.0,-16.0,1,0
52480,3.1416,-0.9956,0.698,0.2961,0.0,0.0,0.0,0.0,0.0,-21.0,-108.0,-16.0,0,0
52492,3.1416,-0.9971,0.698,0.2945,0.0,0.0,0.0,0.0,0.0,-19.0,-108.0,-15.0,0,0
52500,3.1416,-0.9971,0.698,0.2945,0.0,0.0,0.0,0.0,0.0,-19.0,-108.0,-15.0,0,0
52513,3.1416,-0.9971,0.698,0.2961,0.0,0.0,0.0,0.0,0.0,-22.0,-109.0,-15.0,0,0
52525,3.1416,-0.9956,0.698,0.2961,0.0,0.0,0.0,0.0,0.0,-18.0,-111.0,-15.0,0,0
52537,3.1416,-0.9971,0.698,0.2961,0.0,0.0,0.0,0.0,0.0,-22.0,-107.0,-15.0,0,0
52549,3.1416,-0.9971,0.698,0.2961,0.0,0.0,0.0,0.0,0.0,-22.0,-107.0,-15.0,0,0
52558,3.1416,-0.9956,0.6995,0.2961,0.0,0.0,0.0,0.0,0.0,-19.0,-109.0,-15.0,0,0
52570,3.1416,-0.9971,0.698,0.2961,0.0,0.0,0.0,0.0,0.0,-20.0,-110.0,-15.0,0,0
52582,3.1416,-0.9971,0.698,0.2961,0.0,0.0,0.0,0.0,0.0,-25.0,-108.0,-16.0,0,0
52594,3.1416,-0.9971,0.698,0.2961,0.0,0.0,0.0,0.0,0.0,-22.0,-107.0,-16.0,0,0
52607,3.1401,-0.9971,0.698,0.2961,0.0,0.0,0.0,0.0,0.0,-23.0,-109.0,-16.0,0,0
52615,3.1416,-0.9971,0.698,0.2961,0.0,0.0,0.0,0.0,0.0,-21.0,-107.0,-16.0,0,0
52627,3.1416,-0.9956,0.698,0.2961,0.0,0.0,0.0,0.0,0.0,-17.0,-107.0,-16.0,0,0
52640,3.1416,-0.9971,0.698,0.2961,0.0,0.0,0.0,0.0,0.0,-20.0,-107.0,-16.0,0,0
52652,3.1416,-0.9956,0.698,0.2961,0.0,0.0,0.0,0.0,0.0,-19.0,-110.0,-15.0,0,0
52664,3.1416,-0.9956,0.698,0.2961,0.0,0.0,0.0,0.0,0.0,-24.0,-110.0,-15.0,0,0
52672,3.1416,-0.9971,0.698,0.2961,0.0,0.0,0.0,0.0,0.0,-20.0,-108.0,-15.0,0,0
52685,3.1416,-0.9971,0.698,0.2961,0.0,0.0,0.0,0.0,0.0,-21.0,-110.0,-15.0,0,0
52697,3.1416,-0.9971,0.698,0.2961,0.0,0.0,0.0,0.0,0.0,-22.0,-111.0,-16.0,0,0
52709,3.1416,-0.9971,0.698,0.2961,0.0,0.0,0.0,0.0,0.0,-20.0,-109.0,-16.0,0,0
52721,3.1416,-0.9956,0.698,0.2961,0.0,0.0,0.0,0.0,0.0,-20.0,-109.0,-16.0,0,0
52730,3.1416,-0.9956,0.698,0.2961,0.0,0.0,0.0,0.0,0.0,-20.0,-109.0,-16.0,0,0
52742,3.1401,-0.9971,0.698,0.2961,0.0,0.0,0.0,0.0,0.0,-21.0,-106.0,-15.0,0,0
52754,3.1416,-0.9971,0.698,0.2961,0.0,0.0,0.0,0.0,0.0,-19.0,-109.0,-15.0,0,0
52767,3.1416,-0.9971,0.698,0.2961,0.0,0.0,0.0,0.0,0.0,-21.0,-109.0,-15.0,0,0
52779,3.1416,-0.9956,0.698,0.2961,0.0,0.0,0.0,0.0,0.0,-19.0,-109.0,-15.0,0,0
52787,3.1416,-0.9956,0.698,0.2961,0.0,0.0,0.0,0.0,0.0,-17.0,-109.0,-15.0,0,0
52799,3.1416,-0.9971,0.698,0.2961,0.0,0.0,0.0,0.0,0.0,-18.0,-107.0,-15.0,0,0
52812,3.1401,-0.9971,0.698,0.2961,0.0,0.0,0.0,0.0,0.0,-21.0,-107.0,-16.0,0,0
52824,3.1416,-0.9956,0.698,0.2961,0.0,0.0,0.0,0.0,0.0,-19.0,-109.0,-16.0,0,0
52832,3.1416,-0.9971,0.698,0.2961,0.0,0.0,0.0,0.0,0.0,-21.0,-110.0,-16.0,0,0
52844,3.1416,-0.9956,0.698,0.2961,0.0,0.0,0.0,0.0,0.0,-20.0,-108.0,-16.0,0,0
52857,3.1416,-0.9956,0.698,0.2961,0.0,0.0,0.0,0.0,0.0,-22.0,-106.0,-16.0,0,0
52869,3.1416,-0.9971,0.698,0.2961,0.0,0.0,0.0,0.0,0.0,-28.0,-107.0,-16.0,0,0
52881,3.1416,-0.9956,0.6964,0.2961,0.0,0.0,0.0,0.0,0.0,-27.0,-96.0,-15.0,0,0
52889,3.1416,-0.9956,0.6964,0.2961,0.0,0.0,0.0,0.0,0.0,-27.0,-96.0,-15.0,0,0
52902,3.1416,-0.9956,0.6964,0.2961,0.0,0.0,0.0,0.0,0.0,-44.0,-103.0,-16.0,0,0
52914,3.1416,-0.994,0.698,0.2961,0.0,0.0,0.0,0.0,-1.0,-53.0,-105.0,-16.0,0,0
52926,3.1431,-0.9925,0.698,0.2961,0.0,0.024,0.0,0.0,0.0,-60.0,-107.0,-16.0,30,1
52939,3.1431,-0.9925,0.698,0.2961,0.0,0.024,0.0,0.0,0.0,-65.0,-105.0,-16.0,45,1
52951,3.1431,-0.991,0.6964,0.2961,0.0,0.0479,0.0,0.0,0.0,-74.0,-109.0,-16.0,56,1
52963,3.1416,-0.9894,0.6964,0.2961,0.0,0.0719,0.0,0.0,-1.0,-78.0,-103.0,-16.0,58,1
52975,3.1416,-0.9879,0.6964,0.2961,0.0,0.0719,0.0,0.0,-8.0,-75.0,-103.0,-16.0,70,1
52988,3.1416,-0.9879,0.6964,0.2961,0.0,0.0719,0.0,0.0,-3.0,-76.0,-103.0,-16.0,73,1
53000,3.1416,-0.9879,0.6964,0.2961,0.0,0.0719,0.0,0.0,-1.0,-75.0,-103.0,-16.0,78,1
53012,3.1416,-0.9863,0.6964,0.2961,0.0,0.0719,0.0,0.0,0.0,-78.0,-103.0,-16.0,80,1
53025,3.1401,-0.9863,0.6964,0.2961,0.0,0.0479,0.0,0.0,0.0,-80.0,-103.0,-16.0,82,1
53041,3.1385,-0.9863,0.6964,0.2961,-0.024,0.024,0.0,0.0,0.0,-85.0,-104.0,-16.0,83,1
53053,3.1385,-0.9848,0.6964,0.2961,-0.024,0.024,0.0,0.0,0.0,-97.0,-103.0,-16.0,84,1
53066,3.137,-0.9848,0.6964,0.2961,-0.0479,0.024,0.0,0.0,8.0,-99.0,-102.0,-16.0,84,1
53078,3.137,-0.9848,0.6964,0.2961,-0.0479,0.024,0.0,0.0,6.0,-98.0,-103.0,-16.0,84,1
53090,3.137,-0.9863,0.698,0.2961,-0.0479,0.0,0.0,0.0,8.0,-92.0,-102.0,-16.0,85,1
53102,3.137,-0.9863,0.6964,0.2961,-0.0479,0.0,0.0,0.0,5.0,-93.0,-103.0,-16.0,84,1
53115,3.137,-0.9863,0.6964,0.2961,-0.024,0.0,0.0,0.0,5.0,-91.0,-103.0,-15.0,83,1
53127,3.1385,-0.9863,0.6964,0.2961,0.0,0.0,0.0,0.0,3.0,-76.0,-105.0,-16.0,81,1
53139,3.1385,-0.9863,0.698,0.2961,0.0,0.0,0.0,0.0,0.0,-74.0,-103.0,-16.0,77,1
53152,3.1385,-0.9879,0.6964,0.2961,0.0,0.0,0.0,0.0,0.0,-55.0,-105.0,-16.0,69,1
53164,3.1385,-0.9894,0.6964,0.2961,0.0,-0.024,0.0,0.0,0.0,-42.0,-103.0,-16.0,59,1
53176,3.1401,-0.991,0.698,0.2961,0.0,-0.024,0.0,0.0,0.0,-39.0,-103.0,-15.0,47,1
53188,3.1401,-0.9925,0.6964,0.2961,0.0,-0.0479,0.0,0.0,0.0,-34.0,-105.0,-16.0,35,1
53201,3.1401,-0.9925,0.6964,0.2961,0.0,-0.0479,0.0,0.0,0.0,-33.0,-103.0,-16.0,20,1
53213,3.1385,-0.994,0.6964,0.2961,0.0,-0.0719,0.0,0.0,0.0,-35.0,-103.0,-15.0,11,1
53225,3.1385,-0.994,0.6964,0.2961,0.0,-0.0719,0.0,0.0,0.0,-38.0,-103.0,-16.0,2,0
53238,3.1385,-0.994,0.6964,0.2961,0.0,-0.0719,0.0,0.0,0.0,-40.0,-104.0,-16.0,2,0
53250,3.1401,-0.994,0.698,0.2961,0.0,-0.0479,0.0,0.0,0.0,-41.0,-103.0,-15.0,2,0
53258,3.1401,-0.994,0.6964,0.2961,0.0,-0.0479,0.0,0.0,0.0,-42.0,-104.0,-16.0,2,0
53270,3.1401,-0.994,0.6964,0.2961,0.0,-0.024,0.0,0.0,0.0,-43.0,-103.0,-16.0,0,0
53283,3.1401,-0.994,0.6964,0.2961,0.0,0.0,0.0,0.0,0.0,-43.0,-101.0,-15.0,0,0
53295,3.1401,-0.994,0.6964,0.2961,0.0,0.0,0.0,0.0,0.0,-43.0,-103.0,-15.0,0,0
53307,3.1401,-0.994,0.6964,0.2961,0.0,0.0,0.0,0.0,0.0,-43.0,-101.0,-16.0,0,0
53315,3.1385,-0.994,0.698,0.2961,0.0,0.0,0.0,0.0,0.0,-43.0,-103.0,-15.0,0,0
53328,3.1401,-0.994,0.6964,0.2961,0.0,0.0,0.0,0.0,0.0,-43.0,-102.0,-15.0,0,0
53340,3.1401,-0.994,0.6964,0.2961,0.0,0.0,0.0,0.0,0.0,-43.0,-104.0,-16.0,0,0
53352,3.1401,-0.994,0.6964,0.2961,0.0,0.0,0.0,0.0,0.0,-44.0,-101.0,-15.0,0,0
53364,3.1401,-0.994,0.6964,0.2961,0.0,0.0,0.0,0.0,0.0,-45.0,-103.0,-14.0,0,0
53373,3.1401,-0.994,0.6964,0.2961,0.0,0.0,0.0,0.0,0.0,-47.0,-104.0,-15.0,0,0
53385,3.1401,-0.994,0.6964,0.2961,0.0,0.0,0.0,0.0,0.0,-45.0,-103.0,-15.0,0,0
53397,3.1401,-0.994,0.6964,0.2961,0.0,0.0,0.0,0.0,0.0,-48.0,-103.0,-18.0,0,0
53410,3.1401,-0.994,0.698,0.2961,0.0,0.0,0.0,0.0,0.0,-47.0,-101.0,-16.0,0,0
53422,3.1401,-0.994,0.6964,0.2961,0.0,0.0,0.0,0.0,0.0,-47.0,-101.0,-16.0,0,0
53430,3.1401,-0.994,0.6964,0.2961,0.0,0.0,0.0,0.0,0.0,-47.0,-101.0,-16.0,0,0
53442,3.1401,-0.994,0.6964,0.2961,0.0,0.0,0.0,0.0,0.0,-48.0,-103.0,-12.0,0,0
53455,3.1385,-0.994,0.6964,0.2961,0.0,0.0,0.0,0.0,0.0,-48.0,-101.0,-16.0,0,0
53467,3.1401,-0.994,0.6964,0.2961,0.0,0.0,0.0,0.0,0.0,-47.0,-101.0,-16.0,0,0
53479,3.1385,-0.994,0.6964,0.2961,0.0,0.0,0.0,0.0,0.0,-47.0,-101.0,-16.0,0,0
53487,3.1401,-0.994,0.6964,0.2961,0.0,0.0,0.0,0.0,0.0,-47.0,-101.0,-16.0,0,0
53500,3.1401,-0.994,0.6964,0.2961,0.0,0.0,0.0,0.0,0.0,-47.0,-104.0,-16.0,0,0
53512,3.1401,-0.994,0.6964,0.2961,0.0,0.0,0.0,0.0,0.0,-47.0,-102.0,-16.0,0,0
53524,3.1401,-0.994,0.6964,0.2961,0.0,0.0,0.0,0.0,0.0,-47.0,-103.0,-16.0,0,0
53532,3.1401,-0.994,0.6964,0.2961,0.0,0.0,0.0,0.0,0.0,-47.0,-102.0,-16.0,0,0
53545,3.1401,-0.994,0.6964,0.2961,0.0,0.0,0.0,0.0,0.0,-47.0,-104.0,-15.0,0,0
53557,3.1401,-0.994,0.6964,0.2961,0.0,0.0,0.0,0.0,0.0,-47.0,-101.0,-16.0,0,0
53569,3.1385,-0.994,0.6964,0.2961,0.0,0.0,0.0,0.0,0.0,-47.0,-104.0,-16.0,0,0
53582,3.1401,-0.994,0.6964,0.2961,0.0,0.0,0.0,0.0,0.0,-47.0,-102.0,-16.0,0,0
53590,3.1401,-0.994,0.6964,0.2961,0.0,0.0,0.0,0.0,0.0,-47.0,-102.0,-16.0,0,0
53602,3.1401,-0.994,0.6964,0.2961,0.0,0.0,0.0,0.0,0.0,-47.0,-102.0,-16.0,0,0
53614,3.1385,-0.994,0.6964,0.2961,0.0,0.0,0.0,0.0,0.0,-47.0,-101.0,-16.0,0,0
53627,3.1401,-0.994,0.6964,0.2961,0.0,0.0,0.0,0.0,0.0,-48.0,-101.0,-16.0,0,0
53639,3.1401,-0.994,0.6964,0.2961,0.0,0.0,0.0,0.0,0.0,-48.0,-105.0,-16.0,0,0
53647,3.1401,-0.994,0.6964,0.2961,0.0,0.0,0.0,0.0,0.0,-48.0,-102.0,-16.0,0,0
53659,3.1401,-0.994,0.6964,0.2961,0.0,0.0,0.0,0.0,0.0,-48.0,-100.0,-16.0,0,0
53672,3.1401,-0.994,0.6964,0.2961,0.0,0.0,0.0,0.0,0.0,-48.0,-100.0,-16.0,0,0
53684,3.1401,-0.994,0.6964,0.2961,0.0,0.0,0.0,0.0,0.0,-47.0,-101.0,-16.0,0,0
53696,3.1401,-0.994,0.6964,0.2961,0.0,0.0,0.0,0.0,0.0,-47.0,-105.0,-16.0,0,0
53704,3.1401,-0.994,0.6964,0.2961,0.0,0.0,0.0,0.0,0.0,-47.0,-102.0,-16.0,0,0
53717,3.1385,-0.994,0.6964,0.2961,0.0,0.0,0.0,0.0,0.0,-47.0,-100.0,-16.0,0,0
53729,3.1401,-0.994,0.6964,0.2961,0.0,0.0,0.0,0.0,0.0,-47.0,-103.0,-16.0,0,0
53741,3.1401,-0.994,0.6964,0.2961,0.0,0.0,0.0,0.0,0.0,-47.0,-99.0,-16.0,0,0
53754,3.1401,-0.994,0.6964,0.2961,0.0,0.0,0.0,0.0,0.0,-47.0,-100.0,-16.0,0,0
53762,3.1401,-0.994,0.698,0.2961,0.0,0.0,0.0,0.0,0.0,-47.0,-101.0,-16.0,0,0
53774,3.1401,-0.994,0.6964,0.2961,0.0,0.0,0.0,0.0,0.0,-47.0,-99.0,-16.0,0,0
53786,3.1416,-0.994,0.6964,0.2976,0.0,0.0,0.0,0.0,0.0,-45.0,-99.0,-16.0,0,0
53799,3.1431,-0.994,0.6964,0.2961,0.0,0.0,0.0,0.0,-4.0,-45.0,-100.0,-16.0,0,0
53811,3.1447,-0.994,0.6964,0.2961,0.024,0.0,0.0,0.0,-11.0,-45.0,-100.0,-16.0,0,0
53819,3.1447,-0.994,0.6964,0.2961,0.024,0.0,0.0,0.0,-11.0,-45.0,-100.0,-16.0,0,0
53831,3.1431,-0.994,0.6964,0.2961,0.0479,0.0,0.0,0.0,-9.0,-45.0,-102.0,-16.0,1,0
53844,3.1431,-0.994,0.6964,0.2961,0.024,0.0,0.0,0.0,-7.0,-45.0,-99.0,-16.0,3,0
53856,3.1431,-0.994,0.6964,0.2961,0.024,0.0,0.0,0.0,-8.0,-45.0,-99.0,-17.0,7,0
53868,3.1431,-0.994,0.6964,0.2961,0.0,0.0,0.0,0.0,-4.0,-45.0,-99.0,-16.0,23,1
53881,3.1416,-0.994,0.6964,0.2961,0.0,0.0,0.0,0.0,0.0,-45.0,-100.0,-16.0,34,1
53893,3.1416,-0.994,0.6964,0.2961,0.0,0.0,0.0,0.0,0.0,-45.0,-100.0,-16.0,43,1
53905,3.1416,-0.994,0.6964,0.2961,0.0,0.0,0.0,0.0,0.0,-45.0,-99.0,-16.0,48,1
53917,3.1416,-0.994,0.6964,0.2961,0.0,0.0,0.0,0.0,-2.0,-45.0,-100.0,-16.0,51,1
53930,3.1416,-0.994,0.6964,0.2961,0.0,0.0,0.0,0.0,-3.0,-45.0,-100.0,-16.0,53,1
53942,3.1416,-0.994,0.6964,0.2961,0.0,0.0,0.0,0.0,0.0,-45.0,-102.0,-16.0,54,1
53954,3.1416,-0.994,0.6964,0.2961,0.0,0.0,0.0,0.0,-1.0,-45.0,-100.0,-16.0,54,1
53967,3.1416,-0.994,0.6964,0.2961,0.0,0.0,0.0,0.0,-1.0,-45.0,-99.0,-16.0,55,1
53979,3.1416,-0.994,0.6964,0.2961,0.0,0.0,0.0,0.0,-1.0,-45.0,-99.0,-15.0,56,1
53991,3.1416,-0.994,0.6964,0.2961,0.0,0.0,0.0,0.0,-1.0,-45.0,-101.0,-15.0,58,1
54003,3.1416,-0.994,0.6964,0.2961,0.0,0.0,0.0,0.0,-1.0,-45.0,-99.0,-15.0,58,1
54016,3.1416,-0.994,0.698,0.2961,0.0,0.0,0.0,0.0,0.0,-45.0,-100.0,-15.0,59,1
54028,3.1416,-0.994,0.6964,0.2961,0.0,0.0,0.0,0.0,0.0,-45.0,-100.0,-15.0,59,1
54040,3.1416,-0.994,0.6964,0.2961,0.0,0.0,0.0,0.0,-1.0,-45.0,-100.0,-15.0,59,1
54057,3.1401,-0.994,0.6964,0.2961,0.0,0.0,0.0,0.0,-2.0,-45.0,-100.0,-16.0,59,1
54069,3.1416,-0.994,0.6964,0.2961,0.0,0.0,0.0,0.0,-2.0,-45.0,-99.0,-16.0,58,1
54081,3.1416,-0.994,0.6964,0.2961,0.0,0.0,0.0,0.0,0.0,-45.0,-100.0,-16.0,55,1
54094,3.1416,-0.994,0.6964,0.2961,0.0,0.0,0.0,0.0,0.0,-47.0,-100.0,-16.0,52,1
54106,3.1401,-0.994,0.6964,0.2961,0.0,0.0,0.0,0.0,0.0,-47.0,-97.0,-16.0,47,1
54118,3.1401,-0.994,0.6964,0.2961,0.0,0.0,0.0,0.0,0.0,-46.0,-97.0,-16.0,37,1
54130,3.1401,-0.994,0.6964,0.2961,0.0,0.0,0.0,0.0,0.0,-50.0,-100.0,-16.0,26,1
54143,3.1401,-0.9956,0.6964,0.2961,0.0,0.0,0.0,0.0,0.0,-42.0,-99.0,-16.0,6,0
54151,3.1401,-0.9956,0.6964,0.2961,0.0,0.0,0.0,0.0,0.0,-42.0,-99.0,-16.0,2,0
54163,3.1401,-0.9956,0.6964,0.2961,0.0,0.0,0.0,0.0,0.0,-45.0,-99.0,-16.0,1,0
54175,3.1401,-0.9956,0.6964,0.2961,0.0,0.0,0.0,0.0,0.0,-44.0,-99.0,-16.0,1,0
54188,3.1401,-0.9956,0.6964,0.2961,0.0,0.0,0.0,0.0,0.0,-43.0,-100.0,-16.0,1,0
54200,3.1401,-0.9956,0.6964,0.2961,0.0,0.0,0.0,0.0,0.0,-43.0,-99.0,-16.0,0,0
54208,3.1401,-0.9956,0.6964,0.2961,0.0,0.0,0.0,0.0,0.0,-44.0,-98.0,-16.0,0,0
54221,3.1401,-0.9956,0.6964,0.2961,0.0,0.0,0.0,0.0,0.0,-44.0,-98.0,-16.0,0,0
54233,3.1401,-0.9956,0.6964,0.2961,0.0,0.0,0.0,0.0,0.0,-43.0,-98.0,-12.0,0,0
54245,3.1401,-0.9956,0.6964,0.2961,0.0,0.0,0.0,0.0,0.0,-43.0,-98.0,-15.0,0,0
54257,3.1401,-0.9956,0.6964,0.2961,0.0,0.0,0.0,0.0,0.0,-43.0,-97.0,-16.0,0,0
54266,3.1401,-0.9956,0.6964,0.2961,0.0,0.0,0.0,0.0,0.0,-42.0,-98.0,-16.0,0,0
54278,3.1401,-0.9956,0.6964,0.2961,0.0,0.0,0.0,0.0,0.0,-39.0,-99.0,-16.0,0,0
54290,3.1401,-0.9956,0.6964,0.2961,0.0,0.0,0.0,0.0,0.0,-39.0,-98.0,-16.0,0,0
54302,3.1401,-0.9956,0.6964,0.2961,0.0,0.0,0.0,0.0,0.0,-43.0,-100.0,-15.0,0,0
54315,3.1401,-0.9956,0.6964,0.2961,0.0,0.0,0.0,0.0,0.0,-43.0,-98.0,-15.0,0,0
54323,3.1401,-0.994,0.6964,0.2961,0.0,0.0,0.0,0.0,-1.0,-43.0,-100.0,-16.0,0,0
54335,3.1401,-0.9956,0.6964,0.2961,0.0,0.0,0.0,0.0,0.0,-43.0,-97.0,-14.0,0,0
54348,3.1401,-0.9956,0.6964,0.2961,0.0,0.0,0.0,0.0,0.0,-44.0,-98.0,-16.0,0,0
54360,3.1401,-0.9956,0.6964,0.2961,0.0,0.0,0.0,0.0,0.0,-40.0,-99.0,-16.0,0,0
54372,3.1401,-0.9956,0.6964,0.2961,0.0,0.0,0.0,0.0,0.0,-39.0,-97.0,-14.0,0,0
54380,3.1401,-0.9956,0.6964,0.2961,0.0,0.0,0.0,0.0,0.0,-39.0,-97.0,-14.0,0,0
54393,3.1401,-0.9956,0.6964,0.2961,0.0,0.0,0.0,0.0,0.0,-39.0,-99.0,-16.0,0,0
54405,3.1401,-0.9956,0.6964,0.2961,0.0,0.0,0.0,0.0,0.0,-39.0,-99.0,-16.0,0,0
54417,3.1401,-0.9956,0.6964,0.2961,0.0,0.0,0.0,0.0,0.0,-39.0,-99.0,-16.0,0,0
54425,3.1401,-0.9956,0.6964,0.2961,0.0,0.0,0.0,0.0,0.0,-39.0,-96.0,-16.0,0,0
54438,3.1401,-0.9956,0.6964,0.2961,0.0,0.0,0.0,0.0,0.0,-39.0,-99.0,-16.0,0,0
54450,3.1401,-0.9956,0.6964,0.2961,0.0,0.0,0.0,0.0,0.0,-39.0,-96.0,-16.0,0,0
54462,3.1401,-0.9956,0.6964,0.2961,0.0,0.0,0.0,0.0,0.0,-40.0,-99.0,-16.0,0,0
54474,3.1401,-0.9956,0.6964,0.2961,0.0,0.0,0.0,0.0,0.0,-41.0,-99.0,-14.0,0,0
54483,3.1401,-0.9956,0.6964,0.2961,0.0,0.0,0.0,0.0,0.0,-39.0,-99.0,-15.0,0,0
54495,3.1401,-0.9956,0.6964,0.2961,0.0,0.0,0.0,0.0,0.0,-39.0,-97.0,-16.0,0,0
54507,3.1401,-0.9956,0.6964,0.2961,0.0,0.0,0.0,0.0,0.0,-40.0,-99.0,-15.0,0,0
54520,3.1401,-0.9956,0.6964,0.2961,0.0,0.0,0.0,0.0,0.0,-41.0,-97.0,-16.0,0,0
54532,3.1401,-0.9956,0.6964,0.2961,0.0,0.0,0.0,0.0,0.0,-40.0,-97.0,-16.0,0,0
54540,3.1401,-0.9956,0.6964,0.2961,0.0,0.0,0.0,0.0,0.0,-40.0,-97.0,-16.0,0,0
54552,3.1401,-0.9956,0.6964,0.2961,0.0,0.0,0.0,0.0,0.0,-39.0,-98.0,-16.0,0,0
54565,3.1401,-0.9956,0.6964,0.2961,0.0,0.0,0.0,0.0,0.0,-39.0,-96.0,-16.0,0,0
54577,3.1401,-0.9956,0.6964,0.2961,0.0,0.0,0.0,0.0,0.0,-42.0,-100.0,-16.0,0,0
54589,3.1401,-0.9956,0.6964,0.2961,0.0,0.0,0.0,0.0,0.0,-39.0,-98.0,-16.0,0,0
54597,3.1401,-0.9956,0.6964,0.2961,0.0,0.0,0.0,0.0,0.0,-39.0,-99.0,-16.0,0,0
54610,3.1401,-0.9956,0.6964,0.2961,0.0,0.0,0.0,0.0,0.0,-39.0,-98.0,-16.0,0,0
54622,3.1401,-0.9956,0.6964,0.2961,0.0,0.0,0.0,0.0,0.0,-39.0,-97.0,-16.0,0,0
54634,3.1401,-0.9956,0.6964,0.2961,0.0,0.0,0.0,0.0,0.0,-39.0,-99.0,-16.0,0,0
54647,3.1401,-0.994,0.6964,0.2961,0.0,0.0,0.0,0.0,0.0,-39.0,-98.0,-16.0,0,0
54655,3.1401,-0.9956,0.698,0.2961,0.0,0.0,0.0,0.0,0.0,-39.0,-97.0,-16.0,0,0
54667,3.1401,-0.9956,0.6964,0.2961,0.0,0.0,0.0,0.0,0.0,-42.0,-99.0,-15.0,0,0
54679,3.1401,-0.9956,0.6964,0.2961,0.0,0.0,0.0,0.0,0.0,-39.0,-99.0,-15.0,0,0
54692,3.1401,-0.9956,0.6964,0.2961,0.0,0.0,0.0,0.0,0.0,-40.0,-94.0,-13.0,0,0
54704,3.1401,-0.9956,0.6964,0.2961,0.0,0.0,0.0,0.0,0.0,-39.0,-99.0,-17.0,0,0
54712,3.1401,-0.9956,0.6964,0.2961,0.0,0.0,0.0,0.0,0.0,-39.0,-99.0,-16.0,0,0
54724,3.1401,-0.9956,0.6964,0.2961,0.0,0.0,0.0,0.0,0.0,-41.0,-95.0,-13.0,0,0
54737,3.1401,-0.9956,0.6964,0.2961,0.0,0.0,0.0,0.0,0.0,-40.0,-95.0,-15.0,0,0
54749,3.1401,-0.9956,0.6964,0.2961,0.0,0.0,0.0,0.0,0.0,-39.0,-95.0,-16.0,0,0
54761,3.1401,-0.9956,0.6964,0.2961,0.0,0.0,0.0,0.0,0.0,-39.0,-97.0,-16.0,0,0
54769,3.1401,-0.9956,0.6964,0.2961,0.0,0.0,0.0,0.0,0.0,-39.0,-97.0,-16.0,0,0
54782,3.1401,-0.9956,0.6964,0.2961,0.0,0.0,0.0,0.0,0.0,-39.0,-97.0,-16.0,0,0
54794,3.1401,-0.9956,0.6964,0.2961,0.0,0.0,0.0,0.0,0.0,-39.0,-94.0,-16.0,0,0
54806,3.1401,-0.994,0.6964,0.2961,0.0,0.0,0.0,0.0,0.0,-39.0,-99.0,-16.0,0,0
54819,3.1416,-0.9956,0.6964,0.2961,0.0,0.0,0.0,0.0,-3.0,-39.0,-95.0,-16.0,0,0
54827,3.1431,-0.9956,0.6964,0.2961,0.0,0.0,0.0,0.0,-28.0,-39.0,-100.0,-16.0,0,0
54839,3.1447,-0.9956,0.6964,0.2961,0.024,0.0,0.0,0.0,-52.0,-35.0,-97.0,-16.0,0,0
54851,3.1447,-0.9956,0.6964,0.2961,0.0479,0.0,0.0,0.0,-33.0,-35.0,-98.0,-16.0,0,0
54864,3.1447,-0.9971,0.6964,0.2961,0.0479,0.0,0.0,0.0,-33.0,-35.0,-97.0,-16.0,0,0
54872,3.1462,-0.9971,0.6964,0.2976,0.0479,0.0,0.0,0.0,-46.0,-29.0,-98.0,-16.0,2,0
54884,3.1462,-0.9971,0.6964,0.2961,0.0479,0.0,0.0,0.0,-50.0,-22.0,-98.0,-16.0,4,0
54896,3.1477,-0.9971,0.6964,0.2961,0.0479,0.0,0.0,0.0,-65.0,-20.0,-97.0,-16.0,7,0
54909,3.1493,-0.9971,0.6964,0.2961,0.0479,0.0,0.0,0.0,-65.0,-20.0,-95.0,-16.0,11,1
54921,3.1508,-0.9986,0.6964,0.2961,0.0719,-0.024,0.0,0.0,-73.0,-19.0,-99.0,-16.0,15,1
54933,3.1508,-0.9986,0.6964,0.2961,0.0719,-0.024,0.0,0.0,-76.0,-14.0,-99.0,-16.0,25,1
54946,3.1523,-0.9986,0.6964,0.2961,0.0719,-0.024,0.0,0.0,-78.0,-14.0,-95.0,-16.0,27,1
54958,3.1523,-0.9986,0.6964,0.2961,0.0719,-0.024,0.0,0.0,-78.0,-15.0,-100.0,-15.0,31,1
54970,3.1539,-0.9986,0.6964,0.2961,0.0719,-0.024,0.0,0.0,-83.0,-15.0,-95.0,-15.0,33,1
54982,3.1539,-0.9986,0.6964,0.2961,0.0719,0.0,0.0,0.0,-84.0,-17.0,-97.0,-16.0,42,1
54995,3.1554,-0.9986,0.6964,0.2961,0.0719,0.0,0.0,0.0,-97.0,-18.0,-96.0,-16.0,45,1
55011,3.1569,-0.9986,0.6964,0.2961,0.0719,0.0,0.0,0.0,-113.0,-17.0,-97.0,-15.0,47,1
55023,3.1585,-0.9986,0.6964,0.2961,0.0719,0.0,0.0,0.0,-115.0,-17.0,-96.0,-16.0,48,1
55036,3.1585,-0.9986,0.6964,0.2961,0.0719,0.0,0.0,0.0,-115.0,-17.0,-96.0,-16.0,53,1
55048,3.1585,-0.9986,0.6964,0.2961,0.0719,0.0,0.0,0.0,-133.0,-17.0,-95.0,-16.0,59,1
55060,3.1585,-0.9986,0.6964,0.2961,0.0719,0.0,0.0,0.0,-107.0,-17.0,-97.0,-16.0,59,1
55072,3.1585,-0.9986,0.6964,0.2961,0.0479,0.0,0.0,0.0,-106.0,-16.0,-94.0,-15.0,60,1
55085,3.1585,-0.9986,0.6964,0.2961,0.0479,0.0,0.0,0.0,-105.0,-16.0,-96.0,-15.0,62,1
55097,3.1585,-0.9986,0.6964,0.2961,0.024,0.0,0.0,0.0,-106.0,-18.0,-95.0,-15.0,62,1
55109,3.1585,-0.9986,0.6964,0.2961,0.0,0.0,0.0,0.0,-96.0,-13.0,-95.0,-15.0,61,1
55122,3.1569,-0.9986,0.6964,0.2961,0.0,0.0,0.0,0.0,-61.0,-10.0,-95.0,-16.0,59,1
55134,3.1539,-0.9986,0.6964,0.2961,-0.024,0.0,0.0,0.0,-40.0,-12.0,-95.0,-16.0,54,1
55146,3.1523,-0.9986,0.6964,0.2961,-0.0479,0.0,0.0,0.0,-23.0,-12.0,-94.0,-16.0,43,1
55158,3.1477,-0.9986,0.6964,0.2961,-0.0959,0.0,0.0,0.0,-12.0,-13.0,-95.0,-16.0,26,1
55171,3.1447,-0.9986,0.6964,0.2961,-0.1198,0.0,0.0,0.0,2.0,-13.0,-95.0,-16.0,22,1
55183,3.1431,-0.9986,0.6964,0.2961,-0.1918,0.0,0.0,0.0,-12.0,-13.0,-95.0,-16.0,15,1
55195,3.1416,-0.9986,0.698,0.2961,-0.1918,0.0,0.0,0.0,-2.0,-13.0,-95.0,-16.0,13,1
55208,3.1401,-0.9986,0.6964,0.2961,-0.1918,0.0,0.0,0.0,1.0,-13.0,-95.0,-16.0,9,0
55220,3.1385,-0.9986,0.6964,0.2961,-0.1918,0.0,0.0,0.0,5.0,-13.0,-94.0,-16.0,2,0
55232,3.1355,-0.9986,0.6964,0.2961,-0.1438,0.0,0.0,0.0,14.0,-12.0,-98.0,-15.0,2,0
55240,3.1355,-0.9986,0.6964,0.2961,-0.1438,0.0,0.0,0.0,14.0,-12.0,-98.0,-15.0,2,0
55253,3.1339,-0.9986,0.6964,0.2961,-0.1438,0.0,0.0,0.0,13.0,-12.0,-96.0,-16.0,3,0
55265,3.1355,-0.9986,0.6964,0.2961,-0.1198,0.0,0.0,0.0,3.0,-13.0,-94.0,-16.0,2,0
55277,3.137,-0.9986,0.6964,0.2961,-0.0719,0.0,0.0,0.0,-6.0,-13.0,-95.0,-16.0,2,0
55290,3.1385,-0.9986,0.6964,0.2961,-0.0479,0.0,0.0,0.0,0.0,-13.0,-94.0,-16.0,2,0
55298,3.1401,-0.9986,0.6964,0.2961,0.0,0.0,0.0,0.0,-4.0,-13.0,-96.0,-16.0,2,0
55310,3.1401,-0.9986,0.6964,0.2961,0.024,0.0,0.0,0.0,0.0,-13.0,-97.0,-16.0,2,0
55322,3.1401,-0.9986,0.6964,0.2961,0.0719,0.0,0.0,0.0,0.0,-13.0,-96.0,-16.0,2,0
55335,3.1401,-0.9986,0.6964,0.2961,0.0479,0.0,0.0,0.0,2.0,-13.0,-97.0,-16.0,2,0
55347,3.1385,-0.9986,0.6964,0.2961,0.0479,0.0,0.0,0.0,0.0,-13.0,-98.0,-16.0,2,0
55355,3.137,-0.9986,0.6964,0.2961,0.024,0.0,0.0,0.0,0.0,-13.0,-95.0,-16.0,2,0
55367,3.137,-0.9986,0.6964,0.2961,0.0,0.0,0.0,0.0,0.0,-13.0,-96.0,-16.0,2,0
55380,3.1355,-0.9986,0.6964,0.2961,-0.024,0.0,0.0,0.0,9.0,-13.0,-94.0,-16.0,2,0
55392,3.1355,-0.9986,0.6964,0.2961,-0.0479,0.0,0.0,0.0,4.0,-13.0,-93.0,-15.0,2,0
55404,3.1355,-0.9986,0.6964,0.2961,-0.0479,0.0,0.0,0.0,1.0,-13.0,-96.0,-16.0,2,0
55412,3.137,-0.9986,0.6964,0.2961,-0.0479,0.0,0.0,0.0,-6.0,-13.0,-95.0,-16.0,2,0
55425,3.137,-0.9986,0.6964,0.2961,-0.024,0.0,0.0,0.0,0.0,-15.0,-94.0,-16.0,2,0
55437,3.1385,-0.9986,0.6964,0.2961,0.0,0.0,0.0,0.0,0.0,-16.0,-95.0,-15.0,2,0
55449,3.1385,-0.9986,0.6964,0.2961,0.0,0.0,0.0,0.0,0.0,-16.0,-94.0,-16.0,2,0
55462,3.1401,-0.9986,0.6964,0.2961,0.024,0.0,0.0,0.0,0.0,-16.0,-93.0,-16.0,2,0
55470,3.1401,-0.9986,0.6964,0.2961,0.024,0.0,0.0,0.0,0.0,-16.0,-93.0,-16.0,2,0
55482,3.1385,-0.9986,0.6964,0.2961,0.0479,0.0,0.0,0.0,0.0,-16.0,-95.0,-14.0,2,0
55494,3.1385,-0.9986,0.6964,0.2961,0.024,0.0,0.0,0.0,0.0,-16.0,-94.0,-15.0,1,0
55507,3.1385,-0.9986,0.6964,0.2961,0.0,0.0,0.0,0.0,0.0,-16.0,-94.0,-15.0,1,0
55519,3.1385,-0.9986,0.6964,0.2961,0.0,0.0,0.0,0.0,0.0,-16.0,-96.0,-15.0,1,0
55527,3.137,-0.9986,0.6964,0.2961,0.0,0.0,0.0,0.0,0.0,-16.0,-94.0,-15.0,1,0
55539,3.137,-0.9986,0.6964,0.2961,0.0,0.0,0.0,0.0,0.0,-16.0,-96.0,-15.0,1,0
55552,3.137,-0.9986,0.6964,0.2961,-0.024,0.0,0.0,0.0,0.0,-16.0,-96.0,-16.0,1,0
55564,3.137,-0.9986,0.6964,0.2961,-0.024,0.0,0.0,0.0,0.0,-16.0,-95.0,-16.0,1,0
55572,3.137,-0.9986,0.6964,0.2961,-0.024,0.0,0.0,0.0,0.0,-16.0,-93.0,-16.0,1,0
55584,3.137,-0.9986,0.6964,0.2961,0.0,0.0,0.0,0.0,0.0,-16.0,-93.0,-16.0,0,0
55597,3.137,-0.9986,0.6964,0.2961,0.0,0.0,0.0,0.0,0.0,-15.0,-93.0,-16.0,1,0
55609,3.137,-0.9986,0.6964,0.2961,0.0,0.0,0.0,0.0,0.0,-15.0,-93.0,-16.0,1,0
55621,3.137,-0.9986,0.6964,0.2961,0.0,0.0,0.0,0.0,0.0,-12.0,-95.0,-16.0,1,0
55630,3.137,-0.9986,0.6964,0.2961,0.0,0.0,0.0,0.0,0.0,-12.0,-95.0,-16.0,1,0
55642,3.137,-0.9986,0.6964,0.2961,0.0,0.0,0.0,0.0,0.0,-12.0,-94.0,-16.0,1,0
55654,3.137,-0.9986,0.6964,0.2961,0.0,0.0,0.0,0.0,0.0,-12.0,-94.0,-16.0,1,0
55667,3.1385,-0.9986,0.6964,0.2961,0.0,0.0,0.0,0.0,0.0,-12.0,-94.0,-16.0,1,0
55679,3.137,-0.9986,0.6964,0.2961,0.0,0.0,0.0,0.0,0.0,-12.0,-95.0,-16.0,0,0
55687,3.137,-0.9986,0.6964,0.2961,0.0,0.0,0.0,0.0,0.0,-12.0,-94.0,-16.0,1,0
55700,3.137,-0.9986,0.6964,0.2961,0.0,0.0,0.0,0.0,0.0,-12.0,-95.0,-16.0,1,0
55712,3.137,-0.9986,0.6964,0.2961,0.0,0.0,0.0,0.0,0.0,-12.0,-93.0,-16.0,1,0
55724,3.137,-0.9986,0.6964,0.2961,0.0,0.0,0.0,0.0,0.0,-12.0,-92.0,-16.0,1,0
55736,3.137,-0.9986,0.6964,0.2961,0.0,0.0,0.0,0.0,0.0,-12.0,-92.0,-16.0,1,0
55745,3.137,-0.9986,0.6964,0.2961,0.0,0.0,0.0,0.0,0.0,-12.0,-94.0,-16.0,2,0
55757,3.137,-0.9986,0.6964,0.2961,0.0,0.0,0.0,0.0,0.0,-12.0,-93.0,-16.0,2,0
55769,3.137,-0.9986,0.6964,0.2961,0.0,0.0,0.0,0.0,0.0,-12.0,-92.0,-16.0,2,0
55782,3.137,-0.9986,0.6964,0.2961,0.0,0.0,0.0,0.0,0.0,-12.0,-94.0,-16.0,2,0
55794,3.137,-0.9986,0.6964,0.2961,0.0,0.0,0.0,0.0,0.0,-12.0,-92.0,-16.0,2,0
55802,3.137,-0.9986,0.6964,0.2961,0.0,0.0,0.0,0.0,0.0,-12.0,-93.0,-16.0,1,0
55814,3.1385,-0.9986,0.6964,0.2961,0.0,0.0,0.0,0.0,0.0,-12.0,-94.0,-16.0,1,0
55826,3.137,-0.9986,0.6964,0.2961,0.0,0.0,0.0,0.0,0.0,-12.0,-94.0,-16.0,1,0
55838,3.137,-0.9986,0.6964,0.2961,0.0,0.0,0.0,0.0,0.0,-11.0,-93.0,-16.0,1,0
55851,3.137,-0.9986,0.6964,0.2961,0.0,0.0,0.0,0.0,0.0,-11.0,-92.0,-15.0,1,0
55859,3.1385,-0.9986,0.6964,0.2961,0.0,0.0,0.0,0.0,0.0,-11.0,-95.0,-16.0,1,0
55871,3.1385,-0.9986,0.6964,0.2961,0.0,0.0,0.0,0.0,0.0,-11.0,-93.0,-15.0,1,0
55883,3.137,-0.9986,0.6964,0.2961,0.0,0.0,0.0,0.0,0.0,-11.0,-93.0,-16.0,1,0
55896,3.1385,-0.9986,0.6964,0.2961,0.0,0.0,0.0,0.0,0.0,-12.0,-94.0,-16.0,1,0
55908,3.137,-0.9986,0.6964,0.2961,0.0,0.0,0.0,0.0,0.0,-12.0,-92.0,-16.0,1,0
55916,3.137,-0.9986,0.6964,0.2961,0.0,0.0,0.0,0.0,4.0,-12.0,-93.0,-16.0,1,0
55929,3.1355,-0.9986,0.6964,0.2961,0.0,0.0,0.0,0.0,8.0,-11.0,-95.0,-16.0,1,0
55941,3.1355,-0.9986,0.6964,0.2961,0.0,0.0,0.0,0.0,8.0,-11.0,-92.0,-16.0,1,0
55953,3.1355,-0.9986,0.6964,0.2961,0.0,0.0,0.0,0.0,4.0,-11.0,-93.0,-16.0,1,0
55962,3.137,-0.9986,0.6964,0.2961,0.0,0.0,0.0,0.0,6.0,-11.0,-96.0,-16.0,0,0
55974,3.1355,-0.9986,0.6964,0.2961,0.0,0.0,0.0,0.0,5.0,-11.0,-93.0,-16.0,0,0
55986,3.137,-0.9986,0.6964,0.2961,0.0,0.0,0.0,0.0,10.0,-11.0,-93.0,-14.0,0,0
55998,3.137,-0.9986,0.6964,0.2961,0.0,0.0,0.0,0.0,12.0,-11.0,-95.0,-16.0,1,0
56010,3.137,-0.9986,0.698,0.2961,0.0,0.0,0.0,0.0,13.0,-11.0,-94.0,-16.0,1,0
56019,3.1355,-0.9986,0.6964,0.2961,0.0,0.0,0.0,0.0,17.0,-11.0,-96.0,-16.0,3,0
56031,3.1355,-0.9986,0.6964,0.2961,0.0,0.0,0.0,0.0,34.0,-11.0,-91.0,-16.0,3,0
56044,3.1339,-0.9986,0.6964,0.2961,-0.024,0.0,0.0,0.0,33.0,-11.0,-93.0,-16.0,2,0
56055,3.1339,-0.9986,0.6964,0.2961,-0.024,0.0,0.0,0.0,33.0,-11.0,-92.0,-16.0,2,0
56068,3.1339,-0.9986,0.6964,0.2961,-0.024,0.0,0.0,0.0,33.0,-11.0,-94.0,-15.0,1,0
56077,3.1339,-0.9986,0.6964,0.2961,-0.024,0.0,0.0,0.0,33.0,-11.0,-93.0,-16.0,8,0
56089,3.1339,-0.9986,0.6964,0.2961,-0.024,0.0,0.0,0.0,33.0,-11.0,-92.0,-16.0,10,0
56101,3.1339,-0.9986,0.6964,0.2961,0.0,0.0,0.0,0.0,40.0,-11.0,-94.0,-16.0,9,0
56113,3.1309,-0.9986,0.6964,0.2961,0.0,0.0,0.0,0.0,55.0,-11.0,-94.0,-16.0,11,1
56125,3.1309,-0.9986,0.6964,0.2961,-0.024,0.0,0.0,0.0,72.0,-11.0,-93.0,-15.0,6,0
56137,3.1293,-0.9986,0.6964,0.2961,-0.0479,0.0,0.0,0.0,83.0,-11.0,-94.0,-16.0,5,0
56150,3.1278,-0.9986,0.6964,0.2961,-0.0479,0.0,0.0,0.0,90.0,-10.0,-93.0,-16.0,5,0
56162,3.1232,-0.9986,0.6964,0.2961,-0.0959,0.0,0.0,0.0,113.0,-11.0,-93.0,-16.0,8,0
56175,3.1217,-0.9986,0.6964,0.2961,-0.1198,0.0,0.0,0.0,128.0,-16.0,-91.0,-15.0,14,1
56187,3.1186,-0.9971,0.6964,0.2961,-0.1438,0.0,0.0,0.0,137.0,-23.0,-93.0,-15.0,23,1
56199,3.117,-0.9971,0.6964,0.2961,-0.1438,0.0,0.0,0.0,144.0,-22.0,-93.0,-16.0,27,1
56211,3.114,-0.9956,0.6964,0.2961,-0.1678,0.024,0.0,0.0,162.0,-30.0,-93.0,-15.0,36,1
56223,3.1109,-0.9956,0.6964,0.2961,-0.1678,0.024,0.0,0.0,167.0,-31.0,-92.0,-16.0,43,1
56236,3.1094,-0.9956,0.6964,0.2961,-0.1918,0.024,0.0,0.0,171.0,-28.0,-92.0,-16.0,49,1
56248,3.1078,-0.9956,0.6964,0.2961,-0.1678,0.024,0.0,0.0,165.0,-32.0,-93.0,-16.0,53,1
56261,3.1078,-0.9956,0.6964,0.2961,-0.1678,0.024,0.0,0.0,178.0,-31.0,-94.0,-16.0,56,1
56273,3.1048,-0.9956,0.6964,0.2961,-0.1438,0.0,0.0,0.0,198.0,-31.0,-94.0,-15.0,59,1
56285,3.1032,-0.9956,0.6964,0.2961,-0.1438,0.0,0.0,0.0,199.0,-31.0,-93.0,-15.0,64,1
56298,3.1032,-0.9956,0.6964,0.2961,-0.1198,0.0,0.0,0.0,179.0,-31.0,-94.0,-15.0,68,1
56310,3.1017,-0.9956,0.6964,0.2961,-0.1198,0.0,0.0,0.0,178.0,-31.0,-91.0,-16.0,72,1
56322,3.1017,-0.9956,0.6964,0.2961,-0.0719,0.0,0.0,0.0,181.0,-31.0,-92.0,-16.0,74,1
56335,3.1032,-0.9956,0.6964,0.2961,-0.0479,0.0,0.0,0.0,181.0,-31.0,-94.0,-16.0,75,1
56347,3.1032,-0.9956,0.6964,0.2961,-0.024,0.0,0.0,0.0,181.0,-31.0,-92.0,-15.0,76,1
56359,3.1048,-0.9956,0.6964,0.2961,0.0,0.0,0.0,0.0,176.0,-31.0,-92.0,-16.0,75,1
56371,3.1048,-0.9956,0.6964,0.2961,0.0,0.0,0.0,0.0,175.0,-30.0,-91.0,-16.0,73,1
56384,3.1078,-0.9956,0.6964,0.2961,0.024,0.0,0.0,0.0,134.0,-27.0,-91.0,-16.0,68,1
56396,3.1094,-0.9956,0.6964,0.2961,0.0479,0.0,0.0,0.0,101.0,-29.0,-92.0,-16.0,62,1
56412,3.1186,-0.9956,0.6964,0.2961,0.1198,0.0,0.0,0.0,40.0,-29.0,-92.0,-14.0,53,1
56424,3.1232,-0.9956,0.698,0.2961,0.1678,0.0,0.0,0.0,27.0,-29.0,-90.0,-16.0,43,1
56436,3.1278,-0.9956,0.6964,0.2961,0.2157,0.0,0.0,0.0,6.0,-34.0,-94.0,-16.0,31,1
56449,3.1324,-0.9956,0.6964,0.2961,0.2876,0.0,0.0,0.0,0.0,-27.0,-91.0,-16.0,25,1
56461,3.1401,-0.9956,0.6964,0.2961,0.3595,0.0,0.0,0.0,-7.0,-30.0,-91.0,-16.0,21,1
56473,3.1416,-0.9956,0.6964,0.2961,0.3835,0.0,0.0,0.0,-4.0,-27.0,-93.0,-16.0,15,1
56486,3.1447,-0.9956,0.6964,0.2961,0.3835,0.0,0.0,0.0,-7.0,-21.0,-91.0,-16.0,11,1
56498,3.1447,-0.9956,0.6964,0.2961,0.3595,0.0,0.0,0.0,-1.0,-21.0,-92.0,-16.0,7,0
56506,3.1447,-0.9971,0.6964,0.2961,0.3116,0.0,0.0,0.0,0.0,-16.0,-93.0,-16.0,2,0
56518,3.1447,-0.9956,0.6964,0.2961,0.2397,0.0,0.0,0.0,0.0,-21.0,-92.0,-16.0,3,0
56531,3.1447,-0.9956,0.6964,0.2961,0.1918,0.0,0.0,0.0,0.0,-22.0,-92.0,-15.0,4,0
56543,3.1447,-0.9956,0.6964,0.2961,0.0959,0.0,0.0,0.0,0.0,-21.0,-91.0,-16.0,3,0
56556,3.1431,-0.9956,0.6964,0.2961,0.0479,0.0,0.0,0.0,0.0,-22.0,-91.0,-15.0,3,0
56564,3.1447,-0.9956,0.6964,0.2961,0.024,0.0,0.0,0.0,0.0,-26.0,-92.0,-15.0,3,0
56576,3.1431,-0.9971,0.6964,0.2961,0.0,0.0,0.0,0.0,0.0,-23.0,-92.0,-15.0,2,0
56589,3.1431,-0.9971,0.6964,0.2961,0.0,0.0,0.0,0.0,0.0,-22.0,-92.0,-16.0,2,0
56600,3.1431,-0.9956,0.6964,0.2961,0.0,0.0,0.0,0.0,0.0,-23.0,-91.0,-16.0,2,0
56613,3.1431,-0.9956,0.6964,0.2961,0.0,0.0,0.0,0.0,0.0,-18.0,-90.0,-16.0,2,0
56621,3.1431,-0.9956,0.6964,0.2961,0.0,0.0,0.0,0.0,0.0,-18.0,-90.0,-16.0,2,0
56634,3.1431,-0.9956,0.6964,0.2961,0.0,0.0,0.0,0.0,0.0,-21.0,-92.0,-15.0,2,0
56646,3.1431,-0.9971,0.6964,0.2961,0.0,0.0,0.0,0.0,0.0,-22.0,-91.0,-15.0,2,0
56658,3.1431,-0.9956,0.6964,0.2961,0.0,0.0,0.0,0.0,0.0,-20.0,-93.0,-16.0,1,0
56670,3.1431,-0.9971,0.6964,0.2961,0.0,0.0,0.0,0.0,0.0,-16.0,-95.0,-15.0,1,0
56679,3.1431,-0.9956,0.6964,0.2961,0.0,0.0,0.0,0.0,0.0,-18.0,-91.0,-15.0,1,0
56691,3.1431,-0.9956,0.6964,0.2961,0.0,0.0,0.0,0.0,0.0,-24.0,-95.0,-15.0,1,0
56703,3.1431,-0.9971,0.6964,0.2961,0.0,0.0,0.0,0.0,0.0,-23.0,-92.0,-15.0,1,0
56716,3.1431,-0.9971,0.6964,0.2961,0.0,0.0,0.0,0.0,0.0,-23.0,-91.0,-15.0,1,0
56724,3.1431,-0.9971,0.6964,0.2961,0.0,0.0,0.0,0.0,3.0,-22.0,-91.0,-15.0,1,0
56736,3.1431,-0.9971,0.6964,0.2961,0.0,0.0,0.0,0.0,0.0,-20.0,-90.0,-15.0,1,0
56748,3.1431,-0.9956,0.6964,0.2961,0.0,0.0,0.0,0.0,0.0,-21.0,-91.0,-15.0,1,0
56761,3.1431,-0.9956,0.6964,0.2961,0.0,0.0,0.0,0.0,0.0,-18.0,-91.0,-16.0,1,0
56772,3.1431,-0.9956,0.6964,0.2961,0.0,0.0,0.0,0.0,0.0,-21.0,-91.0,-16.0,1,0
56781,3.1431,-0.9956,0.6964,0.2961,0.0,0.0,0.0,0.0,0.0,-21.0,-91.0,-16.0,1,0
56793,3.1431,-0.9971,0.6964,0.2961,0.0,0.0,0.0,0.0,0.0,-21.0,-92.0,-14.0,1,0
56806,3.1431,-0.9956,0.6964,0.2961,0.0,0.0,0.0,0.0,0.0,-25.0,-91.0,-16.0,1,0
56818,3.1431,-0.9956,0.6964,0.2961,0.0,0.0,0.0,0.0,0.0,-28.0,-92.0,-15.0,1,0
56830,3.1431,-0.9956,0.6964,0.2961,0.0,0.0,0.0,0.0,0.0,-20.0,-91.0,-15.0,1,0
56838,3.1431,-0.9971,0.6964,0.2961,0.0,0.0,0.0,0.0,0.0,-20.0,-91.0,-16.0,2,0
56851,3.1431,-0.9971,0.6964,0.2961,0.0,0.0,0.0,0.0,0.0,-23.0,-91.0,-15.0,1,0
56863,3.1431,-0.9971,0.6964,0.2961,0.0,0.0,0.0,0.0,0.0,-24.0,-93.0,-16.0,1,0
56875,3.1431,-0.9971,0.6964,0.2961,0.0,0.0,0.0,0.0,0.0,-21.0,-91.0,-16.0,1,0
56888,3.1431,-0.9956,0.6964,0.2961,0.0,0.0,0.0,0.0,0.0,-20.0,-91.0,-16.0,1,0
56896,3.1431,-0.9956,0.6964,0.2961,0.0,0.0,0.0,0.0,0.0,-21.0,-91.0,-16.0,1,0
56908,3.1431,-0.9971,0.6964,0.2961,0.0,0.0,0.0,0.0,0.0,-20.0,-91.0,-16.0,1,0
56920,3.1431,-0.9971,0.6964,0.2961,0.0,0.0,0.0,0.0,0.0,-17.0,-91.0,-16.0,1,0
56933,3.1431,-0.9956,0.6964,0.2961,0.0,0.0,0.0,0.0,0.0,-19.0,-91.0,-16.0,1,0
56944,3.1431,-0.9956,0.6964,0.2961,0.0,0.0,0.0,0.0,0.0,-18.0,-91.0,-16.0,1,0
56953,3.1431,-0.9956,0.6964,0.2961,0.0,0.0,0.0,0.0,0.0,-21.0,-91.0,-16.0,1,0
56965,3.1431,-0.9971,0.698,0.2961,0.0,0.0,0.0,0.0,0.0,-23.0,-91.0,-16.0,1,0
56977,3.1431,-0.9971,0.6964,0.2961,0.0,0.0,0.0,0.0,0.0,-21.0,-91.0,-16.0,1,0
56989,3.1431,-0.9971,0.6964,0.2961,0.0,0.0,0.0,0.0,0.0,-26.0,-91.0,-16.0,1,0
57002,3.1431,-0.9956,0.6964,0.2961,0.0,0.0,0.0,0.0,0.0,-21.0,-91.0,-16.0,1,0
57010,3.1431,-0.9956,0.6964,0.2961,0.0,0.0,0.0,0.0,0.0,-21.0,-91.0,-16.0,1,0
57022,3.1431,-0.9971,0.6964,0.2961,0.0,0.0,0.0,0.0,0.0,-25.0,-90.0,-16.0,2,0
57034,3.1431,-0.9956,0.6964,0.2961,0.0,0.0,0.0,0.0,0.0,-17.0,-91.0,-16.0,2,0
57047,3.1431,-0.9971,0.6964,0.2961,0.0,0.0,0.0,0.0,0.0,-15.0,-91.0,-16.0,1,0
57059,3.1431,-0.9971,0.6964,0.2961,0.0,0.0,0.0,0.0,0.0,-26.0,-91.0,-16.0,1,0
57067,3.1431,-0.9956,0.6964,0.2961,0.0,0.0,0.0,0.0,0.0,-25.0,-90.0,-16.0,1,0
57079,3.1431,-0.9971,0.6964,0.2961,0.0,0.0,0.0,0.0,0.0,-21.0,-90.0,-16.0,2,0
57092,3.1431,-0.9956,0.6964,0.2961,0.0,0.0,0.0,0.0,0.0,-20.0,-90.0,-16.0,2,0
57104,3.1431,-0.9971,0.6964,0.2961,0.0,0.0,0.0,0.0,0.0,-23.0,-90.0,-16.0,2,0
57116,3.1431,-0.9956,0.6964,0.2961,0.0,0.0,0.0,0.0,0.0,-20.0,-90.0,-16.0,1,0
57125,3.1431,-0.9971,0.6964,0.2961,0.0,0.0,0.0,0.0,0.0,-21.0,-90.0,-16.0,1,0
57137,3.1431,-0.9956,0.6964,0.2961,0.0,0.0,0.0,0.0,0.0,-18.0,-92.0,-16.0,1,0
57149,3.1431,-0.9956,0.6964,0.2961,0.0,0.0,0.0,0.0,0.0,-24.0,-91.0,-16.0,1,0
57161,3.1431,-0.9956,0.6964,0.2961,0.0,0.0,0.0,0.0,0.0,-22.0,-91.0,-16.0,1,0
57170,3.1431,-0.9956,0.6964,0.2961,0.0,0.0,0.0,0.0,0.0,-22.0,-91.0,-16.0,1,0
57182,3.1431,-0.9956,0.6964,0.2961,0.0,0.0,0.0,0.0,0.0,-18.0,-90.0,-16.0,1,0
57194,3.1431,-0.9971,0.6964,0.2961,0.0,0.0,0.0,0.0,0.0,-22.0,-90.0,-16.0,1,0
57206,3.1431,-0.9956,0.6964,0.2961,0.0,0.0,0.0,0.0,0.0,-25.0,-90.0,-16.0,1,0
57219,3.1431,-0.9956,0.6964,0.2961,0.0,0.0,0.0,0.0,0.0,-21.0,-90.0,-16.0,1,0
57227,3.1431,-0.9956,0.698,0.2961,0.0,0.0,0.0,0.0,0.0,-17.0,-90.0,-16.0,1,0
57239,3.1447,-0.9971,0.6964,0.2961,0.0,0.0,0.0,0.0,-6.0,-17.0,-90.0,-12.0,1,0
57251,3.1447,-0.9956,0.698,0.2961,0.024,0.0,0.0,0.0,-12.0,-24.0,-100.0,-16.0,1,0
57264,3.1431,-0.9956,0.6995,0.2961,0.024,0.0,0.0,0.0,7.0,-20.0,-103.0,-15.0,1,0
57276,3.1385,-0.9956,0.6995,0.2961,0.0,0.0,0.024,0.0,13.0,-23.0,-109.0,-15.0,1,0
57285,3.137,-0.9971,0.6995,0.2961,-0.024,0.0,0.024,0.0,25.0,-28.0,-110.0,-15.0,1,0
57297,3.137,-0.9956,0.6995,0.2961,-0.0479,0.0,0.024,0.0,22.0,-35.0,-112.0,-16.0,25,1
57313,3.1401,-0.9956,0.701,0.2961,-0.0719,0.0,0.024,0.0,2.0,-38.0,-106.0,-16.0,30,1
57325,3.1401,-0.9956,0.6995,0.2961,-0.0719,0.0,0.024,0.0,12.0,-38.0,-108.0,-16.0,31,1
57337,3.1401,-0.9956,0.6995,0.2961,-0.0479,0.0,0.024,0.0,17.0,-38.0,-104.0,-15.0,36,1
57350,3.1401,-0.9956,0.6995,0.2961,-0.024,0.0,0.0,0.0,12.0,-31.0,-105.0,-15.0,42,1
57362,3.1401,-0.9956,0.6995,0.2961,0.0,0.0,0.0,0.0,18.0,-32.0,-103.0,-15.0,46,1
57374,3.1401,-0.9956,0.6995,0.2961,0.0,0.0,0.0,0.0,19.0,-37.0,-104.0,-16.0,48,1
57387,3.1401,-0.9956,0.6995,0.2961,0.0,0.0,0.0,0.0,16.0,-30.0,-110.0,-16.0,50,1
57399,3.1401,-0.9956,0.701,0.2961,0.0,0.0,0.0,0.0,17.0,-37.0,-105.0,-16.0,53,1
57412,3.1401,-0.9956,0.701,0.2961,0.0,0.0,0.0,0.0,12.0,-35.0,-108.0,-15.0,56,1
57424,3.1416,-0.9956,0.701,0.2961,0.0,0.0,0.0,0.0,6.0,-35.0,-105.0,-16.0,58,1
57436,3.1401,-0.9956,0.701,0.2961,0.0,0.0,0.0,0.0,13.0,-31.0,-109.0,-16.0,60,1
57449,3.1401,-0.9956,0.6995,0.2961,0.0,0.0,0.0,0.0,18.0,-30.0,-104.0,-16.0,62,1
57461,3.1416,-0.9956,0.6995,0.2961,0.0,0.0,0.0,0.0,13.0,-26.0,-104.0,-16.0,63,1
57473,3.1401,-0.9956,0.6995,0.2961,0.0,0.0,0.0,0.0,23.0,-35.0,-104.0,-16.0,64,1
57485,3.1401,-0.9956,0.6995,0.2961,0.0,0.0,0.0,0.0,19.0,-37.0,-104.0,-16.0,65,1
57498,3.1416,-0.9956,0.6995,0.2961,0.0,0.0,0.0,0.0,9.0,-34.0,-104.0,-16.0,66,1
57510,3.1416,-0.9956,0.6995,0.2961,0.0,0.0,0.0,0.0,3.0,-34.0,-104.0,-16.0,65,1
57522,3.1431,-0.9956,0.6995,0.2961,0.024,0.0,0.0,0.0,-3.0,-16.0,-103.0,-16.0,61,1
57535,3.1462,-0.9971,0.6995,0.2961,0.024,0.0,0.0,0.0,-5.0,-14.0,-97.0,-15.0,54,1
57547,3.1477,-0.9971,0.698,0.2961,0.0479,0.0,0.0,0.0,-6.0,-14.0,-96.0,-16.0,44,1
57563,3.1477,-0.9971,0.698,0.2961,0.0719,0.0,0.0,0.0,-10.0,-16.0,-97.0,-16.0,39,1
57576,3.1477,-0.9971,0.698,0.2961,0.0719,0.0,0.0,0.0,-19.0,-15.0,-99.0,-16.0,30,1
57588,3.1462,-0.9956,0.698,0.2961,0.0719,0.0,0.0,0.0,-14.0,-21.0,-98.0,-16.0,18,1
57596,3.1447,-0.9971,0.698,0.2961,0.0479,0.0,0.0,0.0,0.0,-20.0,-98.0,-16.0,8,0
57608,3.1431,-0.9971,0.698,0.2961,0.0,0.0,0.0,0.0,5.0,-21.0,-103.0,-16.0,2,0
57621,3.1401,-0.9971,0.698,0.2961,-0.024,0.0,0.0,0.0,11.0,-24.0,-98.0,-16.0,2,0
57633,3.137,-0.9971,0.698,0.2961,-0.0959,0.0,0.0,0.0,27.0,-20.0,-97.0,-16.0,2,0
57645,3.1385,-0.9971,0.698,0.2961,-0.1198,0.0,0.0,0.0,14.0,-18.0,-96.0,-15.0,3,0
57653,3.1401,-0.9971,0.698,0.2961,-0.0959,0.0,0.0,0.0,5.0,-17.0,-98.0,-14.0,3,0
57666,3.1416,-0.9971,0.698,0.2961,-0.0719,0.0,0.0,0.0,-4.0,-17.0,-97.0,-16.0,3,0
57678,3.1431,-0.9971,0.698,0.2961,-0.024,0.0,0.0,0.0,-5.0,-18.0,-97.0,-16.0,3,0
57690,3.1447,-0.9971,0.698,0.2961,0.0,0.0,0.0,0.0,-3.0,-17.0,-98.0,-16.0,3,0
57702,3.1462,-0.9971,0.698,0.2961,0.0959,0.0,0.0,0.0,-18.0,-19.0,-97.0,-16.0,3,0
57711,3.1462,-0.9971,0.698,0.2961,0.0959,0.0,0.0,0.0,-18.0,-19.0,-97.0,-16.0,3,0
57723,3.1431,-0.9971,0.698,0.2961,0.0719,0.0,0.0,0.0,4.0,-17.0,-97.0,-16.0,2,0
57735,3.1416,-0.9971,0.6995,0.2961,0.0479,0.0,0.0,0.0,0.0,-20.0,-99.0,-16.0,1,0
57747,3.1401,-0.9971,0.698,0.2961,0.0,0.0,0.0,0.0,4.0,-18.0,-99.0,-16.0,2,0
57759,3.1385,-0.9971,0.698,0.2961,-0.024,0.0,0.0,0.0,8.0,-17.0,-98.0,-13.0,2,0
57768,3.1385,-0.9971,0.698,0.2961,-0.0479,0.0,0.0,0.0,11.0,-16.0,-96.0,-16.0,2,0
57780,3.1385,-0.9956,0.698,0.2961,-0.0719,0.0,0.0,0.0,13.0,-16.0,-98.0,-16.0,1,0
57792,3.1416,-0.9971,0.698,0.2961,-0.0479,0.0,0.0,0.0,-6.0,-18.0,-98.0,-16.0,1,0
57805,3.1431,-0.9971,0.698,0.2961,-0.024,0.0,0.0,0.0,0.0,-18.0,-98.0,-14.0,1,0
57817,3.1431,-0.9971,0.698,0.2961,0.0,0.0,0.0,0.0,0.0,-18.0,-98.0,-15.0,1,0
57825,3.1447,-0.9971,0.698,0.2961,0.024,0.0,0.0,0.0,0.0,-18.0,-98.0,-16.0,1,0
57838,3.1447,-0.9971,0.698,0.2961,0.0479,0.0,0.0,0.0,0.0,-20.0,-95.0,-16.0,1,0
57850,3.1447,-0.9971,0.698,0.2961,0.0719,0.0,0.0,0.0,-2.0,-23.0,-100.0,-15.0,1,0
57862,3.1431,-0.9971,0.698,0.2961,0.0479,0.0,0.0,0.0,0.0,-20.0,-98.0,-16.0,1,0
57871,3.1431,-0.9971,0.698,0.2961,0.0479,0.0,0.0,0.0,0.0,-20.0,-98.0,-16.0,0,0
57883,3.1401,-0.9971,0.698,0.2961,0.0,0.0,0.0,0.0,0.0,-18.0,-97.0,-16.0,1,0
57895,3.1401,-0.9971,0.698,0.2961,-0.024,0.0,0.0,0.0,0.0,-20.0,-98.0,-16.0,1,0
57907,3.1385,-0.9971,0.698,0.2961,-0.0479,0.0,0.0,0.0,9.0,-18.0,-99.0,-16.0,1,0
57920,3.1385,-0.9971,0.698,0.2961,-0.0719,0.0,0.0,0.0,9.0,-17.0,-96.0,-16.0,1,0
57928,3.1385,-0.9971,0.698,0.2961,-0.0719,0.0,0.0,0.0,0.0,-18.0,-98.0,-15.0,1,0
57940,3.1401,-0.9971,0.698,0.2961,-0.0479,0.0,0.0,0.0,0.0,-16.0,-98.0,-16.0,1,0
57952,3.1416,-0.9971,0.698,0.2961,-0.024,0.0,0.0,0.0,0.0,-20.0,-96.0,-15.0,1,0
57965,3.1416,-0.9971,0.698,0.2961,0.0,0.0,0.0,0.0,0.0,-14.0,-96.0,-16.0,1,0
57977,3.1416,-0.9971,0.698,0.2961,0.0,0.0,0.0,0.0,0.0,-14.0,-98.0,-16.0,1,0
57985,3.1416,-0.9971,0.698,0.2961,0.024,0.0,0.0,0.0,0.0,-19.0,-99.0,-16.0,1,0
57998,3.1416,-0.9971,0.698,0.2961,0.024,0.0,0.0,0.0,0.0,-13.0,-98.0,-15.0,1,0
58010,3.1416,-0.9971,0.698,0.2961,0.024,0.0,0.0,0.0,0.0,-13.0,-99.0,-15.0,1,0
58022,3.1416,-0.9971,0.698,0.2961,0.0,0.0,0.0,0.0,0.0,-15.0,-97.0,-15.0,1,0
58034,3.1401,-0.9971,0.698,0.2961,0.0,0.0,0.0,0.0,0.0,-15.0,-98.0,-15.0,1,0
58043,3.1416,-0.9971,0.698,0.2961,0.0,0.0,0.0,0.0,0.0,-13.0,-98.0,-14.0,1,0
58055,3.1416,-0.9971,0.698,0.2961,0.0,0.0,0.0,0.0,0.0,-14.0,-97.0,-15.0,1,0
58067,3.1416,-0.9971,0.698,0.2961,0.0,0.0,0.0,0.0,0.0,-16.0,-96.0,-13.0,1,0
58079,3.1401,-0.9971,0.698,0.2961,0.0,0.0,0.0,0.0,0.0,-17.0,-97.0,-16.0,1,0
58092,3.1401,-0.9971,0.6995,0.2961,0.0,0.0,0.0,0.0,0.0,-14.0,-97.0,-16.0,1,0
58100,3.1401,-0.9971,0.6995,0.2961,0.0,0.0,0.0,0.0,0.0,-14.0,-97.0,-16.0,1,0
58112,3.1401,-0.9971,0.698,0.2961,0.0,0.0,0.0,0.0,0.0,-14.0,-96.0,-16.0,0,0
58124,3.1401,-0.9971,0.698,0.2961,0.0,0.0,0.0,0.0,0.0,-13.0,-97.0,-15.0,1,0
58137,3.1401,-0.9971,0.698,0.2961,0.0,0.0,0.0,0.0,0.0,-13.0,-95.0,-13.0,1,0
58149,3.1401,-0.9971,0.698,0.2961,0.0,0.0,0.0,0.0,0.0,-13.0,-96.0,-16.0,1,0
58157,3.1401,-0.9971,0.698,0.2961,0.0,0.0,0.0,0.0,0.0,-20.0,-98.0,-16.0,1,0
58170,3.1401,-0.9971,0.698,0.2961,0.0,0.0,0.0,0.0,0.0,-14.0,-96.0,-16.0,1,0
58182,3.1401,-0.9971,0.6995,0.2961,0.0,0.0,0.0,0.0,0.0,-14.0,-96.0,-16.0,1,0
58194,3.1401,-0.9971,0.698,0.2961,0.0,0.0,0.0,0.0,0.0,-15.0,-102.0,-16.0,1,0
58206,3.1416,-0.9971,0.698,0.2961,0.0,0.0,0.0,0.0,0.0,-17.0,-98.0,-15.0,1,0
58215,3.1401,-0.9971,0.698,0.2961,0.0,0.0,0.0,0.0,0.0,-17.0,-96.0,-14.0,1,0
58227,3.1401,-0.9971,0.698,0.2961,0.0,0.0,0.0,0.0,0.0,-16.0,-97.0,-15.0,1,0
58239,3.1401,-0.9971,0.698,0.2961,0.0,0.0,0.0,0.0,0.0,-14.0,-98.0,-14.0,1,0
58251,3.1401,-0.9956,0.698,0.2961,0.0,0.0,0.0,0.0,0.0,-13.0,-96.0,-16.0,1,0
58264,3.1401,-0.9971,0.698,0.2961,0.0,0.0,0.0,0.0,0.0,-18.0,-97.0,-16.0,0,0
58272,3.1401,-0.9971,0.698,0.2961,0.0,0.0,0.0,0.0,0.0,-18.0,-97.0,-16.0,0,0
58284,3.1401,-0.9971,0.698,0.2961,0.0,0.0,0.0,0.0,0.0,-14.0,-99.0,-16.0,0,0
58297,3.1416,-0.9971,0.698,0.2961,0.0,0.0,0.0,0.0,0.0,-13.0,-97.0,-16.0,0,0
58309,3.1401,-0.9971,0.698,0.2961,0.0,0.0,0.0,0.0,0.0,-12.0,-96.0,-15.0,0,0
58317,3.1416,-0.9971,0.698,0.2961,0.0,0.0,0.0,0.0,0.0,-15.0,-98.0,-15.0,0,0
58329,3.1401,-0.9971,0.698,0.2961,0.0,0.0,0.0,0.0,0.0,-16.0,-97.0,-16.0,0,0
58342,3.1401,-0.9956,0.698,0.2961,0.0,0.0,0.0,0.0,0.0,-12.0,-98.0,-16.0,0,0
58354,3.1416,-0.9971,0.698,0.2961,0.0,0.0,0.0,0.0,0.0,-13.0,-97.0,-16.0,0,0
58366,3.1416,-0.9956,0.698,0.2961,0.0,0.0,0.0,0.0,0.0,-12.0,-97.0,-15.0,0,0
58374,3.1416,-0.9971,0.6995,0.2961,0.0,0.0,0.0,0.0,0.0,-14.0,-96.0,-15.0,0,0
58387,3.1401,-0.9971,0.698,0.2961,0.0,0.0,0.0,0.0,0.0,-12.0,-98.0,-15.0,0,0
58399,3.1416,-0.9971,0.698,0.2961,0.0,0.0,0.0,0.0,0.0,-15.0,-98.0,-15.0,0,0
58411,3.1401,-0.9971,0.698,0.2961,0.0,0.0,0.0,0.0,0.0,-12.0,-98.0,-15.0,0,0
58423,3.1416,-0.9971,0.698,0.2961,0.0,0.0,0.0,0.0,0.0,-15.0,-98.0,-13.0,0,0
58432,3.1416,-0.9971,0.698,0.2961,0.0,0.0,0.0,0.0,0.0,-15.0,-98.0,-13.0,0,0
58444,3.1416,-0.9971,0.698,0.2961,0.0,0.0,0.0,0.0,-2.0,-18.0,-85.0,-15.0,0,0
58456,3.1431,-0.9956,0.698,0.2961,0.0,0.0,0.0,0.0,0.0,-43.0,-76.0,-16.0,0,0
58469,3.1447,-0.994,0.698,0.2961,0.024,0.0,0.0,0.0,-4.0,-51.0,-91.0,-16.0,0,0
58481,3.1462,-0.994,0.6964,0.2961,0.024,0.024,0.0,0.0,-7.0,-52.0,-92.0,-16.0,1,0
58493,3.1447,-0.991,0.698,0.2961,0.0479,0.0479,0.0,0.0,-5.0,-78.0,-94.0,-16.0,27,1
58505,3.1447,-0.9894,0.6964,0.2961,0.0479,0.0719,0.0,0.0,-7.0,-91.0,-91.0,-15.0,42,1
58518,3.1447,-0.9863,0.6964,0.2961,0.024,0.0959,0.0,0.0,-9.0,-99.0,-90.0,-16.0,44,1
58530,3.1447,-0.9863,0.698,0.2961,0.024,0.1198,0.0,0.0,-8.0,-81.0,-92.0,-16.0,46,1
58542,3.1401,-0.9863,0.6964,0.2961,0.0,0.1198,0.0,0.0,0.0,-72.0,-93.0,-16.0,49,1
58555,3.137,-0.9863,0.6964,0.2961,-0.0479,0.0959,0.0,0.0,20.0,-72.0,-92.0,-16.0,51,1
58567,3.137,-0.9863,0.6964,0.2961,-0.0719,0.0719,0.0,0.0,24.0,-72.0,-91.0,-14.0,44,1
58579,3.137,-0.9863,0.6964,0.2961,-0.0959,0.0479,0.0,0.0,13.0,-72.0,-90.0,-15.0,43,1
58591,3.137,-0.9863,0.6964,0.2961,-0.0959,0.024,0.0,0.0,10.0,-72.0,-91.0,-16.0,42,1
58604,3.1385,-0.9863,0.698,0.2961,-0.0719,0.0,0.0,0.0,19.0,-72.0,-91.0,-16.0,39,1
58616,3.1385,-0.9863,0.6964,0.2961,-0.0479,0.0,0.0,0.0,13.0,-72.0,-91.0,-13.0,39,1
58628,3.1385,-0.9863,0.6964,0.2961,0.0,0.0,0.0,0.0,13.0,-72.0,-95.0,-16.0,41,1
58641,3.1385,-0.9863,0.6964,0.2961,0.0,0.0,0.0,0.0,10.0,-72.0,-91.0,-16.0,39,1
58653,3.1401,-0.9863,0.698,0.2961,0.0,0.0,0.0,0.0,0.0,-72.0,-93.0,-16.0,37,1
58665,3.1401,-0.9863,0.6964,0.2961,0.0,0.0,0.0,0.0,0.0,-72.0,-92.0,-16.0,34,1
58677,3.1401,-0.9863,0.6964,0.2961,0.0,0.0,0.0,0.0,0.0,-71.0,-91.0,-15.0,33,1
58690,3.1401,-0.9879,0.6964,0.2961,0.0,0.0,0.0,0.0,0.0,-58.0,-91.0,-15.0,29,1
58702,3.1401,-0.9894,0.6964,0.2961,0.0,0.0,0.0,0.0,0.0,-49.0,-92.0,-16.0,24,1
58718,3.1401,-0.991,0.6964,0.2961,0.0,-0.024,0.0,0.0,0.0,-38.0,-90.0,-16.0,17,1
58727,3.1401,-0.9925,0.6964,0.2961,0.0,-0.0479,0.0,0.0,0.0,-32.0,-90.0,-16.0,6,0
58739,3.1401,-0.9925,0.6964,0.2961,0.0,-0.0719,0.0,0.0,0.0,-35.0,-90.0,-16.0,2,0
58751,3.1401,-0.994,0.6964,0.2961,0.0,-0.0719,0.0,0.0,0.0,-32.0,-92.0,-16.0,0,0
58763,3.1416,-0.9925,0.6964,0.2961,0.0,-0.0719,0.0,0.0,0.0,-39.0,-90.0,-16.0,0,0
58776,3.1416,-0.994,0.698,0.2961,0.0,-0.0719,0.0,0.0,0.0,-40.0,-92.0,-15.0,1,0
58784,3.1431,-0.994,0.6964,0.2961,0.0,-0.0479,0.0,0.0,0.0,-40.0,-91.0,-15.0,0,0
58796,3.1416,-0.9925,0.6964,0.2961,0.0,-0.024,0.0,0.0,0.0,-38.0,-91.0,-15.0,0,0
58808,3.1416,-0.9925,0.6964,0.2961,0.0,-0.024,0.0,0.0,0.0,-43.0,-92.0,-15.0,0,0
58821,3.1416,-0.994,0.6964,0.2961,0.0,0.0,0.0,0.0,1.0,-41.0,-90.0,-16.0,0,0
58829,3.1401,-0.994,0.6964,0.2961,0.0,0.0,0.0,0.0,0.0,-42.0,-91.0,-16.0,0,0
58841,3.1416,-0.9925,0.6964,0.2961,0.0,0.0,0.0,0.0,0.0,-43.0,-92.0,-15.0,0,0
58854,3.1416,-0.994,0.6964,0.2961,0.0,0.0,0.0,0.0,0.0,-40.0,-91.0,-15.0,0,0
58866,3.1416,-0.994,0.698,0.2961,0.0,0.0,0.0,0.0,0.0,-39.0,-90.0,-16.0,0,0
58878,3.1416,-0.9925,0.6964,0.2961,0.0,0.0,0.0,0.0,0.0,-42.0,-90.0,-16.0,0,0
58886,3.1416,-0.994,0.6964,0.2961,0.0,0.0,0.0,0.0,0.0,-43.0,-91.0,-15.0,1,0
58899,3.1401,-0.994,0.698,0.2961,0.0,0.0,0.0,0.0,0.0,-40.0,-90.0,-16.0,1,0
58911,3.1401,-0.994,0.6964,0.2961,0.0,0.0,0.0,0.0,2.0,-42.0,-91.0,-15.0,1,0
58923,3.1401,-0.994,0.6964,0.2961,0.0,0.0,0.0,0.0,0.0,-42.0,-92.0,-16.0,1,0
58935,3.1401,-0.994,0.6964,0.2961,0.0,0.0,0.0,0.0,0.0,-43.0,-95.0,-16.0,1,0
58944,3.1416,-0.994,0.6964,0.2961,0.0,0.0,0.0,0.0,0.0,-43.0,-91.0,-16.0,1,0
58956,3.1431,-0.994,0.6964,0.2961,0.0,0.0,0.0,0.0,0.0,-41.0,-90.0,-16.0,1,0
58968,3.1431,-0.994,0.6964,0.2961,0.0,0.0,0.0,0.0,-3.0,-40.0,-86.0,-13.0,1,0
58981,3.1447,-0.9925,0.6964,0.2961,0.024,0.0,0.0,0.0,-3.0,-43.0,-83.0,-15.0,1,0
58993,3.1431,-0.994,0.6964,0.2945,0.0479,0.0,0.0,0.0,0.0,-39.0,-90.0,-13.0,1,0
59001,3.1431,-0.994,0.6964,0.2945,0.0479,0.0,0.0,0.0,0.0,-39.0,-90.0,-13.0,0,0
59013,3.1431,-0.994,0.6964,0.2961,0.024,0.0,0.0,0.0,0.0,-40.0,-90.0,-16.0,0,0
59026,3.1431,-0.994,0.6964,0.2961,0.024,0.0,0.0,0.0,0.0,-43.0,-90.0,-16.0,0,0
59038,3.1431,-0.994,0.6964,0.2961,0.0,0.0,0.0,0.0,-3.0,-44.0,-90.0,-16.0,0,0
59050,3.1431,-0.994,0.6964,0.2961,0.0,0.0,0.0,0.0,0.0,-43.0,-90.0,-16.0,0,0
59058,3.1416,-0.994,0.6964,0.2961,0.0,0.0,0.0,0.0,4.0,-40.0,-89.0,-15.0,0,0
59071,3.1416,-0.994,0.6964,0.2961,0.0,0.0,0.0,0.0,0.0,-40.0,-89.0,-15.0,2,0
59083,3.1401,-0.994,0.6964,0.2961,-0.024,0.0,0.0,0.0,0.0,-41.0,-89.0,-16.0,2,0
59095,3.1401,-0.994,0.6964,0.2961,-0.024,0.0,0.0,0.0,0.0,-38.0,-89.0,-16.0,1,0
59107,3.1401,-0.994,0.6964,0.2961,-0.024,0.0,0.0,0.0,0.0,-39.0,-89.0,-16.0,1,0
59116,3.1401,-0.994,0.6964,0.2961,-0.024,0.0,0.0,0.0,0.0,-38.0,-89.0,-16.0,0,0
59128,3.1401,-0.994,0.6964,0.2961,-0.024,0.0,0.0,0.0,0.0,-38.0,-89.0,-16.0,1,0
59140,3.1401,-0.994,0.6964,0.2961,-0.024,0.0,0.0,0.0,0.0,-38.0,-89.0,-16.0,1,0
59153,3.1401,-0.9925,0.6964,0.2961,0.0,0.0,0.0,0.0,0.0,-38.0,-89.0,-13.0,0,0
59165,3.1401,-0.994,0.6964,0.2961,0.0,0.0,0.0,0.0,0.0,-44.0,-89.0,-16.0,0,0
59173,3.1401,-0.994,0.6964,0.2961,0.0,0.0,0.0,0.0,0.0,-42.0,-90.0,-16.0,1,0
59185,3.1401,-0.994,0.6964,0.2961,0.0,0.0,0.0,0.0,0.0,-39.0,-90.0,-16.0,1,0
59198,3.1401,-0.994,0.6964,0.2961,0.0,0.0,0.0,0.0,0.0,-41.0,-90.0,-16.0,0,0
59210,3.1401,-0.9925,0.6964,0.2961,0.0,0.0,0.0,0.0,0.0,-44.0,-90.0,-16.0,1,0
59222,3.1401,-0.994,0.6964,0.2961,0.0,0.0,0.0,0.0,0.0,-39.0,-90.0,-16.0,0,0
59230,3.1401,-0.994,0.6964,0.2961,0.0,0.0,0.0,0.0,0.0,-39.0,-90.0,-16.0,0,0
59243,3.1401,-0.994,0.6964,0.2961,0.0,0.0,0.0,0.0,0.0,-39.0,-90.0,-12.0,0,0
59255,3.1401,-0.994,0.6964,0.2961,0.0,0.0,0.0,0.0,0.0,-39.0,-90.0,-16.0,0,0
59267,3.1401,-0.994,0.6964,0.2961,0.0,0.0,0.0,0.0,0.0,-39.0,-90.0,-16.0,0,0
59275,3.1401,-0.994,0.6964,0.2961,0.0,0.0,0.0,0.0,0.0,-39.0,-90.0,-13.0,0,0
59288,3.1401,-0.994,0.6964,0.2961,0.0,0.0,0.0,0.0,0.0,-39.0,-90.0,-16.0,0,0
59300,3.1401,-0.994,0.6964,0.2961,0.0,0.0,0.0,0.0,0.0,-39.0,-90.0,-16.0,0,0
59312,3.1401,-0.994,0.6964,0.2961,0.0,0.0,0.0,0.0,0.0,-39.0,-90.0,-16.0,0,0
59325,3.1401,-0.994,0.6964,0.2961,0.0,0.0,0.0,0.0,0.0,-39.0,-90.0,-16.0,0,0
59333,3.1401,-0.994,0.6964,0.2961,0.0,0.0,0.0,0.0,0.0,-39.0,-90.0,-15.0,0,0
59345,3.1401,-0.994,0.6964,0.2961,0.0,0.0,0.0,0.0,0.0,-39.0,-90.0,-16.0,0,0
59357,3.1401,-0.994,0.6964,0.2961,0.0,0.0,0.0,0.0,0.0,-39.0,-90.0,-16.0,0,0
59370,3.1401,-0.994,0.6964,0.2961,0.0,0.0,0.0,0.0,0.0,-39.0,-89.0,-16.0,0,0
59382,3.1401,-0.994,0.6964,0.2961,0.0,0.0,0.0,0.0,0.0,-39.0,-89.0,-16.0,0,0
59390,3.1401,-0.994,0.6964,0.2961,0.0,0.0,0.0,0.0,0.0,-44.0,-88.0,-16.0,0,0
59402,3.1401,-0.994,0.6964,0.2961,0.0,0.0,0.0,0.0,0.0,-44.0,-88.0,-16.0,0,0
59415,3.1401,-0.994,0.6964,0.2961,0.0,0.0,0.0,0.0,0.0,-44.0,-88.0,-15.0,0,0
59427,3.1401,-0.994,0.6964,0.2945,0.0,0.0,0.0,0.0,0.0,-45.0,-88.0,-16.0,0,0
59439,3.1401,-0.994,0.6964,0.2961,0.0,0.0,0.0,0.0,0.0,-46.0,-88.0,-15.0,0,0
59447,3.1401,-0.994,0.6964,0.2961,0.0,0.0,0.0,0.0,0.0,-46.0,-88.0,-15.0,0,0
59460,3.1401,-0.994,0.6964,0.2961,0.0,0.0,0.0,0.0,0.0,-47.0,-88.0,-16.0,0,0
59472,3.1401,-0.994,0.6964,0.2961,0.0,0.0,0.0,0.0,0.0,-46.0,-88.0,-16.0,0,0
59484,3.1401,-0.994,0.6964,0.2961,0.0,0.0,0.0,0.0,0.0,-46.0,-88.0,-16.0,0,0
59497,3.1401,-0.994,0.6964,0.2961,0.0,0.0,0.0,0.0,0.0,-46.0,-88.0,-16.0,0,0
59505,3.1401,-0.994,0.6964,0.2961,0.0,0.0,0.0,0.0,0.0,-46.0,-88.0,-15.0,0,0
59517,3.1401,-0.994,0.6964,0.2961,0.0,0.0,0.0,0.0,0.0,-46.0,-88.0,-15.0,0,0
59529,3.1401,-0.994,0.6964,0.2961,0.0,0.0,0.0,0.0,0.0,-46.0,-88.0,-15.0,0,0
59542,3.1431,-0.994,0.6964,0.2961,0.0,0.0,0.0,0.0,-1.0,-45.0,-88.0,-15.0,0,0
59554,3.1431,-0.994,0.6964,0.2961,0.024,0.0,0.0,0.0,-3.0,-46.0,-88.0,-15.0,0,0
59562,3.1416,-0.994,0.6964,0.2961,0.024,0.0,0.0,0.0,0.0,-46.0,-88.0,-16.0,0,0
59574,3.1416,-0.994,0.6964,0.2961,0.024,0.0,0.0,0.0,0.0,-46.0,-88.0,-16.0,0,0
59587,3.1416,-0.994,0.6964,0.2961,0.024,0.0,0.0,0.0,0.0,-46.0,-88.0,-16.0,29,1
59599,3.1416,-0.994,0.6964,0.2961,0.0,0.0,0.0,0.0,0.0,-46.0,-88.0,-16.0,47,1
59611,3.1416,-0.994,0.6964,0.2961,0.0,0.0,0.0,0.0,0.0,-46.0,-88.0,-16.0,61,1
59624,3.1416,-0.994,0.6964,0.2961,0.0,0.0,0.0,0.0,-4.0,-45.0,-88.0,-15.0,61,1
59636,3.1416,-0.994,0.6964,0.2961,0.0,0.0,0.0,0.0,-7.0,-46.0,-88.0,-16.0,64,1
59648,3.1416,-0.994,0.6964,0.2961,0.0,0.0,0.0,0.0,-8.0,-46.0,-88.0,-16.0,69,1
59665,3.1416,-0.994,0.6964,0.2961,0.0,0.0,0.0,0.0,-8.0,-46.0,-88.0,-16.0,72,1
59677,3.1431,-0.994,0.6964,0.2961,0.0,0.0,0.0,0.0,-4.0,-46.0,-88.0,-15.0,80,1
59689,3.1416,-0.994,0.6964,0.2961,0.0,0.0,0.0,0.0,-2.0,-46.0,-88.0,-15.0,86,1
59701,3.1416,-0.994,0.6964,0.2961,0.0,0.0,0.0,0.0,-5.0,-46.0,-88.0,-15.0,91,1
59714,3.1431,-0.994,0.6964,0.2961,0.0,0.0,0.0,0.0,-10.0,-42.0,-87.0,-15.0,93,1
59726,3.1431,-0.994,0.6964,0.2961,0.0,0.0,0.0,0.0,-9.0,-42.0,-87.0,-15.0,90,1
59738,3.1431,-0.994,0.6964,0.2961,0.0,0.0,0.0,0.0,-10.0,-40.0,-87.0,-16.0,91,1
59751,3.1431,-0.994,0.6964,0.2961,0.0,0.0,0.0,0.0,-6.0,-40.0,-87.0,-15.0,89,1
59763,3.1416,-0.994,0.6964,0.2961,0.0,0.0,0.0,0.0,-7.0,-43.0,-87.0,-16.0,92,1
59775,3.1431,-0.994,0.6964,0.2961,0.0,0.0,0.0,0.0,-7.0,-41.0,-87.0,-16.0,92,1
59787,3.1416,-0.9956,0.6964,0.2961,0.0,0.0,0.0,0.0,-5.0,-43.0,-87.0,-13.0,93,1
59800,3.1416,-0.994,0.6964,0.2961,0.0,0.0,0.0,0.0,-5.0,-42.0,-87.0,-16.0,92,1
59812,3.1416,-0.9956,0.6964,0.2961,0.0,0.0,0.0,0.0,-9.0,-41.0,-87.0,-16.0,91,1
59824,3.1416,-0.994,0.6964,0.2961,0.0,0.0,0.0,0.0,0.0,-38.0,-88.0,-16.0,90,1
59837,3.1416,-0.994,0.6964,0.2961,0.0,0.0,0.0,0.0,0.0,-37.0,-87.0,-16.0,85,1
59849,3.1416,-0.9956,0.6964,0.2961,0.0,0.0,0.0,0.0,0.0,-40.0,-87.0,-16.0,78,1
59861,3.1416,-0.994,0.6964,0.2961,0.0,0.0,0.0,0.0,0.0,-41.0,-87.0,-16.0,62,1
59873,3.1416,-0.9956,0.6964,0.2961,0.0,0.0,0.0,0.0,-3.0,-41.0,-87.0,-15.0,45,1
59886,3.1416,-0.994,0.6964,0.2945,0.0,0.0,0.0,0.0,-3.0,-35.0,-88.0,-15.0,23,1
59898,3.1416,-0.994,0.6964,0.2961,0.0,0.0,0.0,0.0,0.0,-36.0,-88.0,-15.0,13,1
59910,3.1416,-0.994,0.6964,0.2961,0.0,0.0,0.0,0.0,0.0,-40.0,-87.0,-16.0,10,0
59923,3.1401,-0.994,0.6964,0.2961,0.0,0.0,0.0,0.0,0.0,-43.0,-87.0,-16.0,8,0
59935,3.1401,-0.9956,0.6964,0.2961,0.0,0.0,0.0,0.0,0.0,-39.0,-87.0,-16.0,6,0
59947,3.1401,-0.9956,0.6964,0.2961,0.0,0.0,0.0,0.0,0.0,-36.0,-87.0,-15.0,4,0
59959,3.1385,-0.994,0.6964,0.2961,-0.024,0.0,0.0,0.0,8.0,-37.0,-87.0,-15.0,4,0
59968,3.1385,-0.994,0.6964,0.2961,-0.024,0.0,0.0,0.0,5.0,-44.0,-87.0,-15.0,4,0
59980,3.1385,-0.994,0.6964,0.2961,-0.024,0.0,0.0,0.0,0.0,-36.0,-87.0,-15.0,4,0
59992,3.1401,-0.9956,0.6964,0.2961,0.0,0.0,0.0,0.0,0.0,-37.0,-87.0,-16.0,4,0
60004,3.1416,-0.9956,0.6964,0.2961,0.0,0.0,0.0,0.0,0.0,-38.0,-87.0,-16.0,4,0
60017,3.1416,-0.994,0.6964,0.2961,0.0,0.0,0.0,0.0,0.0,-40.0,-87.0,-16.0,4,0
60025,3.1416,-0.9956,0.6964,0.2945,0.024,0.0,0.0,0.0,-1.0,-37.0,-86.0,-16.0,4,0
60037,3.1416,-0.9956,0.6964,0.2961,0.024,0.0,0.0,0.0,0.0,-37.0,-86.0,-15.0,4,0
60050,3.1416,-0.994,0.6964,0.2961,0.024,0.0,0.0,0.0,0.0,-40.0,-86.0,-16.0,4,0
60062,3.1416,-0.9956,0.6964,0.2961,0.024,0.0,0.0,0.0,0.0,-35.0,-85.0,-16.0,3,0
60074,3.1416,-0.9956,0.6964,0.2961,0.0,0.0,0.0,0.0,-1.0,-38.0,-86.0,-16.0,3,0
60082,3.1416,-0.9956,0.6964,0.2961,0.0,0.0,0.0,0.0,0.0,-37.0,-85.0,-16.0,3,0
60095,3.1416,-0.994,0.6964,0.2961,0.0,0.0,0.0,0.0,0.0,-39.0,-86.0,-16.0,3,0
60107,3.1416,-0.994,0.6964,0.2961,0.0,0.0,0.0,0.0,0.0,-38.0,-87.0,-16.0,3,0
60119,3.1416,-0.994,0.6964,0.2961,0.0,0.0,0.0,0.0,-2.0,-39.0,-85.0,-16.0,3,0
60131,3.1416,-0.994,0.6964,0.2961,0.0,0.0,0.0,0.0,0.0,-42.0,-86.0,-16.0,3,0
60140,3.1416,-0.9956,0.6964,0.2961,0.0,0.0,0.0,0.0,0.0,-34.0,-87.0,-16.0,3,0
60152,3.1416,-0.994,0.6964,0.2961,0.0,0.0,0.0,0.0,0.0,-35.0,-85.0,-14.0,3,0
60164,3.1416,-0.9956,0.6964,0.2961,0.0,0.0,0.0,0.0,0.0,-35.0,-86.0,-15.0,3,0
60177,3.1416,-0.9956,0.6964,0.2961,0.0,0.0,0.0,0.0,0.0,-35.0,-86.0,-12.0,3,0
60189,3.1416,-0.9956,0.6964,0.2961,0.0,0.0,0.0,0.0,0.0,-37.0,-86.0,-16.0,2,0
60197,3.1416,-0.9956,0.6964,0.2961,0.0,0.0,0.0,0.0,0.0,-36.0,-86.0,-16.0,3,0
60209,3.1416,-0.9956,0.6964,0.2961,0.0,0.0,0.0,0.0,0.0,-38.0,-86.0,-14.0,3,0
60222,3.1416,-0.9956,0.6964,0.2961,0.0,0.0,0.0,0.0,0.0,-39.0,-87.0,-15.0,2,0
60234,3.1416,-0.9956,0.6964,0.2961,0.0,0.0,0.0,0.0,0.0,-40.0,-86.0,-16.0,2,0
60246,3.1416,-0.9956,0.6964,0.2961,0.0,0.0,0.0,0.0,0.0,-38.0,-87.0,-16.0,2,0
60254,3.1416,-0.9956,0.6964,0.2961,0.0,0.0,0.0,0.0,0.0,-38.0,-86.0,-16.0,2,0
60267,3.1416,-0.994,0.6964,0.2961,0.0,0.0,0.0,0.0,0.0,-38.0,-86.0,-16.0,2,0
60279,3.1416,-0.9956,0.6964,0.2961,0.0,0.0,0.0,0.0,0.0,-33.0,-86.0,-16.0,2,0
60291,3.1416,-0.9956,0.6964,0.2961,0.0,0.0,0.0,0.0,0.0,-35.0,-86.0,-15.0,2,0
60303,3.1416,-0.994,0.6964,0.2961,0.0,0.0,0.0,0.0,0.0,-35.0,-86.0,-16.0,2,0
60312,3.1416,-0.994,0.6964,0.2961,0.0,0.0,0.0,0.0,0.0,-35.0,-86.0,-16.0,2,0
60324,3.1416,-0.9956,0.6964,0.2961,0.0,0.0,0.0,0.0,0.0,-35.0,-85.0,-16.0,2,0
60336,3.1431,-0.9956,0.6964,0.2961,0.0,0.0,0.0,0.0,0.0,-35.0,-85.0,-16.0,2,0
60349,3.1416,-0.9956,0.6964,0.2961,0.0,0.0,0.0,0.0,0.0,-32.0,-86.0,-16.0,2,0
60357,3.1416,-0.9956,0.6964,0.2961,0.0,0.0,0.0,0.0,0.0,-38.0,-86.0,-16.0,2,0
60369,3.1416,-0.994,0.6964,0.2961,0.0,0.0,0.0,0.0,0.0,-35.0,-85.0,-16.0,2,0
60381,3.1416,-0.9956,0.6964,0.2961,0.0,0.0,0.0,0.0,0.0,-42.0,-84.0,-16.0,2,0
60394,3.1416,-0.994,0.6964,0.2961,0.0,0.0,0.0,0.0,0.0,-35.0,-85.0,-16.0,2,0
60406,3.1416,-0.994,0.6964,0.2961,0.0,0.0,0.0,0.0,0.0,-37.0,-84.0,-16.0,1,0
60414,3.1416,-0.994,0.6964,0.2961,0.0,0.0,0.0,0.0,0.0,-34.0,-85.0,-16.0,1,0
60426,3.1416,-0.994,0.6964,0.2961,0.0,0.0,0.0,0.0,0.0,-36.0,-85.0,-16.0,1,0
60439,3.1416,-0.9956,0.6964,0.2961,0.0,0.0,0.0,0.0,0.0,-34.0,-85.0,-13.0,1,0
60451,3.1416,-0.9956,0.6964,0.2961,0.0,0.0,0.0,0.0,0.0,-35.0,-85.0,-16.0,1,0
60463,3.1416,-0.9956,0.6964,0.2961,0.0,0.0,0.0,0.0,0.0,-40.0,-87.0,-15.0,1,0
60471,3.1416,-0.9956,0.6964,0.2961,0.0,0.0,0.0,0.0,0.0,-40.0,-87.0,-15.0,1,0
60484,3.1416,-0.9956,0.6964,0.2961,0.0,0.0,0.0,0.0,0.0,-35.0,-84.0,-16.0,1,0
60496,3.1416,-0.9956,0.6964,0.2961,0.0,0.0,0.0,0.0,0.0,-37.0,-85.0,-16.0,1,0
60508,3.1416,-0.994,0.6964,0.2961,0.0,0.0,0.0,0.0,0.0,-35.0,-84.0,-16.0,1,0
60521,3.1416,-0.9956,0.6964,0.2961,0.0,0.0,0.0,0.0,0.0,-35.0,-84.0,-15.0,1,0
60529,3.1416,-0.9956,0.6964,0.2961,0.0,0.0,0.0,0.0,0.0,-33.0,-85.0,-16.0,1,0
60541,3.1416,-0.9956,0.6964,0.2961,0.0,0.0,0.0,0.0,0.0,-34.0,-86.0,-16.0,1,0
60553,3.1416,-0.9956,0.6964,0.2961,0.0,0.0,0.0,0.0,0.0,-34.0,-84.0,-16.0,1,0
60566,3.1416,-0.9956,0.6964,0.2961,0.0,0.0,0.0,0.0,0.0,-31.0,-83.0,-16.0,1,0
60578,3.1416,-0.9956,0.6964,0.2961,0.0,0.0,0.0,0.0,0.0,-34.0,-85.0,-16.0,1,0
60586,3.1416,-0.9956,0.6964,0.2961,0.0,0.0,0.0,0.0,0.0,-34.0,-84.0,-16.0,0,0
60598,3.1416,-0.9956,0.6964,0.2961,0.0,0.0,0.0,0.0,0.0,-32.0,-84.0,-16.0,1,0
60611,3.1416,-0.994,0.6964,0.2961,0.0,0.0,0.0,0.0,0.0,-36.0,-85.0,-15.0,1,0
60623,3.1416,-0.9956,0.6964,0.2961,0.0,0.0,0.0,0.0,0.0,-36.0,-83.0,-16.0,1,0
60635,3.1416,-0.9956,0.6964,0.2961,0.0,0.0,0.0,0.0,0.0,-32.0,-85.0,-16.0,1,0
60643,3.1416,-0.994,0.6964,0.2961,0.0,0.0,0.0,0.0,0.0,-33.0,-86.0,-16.0,1,0
60656,3.1431,-0.9956,0.6964,0.2961,0.0,0.0,0.0,0.0,0.0,-33.0,-85.0,-16.0,1,0
60668,3.1431,-0.9956,0.6964,0.2961,0.0,0.0,0.0,0.0,-4.0,-32.0,-86.0,-11.0,1,0
60680,3.1447,-0.994,0.698,0.2961,0.0,0.0,0.0,0.0,-31.0,-39.0,-96.0,-15.0,1,0
60693,3.1339,-0.994,0.6995,0.2961,0.0,0.0,0.024,0.0,36.0,-36.0,-127.0,-18.0,0,0
60701,3.1339,-0.994,0.6995,0.2961,0.0,0.0,0.024,0.0,36.0,-36.0,-127.0,-18.0,1,0
60713,3.1324,-0.994,0.7026,0.2961,-0.0959,0.0,0.0479,0.0,47.0,-38.0,-130.0,-17.0,0,0
60725,3.1309,-0.994,0.7026,0.2961,-0.1198,0.0,0.0719,0.0,45.0,-39.0,-115.0,-17.0,20,1
60738,3.1324,-0.994,0.7026,0.2961,-0.1438,0.0,0.0719,0.0,46.0,-39.0,-110.0,-16.0,22,1
60750,3.1324,-0.9956,0.7026,0.2961,-0.1438,0.0,0.0719,0.0,45.0,-43.0,-107.0,-16.0,28,1
60762,3.1324,-0.994,0.7026,0.2961,-0.0959,0.0,0.0479,0.0,46.0,-42.0,-107.0,-16.0,35,1
60775,3.1324,-0.994,0.7026,0.2961,-0.0479,0.0,0.024,0.0,45.0,-40.0,-112.0,-16.0,36,1
60787,3.1324,-0.994,0.7026,0.2961,-0.024,0.0,0.0,0.0,45.0,-37.0,-113.0,-16.0,41,1
60799,3.1324,-0.9956,0.7026,0.2961,0.0,0.0,0.0,0.0,42.0,-37.0,-108.0,-16.0,42,1
60815,3.1339,-0.994,0.7026,0.2961,0.0,0.0,0.0,0.0,30.0,-38.0,-112.0,-16.0,46,1
60828,3.1355,-0.994,0.7026,0.2961,0.0,0.0,0.0,0.0,17.0,-37.0,-111.0,-15.0,43,1
60840,3.1355,-0.994,0.7026,0.2961,0.024,0.0,0.0,0.0,16.0,-36.0,-111.0,-16.0,37,1
60852,3.1385,-0.9956,0.701,0.2961,0.0479,0.0,0.0,0.0,6.0,-32.0,-106.0,-16.0,30,1
60865,3.1385,-0.9956,0.701,0.2961,0.0719,0.0,0.0,0.0,5.0,-25.0,-93.0,-15.0,23,1
60877,3.1401,-0.9956,0.6995,0.2961,0.0719,0.0,0.0,0.0,0.0,-23.0,-81.0,-15.0,18,1
60889,3.1401,-0.9971,0.698,0.2961,0.0719,0.0,-0.024,0.0,0.0,-26.0,-86.0,-16.0,12,1
60901,3.1416,-0.9971,0.6995,0.2961,0.0719,0.0,-0.024,0.0,0.0,-18.0,-98.0,-15.0,6,0
60910,3.1431,-0.9971,0.6995,0.2961,0.0719,0.0,-0.024,0.0,-8.0,-21.0,-98.0,-16.0,3,0
60922,3.1462,-0.9971,0.698,0.2961,0.0959,0.0,-0.024,0.0,-3.0,-26.0,-98.0,-16.0,2,0
60934,3.1447,-0.9971,0.6995,0.2961,0.0959,0.0,-0.024,0.0,-7.0,-29.0,-99.0,-14.0,2,0
60947,3.1431,-0.9971,0.6995,0.2961,0.0719,0.0,0.0,0.0,2.0,-29.0,-99.0,-15.0,2,0
60959,3.1416,-0.9971,0.6995,0.2961,0.0479,0.0,0.0,0.0,3.0,-25.0,-99.0,-16.0,2,0
60967,3.1401,-0.9971,0.6995,0.2961,0.0,0.0,0.0,0.0,0.0,-27.0,-99.0,-16.0,2,0
60979,3.137,-0.9971,0.6995,0.2961,-0.024,0.0,0.0,0.0,11.0,-27.0,-98.0,-16.0,2,0
60992,3.137,-0.9971,0.6995,0.2961,-0.0479,0.0,0.0,0.0,15.0,-26.0,-98.0,-15.0,2,0
61004,3.1385,-0.9971,0.6995,0.2961,-0.0959,0.0,0.0,0.0,3.0,-27.0,-99.0,-16.0,2,0
61016,3.1401,-0.9971,0.6995,0.2961,-0.0719,0.0,0.0,0.0,-3.0,-27.0,-99.0,-16.0,2,0
61024,3.1401,-0.9971,0.6995,0.2961,-0.024,0.0,0.0,0.0,0.0,-27.0,-98.0,-16.0,2,0
61037,3.1416,-0.9971,0.6995,0.2961,0.0,0.0,0.0,0.0,0.0,-25.0,-99.0,-16.0,2,0
61049,3.1431,-0.9971,0.6995,0.2961,0.024,0.0,0.0,0.0,-3.0,-26.0,-100.0,-16.0,2,0
61061,3.1447,-0.9971,0.6995,0.2961,0.0479,0.0,0.0,0.0,-5.0,-36.0,-100.0,-16.0,2,0
61074,3.1431,-0.9971,0.6995,0.2961,0.0719,0.0,0.0,0.0,0.0,-36.0,-100.0,-16.0,2,0
61082,3.1431,-0.9971,0.6995,0.2961,0.0719,0.0,0.0,0.0,0.0,-36.0,-100.0,-16.0,2,0
61094,3.1401,-0.9971,0.6995,0.2961,0.024,0.0,0.0,0.0,0.0,-35.0,-100.0,-16.0,2,0
61106,3.1385,-0.9971,0.698,0.2961,0.0,0.0,0.0,0.0,9.0,-35.0,-100.0,-15.0,2,0
61119,3.1385,-0.9971,0.6995,0.2961,-0.024,0.0,0.0,0.0,6.0,-34.0,-100.0,-15.0,2,0
61127,3.137,-0.9971,0.6995,0.2961,-0.0479,0.0,0.0,0.0,6.0,-34.0,-100.0,-16.0,2,0
61139,3.1385,-0.9971,0.6995,0.2961,-0.0719,0.0,0.0,0.0,5.0,-33.0,-100.0,-16.0,2,0
61151,3.1401,-0.9971,0.698,0.2961,-0.0719,0.0,0.0,0.0,1.0,-26.0,-100.0,-16.0,2,0
61164,3.1401,-0.9971,0.6995,0.2961,-0.024,0.0,0.0,0.0,0.0,-28.0,-100.0,-16.0,2,0
61176,3.1401,-0.9971,0.6995,0.2961,0.0,0.0,0.0,0.0,0.0,-28.0,-100.0,-16.0,1,0
61184,3.1416,-0.9971,0.6995,0.2961,0.0,0.0,0.0,0.0,0.0,-28.0,-100.0,-16.0,1,0
61196,3.1416,-0.9971,0.6995,0.2961,0.024,0.0,0.0,0.0,0.0,-28.0,-100.0,-16.0,1,0
61209,3.1431,-0.9971,0.6995,0.2961,0.0479,0.0,0.0,0.0,-1.0,-27.0,-99.0,-15.0,1,0
61221,3.1431,-0.9971,0.6995,0.2961,0.0479,0.0,0.0,0.0,0.0,-27.0,-100.0,-16.0,1,0
61233,3.1416,-0.9971,0.6995,0.2961,0.024,0.0,0.0,0.0,0.0,-29.0,-99.0,-16.0,1,0
61241,3.1416,-0.9971,0.6995,0.2961,0.024,0.0,0.0,0.0,0.0,-29.0,-99.0,-16.0,1,0
61254,3.1401,-0.9971,0.6995,0.2961,0.0,0.0,0.0,0.0,0.0,-32.0,-100.0,-16.0,2,0
61266,3.1401,-0.9971,0.6995,0.2961,0.0,0.0,0.0,0.0,0.0,-29.0,-100.0,-15.0,2,0
61278,3.1401,-0.9971,0.6995,0.2961,0.0,0.0,0.0,0.0,0.0,-29.0,-100.0,-16.0,1,0
61291,3.1385,-0.9971,0.6995,0.2961,-0.024,0.0,0.0,0.0,0.0,-33.0,-100.0,-16.0,2,0
61299,3.1401,-0.9971,0.6995,0.2961,-0.024,0.0,0.0,0.0,2.0,-34.0,-100.0,-16.0,1,0
61311,3.1401,-0.9971,0.6995,0.2961,-0.024,0.0,0.0,0.0,2.0,-35.0,-99.0,-16.0,1,0
61323,3.1385,-0.9971,0.6995,0.2961,0.0,0.0,0.0,0.0,3.0,-35.0,-100.0,-15.0,2,0
61336,3.1401,-0.9971,0.6995,0.2961,0.0,0.0,0.0,0.0,8.0,-35.0,-99.0,-16.0,2,0
61348,3.1385,-0.9971,0.6995,0.2961,0.0,0.0,0.0,0.0,0.0,-35.0,-100.0,-16.0,2,0
61356,3.1385,-0.9971,0.6995,0.2961,0.0,0.0,0.0,0.0,0.0,-28.0,-98.0,-16.0,2,0
61368,3.1401,-0.9971,0.6995,0.2961,0.0,0.0,0.0,0.0,3.0,-28.0,-100.0,-15.0,2,0
61381,3.1401,-0.9971,0.6995,0.2961,0.0,0.0,0.0,0.0,0.0,-28.0,-100.0,-16.0,1,0
61393,3.1401,-0.9971,0.6995,0.2961,0.0,0.0,0.0,0.0,0.0,-28.0,-101.0,-15.0,1,0
61405,3.1401,-0.9971,0.6995,0.2961,0.0,0.0,0.0,0.0,0.0,-28.0,-101.0,-16.0,1,0
61413,3.1401,-0.9971,0.6995,0.2961,0.0,0.0,0.0,0.0,0.0,-28.0,-101.0,-16.0,1,0
61426,3.1401,-0.9971,0.6995,0.2961,0.0,0.0,0.0,0.0,0.0,-28.0,-101.0,-16.0,1,0
61438,3.1401,-0.9971,0.6995,0.2961,0.0,0.0,0.0,0.0,0.0,-28.0,-100.0,-16.0,1,0
61450,3.1401,-0.9971,0.6995,0.2961,0.0,0.0,0.0,0.0,0.0,-28.0,-101.0,-16.0,0,0
61463,3.1401,-0.9971,0.6995,0.2961,0.0,0.0,0.0,0.0,0.0,-27.0,-101.0,-15.0,0,0
61471,3.1401,-0.9971,0.6995,0.2961,0.0,0.0,0.0,0.0,0.0,-27.0,-101.0,-15.0,0,0
61483,3.1401,-0.9971,0.6995,0.2961,0.0,0.0,0.0,0.0,0.0,-28.0,-101.0,-16.0,0,0
61495,3.1401,-0.9971,0.6995,0.2961,0.0,0.0,0.0,0.0,0.0,-28.0,-101.0,-16.0,0,0
61508,3.1401,-0.9971,0.6995,0.2961,0.0,0.0,0.0,0.0,0.0,-28.0,-101.0,-16.0,0,0
61520,3.1401,-0.9971,0.698,0.2961,0.0,0.0,0.0,0.0,0.0,-28.0,-101.0,-16.0,0,0
61528,3.1401,-0.9971,0.6995,0.2961,0.0,0.0,0.0,0.0,0.0,-28.0,-100.0,-16.0,0,0
61540,3.1401,-0.9971,0.6995,0.2961,0.0,0.0,0.0,0.0,1.0,-28.0,-101.0,-15.0,1,0
61553,3.1401,-0.9971,0.6995,0.2961,0.0,0.0,0.0,0.0,0.0,-28.0,-101.0,-15.0,1,0
61565,3.1401,-0.9971,0.6995,0.2961,0.0,0.0,0.0,0.0,0.0,-28.0,-101.0,-16.0,1,0
61573,3.1401,-0.9971,0.6995,0.2961,0.0,0.0,0.0,0.0,0.0,-28.0,-101.0,-16.0,1,0
61585,3.1401,-0.9971,0.6995,0.2961,0.0,0.0,0.0,0.0,2.0,-28.0,-101.0,-15.0,1,0
61598,3.1401,-0.9971,0.6995,0.2961,0.0,0.0,0.0,0.0,0.0,-28.0,-101.0,-16.0,1,0
61610,3.1401,-0.9971,0.6995,0.2961,0.0,0.0,0.0,0.0,0.0,-28.0,-100.0,-16.0,1,0
61622,3.1401,-0.9971,0.6995,0.2961,0.0,0.0,0.0,0.0,0.0,-28.0,-101.0,-16.0,0,0
61631,3.1401,-0.9971,0.6995,0.2961,0.0,0.0,0.0,0.0,0.0,-28.0,-101.0,-16.0,0,0
61643,3.1401,-0.9971,0.6995,0.2961,0.0,0.0,0.0,0.0,0.0,-27.0,-100.0,-16.0,0,0
61655,3.1401,-0.9971,0.6995,0.2961,0.0,0.0,0.0,0.0,0.0,-27.0,-101.0,-16.0,0,0
61667,3.1401,-0.9971,0.6995,0.2961,0.0,0.0,0.0,0.0,0.0,-27.0,-100.0,-16.0,0,0
61680,3.1385,-0.9971,0.6995,0.2961,0.0,0.0,0.0,0.0,0.0,-27.0,-100.0,-15.0,0,0
61688,3.1401,-0.9971,0.6995,0.2961,0.0,0.0,0.0,0.0,0.0,-27.0,-100.0,-15.0,0,0
61700,3.1401,-0.9956,0.6964,0.2945,0.0,0.0,0.0,0.0,0.0,-47.0,-48.0,-10.0,0,0
61712,3.1401,-0.9879,0.6903,0.2945,0.0,0.0479,-0.0719,0.0,0.0,-167.0,-13.0,0.0,0,0
61725,3.1416,-0.9817,0.6903,0.2945,0.0,0.0959,-0.0959,0.0,0.0,-197.0,-64.0,-11.0,0,0
61737,3.1447,-0.9771,0.6918,0.2961,0.024,0.1678,-0.0959,0.0,-20.0,-220.0,-92.0,-18.0,0,0
61749,3.1462,-0.971,0.6934,0.2961,0.0479,0.2397,-0.0959,0.0,-44.0,-231.0,-111.0,-24.0,35,1
61762,3.1477,-0.9664,0.6964,0.2976,0.0719,0.3116,-0.0719,0.0,-40.0,-242.0,-121.0,-28.0,41,1
61774,3.1462,-0.9633,0.698,0.2961,0.0719,0.4075,0.0,0.024,-29.0,-191.0,-101.0,-24.0,36,1
61786,3.1462,-0.9633,0.698,0.2961,0.0719,0.3835,0.0479,0.024,-28.0,-178.0,-93.0,-26.0,44,1
61798,3.1447,-0.9649,0.698,0.2976,0.0719,0.3356,0.0719,0.024,-12.0,-171.0,-94.0,-18.0,48,1
61811,3.1447,-0.9664,0.6964,0.2961,0.024,0.2637,0.0719,0.0,-14.0,-150.0,-77.0,-16.0,48,1
61823,3.1416,-0.9725,0.6934,0.2961,-0.024,0.0719,0.0,0.0,7.0,-74.0,-45.0,-7.0,43,1
61835,3.1385,-0.9756,0.6918,0.2961,-0.0479,-0.024,-0.024,0.0,6.0,-63.0,-59.0,-11.0,45,1
61848,3.137,-0.9787,0.6918,0.2961,-0.0719,-0.0959,-0.0479,0.0,12.0,-51.0,-69.0,-15.0,40,1
61860,3.137,-0.9833,0.6934,0.2961,-0.0959,-0.1678,-0.0479,0.0,11.0,-45.0,-75.0,-15.0,32,1
61872,3.1401,-0.9863,0.6934,0.2961,-0.0959,-0.2637,-0.0479,0.0,-6.0,-58.0,-75.0,-16.0,26,1
61884,3.1416,-0.9879,0.6934,0.2961,-0.0719,-0.2637,-0.024,0.0,0.0,-50.0,-75.0,-16.0,24,1
61897,3.1416,-0.9894,0.6934,0.2961,-0.024,-0.2637,0.0,0.0,0.0,-53.0,-74.0,-16.0,22,1
61909,3.1416,-0.991,0.6934,0.2961,0.0,-0.2397,0.0,0.0,0.0,-49.0,-73.0,-16.0,14,1
61921,3.1416,-0.9925,0.6934,0.2961,0.024,-0.2157,0.0,0.0,0.0,-42.0,-74.0,-16.0,10,0
61934,3.1416,-0.994,0.6934,0.2961,0.0479,-0.1438,0.0,0.0,-3.0,-33.0,-74.0,-16.0,2,0
61946,3.1416,-0.994,0.6934,0.2961,0.024,-0.1198,0.0,0.0,-1.0,-35.0,-73.0,-16.0,1,0
61958,3.1416,-0.994,0.6934,0.2961,0.024,-0.0959,0.0,0.0,0.0,-36.0,-73.0,-16.0,0,0
61971,3.1416,-0.9956,0.6934,0.2961,0.0,-0.0959,0.0,0.0,0.0,-39.0,-72.0,-15.0,0,0
61979,3.1416,-0.9956,0.6934,0.2961,0.0,-0.0719,0.0,0.0,0.0,-41.0,-73.0,-16.0,0,0
61991,3.1401,-0.9956,0.6934,0.2961,0.0,-0.0719,0.0,0.0,0.0,-42.0,-72.0,-15.0,0,0
62003,3.1401,-0.9956,0.6934,0.2961,0.0,-0.024,0.0,0.0,0.0,-46.0,-72.0,-16.0,0,0
62016,3.1401,-0.9956,0.6934,0.2961,0.0,-0.024,0.0,0.0,0.0,-46.0,-73.0,-16.0,0,0
62028,3.1401,-0.9956,0.6934,0.2961,0.0,0.0,0.0,0.0,0.0,-46.0,-73.0,-16.0,0,0
62036,3.1401,-0.9956,0.6934,0.2961,0.0,0.0,0.0,0.0,0.0,-46.0,-74.0,-16.0,0,0
62048,3.1401,-0.9956,0.6934,0.2961,0.0,0.0,0.0,0.0,0.0,-41.0,-72.0,-16.0,0,0
62061,3.1401,-0.9956,0.6934,0.2961,0.0,0.0,0.0,0.0,0.0,-41.0,-73.0,-16.0,0,0
62073,3.1416,-0.9956,0.6934,0.2961,0.0,0.0,0.0,0.0,0.0,-40.0,-73.0,-16.0,0,0
62081,3.1416,-0.9956,0.6934,0.2961,0.0,0.0,0.0,0.0,0.0,-40.0,-73.0,-16.0,0,0
62093,3.1401,-0.9956,0.6934,0.2961,0.0,0.0,0.0,0.0,0.0,-45.0,-73.0,-15.0,0,0
62106,3.1401,-0.9956,0.6918,0.2961,0.0,0.0,0.0,0.0,0.0,-40.0,-70.0,-15.0,0,0
62118,3.1401,-0.9971,0.6934,0.2961,0.0,0.0,0.0,0.0,0.0,-41.0,-72.0,-15.0,0,0
62130,3.1401,-0.9956,0.6934,0.2961,0.0,0.0,0.0,0.0,0.0,-41.0,-74.0,-15.0,0,0
62138,3.1401,-0.9956,0.6934,0.2961,0.0,0.0,0.0,0.0,0.0,-42.0,-73.0,-16.0,0,0
62151,3.1401,-0.9956,0.6934,0.2961,0.0,0.0,0.0,0.0,0.0,-39.0,-72.0,-15.0,0,0
62163,3.1401,-0.9956,0.6934,0.2961,0.0,0.0,0.0,0.0,0.0,-45.0,-72.0,-16.0,0,0
62175,3.1401,-0.9956,0.6934,0.2961,0.0,0.0,0.0,0.0,0.0,-47.0,-71.0,-16.0,0,0
62188,3.1401,-0.9956,0.6918,0.2961,0.0,0.0,0.0,0.0,0.0,-40.0,-71.0,-16.0,0,0
62196,3.1401,-0.9956,0.6934,0.2961,0.0,0.0,0.0,0.0,0.0,-47.0,-70.0,-15.0,0,0
62208,3.1401,-0.9956,0.6934,0.2961,0.0,0.0,0.0,0.0,0.0,-38.0,-70.0,-16.0,0,0
62220,3.1401,-0.9956,0.6934,0.2961,0.0,0.0,0.0,0.0,0.0,-47.0,-71.0,-12.0,0,0
62233,3.1401,-0.9956,0.6934,0.2961,0.0,0.0,0.0,0.0,0.0,-46.0,-71.0,-15.0,0,0
62245,3.1401,-0.9956,0.6934,0.2961,0.0,0.0,0.0,0.0,0.0,-36.0,-71.0,-16.0,0,0
62253,3.1401,-0.9956,0.6934,0.2961,0.0,0.0,0.0,0.0,0.0,-40.0,-71.0,-15.0,0,0
62265,3.1401,-0.9971,0.6934,0.2961,0.0,0.0,0.0,0.0,0.0,-40.0,-68.0,-14.0,0,0
62278,3.1401,-0.9971,0.6934,0.2961,0.0,0.0,0.0,0.0,0.0,-39.0,-69.0,-15.0,0,0
62290,3.1401,-0.9956,0.6934,0.2961,0.0,0.0,0.0,0.0,0.0,-40.0,-68.0,-16.0,0,0
62302,3.1401,-0.9956,0.6934,0.2961,0.0,0.0,0.0,0.0,0.0,-39.0,-68.0,-16.0,0,0
62310,3.1401,-0.9956,0.6934,0.2961,0.0,0.0,0.0,0.0,0.0,-39.0,-68.0,-16.0,0,0
62323,3.1401,-0.9956,0.6934,0.2961,0.0,0.0,0.0,0.0,0.0,-41.0,-70.0,-16.0,0,0
62335,3.1401,-0.9956,0.6934,0.2961,0.0,0.0,0.0,0.0,0.0,-43.0,-69.0,-16.0,0,0
62347,3.1401,-0.9956,0.6934,0.2961,0.0,0.0,0.0,0.0,0.0,-43.0,-70.0,-15.0,0,0
62360,3.1401,-0.9971,0.6934,0.2961,0.0,0.0,0.0,0.0,0.0,-41.0,-68.0,-15.0,0,0
62368,3.1401,-0.9956,0.6934,0.2961,0.0,0.0,0.0,0.0,0.0,-43.0,-71.0,-16.0,0,0
62380,3.1416,-0.9956,0.6918,0.2961,0.0,0.0,0.0,0.0,0.0,-46.0,-69.0,-16.0,0,0
62392,3.1401,-0.9956,0.6934,0.2961,0.0,0.0,0.0,0.0,0.0,-40.0,-68.0,-15.0,0,0
62405,3.1401,-0.9956,0.6934,0.2961,0.0,0.0,0.0,0.0,0.0,-44.0,-70.0,-16.0,0,0
62417,3.1401,-0.9971,0.6934,0.2961,0.0,0.0,0.0,0.0,0.0,-35.0,-67.0,-16.0,0,0
62425,3.1401,-0.9956,0.6934,0.2961,0.0,0.0,0.0,0.0,0.0,-37.0,-70.0,-15.0,0,0
62437,3.1401,-0.9971,0.6934,0.2961,0.0,0.0,0.0,0.0,0.0,-44.0,-69.0,-16.0,0,0
62450,3.1401,-0.9956,0.6934,0.2961,0.0,0.0,0.0,0.0,0.0,-39.0,-67.0,-16.0,0,0
62462,3.1401,-0.9956,0.6934,0.2961,0.0,0.0,0.0,0.0,0.0,-39.0,-68.0,-15.0,0,0
62474,3.1401,-0.9956,0.6934,0.2961,0.0,0.0,0.0,0.0,0.0,-42.0,-71.0,-16.0,0,0
62482,3.1401,-0.9971,0.6934,0.2961,0.0,0.0,0.0,0.0,0.0,-44.0,-69.0,-15.0,0,0
62495,3.1401,-0.9956,0.6934,0.2961,0.0,0.0,0.0,0.0,0.0,-38.0,-67.0,-16.0,0,0
62507,3.1401,-0.9956,0.6934,0.2961,0.0,0.0,0.0,0.0,0.0,-40.0,-67.0,-16.0,0,0
62519,3.1401,-0.9971,0.6934,0.2961,0.0,0.0,0.0,0.0,0.0,-36.0,-70.0,-16.0,0,0
62528,3.1416,-0.9956,0.6934,0.2961,0.0,0.0,0.0,0.0,0.0,-40.0,-67.0,-16.0,0,0
62540,3.1401,-0.9971,0.6918,0.2961,0.0,0.0,0.0,0.0,0.0,-38.0,-69.0,-16.0,0,0
62552,3.1401,-0.9956,0.6934,0.2961,0.0,0.0,0.0,0.0,0.0,-39.0,-69.0,-15.0,0,0
62564,3.1401,-0.9971,0.6934,0.2961,0.0,0.0,0.0,0.0,0.0,-35.0,-68.0,-15.0,0,0
62577,3.1416,-0.9956,0.6934,0.2961,0.0,0.0,0.0,0.0,0.0,-36.0,-68.0,-16.0,0,0
62585,3.1401,-0.9971,0.6934,0.2961,0.0,0.0,0.0,0.0,0.0,-39.0,-68.0,-16.0,1,0
62597,3.1401,-0.9956,0.6934,0.2961,0.0,0.0,0.0,0.0,0.0,-37.0,-68.0,-16.0,1,0
62609,3.1401,-0.9956,0.6934,0.2961,0.0,0.0,0.0,0.0,0.0,-38.0,-69.0,-16.0,1,0
62622,3.1401,-0.9971,0.6918,0.2961,0.0,0.0,0.0,0.0,0.0,-46.0,-66.0,-16.0,1,0
62634,3.1401,-0.9956,0.6934,0.2961,0.0,0.0,0.0,0.0,0.0,-39.0,-67.0,-16.0,1,0
62642,3.1401,-0.9956,0.6934,0.2961,0.0,0.0,0.0,0.0,0.0,-39.0,-70.0,-16.0,1,0
62655,3.1401,-0.9971,0.6934,0.2961,0.0,0.0,0.0,0.0,0.0,-38.0,-70.0,-15.0,1,0
62667,3.1401,-0.9956,0.6934,0.2961,0.0,0.0,0.0,0.0,0.0,-36.0,-68.0,-14.0,1,0
62679,3.1401,-0.9956,0.6934,0.2961,0.0,0.0,0.0,0.0,0.0,-35.0,-63.0,-16.0,1,0
62691,3.1401,-0.9956,0.6934,0.2961,0.0,0.0,0.0,0.0,0.0,-37.0,-67.0,-16.0,1,0
62700,3.1401,-0.9956,0.6934,0.2961,0.0,0.0,0.0,0.0,0.0,-40.0,-67.0,-16.0,1,0
62712,3.1401,-0.9971,0.6934,0.2961,0.0,0.0,0.0,0.0,0.0,-40.0,-67.0,-16.0,1,0
62724,3.1401,-0.9956,0.6918,0.2961,0.0,0.0,0.0,0.0,0.0,-40.0,-64.0,-16.0,1,0
62736,3.1401,-0.9956,0.6918,0.2961,0.0,0.0,0.0,0.0,0.0,-39.0,-63.0,-16.0,2,0
62749,3.1401,-0.9956,0.6934,0.2961,0.0,0.0,0.0,0.0,0.0,-40.0,-67.0,-16.0,1,0
62757,3.1401,-0.9956,0.6934,0.2961,0.0,0.0,0.0,0.0,0.0,-33.0,-66.0,-16.0,1,0
62769,3.1401,-0.9956,0.6934,0.2961,0.0,0.0,0.0,0.0,0.0,-37.0,-59.0,-16.0,1,0
62781,3.1401,-0.9956,0.6934,0.2961,0.0,0.0,0.0,0.0,0.0,-37.0,-67.0,-16.0,1,0
62794,3.1416,-0.9971,0.6934,0.2961,0.0,0.0,0.0,0.0,0.0,-40.0,-67.0,-16.0,1,0
62806,3.1401,-0.9971,0.6934,0.2961,0.0,0.0,0.0,0.0,0.0,-40.0,-65.0,-16.0,1,0
62814,3.1401,-0.9956,0.6934,0.2961,0.0,0.0,0.0,0.0,0.0,-42.0,-67.0,-16.0,1,0
62827,3.1416,-0.9956,0.6934,0.2915,0.0,0.0,0.0,0.0,0.0,-38.0,-70.0,-1.0,1,0
62839,3.1462,-0.9971,0.6949,0.293,0.024,0.0,0.0,-0.024,-40.0,-20.0,-92.0,-9.0,1,0
62851,3.1493,-0.9971,0.698,0.2961,0.0479,0.0,0.0,-0.024,-92.0,-15.0,-117.0,-17.0,1,0
62863,3.1477,-0.9986,0.7041,0.2961,0.0959,-0.024,0.0719,0.0,-35.0,-29.0,-165.0,-16.0,2,0
62872,3.1477,-0.9986,0.7056,0.2961,0.0959,-0.024,0.1198,0.0,-43.0,-32.0,-164.0,-17.0,1,0
62884,3.1493,-0.9986,0.7072,0.2961,0.1198,-0.024,0.1438,0.0,-52.0,-30.0,-142.0,-17.0,5,0
62896,3.1493,-0.9986,0.7087,0.2961,0.0959,-0.024,0.1678,0.024,-53.0,-31.0,-147.0,-16.0,51,1
62908,3.1477,-0.9986,0.7072,0.2961,0.0719,-0.024,0.1918,0.024,-46.0,-30.0,-146.0,-16.0,51,1
62921,3.1477,-0.9986,0.7072,0.2961,0.024,0.0,0.1678,0.0,-46.0,-32.0,-145.0,-16.0,57,1
62933,3.1477,-0.9986,0.7072,0.2961,0.0,0.0,0.0959,0.0,-34.0,-28.0,-123.0,-16.0,57,1
62945,3.1477,-0.9971,0.7072,0.2961,0.0,0.0,0.0479,0.0,-22.0,-33.0,-123.0,-16.0,59,1
62958,3.1462,-0.9986,0.7072,0.2961,0.0,0.0,0.024,0.0,-20.0,-27.0,-125.0,-16.0,56,1
62970,3.1447,-0.9986,0.7072,0.2961,-0.024,0.0,0.0,0.0,-6.0,-34.0,-121.0,-16.0,48,1
62986,3.1431,-0.9986,0.7072,0.2961,-0.0479,0.0,0.0,0.0,0.0,-33.0,-120.0,-18.0,43,1
62999,3.1431,-0.9986,0.7056,0.2961,-0.0719,0.0,0.0,0.0,-1.0,-33.0,-120.0,-16.0,32,1
63011,3.1416,-0.9986,0.7056,0.2961,-0.0719,0.0,0.0,0.0,-6.0,-33.0,-115.0,-16.0,12,1
63023,3.1416,-0.9986,0.7056,0.2961,-0.0719,0.0,0.0,0.0,2.0,-34.0,-108.0,-16.0,10,0
63031,3.1416,-0.9986,0.7056,0.2961,-0.0719,0.0,0.0,0.0,2.0,-34.0,-108.0,-16.0,8,0
63044,3.1401,-0.9986,0.7041,0.2961,-0.0479,0.0,-0.024,0.0,0.0,-34.0,-117.0,-16.0,6,0
63056,3.137,-0.9986,0.7056,0.2961,-0.0479,0.0,-0.024,0.0,0.0,-34.0,-111.0,-16.0,5,0
63068,3.137,-0.9986,0.7041,0.2961,-0.0479,0.0,-0.024,0.0,9.0,-34.0,-112.0,-15.0,4,0
63080,3.1355,-0.9986,0.7041,0.2961,-0.0719,0.0,-0.024,0.0,12.0,-28.0,-114.0,-19.0,3,0
63089,3.137,-0.9986,0.7041,0.2961,-0.0719,0.0,-0.024,0.0,7.0,-28.0,-115.0,-16.0,3,0
63101,3.1385,-0.9986,0.7041,0.2961,-0.0479,0.0,0.0,0.0,-5.0,-27.0,-113.0,-16.0,2,0
63113,3.1416,-0.9986,0.7041,0.2961,0.0,0.0,0.0,0.0,-1.0,-27.0,-113.0,-20.0,2,0
63126,3.1416,-0.9986,0.7056,0.2961,0.0,0.0,0.0,0.0,0.0,-27.0,-115.0,-16.0,1,0
63138,3.1416,-0.9986,0.7041,0.2961,0.0479,0.0,0.0,0.0,0.0,-24.0,-114.0,-19.0,0,0
63146,3.1416,-0.9986,0.7041,0.2961,0.0719,0.0,0.0,0.0,0.0,-24.0,-116.0,-16.0,0,0
63158,3.1401,-0.9986,0.7056,0.2961,0.0719,0.0,0.0,0.0,4.0,-25.0,-114.0,-16.0,0,0
63171,3.1401,-0.9986,0.7041,0.2961,0.0479,0.0,0.0,0.0,0.0,-24.0,-115.0,-16.0,1,0
63183,3.1385,-0.9986,0.7041,0.2976,0.0,0.0,0.0,0.0,0.0,-24.0,-114.0,-16.0,0,0
63195,3.1385,-0.9986,0.7041,0.2961,-0.024,0.0,0.0,0.0,0.0,-24.0,-114.0,-16.0,0,0
63203,3.1385,-0.9986,0.7041,0.2961,-0.024,0.0,0.0,0.0,2.0,-24.0,-114.0,-15.0,0,0
63216,3.137,-0.9986,0.7041,0.2961,-0.0479,0.0,0.0,0.0,9.0,-24.0,-117.0,-16.0,0,0
63228,3.1385,-0.9986,0.7041,0.2961,-0.0479,0.0,0.0,0.0,2.0,-24.0,-114.0,-17.0,0,0
63240,3.1385,-0.9986,0.7041,0.2961,-0.024,0.0,0.0,0.0,-2.0,-20.0,-115.0,-17.0,0,0
63253,3.1385,-0.9986,0.7056,0.2961,0.0,0.0,0.0,0.0,0.0,-16.0,-115.0,-16.0,0,0
63261,3.1385,-0.9986,0.7056,0.2961,0.0,0.0,0.0,0.0,0.0,-16.0,-115.0,-16.0,1,0
63273,3.1401,-0.9986,0.7056,0.2961,0.0,0.0,0.0,0.0,0.0,-16.0,-115.0,-18.0,0,0
63285,3.1401,-0.9986,0.7041,0.2961,0.024,0.0,0.0,0.0,0.0,-16.0,-120.0,-16.0,0,0
63298,3.1401,-0.9986,0.7056,0.2961,0.024,0.0,0.0,0.0,0.0,-16.0,-118.0,-18.0,0,0
63310,3.1401,-0.9986,0.7041,0.2961,0.024,0.0,0.0,0.0,0.0,-16.0,-117.0,-15.0,0,0
63318,3.1401,-0.9986,0.7041,0.2976,0.024,0.0,0.0,0.0,0.0,-17.0,-116.0,-15.0,0,0
63330,3.1401,-0.9986,0.7041,0.2961,0.0,0.0,0.0,0.0,0.0,-17.0,-117.0,-17.0,0,0
63343,3.1385,-0.9986,0.7041,0.2961,0.0,0.0,0.0,0.0,0.0,-18.0,-117.0,-16.0,0,0
63355,3.1401,-0.9986,0.7041,0.2961,0.0,0.0,0.0,0.0,0.0,-18.0,-116.0,-16.0,0,0
63367,3.1401,-0.9986,0.7041,0.2961,0.0,0.0,0.0,0.0,0.0,-18.0,-117.0,-16.0,0,0
63375,3.1401,-0.9986,0.7041,0.2961,0.0,0.0,0.0,0.0,0.0,-18.0,-118.0,-16.0,0,0
63388,3.1385,-0.9986,0.7056,0.2961,0.0,0.0,0.0,0.0,0.0,-17.0,-117.0,-16.0,0,0
63400,3.1401,-0.9986,0.7041,0.2961,0.0,0.0,0.0,0.0,0.0,-17.0,-118.0,-19.0,0,0
63412,3.1401,-0.9986,0.7041,0.2976,0.0,0.0,0.0,0.0,0.0,-12.0,-119.0,-16.0,0,0
63420,3.1401,-0.9986,0.7041,0.2976,0.0,0.0,0.0,0.0,0.0,-12.0,-119.0,-16.0,0,0
63433,3.1385,-0.9986,0.7041,0.2961,0.0,0.0,0.0,0.0,0.0,-12.0,-118.0,-16.0,0,0
63445,3.1385,-0.9986,0.7041,0.2961,0.0,0.0,0.0,0.0,0.0,-12.0,-117.0,-16.0,0,0
63457,3.1401,-0.9986,0.7041,0.2961,0.0,0.0,0.0,0.0,0.0,-12.0,-118.0,-20.0,0,0
63470,3.1401,-0.9986,0.7041,0.2961,0.0,0.0,0.0,0.0,0.0,-12.0,-118.0,-16.0,0,0
63478,3.1401,-0.9986,0.7056,0.2961,0.0,0.0,0.0,0.0,0.0,-12.0,-118.0,-16.0,0,0
63490,3.1401,-0.9986,0.7041,0.2961,0.0,0.0,0.0,0.0,0.0,-12.0,-117.0,-16.0,0,0
63502,3.1401,-0.9986,0.7041,0.2961,0.0,0.0,0.0,0.0,0.0,-12.0,-119.0,-16.0,0,0
63515,3.1385,-0.9986,0.7041,0.2961,0.0,0.0,0.0,0.0,0.0,-12.0,-122.0,-15.0,0,0
63527,3.1401,-0.9986,0.7041,0.2961,0.0,0.0,0.0,0.0,0.0,-12.0,-119.0,-18.0,0,0
63535,3.1385,-0.9986,0.7041,0.2961,0.0,0.0,0.0,0.0,0.0,-12.0,-119.0,-18.0,0,0
63547,3.1401,-0.9986,0.7041,0.2961,0.0,0.0,0.0,0.0,0.0,-12.0,-120.0,-16.0,0,0
63560,3.1401,-0.9986,0.7041,0.2961,0.0,0.0,0.0,0.0,0.0,-12.0,-118.0,-17.0,0,0
63572,3.1385,-0.9986,0.7041,0.2961,0.0,0.0,0.0,0.0,0.0,-13.0,-121.0,-18.0,0,0
63584,3.1401,-0.9986,0.7041,0.2961,0.0,0.0,0.0,0.0,0.0,-13.0,-119.0,-16.0,0,0
63592,3.1401,-0.9986,0.7041,0.2961,0.0,0.0,0.0,0.0,0.0,-13.0,-118.0,-18.0,0,0
63605,3.1401,-0.9986,0.7041,0.2961,0.0,0.0,0.0,0.0,0.0,-13.0,-119.0,-16.0,0,0
63617,3.1401,-0.9986,0.7041,0.2961,0.0,0.0,0.0,0.0,0.0,-13.0,-120.0,-16.0,0,0
63629,3.1401,-0.9986,0.7041,0.2961,0.0,0.0,0.0,0.0,0.0,-13.0,-118.0,-20.0,0,0
63642,3.1401,-0.9986,0.7041,0.2961,0.0,0.0,0.0,0.0,0.0,-14.0,-120.0,-16.0,0,0
63650,3.1401,-0.9986,0.7041,0.2961,0.0,0.0,0.0,0.0,0.0,-14.0,-120.0,-16.0,0,0
63662,3.1401,-0.9986,0.7041,0.2961,0.0,0.0,0.0,0.0,0.0,-14.0,-121.0,-16.0,0,0
63674,3.1401,-0.9986,0.7041,0.2976,0.0,0.0,0.0,0.0,0.0,-14.0,-119.0,-16.0,0,0
63687,3.1401,-0.9986,0.7041,0.2961,0.0,0.0,0.0,0.0,0.0,-14.0,-118.0,-15.0,0,0
63699,3.1401,-0.9986,0.7041,0.2961,0.0,0.0,0.0,0.0,0.0,-14.0,-120.0,-19.0,0,0
63707,3.1401,-0.9986,0.7041,0.2961,0.0,0.0,0.0,0.0,0.0,-14.0,-120.0,-16.0,0,0
63719,3.1401,-0.9986,0.7041,0.2961,0.0,0.0,0.0,0.0,0.0,-14.0,-122.0,-18.0,0,0
63732,3.1401,-0.9986,0.7041,0.2961,0.0,0.0,0.0,0.0,0.0,-16.0,-122.0,-16.0,0,0
63744,3.1385,-0.9986,0.7041,0.2961,0.0,0.0,0.0,0.0,0.0,-16.0,-119.0,-15.0,0,0
63756,3.1401,-0.9986,0.7041,0.2961,0.0,0.0,0.0,0.0,0.0,-16.0,-121.0,-19.0,0,0
63764,3.1401,-0.9986,0.7041,0.2976,0.0,0.0,0.0,0.0,0.0,-16.0,-122.0,-17.0,0,0
63777,3.1401,-0.9986,0.7041,0.2961,0.0,0.0,0.0,0.0,0.0,-16.0,-119.0,-16.0,0,0
63789,3.1401,-0.9986,0.7041,0.2961,0.0,0.0,0.0,0.0,0.0,-16.0,-120.0,-19.0,0,0
63801,3.1385,-0.9986,0.7041,0.2961,0.0,0.0,0.0,0.0,0.0,-16.0,-118.0,-16.0,0,0
63814,3.1385,-0.9986,0.7041,0.2961,0.0,0.0,0.0,0.0,0.0,-16.0,-119.0,-15.0,0,0
63822,3.1401,-0.9986,0.7041,0.2961,0.0,0.0,0.0,0.0,0.0,-16.0,-119.0,-16.0,0,0
63834,3.1401,-0.9986,0.7041,0.2961,0.0,0.0,0.0,0.0,0.0,-15.0,-119.0,-16.0,0,0
63846,3.1401,-0.9986,0.7041,0.2961,0.0,0.0,0.0,0.0,0.0,-15.0,-120.0,-16.0,0,0
63859,3.1401,-0.9986,0.7041,0.2961,0.0,0.0,0.0,0.0,0.0,-18.0,-123.0,-20.0,0,0
63867,3.1401,-0.9986,0.7041,0.2961,0.0,0.0,0.0,0.0,0.0,-18.0,-121.0,-16.0,0,0
63879,3.1385,-0.9986,0.7041,0.2961,0.0,0.0,0.0,0.0,0.0,-18.0,-122.0,-19.0,0,0
63891,3.1385,-0.9986,0.7026,0.2961,0.0,0.0,0.0,0.0,1.0,-18.0,-104.0,-16.0,0,0
63904,3.1385,-0.994,0.6964,0.2961,0.0,0.024,-0.0479,0.0,0.0,-101.0,-38.0,-10.0,0,0
63916,3.1385,-0.9894,0.6949,0.2961,0.0,0.0479,-0.0719,0.0,0.0,-134.0,-60.0,-13.0,0,0
63924,3.1401,-0.9863,0.6964,0.2961,0.0,0.0959,-0.0959,0.0,0.0,-156.0,-91.0,-16.0,0,0
63941,3.1401,-0.9817,0.6964,0.2961,0.0,0.1438,-0.0959,0.0,0.0,-153.0,-107.0,-18.0,68,1
63953,3.1416,-0.9771,0.698,0.2976,0.0,0.2397,-0.0719,0.0,-1.0,-159.0,-98.0,-19.0,79,1
63965,3.1416,-0.9756,0.6964,0.2961,0.024,0.2637,-0.0479,0.0,-2.0,-141.0,-98.0,-17.0,87,1
63977,3.1416,-0.9756,0.698,0.2961,0.024,0.2637,-0.024,0.0,-2.0,-125.0,-93.0,-21.0,90,1
63990,3.1416,-0.9756,0.6964,0.2961,0.024,0.2397,0.0,0.0,-3.0,-124.0,-91.0,-16.0,93,1
64002,3.1401,-0.9787,0.6949,0.2961,0.024,0.1198,0.0,0.0,0.0,-86.0,-72.0,-16.0,95,1
64014,3.137,-0.9817,0.6949,0.2961,0.0,0.0479,0.0,0.0,15.0,-55.0,-66.0,-15.0,90,1
64027,3.1339,-0.9848,0.6934,0.2961,-0.024,0.0,-0.024,0.0,24.0,-42.0,-72.0,-15.0,83,1
64039,3.1355,-0.9863,0.6934,0.2961,-0.0479,-0.0479,-0.0479,0.0,25.0,-35.0,-79.0,-15.0,73,1
64051,3.137,-0.9894,0.6934,0.2961,-0.0479,-0.0959,-0.0479,0.0,4.0,-31.0,-78.0,-16.0,59,1
64063,3.1385,-0.9894,0.6949,0.2961,-0.0479,-0.1678,-0.024,0.0,0.0,-52.0,-82.0,-16.0,49,1
64076,3.1385,-0.991,0.6949,0.2961,-0.024,-0.1678,0.0,0.0,1.0,-56.0,-84.0,-16.0,41,1
64088,3.1385,-0.991,0.6949,0.2961,0.0,-0.1438,0.0,0.0,0.0,-63.0,-86.0,-16.0,38,1
64100,3.1401,-0.991,0.6949,0.2961,0.0,-0.1198,0.0,0.0,0.0,-60.0,-84.0,-17.0,29,1
64113,3.1431,-0.991,0.6949,0.2961,0.0479,-0.0479,0.0,0.0,-7.0,-62.0,-83.0,-16.0,27,1
64125,3.1416,-0.9925,0.6934,0.2961,0.0479,-0.024,0.0,0.0,0.0,-53.0,-84.0,-16.0,22,1
64137,3.1416,-0.9925,0.6934,0.2961,0.0479,-0.024,0.0,0.0,0.0,-45.0,-84.0,-16.0,15,1
64150,3.1401,-0.9925,0.6934,0.2961,0.024,-0.024,0.0,0.0,0.0,-39.0,-80.0,-17.0,6,0
64162,3.137,-0.994,0.6949,0.2961,0.0,-0.024,0.0,0.0,11.0,-40.0,-81.0,-16.0,3,0
64174,3.137,-0.994,0.6949,0.2961,-0.024,-0.024,0.0,0.0,2.0,-36.0,-82.0,-16.0,2,0
64182,3.1401,-0.9956,0.6949,0.2961,-0.024,-0.0479,0.0,0.0,0.0,-40.0,-85.0,-18.0,2,0
64195,3.1416,-0.994,0.6949,0.2961,-0.024,-0.0479,0.0,0.0,0.0,-44.0,-82.0,-16.0,2,0
64207,3.1401,-0.9956,0.6949,0.2961,-0.024,-0.0479,0.0,0.0,0.0,-42.0,-79.0,-17.0,2,0
64219,3.1401,-0.9956,0.6949,0.2961,0.0,-0.024,0.0,0.0,0.0,-44.0,-80.0,-16.0,1,0
64231,3.1416,-0.9956,0.6949,0.2961,0.0,-0.024,0.0,0.0,0.0,-43.0,-81.0,-15.0,1,0
64240,3.1401,-0.9956,0.6949,0.2976,0.024,-0.024,0.0,0.0,0.0,-44.0,-82.0,-15.0,0,0
64252,3.1401,-0.9956,0.6949,0.2961,0.024,0.0,0.0,0.0,-1.0,-44.0,-82.0,-16.0,0,0
64264,3.1401,-0.9956,0.6949,0.2961,0.0,0.0,0.0,0.0,-1.0,-44.0,-82.0,-16.0,0,0
64276,3.1401,-0.9956,0.6949,0.2961,0.0,0.0,0.0,0.0,0.0,-43.0,-83.0,-16.0,0,0
64289,3.1401,-0.9956,0.6949,0.2961,0.0,0.0,0.0,0.0,0.0,-42.0,-80.0,-16.0,0,0
64297,3.1401,-0.9956,0.6949,0.2961,0.0,0.0,0.0,0.0,0.0,-42.0,-81.0,-16.0,0,0
64309,3.1401,-0.9956,0.6934,0.2961,0.0,0.0,0.0,0.0,0.0,-43.0,-82.0,-17.0,0,0
64322,3.1401,-0.9956,0.6934,0.2961,0.0,0.0,0.0,0.0,0.0,-43.0,-83.0,-18.0,0,0
64334,3.1401,-0.9956,0.6949,0.2961,0.0,0.0,0.0,0.0,0.0,-43.0,-79.0,-16.0,0,0
64346,3.1401,-0.9956,0.6949,0.2961,0.0,0.0,0.0,0.0,0.0,-43.0,-81.0,-16.0,0,0
64354,3.1401,-0.9956,0.6949,0.2961,0.0,0.0,0.0,0.0,0.0,-44.0,-80.0,-17.0,0,0
64367,3.1401,-0.9956,0.6949,0.2961,0.0,0.0,0.0,0.0,0.0,-43.0,-83.0,-19.0,0,0
64379,3.1401,-0.9956,0.6949,0.2961,0.0,0.0,0.0,0.0,0.0,-43.0,-80.0,-16.0,0,0
64391,3.1401,-0.9956,0.6949,0.2961,0.0,0.0,0.0,0.0,0.0,-43.0,-81.0,-16.0,0,0
64403,3.1401,-0.9956,0.6934,0.2961,0.0,0.0,0.0,0.0,0.0,-43.0,-83.0,-16.0,0,0
64412,3.1401,-0.9956,0.6949,0.2961,0.0,0.0,0.0,0.0,0.0,-44.0,-81.0,-16.0,0,0
64424,3.1401,-0.9956,0.6949,0.2961,0.0,0.0,0.0,0.0,0.0,-43.0,-83.0,-16.0,0,0
64436,3.1401,-0.9956,0.6949,0.2961,0.0,0.0,0.0,0.0,0.0,-43.0,-79.0,-16.0,0,0
64448,3.1401,-0.9956,0.6949,0.2961,0.0,0.0,0.0,0.0,0.0,-43.0,-84.0,-18.0,0,0
64461,3.1401,-0.9956,0.6949,0.2961,0.0,0.0,0.0,0.0,0.0,-43.0,-80.0,-18.0,0,0
64469,3.1401,-0.9956,0.6949,0.2961,0.0,0.0,0.0,0.0,0.0,-43.0,-80.0,-15.0,0,0
64481,3.1401,-0.9956,0.6949,0.2961,0.0,0.0,0.0,0.0,0.0,-43.0,-82.0,-16.0,0,0
64494,3.1401,-0.9956,0.6949,0.2961,0.0,0.0,0.0,0.0,0.0,-44.0,-82.0,-16.0,0,0
64506,3.1401,-0.9956,0.6949,0.2961,0.0,0.0,0.0,0.0,0.0,-43.0,-78.0,-16.0,0,0
64518,3.1401,-0.9956,0.6949,0.2961,0.0,0.0,0.0,0.0,0.0,-43.0,-80.0,-16.0,0,0
64526,3.1401,-0.9956,0.6934,0.2961,0.0,0.0,0.0,0.0,0.0,-44.0,-78.0,-17.0,0,0
64539,3.1401,-0.9956,0.6949,0.2961,0.0,0.0,0.0,0.0,0.0,-43.0,-81.0,-16.0,0,0
64551,3.1401,-0.9956,0.6934,0.2976,0.0,0.0,0.0,0.0,0.0,-43.0,-79.0,-16.0,0,0
64563,3.1401,-0.9956,0.6949,0.2961,0.0,0.0,0.0,0.0,0.0,-43.0,-81.0,-17.0,0,0
64575,3.1401,-0.9956,0.6949,0.2961,0.0,0.0,0.0,0.0,0.0,-43.0,-82.0,-17.0,0,0
64584,3.1401,-0.9956,0.6949,0.2961,0.0,0.0,0.0,0.0,0.0,-43.0,-80.0,-16.0,0,0
64596,3.1401,-0.9956,0.6949,0.2961,0.0,0.0,0.0,0.0,0.0,-43.0,-78.0,-16.0,0,0
64608,3.1401,-0.9956,0.6934,0.2961,0.0,0.0,0.0,0.0,0.0,-43.0,-81.0,-16.0,0,0
64621,3.1401,-0.9956,0.6934,0.2961,0.0,0.0,0.0,0.0,0.0,-43.0,-81.0,-16.0,0,0
64629,3.1401,-0.9956,0.6949,0.2961,0.0,0.0,0.0,0.0,0.0,-43.0,-82.0,-18.0,0,0
64641,3.1401,-0.9956,0.6949,0.2961,0.0,0.0,0.0,0.0,0.0,-43.0,-81.0,-16.0,0,0
64653,3.1401,-0.9956,0.6934,0.2961,0.0,0.0,0.0,0.0,0.0,-43.0,-81.0,-16.0,0,0
64666,3.1401,-0.9956,0.6949,0.2961,0.0,0.0,0.0,0.0,0.0,-43.0,-79.0,-16.0,0,0
64678,3.1401,-0.9956,0.6949,0.2961,0.0,0.0,0.0,0.0,0.0,-43.0,-76.0,-16.0,0,0
64686,3.1401,-0.9956,0.6949,0.2961,0.0,0.0,0.0,0.0,0.0,-43.0,-78.0,-16.0,0,0
64698,3.1401,-0.9956,0.6949,0.2961,0.0,0.0,0.0,0.0,0.0,-43.0,-82.0,-18.0,0,0
64711,3.1401,-0.9956,0.6949,0.2961,0.0,0.0,0.0,0.0,0.0,-43.0,-82.0,-16.0,0,0
64723,3.1401,-0.9956,0.6934,0.2961,0.0,0.0,0.0,0.0,0.0,-43.0,-80.0,-16.0,0,0
64735,3.1401,-0.9956,0.6949,0.2961,0.0,0.0,0.0,0.0,0.0,-43.0,-80.0,-16.0,0,0
64743,3.1401,-0.9956,0.6949,0.2961,0.0,0.0,0.0,0.0,0.0,-43.0,-78.0,-16.0,0,0
64756,3.1401,-0.9956,0.6949,0.2961,0.0,0.0,0.0,0.0,0.0,-44.0,-77.0,-17.0,0,0
64768,3.1401,-0.9956,0.6949,0.2961,0.0,0.0,0.0,0.0,0.0,-43.0,-79.0,-18.0,0,0
64780,3.1401,-0.9956,0.6949,0.2961,0.0,0.0,0.0,0.0,0.0,-43.0,-75.0,-16.0,0,0
64793,3.1401,-0.9956,0.6949,0.2961,0.0,0.0,0.0,0.0,0.0,-43.0,-79.0,-16.0,0,0
64801,3.1401,-0.9956,0.6949,0.2961,0.0,0.0,0.0,0.0,0.0,-43.0,-79.0,-16.0,0,0
64813,3.1401,-0.9956,0.6949,0.2961,0.0,0.0,0.0,0.0,0.0,-43.0,-79.0,-16.0,0,0
64825,3.1401,-0.9956,0.6949,0.2961,0.0,0.0,0.0,0.0,0.0,-43.0,-77.0,-16.0,0,0
64838,3.1401,-0.9956,0.6934,0.2961,0.0,0.0,0.0,0.0,0.0,-43.0,-80.0,-17.0,0,0
64850,3.1401,-0.9956,0.6949,0.2961,0.0,0.0,0.0,0.0,0.0,-43.0,-81.0,-16.0,0,0
64858,3.1401,-0.9956,0.6949,0.2961,0.0,0.0,0.0,0.0,0.0,-43.0,-79.0,-16.0,0,0
64870,3.1401,-0.9956,0.6949,0.2961,0.0,0.0,0.0,0.0,0.0,-43.0,-79.0,-16.0,0,0
64883,3.1401,-0.9956,0.6949,0.2976,0.0,0.0,0.0,0.0,0.0,-43.0,-76.0,-16.0,0,0
64895,3.1401,-0.9956,0.6949,0.2961,0.0,0.0,0.0,0.0,0.0,-43.0,-77.0,-16.0,0,0
64907,3.1401,-0.9956,0.6949,0.2961,0.0,0.0,0.0,0.0,0.0,-43.0,-78.0,-16.0,0,0
64915,3.1401,-0.9956,0.6949,0.2961,0.0,0.0,0.0,0.0,0.0,-43.0,-80.0,-16.0,0,0
64928,3.1401,-0.9956,0.6949,0.2961,0.0,0.0,0.0,0.0,0.0,-44.0,-78.0,-18.0,0,0
64940,3.1401,-0.9956,0.6949,0.2976,0.0,0.0,0.0,0.0,0.0,-44.0,-79.0,-16.0,0,0
64952,3.1401,-0.9956,0.6949,0.2961,0.0,0.0,0.0,0.0,0.0,-43.0,-73.0,-17.0,0,0
64965,3.1447,-0.9956,0.6949,0.2961,0.0,0.0,0.0,0.0,-17.0,-40.0,-80.0,-16.0,0,0
64973,3.1462,-0.9956,0.6949,0.2961,0.024,0.0,0.0,0.0,-52.0,-39.0,-84.0,-16.0,0,0
64985,3.1477,-0.9956,0.6964,0.2961,0.0479,0.0,0.0,0.0,-72.0,-39.0,-95.0,-19.0,0,0
64997,3.1462,-0.9956,0.6964,0.2961,0.0719,0.0,0.0,0.0,-36.0,-39.0,-108.0,-16.0,0,0
65010,3.1462,-0.9956,0.698,0.2961,0.0959,0.0,0.024,0.0,-37.0,-39.0,-116.0,-19.0,0,0
65022,3.1477,-0.9956,0.6995,0.2961,0.0959,0.0,0.0479,0.0,-46.0,-34.0,-98.0,-16.0,4,0
65030,3.1477,-0.9956,0.6995,0.2961,0.0959,0.0,0.0479,0.0,-46.0,-34.0,-98.0,-16.0,2,0
65042,3.1477,-0.9956,0.698,0.2961,0.0479,0.0,0.0479,0.0,-47.0,-39.0,-90.0,-15.0,31,1
65055,3.1477,-0.9956,0.698,0.2961,0.024,0.0,0.024,0.0,-47.0,-37.0,-92.0,-15.0,37,1
65067,3.1477,-0.9971,0.6995,0.2961,0.0,0.0,0.024,0.0,-46.0,-40.0,-94.0,-16.0,40,1
65079,3.1477,-0.9956,0.6995,0.2961,0.0,0.0,0.0,0.0,-46.0,-43.0,-97.0,-16.0,46,1
65096,3.1477,-0.9971,0.6995,0.2961,0.0,0.0,0.0,0.0,-43.0,-38.0,-98.0,-16.0,45,1
65108,3.1477,-0.9956,0.6995,0.2961,0.0,0.0,0.0,0.0,-37.0,-36.0,-96.0,-16.0,45,1
65120,3.1462,-0.9956,0.6995,0.2961,0.0,0.0,0.0,0.0,-38.0,-42.0,-94.0,-16.0,44,1
65133,3.1462,-0.9956,0.698,0.2961,0.0,0.0,0.0,0.0,-22.0,-38.0,-91.0,-15.0,38,1
65145,3.1447,-0.9971,0.698,0.2961,0.0,0.0,0.0,0.0,-12.0,-20.0,-91.0,-16.0,33,1
65157,3.1431,-0.9971,0.698,0.2961,-0.024,0.0,0.0,0.0,1.0,-17.0,-91.0,-15.0,26,1
65169,3.1431,-0.9986,0.698,0.2961,-0.0479,0.0,0.0,0.0,2.0,-16.0,-91.0,-16.0,19,1
65182,3.1401,-0.9986,0.698,0.2961,-0.0719,-0.024,0.0,0.0,0.0,-24.0,-90.0,-18.0,12,1
65194,3.1416,-0.9986,0.698,0.2961,-0.0719,-0.024,0.0,0.0,-2.0,-27.0,-90.0,-16.0,6,0
65202,3.1416,-0.9986,0.698,0.2961,-0.0719,-0.024,0.0,0.0,-5.0,-27.0,-91.0,-16.0,3,0
65214,3.1401,-0.9986,0.698,0.2961,-0.0719,-0.024,0.0,0.0,-3.0,-27.0,-91.0,-16.0,1,0
65227,3.1401,-0.9986,0.698,0.2961,-0.0479,-0.024,0.0,0.0,-1.0,-27.0,-93.0,-16.0,2,0
65239,3.1401,-0.9986,0.698,0.2961,-0.0479,0.0,0.0,0.0,0.0,-27.0,-90.0,-18.0,1,0
65251,3.1385,-0.9986,0.698,0.2961,-0.024,0.0,0.0,0.0,0.0,-24.0,-91.0,-15.0,2,0
65259,3.1385,-0.9986,0.698,0.2961,-0.024,0.0,0.0,0.0,0.0,-27.0,-91.0,-16.0,2,0
65272,3.137,-0.9986,0.698,0.2961,-0.024,0.0,0.0,0.0,6.0,-27.0,-90.0,-16.0,2,0
65284,3.137,-0.9986,0.698,0.2976,-0.024,0.0,0.0,0.0,3.0,-27.0,-91.0,-15.0,2,0
65296,3.137,-0.9986,0.698,0.2961,-0.024,0.0,0.0,0.0,-1.0,-19.0,-91.0,-16.0,1,0
65309,3.1385,-0.9986,0.698,0.2961,-0.024,0.0,0.0,0.0,-3.0,-19.0,-91.0,-15.0,1,0
65317,3.1401,-0.9986,0.698,0.2961,-0.024,0.0,0.0,0.0,0.0,-18.0,-90.0,-16.0,1,0
65329,3.1416,-0.9986,0.698,0.2961,0.0,0.0,0.0,0.0,0.0,-19.0,-90.0,-16.0,1,0
65341,3.1416,-0.9986,0.698,0.2961,0.0,0.0,0.0,0.0,-1.0,-19.0,-91.0,-16.0,1,0
65354,3.1416,-0.9986,0.698,0.2961,0.024,0.0,0.0,0.0,0.0,-18.0,-91.0,-16.0,1,0
65366,3.1401,-0.9986,0.698,0.2961,0.024,0.0,0.0,0.0,0.0,-19.0,-91.0,-16.0,1,0
65374,3.1401,-0.9986,0.698,0.2961,0.024,0.0,0.0,0.0,0.0,-19.0,-91.0,-16.0,1,0
65386,3.1401,-0.9986,0.698,0.2961,0.0,0.0,0.0,0.0,-1.0,-17.0,-91.0,-15.0,1,0
65399,3.1401,-0.9986,0.698,0.2961,0.0,0.0,0.0,0.0,-1.0,-16.0,-90.0,-16.0,0,0
65411,3.1401,-0.9986,0.698,0.2961,0.0,0.0,0.0,0.0,0.0,-18.0,-91.0,-17.0,0,0
65423,3.1401,-0.9986,0.698,0.2961,0.0,0.0,0.0,0.0,0.0,-17.0,-91.0,-17.0,0,0
65432,3.1401,-0.9986,0.698,0.2961,0.0,0.0,0.0,0.0,0.0,-18.0,-91.0,-16.0,0,0
65444,3.1401,-0.9986,0.698,0.2961,0.0,0.0,0.0,0.0,0.0,-17.0,-91.0,-16.0,0,0
65456,3.1401,-0.9986,0.698,0.2961,0.0,0.0,0.0,0.0,0.0,-13.0,-90.0,-17.0,0,0
65468,3.1401,-0.9986,0.698,0.2961,0.0,0.0,0.0,0.0,0.0,-12.0,-91.0,-16.0,0,0
65481,3.1401,-0.9986,0.698,0.2961,0.0,0.0,0.0,0.0,0.0,-12.0,-90.0,-16.0,0,0
65489,3.1401,-0.9986,0.698,0.2961,0.0,0.0,0.0,0.0,0.0,-12.0,-91.0,-16.0,0,0
65501,3.1401,-0.9986,0.698,0.2961,0.0,0.0,0.0,0.0,0.0,-12.0,-90.0,-16.0,0,0
65513,3.1401,-0.9986,0.698,0.2961,0.0,0.0,0.0,0.0,0.0,-12.0,-91.0,-16.0,0,0
65526,3.1401,-0.9986,0.698,0.2961,0.0,0.0,0.0,0.0,0.0,-12.0,-91.0,-17.0,0,0
65538,3.1401,-0.9986,0.698,0.2961,0.0,0.0,0.0,0.0,0.0,-12.0,-91.0,-16.0,0,0
65546,3.1401,-0.9986,0.698,0.2961,0.0,0.0,0.0,0.0,0.0,-12.0,-90.0,-16.0,0,0
65558,3.1401,-0.9986,0.698,0.2961,0.0,0.0,0.0,0.0,0.0,-12.0,-90.0,-16.0,0,0
65571,3.1401,-0.9986,0.698,0.2961,0.0,0.0,0.0,0.0,0.0,-12.0,-91.0,-16.0,0,0
65583,3.1401,-0.9986,0.698,0.2961,0.0,0.0,0.0,0.0,0.0,-12.0,-91.0,-16.0,0,0
65595,3.1401,-0.9986,0.698,0.2961,0.0,0.0,0.0,0.0,0.0,-12.0,-91.0,-16.0,0,0
65604,3.1401,-0.9986,0.698,0.2961,0.0,0.0,0.0,0.0,0.0,-15.0,-91.0,-15.0,0,0
65616,3.1401,-0.9986,0.698,0.2961,0.0,0.0,0.0,0.0,0.0,-12.0,-91.0,-15.0,0,0
65628,3.1401,-0.9986,0.698,0.2961,0.0,0.0,0.0,0.0,0.0,-13.0,-91.0,-16.0,0,0
65640,3.1401,-0.9986,0.698,0.2961,0.0,0.0,0.0,0.0,0.0,-13.0,-91.0,-16.0,0,0
65649,3.1401,-0.9986,0.698,0.2961,0.0,0.0,0.0,0.0,0.0,-13.0,-91.0,-16.0,0,0
65661,3.1385,-0.9986,0.698,0.2961,0.0,0.0,0.0,0.0,0.0,-13.0,-91.0,-16.0,0,0
65673,3.1401,-0.9986,0.698,0.2961,0.0,0.0,0.0,0.0,0.0,-13.0,-91.0,-15.0,0,0
65685,3.1401,-0.9986,0.698,0.2961,0.0,0.0,0.0,0.0,0.0,-13.0,-91.0,-16.0,0,0
65698,3.1401,-0.9986,0.698,0.2961,0.0,0.0,0.0,0.0,0.0,-13.0,-90.0,-15.0,0,0
65706,3.1401,-0.9986,0.698,0.2961,0.0,0.0,0.0,0.0,0.0,-13.0,-91.0,-16.0,0,0
65718,3.1401,-0.9986,0.698,0.2961,0.0,0.0,0.0,0.0,0.0,-13.0,-91.0,-16.0,0,0
65731,3.1385,-0.9986,0.698,0.2961,0.0,0.0,0.0,0.0,0.0,-13.0,-91.0,-16.0,0,0
65743,3.1401,-0.9986,0.698,0.2961,0.0,0.0,0.0,0.0,0.0,-14.0,-90.0,-16.0,0,0
65755,3.1401,-0.9986,0.698,0.2961,0.0,0.0,0.0,0.0,0.0,-14.0,-91.0,-16.0,0,0
65763,3.1385,-0.9986,0.698,0.2961,0.0,0.0,0.0,0.0,0.0,-14.0,-90.0,-19.0,0,0
65776,3.1401,-0.9986,0.698,0.2961,0.0,0.0,0.0,0.0,0.0,-15.0,-91.0,-17.0,0,0
65788,3.1401,-0.9986,0.698,0.2961,0.0,0.0,0.0,0.0,0.0,-14.0,-91.0,-17.0,0,0
65800,3.1401,-0.9986,0.698,0.2961,0.0,0.0,0.0,0.0,0.0,-17.0,-91.0,-16.0,0,0
65812,3.1401,-0.9986,0.698,0.2961,0.0,0.0,0.0,0.0,0.0,-17.0,-90.0,-16.0,0,0
65821,3.1401,-0.9986,0.698,0.2961,0.0,0.0,0.0,0.0,0.0,-17.0,-90.0,-16.0,0,0
65833,3.1401,-0.9986,0.698,0.2961,0.0,0.0,0.0,0.0,0.0,-17.0,-90.0,-16.0,0,0
65845,3.1401,-0.9986,0.698,0.2961,0.0,0.0,0.0,0.0,0.0,-17.0,-91.0,-16.0,0,0
65857,3.1385,-0.9986,0.698,0.2961,0.0,0.0,0.0,0.0,0.0,-17.0,-91.0,-16.0,0,0
65870,3.1401,-0.9986,0.698,0.2961,0.0,0.0,0.0,0.0,0.0,-19.0,-89.0,-15.0,0,0
65878,3.1401,-0.9986,0.698,0.2961,0.0,0.0,0.0,0.0,0.0,-17.0,-90.0,-16.0,0,0
65890,3.1401,-0.9986,0.698,0.2976,0.0,0.0,0.0,0.0,0.0,-17.0,-91.0,-16.0,0,0
65903,3.1401,-0.9986,0.698,0.2961,0.0,0.0,0.0,0.0,0.0,-15.0,-91.0,-16.0,0,0
65915,3.1401,-0.9986,0.698,0.2961,0.0,0.0,0.0,0.0,0.0,-15.0,-91.0,-16.0,0,0
65927,3.1385,-0.9986,0.698,0.2961,0.0,0.0,0.0,0.0,0.0,-17.0,-91.0,-16.0,0,0
65935,3.1401,-0.9986,0.698,0.2961,0.0,0.0,0.0,0.0,0.0,-17.0,-91.0,-16.0,0,0
65948,3.1401,-0.9986,0.698,0.2961,0.0,0.0,0.0,0.0,0.0,-17.0,-91.0,-16.0,0,0
65960,3.1401,-0.9986,0.698,0.2961,0.0,0.0,0.0,0.0,0.0,-15.0,-90.0,-16.0,0,0
65972,3.1401,-0.9986,0.698,0.2961,0.0,0.0,0.0,0.0,0.0,-15.0,-91.0,-16.0,0,0
65984,3.1401,-0.9986,0.698,0.2961,0.0,0.0,0.0,0.0,0.0,-15.0,-91.0,-16.0,0,0
65993,3.1401,-0.9986,0.698,0.2961,0.0,0.0,0.0,0.0,0.0,-15.0,-91.0,-16.0,0,0
66005,3.1401,-0.9986,0.698,0.2961,0.0,0.0,0.0,0.0,0.0,-15.0,-90.0,-15.0,0,0
66017,3.1401,-0.9986,0.698,0.2961,0.0,0.0,0.0,0.0,0.0,-15.0,-90.0,-16.0,0,0
66030,3.1401,-0.9986,0.698,0.2961,0.0,0.0,0.0,0.0,0.0,-15.0,-91.0,-16.0,0,0
66042,3.1401,-0.9986,0.698,0.2961,0.0,0.0,0.0,0.0,0.0,-15.0,-91.0,-16.0,0,0
66050,3.1401,-0.9986,0.698,0.2961,0.0,0.0,0.0,0.0,0.0,-15.0,-91.0,-16.0,0,0
66062,3.1385,-0.9986,0.698,0.2961,0.0,0.0,0.0,0.0,0.0,-15.0,-91.0,-16.0,0,0
66075,3.1401,-0.9986,0.698,0.2961,0.0,0.0,0.0,0.0,0.0,-15.0,-91.0,-16.0,0,0
66087,3.1401,-0.9986,0.698,0.2961,0.0,0.0,0.0,0.0,0.0,-15.0,-91.0,-16.0,0,0
66095,3.1401,-0.9986,0.698,0.2961,0.0,0.0,0.0,0.0,0.0,-15.0,-91.0,-16.0,0,0
66107,3.1401,-0.9986,0.698,0.2961,0.0,0.0,0.0,0.0,0.0,-15.0,-91.0,-16.0,0,0
66120,3.1401,-0.9986,0.698,0.2961,0.0,0.0,0.0,0.0,0.0,-12.0,-91.0,-16.0,1,0
66132,3.1355,-0.9986,0.698,0.2961,0.0,0.0,0.0,0.0,12.0,-12.0,-90.0,-16.0,1,0
66144,3.1309,-0.9986,0.698,0.2961,-0.024,0.0,0.0,0.0,63.0,-12.0,-91.0,-15.0,1,0
66152,3.1309,-0.9971,0.698,0.2961,-0.0719,0.0,0.0,0.0,75.0,-15.0,-91.0,-15.0,1,0
66165,3.1339,-0.9971,0.6964,0.2961,-0.0959,0.0,0.0,0.0,16.0,-28.0,-87.0,-14.0,1,0
66177,3.1355,-0.9971,0.698,0.2961,-0.0719,0.0,0.0,0.0,1.0,-34.0,-91.0,-16.0,1,0
66189,3.1339,-0.9971,0.698,0.2961,-0.0719,0.0,0.0,0.0,17.0,-43.0,-94.0,-20.0,2,0
66202,3.1339,-0.9956,0.6995,0.2961,-0.0479,0.024,0.0,0.0,40.0,-44.0,-103.0,-21.0,0,0
66214,3.1339,-0.9956,0.6995,0.2976,0.0,0.024,0.0,0.0,42.0,-37.0,-110.0,-20.0,10,0
66226,3.1324,-0.9956,0.698,0.2961,0.0,0.024,0.0,0.0,48.0,-30.0,-107.0,-17.0,23,1
66238,3.1339,-0.9956,0.698,0.2961,0.0,0.024,0.0,0.0,44.0,-26.0,-96.0,-16.0,23,1
66251,3.1324,-0.9971,0.698,0.2961,0.0,0.024,0.0,0.0,43.0,-11.0,-86.0,-15.0,32,1
66263,3.1324,-1.0017,0.6964,0.2961,0.0,-0.024,0.0,0.0,46.0,5.0,-87.0,-15.0,33,1
66275,3.1339,-1.0032,0.698,0.2961,0.0,-0.0479,0.0,0.0,44.0,12.0,-90.0,-15.0,35,1
66288,3.1339,-1.0032,0.6964,0.2961,0.0,-0.0719,0.0,0.0,46.0,14.0,-87.0,-15.0,37,1
66300,3.1339,-1.0032,0.698,0.2961,0.0,-0.0959,0.0,0.0,42.0,11.0,-89.0,-16.0,38,1
66312,3.1339,-1.0017,0.698,0.2976,0.0,-0.0959,0.0,0.0,39.0,4.0,-91.0,-16.0,36,1
66324,3.1339,-1.0017,0.698,0.2961,0.0,-0.0719,0.0,0.0,41.0,8.0,-94.0,-21.0,35,1
66337,3.1339,-1.0017,0.698,0.2961,0.0,-0.024,0.0,0.0,41.0,11.0,-92.0,-16.0,35,1
66349,3.1339,-1.0017,0.6995,0.2961,0.0,-0.024,0.0,0.0,34.0,7.0,-92.0,-16.0,33,1
66361,3.1355,-1.0032,0.698,0.2961,0.0,0.0,0.0,0.0,26.0,11.0,-87.0,-16.0,23,1
66374,3.137,-1.0017,0.698,0.2961,0.024,0.0,0.0,0.0,9.0,8.0,-82.0,-16.0,16,1
66386,3.137,-1.0032,0.6964,0.2961,0.024,0.0,0.0,0.0,8.0,8.0,-89.0,-16.0,7,0
66398,3.1385,-1.0032,0.6964,0.2961,0.0479,0.0,0.0,0.0,0.0,7.0,-91.0,-16.0,3,0
66410,3.1385,-1.0017,0.698,0.2961,0.0479,0.0,0.0,0.0,0.0,1.0,-88.0,-16.0,4,0
66419,3.1385,-1.0017,0.698,0.2961,0.0479,0.0,0.0,0.0,0.0,0.0,-90.0,-16.0,4,0
66431,3.1385,-0.9986,0.698,0.2961,0.0479,0.0,0.0,0.0,0.0,-5.0,-90.0,-16.0,3,0
66443,3.1416,-0.9986,0.698,0.2961,0.0479,0.024,0.0,0.0,0.0,-6.0,-90.0,-15.0,3,0
66455,3.1416,-0.9986,0.698,0.2961,0.0479,0.0479,0.0,0.0,0.0,-4.0,-90.0,-17.0,2,0
66468,3.1431,-0.9986,0.698,0.2961,0.0479,0.0479,0.0,0.0,-1.0,-6.0,-90.0,-19.0,1,0
66476,3.1431,-0.9986,0.698,0.2961,0.0479,0.0479,0.0,0.0,0.0,-6.0,-91.0,-16.0,1,0
66488,3.1431,-0.9986,0.698,0.2961,0.0479,0.0479,0.0,0.0,0.0,-5.0,-91.0,-16.0,1,0
66501,3.1416,-0.9986,0.698,0.2961,0.0479,0.024,0.0,0.0,2.0,-4.0,-90.0,-16.0,1,0
66513,3.1385,-0.9986,0.698,0.2961,0.0,0.0,0.0,0.0,0.0,-7.0,-90.0,-16.0,1,0
66525,3.1385,-0.9986,0.698,0.2961,0.0,0.0,0.0,0.0,7.0,-11.0,-90.0,-16.0,1,0
66533,3.137,-0.9986,0.698,0.2961,-0.0479,0.0,0.0,0.0,6.0,-5.0,-90.0,-16.0,0,0
66546,3.1385,-0.9986,0.698,0.2961,-0.0479,0.0,0.0,0.0,1.0,-5.0,-91.0,-18.0,1,0
66558,3.1385,-0.9986,0.698,0.2961,-0.0479,0.0,0.0,0.0,0.0,-5.0,-91.0,-16.0,1,0
66570,3.1401,-0.9986,0.698,0.2961,-0.0479,0.0,0.0,0.0,0.0,-5.0,-90.0,-16.0,0,0
66582,3.1401,-0.9986,0.698,0.2961,0.0,0.0,0.0,0.0,0.0,-6.0,-91.0,-16.0,0,0
66591,3.1401,-0.9986,0.698,0.2961,0.0,0.0,0.0,0.0,0.0,-6.0,-91.0,-16.0,0,0
66603,3.1401,-0.9986,0.698,0.2961,0.024,0.0,0.0,0.0,0.0,-6.0,-91.0,-16.0,0,0
66615,3.1401,-0.9986,0.698,0.2961,0.024,0.0,0.0,0.0,0.0,-6.0,-90.0,-16.0,1,0
66628,3.1401,-0.9986,0.6964,0.2961,0.024,0.0,0.0,0.0,0.0,-3.0,-91.0,-16.0,0,0
66640,3.1401,-0.9986,0.698,0.2961,0.0,0.0,0.0,0.0,0.0,-2.0,-90.0,-15.0,0,0
66648,3.1401,-0.9986,0.698,0.2961,0.0,0.0,0.0,0.0,0.0,-1.0,-89.0,-16.0,0,0
66660,3.1401,-0.9986,0.698,0.2961,0.0,0.0,0.0,0.0,0.0,-1.0,-91.0,-16.0,0,0
66673,3.1401,-0.9986,0.698,0.2961,0.0,0.0,0.0,0.0,0.0,-1.0,-91.0,-16.0,0,0
66685,3.1385,-0.9986,0.698,0.2961,0.0,0.0,0.0,0.0,0.0,-4.0,-91.0,-16.0,0,0
66697,3.1385,-0.9986,0.698,0.2961,0.0,0.0,0.0,0.0,0.0,-1.0,-89.0,-18.0,0,0
66705,3.1385,-0.9986,0.698,0.2961,0.0,0.0,0.0,0.0,0.0,-1.0,-91.0,-16.0,0,0
66718,3.1385,-0.9986,0.698,0.2961,0.0,0.0,0.0,0.0,0.0,-1.0,-89.0,-16.0,0,0
66730,3.1385,-0.9986,0.698,0.2961,0.0,0.0,0.0,0.0,0.0,-1.0,-91.0,-16.0,0,0
66742,3.1385,-0.9986,0.698,0.2961,0.0,0.0,0.0,0.0,0.0,0.0,-90.0,-16.0,0,0
66754,3.1385,-0.9986,0.6964,0.2961,0.0,0.0,0.0,0.0,0.0,0.0,-91.0,-16.0,0,0
66763,3.1385,-0.9986,0.698,0.2961,0.0,0.0,0.0,0.0,0.0,0.0,-90.0,-16.0,0,0
66775,3.1401,-0.9986,0.698,0.2961,0.0,0.0,0.0,0.0,0.0,0.0,-90.0,-18.0,0,0
66787,3.1385,-0.9986,0.698,0.2961,0.0,0.0,0.0,0.0,2.0,0.0,-90.0,-15.0,0,0
66800,3.1401,-0.9986,0.698,0.2961,0.0,0.0,0.0,0.0,1.0,0.0,-90.0,-15.0,0,0
66812,3.1401,-0.9986,0.698,0.2961,0.0,0.0,0.0,0.0,0.0,0.0,-91.0,-16.0,0,0
66820,3.1401,-0.9986,0.698,0.2961,0.0,0.0,0.0,0.0,0.0,0.0,-91.0,-16.0,0,0
66832,3.1401,-0.9986,0.698,0.2961,0.0,0.0,0.0,0.0,0.0,0.0,-90.0,-16.0,0,0
66845,3.1401,-0.9986,0.698,0.2961,0.0,0.0,0.0,0.0,0.0,0.0,-91.0,-16.0,0,0
66857,3.1401,-0.9986,0.698,0.2961,0.0,0.0,0.0,0.0,0.0,0.0,-90.0,-16.0,0,0
66865,3.1401,-0.9986,0.698,0.2961,0.0,0.0,0.0,0.0,0.0,0.0,-87.0,-17.0,0,0
66877,3.1401,-0.9986,0.698,0.2961,0.0,0.0,0.0,0.0,0.0,0.0,-90.0,-16.0,0,0
66890,3.1401,-0.9986,0.698,0.2961,0.0,0.0,0.0,0.0,0.0,0.0,-91.0,-16.0,0,0
66902,3.1401,-0.9986,0.698,0.2961,0.0,0.0,0.0,0.0,0.0,0.0,-91.0,-16.0,0,0
66914,3.1401,-0.9986,0.698,0.2961,0.0,0.0,0.0,0.0,0.0,0.0,-90.0,-18.0,0,0
66922,3.1401,-0.9986,0.698,0.2961,0.0,0.0,0.0,0.0,0.0,0.0,-90.0,-16.0,0,0
66935,3.1401,-0.9986,0.698,0.2961,0.0,0.0,0.0,0.0,0.0,0.0,-90.0,-16.0,0,0
66947,3.1401,-0.9986,0.698,0.2961,0.0,0.0,0.0,0.0,0.0,0.0,-91.0,-15.0,0,0
66959,3.1401,-0.9986,0.698,0.2961,0.0,0.0,0.0,0.0,0.0,0.0,-91.0,-15.0,0,0
66972,3.1401,-0.9986,0.698,0.2961,0.0,0.0,0.0,0.0,0.0,0.0,-91.0,-16.0,0,0
66980,3.1401,-0.9986,0.698,0.2961,0.0,0.0,0.0,0.0,0.0,0.0,-91.0,-16.0,0,0
66992,3.1401,-0.9986,0.698,0.2961,0.0,0.0,0.0,0.0,0.0,0.0,-90.0,-16.0,0,0
67004,3.1401,-0.9986,0.698,0.2976,0.0,0.0,0.0,0.0,0.0,0.0,-91.0,-16.0,0,0
67017,3.1401,-0.9986,0.698,0.2961,0.0,0.0,0.0,0.0,0.0,0.0,-91.0,-16.0,0,0
67029,3.1401,-0.9986,0.698,0.2961,0.0,0.0,0.0,0.0,0.0,0.0,-88.0,-16.0,0,0
67037,3.1401,-0.9986,0.698,0.2961,0.0,0.0,0.0,0.0,0.0,-1.0,-91.0,-15.0,0,0
67049,3.1401,-0.9986,0.698,0.2961,0.0,0.0,0.0,0.0,0.0,-1.0,-91.0,-16.0,0,0
67062,3.1401,-0.9986,0.698,0.2961,0.0,0.0,0.0,0.0,0.0,-1.0,-91.0,-16.0,0,0
67074,3.1401,-0.9986,0.698,0.2961,0.0,0.0,0.0,0.0,0.0,-1.0,-90.0,-16.0,0,0
67086,3.1401,-0.9986,0.698,0.2961,0.0,0.0,0.0,0.0,0.0,-1.0,-91.0,-16.0,0,0
67094,3.1401,-0.9986,0.698,0.2961,0.0,0.0,0.0,0.0,0.0,-1.0,-91.0,-16.0,0,0
67107,3.1401,-0.9986,0.698,0.2961,0.0,0.0,0.0,0.0,0.0,-1.0,-88.0,-16.0,0,0
67119,3.1401,-0.9986,0.698,0.2961,0.0,0.0,0.0,0.0,0.0,-1.0,-91.0,-15.0,0,0
67131,3.1401,-0.9986,0.698,0.2961,0.0,0.0,0.0,0.0,0.0,-1.0,-91.0,-16.0,0,0
67144,3.1401,-0.9971,0.698,0.2961,0.0,0.0,0.0,0.0,0.0,-1.0,-91.0,-16.0,0,0
67152,3.1401,-0.9986,0.698,0.2961,0.0,0.0,0.0,0.0,0.0,-1.0,-91.0,-16.0,0,0
67164,3.1401,-0.9986,0.698,0.2961,0.0,0.0,0.0,0.0,0.0,-1.0,-91.0,-16.0,0,0
67176,3.1401,-0.9986,0.698,0.2976,0.0,0.0,0.0,0.0,0.0,-1.0,-91.0,-16.0,0,0
67189,3.1401,-0.9986,0.698,0.2961,0.0,0.0,0.0,0.0,0.0,-1.0,-88.0,-16.0,0,0
67201,3.1401,-0.9986,0.698,0.2961,0.0,0.0,0.0,0.0,0.0,-1.0,-91.0,-16.0,0,0
67209,3.1401,-0.9986,0.698,0.2961,0.0,0.0,0.0,0.0,0.0,-2.0,-91.0,-16.0,0,0
67221,3.1416,-0.9956,0.6964,0.2961,0.0,0.0,0.0,0.0,0.0,-29.0,-59.0,-15.0,0,0
67234,3.1401,-0.9894,0.6918,0.2945,0.0,0.0479,-0.0479,0.0,0.0,-124.0,-40.0,-9.0,0,0
67246,3.1416,-0.9848,0.6918,0.2961,0.0,0.0959,-0.0479,0.0,0.0,-161.0,-70.0,-13.0,0,0
67258,3.1431,-0.9802,0.6934,0.2961,0.0,0.1438,-0.0479,0.0,-4.0,-175.0,-82.0,-16.0,0,0
67266,3.1447,-0.9756,0.6949,0.2961,0.024,0.2157,-0.0479,0.0,-11.0,-202.0,-104.0,-20.0,0,0
67279,3.1447,-0.971,0.6964,0.2961,0.0479,0.2876,-0.0479,0.0,-21.0,-211.0,-102.0,-21.0,1,0
67291,3.1447,-0.9679,0.6964,0.2961,0.0479,0.3356,0.0,0.0,-29.0,-223.0,-93.0,-18.0,15,1
67303,3.1447,-0.9633,0.6964,0.2961,0.0479,0.3835,0.024,0.0,-31.0,-183.0,-83.0,-21.0,28,1
67316,3.1447,-0.9649,0.6964,0.2961,0.0479,0.3595,0.024,0.0,-32.0,-170.0,-84.0,-16.0,40,1
67328,3.1447,-0.9633,0.6964,0.2961,0.024,0.3116,0.024,0.0,-31.0,-169.0,-82.0,-16.0,49,1
67340,3.1447,-0.9649,0.6949,0.2961,0.024,0.2397,0.024,0.0,-23.0,-167.0,-80.0,-15.0,52,1
67352,3.1401,-0.9664,0.6949,0.2961,0.0,0.1198,0.0,0.0,5.0,-152.0,-80.0,-16.0,49,1
67365,3.137,-0.9679,0.6964,0.2961,-0.024,0.0479,0.0,0.0,8.0,-124.0,-81.0,-16.0,46,1
67381,3.1355,-0.9695,0.6964,0.2961,-0.0719,0.0,0.0,0.0,24.0,-105.0,-79.0,-16.0,37,1
67393,3.137,-0.9741,0.6964,0.2961,-0.1198,-0.0719,0.0,0.0,11.0,-103.0,-82.0,-16.0,25,1
67406,3.137,-0.9741,0.6949,0.2961,-0.0959,-0.0959,0.0,0.0,17.0,-101.0,-80.0,-16.0,14,1
67414,3.137,-0.9756,0.6949,0.2961,-0.0959,-0.1198,0.0,0.0,23.0,-101.0,-80.0,-16.0,3,0
67426,3.137,-0.9771,0.6964,0.2961,-0.0719,-0.1438,0.0,0.0,17.0,-83.0,-81.0,-16.0,0,0
67438,3.137,-0.9802,0.6949,0.2961,-0.0479,-0.1438,0.0,0.0,9.0,-76.0,-81.0,-18.0,0,0
67451,3.1385,-0.9817,0.6949,0.2961,0.0,-0.1438,0.0,0.0,0.0,-74.0,-82.0,-16.0,0,0
67463,3.1385,-0.9848,0.6964,0.2961,0.024,-0.1438,0.0,0.0,0.0,-56.0,-80.0,-16.0,0,0
67471,3.1385,-0.9848,0.6964,0.2961,0.024,-0.1438,0.0,0.0,0.0,-56.0,-80.0,-16.0,0,0
67484,3.1401,-0.9879,0.6949,0.2961,0.024,-0.1438,0.0,0.0,0.0,-38.0,-80.0,-16.0,0,0
67496,3.1401,-0.9894,0.6949,0.2961,0.024,-0.1438,0.0,0.0,0.0,-34.0,-78.0,-15.0,0,0
67508,3.1401,-0.9925,0.6949,0.2961,0.024,-0.1438,0.0,0.0,0.0,-30.0,-81.0,-16.0,0,0
67520,3.1385,-0.9925,0.6964,0.2961,0.024,-0.1438,0.0,0.0,0.0,-35.0,-80.0,-16.0,0,0
67529,3.1385,-0.994,0.6964,0.2961,0.0,-0.1438,0.0,0.0,0.0,-32.0,-82.0,-16.0,0,0
67541,3.1385,-0.994,0.6949,0.2961,0.0,-0.1438,0.0,0.0,0.0,-32.0,-81.0,-16.0,0,0
67553,3.1401,-0.994,0.6964,0.2961,0.0,-0.1198,0.0,0.0,0.0,-38.0,-79.0,-16.0,0,0
67565,3.1401,-0.9956,0.6964,0.2961,0.0,-0.0959,0.0,0.0,0.0,-34.0,-82.0,-16.0,0,0
67578,3.1401,-0.9956,0.6964,0.2961,0.0,-0.0719,0.0,0.0,0.0,-39.0,-81.0,-16.0,0,0
67586,3.1401,-0.9956,0.6964,0.2961,0.0,-0.0479,0.0,0.0,0.0,-34.0,-79.0,-16.0,0,0
67598,3.1401,-0.9956,0.6949,0.2961,0.0,-0.024,0.0,0.0,0.0,-35.0,-79.0,-16.0,0,0
67611,3.1401,-0.9956,0.6964,0.2961,0.0,-0.024,0.0,0.0,0.0,-42.0,-79.0,-16.0,0,0
67623,3.1401,-0.9956,0.6949,0.2961,0.0,0.0,0.0,0.0,0.0,-34.0,-78.0,-16.0,0,0
67631,3.1401,-0.9956,0.6949,0.2961,0.0,0.0,0.0,0.0,0.0,-34.0,-78.0,-16.0,0,0
67643,3.1401,-0.9956,0.6949,0.2961,0.0,0.0,0.0,0.0,0.0,-38.0,-81.0,-16.0,0,0
67656,3.1401,-0.994,0.6949,0.2961,0.0,0.0,0.0,0.0,0.0,-33.0,-81.0,-17.0,0,0
67668,3.1401,-0.9956,0.6964,0.2961,0.0,0.0,0.0,0.0,0.0,-34.0,-78.0,-18.0,0,0
67680,3.1401,-0.9956,0.6949,0.2961,0.0,0.0,0.0,0.0,0.0,-35.0,-79.0,-16.0,0,0
67688,3.1401,-0.994,0.6949,0.2961,0.0,0.0,0.0,0.0,0.0,-35.0,-81.0,-16.0,0,0
67701,3.1401,-0.994,0.6949,0.2961,0.0,0.0,0.0,0.0,0.0,-32.0,-78.0,-18.0,0,0
67713,3.1401,-0.9956,0.6964,0.2961,0.0,0.0,0.0,0.0,0.0,-35.0,-80.0,-15.0,0,0
67725,3.1401,-0.9956,0.6949,0.2961,0.0,0.0,0.0,0.0,0.0,-36.0,-80.0,-16.0,0,0
67737,3.1401,-0.9956,0.6964,0.2961,0.0,0.0,0.0,0.0,0.0,-35.0,-78.0,-17.0,0,0
67746,3.1401,-0.9956,0.6949,0.2961,0.0,0.0,0.0,0.0,0.0,-36.0,-77.0,-16.0,0,0
67758,3.1401,-0.9956,0.6964,0.2961,0.0,0.0,0.0,0.0,0.0,-34.0,-79.0,-15.0,0,0
67770,3.1401,-0.9956,0.6949,0.2961,0.0,0.0,0.0,0.0,0.0,-35.0,-79.0,-16.0,0,0
67783,3.1401,-0.9956,0.6964,0.2961,0.0,0.0,0.0,0.0,0.0,-37.0,-77.0,-16.0,0,0
67795,3.1401,-0.9956,0.6949,0.2961,0.0,0.0,0.0,0.0,0.0,-35.0,-79.0,-16.0,0,0
67803,3.1401,-0.9956,0.6964,0.2961,0.0,0.0,0.0,0.0,0.0,-33.0,-79.0,-16.0,0,0
67815,3.1401,-0.9956,0.6964,0.2961,0.0,0.0,0.0,0.0,0.0,-35.0,-83.0,-16.0,0,0
67828,3.1401,-0.9956,0.6964,0.2961,0.0,0.0,0.0,0.0,0.0,-33.0,-78.0,-17.0,0,0
67840,3.1401,-0.994,0.6964,0.2961,0.0,0.0,0.0,0.0,0.0,-35.0,-81.0,-16.0,0,0
67852,3.1401,-0.9956,0.6964,0.2961,0.0,0.0,0.0,0.0,0.0,-33.0,-80.0,-17.0,0,0
67860,3.1401,-0.9956,0.6964,0.2961,0.0,0.0,0.0,0.0,0.0,-33.0,-80.0,-17.0,0,0
67873,3.1401,-0.9956,0.6964,0.2961,0.0,0.0,0.0,0.0,0.0,-33.0,-80.0,-19.0,0,0
67885,3.1401,-0.9956,0.6964,0.2961,0.0,0.0,0.0,0.0,0.0,-33.0,-81.0,-16.0,0,0
67897,3.1401,-0.9956,0.6964,0.2961,0.0,0.0,0.0,0.0,0.0,-36.0,-81.0,-16.0,0,0
67910,3.1401,-0.9956,0.6949,0.2961,0.0,0.0,0.0,0.0,0.0,-35.0,-79.0,-16.0,0,0
67918,3.1401,-0.994,0.6964,0.2961,0.0,0.0,0.0,0.0,0.0,-34.0,-78.0,-16.0,0,0
67930,3.1401,-0.9956,0.6964,0.2961,0.0,0.0,0.0,0.0,0.0,-33.0,-78.0,-16.0,0,0
67942,3.1401,-0.9956,0.6964,0.2961,0.0,0.0,0.0,0.0,0.0,-33.0,-76.0,-16.0,0,0
67955,3.1401,-0.9956,0.6949,0.2961,0.0,0.0,0.0,0.0,0.0,-39.0,-77.0,-16.0,0,0
67967,3.1401,-0.9956,0.6949,0.2961,0.0,0.0,0.0,0.0,0.0,-38.0,-80.0,-15.0,0,0
67975,3.1401,-0.9956,0.6964,0.2961,0.0,0.0,0.0,0.0,0.0,-34.0,-78.0,-16.0,0,0
67987,3.1401,-0.9956,0.6964,0.2961,0.0,0.0,0.0,0.0,0.0,-38.0,-81.0,-15.0,0,0
68000,3.1401,-0.9956,0.6949,0.2961,0.0,0.0,0.0,0.0,0.0,-35.0,-80.0,-16.0,0,0
68012,3.1401,-0.9956,0.6964,0.2961,0.0,0.0,0.0,0.0,0.0,-33.0,-76.0,-16.0,0,0
68024,3.1401,-0.9956,0.6964,0.2961,0.0,0.0,0.0,0.0,0.0,-35.0,-82.0,-16.0,0,0
68032,3.1401,-0.9956,0.6949,0.2961,0.0,0.0,0.0,0.0,0.0,-32.0,-82.0,-15.0,0,0
68045,3.1401,-0.9956,0.6949,0.2961,0.0,0.0,0.0,0.0,0.0,-33.0,-76.0,-16.0,0,0
68057,3.1401,-0.9956,0.6964,0.2961,0.0,0.0,0.0,0.0,0.0,-34.0,-80.0,-18.0,0,0
68069,3.1401,-0.9956,0.6949,0.2961,0.0,0.0,0.0,0.0,0.0,-33.0,-77.0,-17.0,0,0
68077,3.1401,-0.9956,0.6949,0.2961,0.0,0.0,0.0,0.0,0.0,-33.0,-78.0,-16.0,0,0
68090,3.1401,-0.9956,0.6949,0.2961,0.0,0.0,0.0,0.0,0.0,-34.0,-77.0,-19.0,0,0
68102,3.1401,-0.9956,0.6964,0.2961,0.0,0.0,0.0,0.0,0.0,-35.0,-80.0,-17.0,0,0
68114,3.1401,-0.9956,0.6964,0.2961,0.0,0.0,0.0,0.0,0.0,-31.0,-80.0,-16.0,0,0
68127,3.1401,-0.9956,0.6949,0.2961,0.0,0.0,0.0,0.0,0.0,-32.0,-79.0,-16.0,0,0
68135,3.1401,-0.9956,0.6949,0.2961,0.0,0.0,0.0,0.0,0.0,-32.0,-77.0,-19.0,0,0
68147,3.1401,-0.994,0.6964,0.2976,0.0,0.0,0.0,0.0,0.0,-33.0,-80.0,-18.0,0,0
68159,3.1401,-0.9956,0.6964,0.2961,0.0,0.0,0.0,0.0,0.0,-33.0,-76.0,-18.0,0,0
68172,3.1401,-0.9956,0.6964,0.2961,0.0,0.0,0.0,0.0,0.0,-33.0,-78.0,-18.0,0,0
68184,3.1401,-0.9956,0.6949,0.2961,0.0,0.0,0.0,0.0,0.0,-35.0,-75.0,-16.0,0,0
68192,3.1401,-0.9956,0.6964,0.2961,0.0,0.0,0.0,0.0,0.0,-32.0,-76.0,-15.0,0,0
68204,3.1401,-0.9956,0.6964,0.2961,0.0,0.0,0.0,0.0,0.0,-32.0,-77.0,-16.0,0,0
68217,3.1401,-0.994,0.6949,0.2961,0.0,0.0,0.0,0.0,0.0,-32.0,-80.0,-17.0,0,0
68229,3.1401,-0.9956,0.6949,0.2961,0.0,0.0,0.0,0.0,0.0,-33.0,-74.0,-16.0,0,0
68241,3.1401,-0.9956,0.6949,0.2961,0.0,0.0,0.0,0.0,0.0,-36.0,-76.0,-16.0,0,0
68249,3.1401,-0.9956,0.6949,0.2961,0.0,0.0,0.0,0.0,0.0,-37.0,-75.0,-16.0,0,0
68262,3.1493,-0.9956,0.6949,0.2961,0.0479,0.0,0.0,0.0,-102.0,-20.0,-78.0,-16.0,0,0
68274,3.1523,-0.9971,0.6964,0.2961,0.0959,0.0,0.0,0.0,-123.0,-13.0,-80.0,-18.0,0,0
68286,3.1523,-0.9971,0.6964,0.2961,0.1438,0.0,0.0,0.0,-81.0,-16.0,-79.0,-16.0,0,0
68299,3.1539,-0.9971,0.6964,0.2961,0.1678,0.0,0.0,0.0,-79.0,-21.0,-80.0,-18.0,0,0
68307,3.1539,-0.9986,0.6964,0.2976,0.1918,0.0,0.0,0.0,-97.0,-25.0,-80.0,-16.0,6,0
68319,3.1569,-0.9971,0.6964,0.2961,0.1918,-0.024,0.0,0.0,-121.0,-23.0,-81.0,-16.0,26,1
68331,3.1585,-0.9971,0.6964,0.2961,0.1918,-0.024,0.0,0.0,-128.0,-22.0,-80.0,-16.0,34,1
68348,3.16,-0.9986,0.6964,0.2961,0.1438,0.0,0.0,0.0,-136.0,-22.0,-80.0,-16.0,41,1
68360,3.16,-0.9971,0.6964,0.2961,0.1438,0.0,0.0,0.0,-124.0,-28.0,-80.0,-18.0,45,1
68372,3.1615,-0.9971,0.6964,0.2976,0.1198,0.0,0.0,0.0,-114.0,-26.0,-79.0,-16.0,53,1
68385,3.16,-0.9986,0.6964,0.2961,0.0959,0.0,0.0,0.0,-111.0,-21.0,-80.0,-16.0,55,1
68397,3.16,-0.9971,0.6964,0.2961,0.0719,0.0,0.0,0.0,-111.0,-23.0,-79.0,-17.0,51,1
68409,3.16,-0.9971,0.6964,0.2961,0.0479,0.0,0.0,0.0,-111.0,-28.0,-78.0,-16.0,60,1
68421,3.16,-0.9971,0.6964,0.2961,0.024,0.0,0.0,0.0,-111.0,-18.0,-79.0,-15.0,71,1
68434,3.16,-0.9986,0.6964,0.2961,0.0,0.0,0.0,0.0,-111.0,-3.0,-79.0,-16.0,68,1
68446,3.16,-0.9986,0.6949,0.2961,0.0,0.0,0.0,0.0,-112.0,-1.0,-77.0,-16.0,65,1
68458,3.16,-1.0002,0.6964,0.2961,0.0,-0.024,0.0,0.0,-112.0,-1.0,-80.0,-16.0,59,1
68471,3.16,-1.0002,0.6949,0.2961,0.0,-0.024,0.0,0.0,-112.0,-2.0,-78.0,-16.0,55,1
68483,3.1585,-1.0002,0.6964,0.2961,0.0,-0.024,0.0,0.0,-64.0,-5.0,-80.0,-16.0,53,1
68495,3.1554,-1.0002,0.6949,0.2961,-0.024,-0.024,0.0,0.0,-41.0,-4.0,-78.0,-16.0,50,1
68508,3.1523,-1.0002,0.6964,0.2961,-0.0479,-0.024,0.0,0.0,-18.0,-5.0,-74.0,-16.0,45,1
68520,3.1508,-1.0002,0.6964,0.2961,-0.0959,-0.024,0.0,0.0,-12.0,-6.0,-72.0,-16.0,42,1
68532,3.1447,-1.0017,0.6949,0.2961,-0.1678,0.0,0.0,0.0,0.0,-5.0,-77.0,-16.0,35,1
68544,3.1431,-1.0002,0.6964,0.2961,-0.2157,0.0,0.0,0.0,0.0,-6.0,-77.0,-18.0,25,1
68557,3.1416,-1.0002,0.6964,0.2961,-0.2397,0.0,0.0,0.0,0.0,-5.0,-73.0,-16.0,17,1
68569,3.1416,-1.0002,0.6964,0.2961,-0.2157,0.0,0.0,0.0,-4.0,-7.0,-77.0,-16.0,8,0
68581,3.1401,-1.0017,0.6964,0.2961,-0.1918,0.0,0.0,0.0,0.0,-5.0,-80.0,-16.0,5,0
68594,3.137,-1.0002,0.6964,0.2961,-0.1438,0.0,0.0,0.0,1.0,-4.0,-78.0,-16.0,3,0
68606,3.1355,-1.0002,0.6964,0.2961,-0.1438,0.0,0.0,0.0,5.0,-2.0,-77.0,-16.0,2,0
68614,3.1339,-1.0002,0.6964,0.2961,-0.1198,0.0,0.0,0.0,11.0,-1.0,-77.0,-16.0,2,0
68626,3.1339,-1.0002,0.6949,0.2961,-0.1198,0.0,0.0,0.0,10.0,-1.0,-74.0,-15.0,3,0
68639,3.1355,-1.0002,0.6964,0.2961,-0.0959,0.0,0.0,0.0,6.0,-1.0,-78.0,-16.0,3,0
68651,3.137,-1.0002,0.6964,0.2961,-0.0959,0.0,0.0,0.0,-4.0,-1.0,-78.0,-16.0,3,0
68663,3.1385,-1.0002,0.6964,0.2961,-0.024,0.0,0.0,0.0,-3.0,-1.0,-76.0,-16.0,3,0
68671,3.1385,-1.0002,0.6964,0.2961,-0.024,0.0,0.0,0.0,-3.0,-1.0,-76.0,-16.0,3,0
68684,3.1401,-1.0002,0.6949,0.2961,0.024,0.0,0.0,0.0,0.0,-4.0,-73.0,-16.0,2,0
68696,3.1401,-1.0002,0.6964,0.2961,0.0479,0.0,0.0,0.0,0.0,-1.0,-74.0,-16.0,2,0
68708,3.1385,-1.0002,0.6949,0.2961,0.0719,0.0,0.0,0.0,0.0,-1.0,-73.0,-18.0,2,0
68716,3.1385,-1.0002,0.6964,0.2961,0.0479,0.0,0.0,0.0,2.0,-1.0,-74.0,-16.0,2,0
68729,3.1385,-1.0002,0.6964,0.2961,0.024,0.0,0.0,0.0,0.0,-1.0,-71.0,-15.0,1,0
68741,3.1385,-1.0002,0.6949,0.2961,0.0,0.0,0.0,0.0,0.0,-1.0,-72.0,-16.0,1,0
68753,3.137,-1.0002,0.6964,0.2961,-0.024,0.0,0.0,0.0,0.0,-1.0,-74.0,-16.0,1,0
68766,3.137,-1.0002,0.6964,0.2961,-0.024,0.0,0.0,0.0,1.0,-1.0,-74.0,-15.0,1,0
68774,3.137,-1.0002,0.6949,0.2961,-0.024,0.0,0.0,0.0,7.0,-1.0,-73.0,-16.0,1,0
68786,3.1355,-1.0002,0.6964,0.2961,-0.024,0.0,0.0,0.0,3.0,-1.0,-73.0,-16.0,1,0
68798,3.137,-1.0002,0.6964,0.2961,-0.024,0.0,0.0,0.0,7.0,-1.0,-71.0,-16.0,1,0
68811,3.137,-1.0002,0.6964,0.2961,-0.024,0.0,0.0,0.0,0.0,-1.0,-71.0,-16.0,1,0
68823,3.137,-1.0002,0.6964,0.2961,0.0,0.0,0.0,0.0,0.0,-1.0,-73.0,-18.0,1,0
68831,3.137,-1.0002,0.6964,0.2961,0.0,0.0,0.0,0.0,0.0,-1.0,-73.0,-18.0,1,0
68843,3.137,-1.0002,0.6964,0.2961,0.0,0.0,0.0,0.0,0.0,-1.0,-76.0,-19.0,1,0
68856,3.137,-1.0002,0.6949,0.2961,0.0,0.0,0.0,0.0,0.0,-1.0,-72.0,-16.0,1,0
68868,3.137,-1.0002,0.6964,0.2961,0.0,0.0,0.0,0.0,0.0,-1.0,-76.0,-18.0,1,0
68880,3.137,-1.0002,0.6949,0.2961,0.0,0.0,0.0,0.0,0.0,-1.0,-73.0,-16.0,1,0
68888,3.137,-0.9986,0.6964,0.2961,0.0,0.0,0.0,0.0,0.0,-1.0,-72.0,-16.0,1,0
68901,3.137,-1.0002,0.6964,0.2961,0.0,0.0,0.0,0.0,0.0,-1.0,-75.0,-16.0,1,0
68913,3.137,-1.0002,0.6964,0.2961,0.0,0.0,0.0,0.0,0.0,-1.0,-74.0,-18.0,1,0
68925,3.137,-1.0002,0.6949,0.2961,0.0,0.0,0.0,0.0,0.0,-1.0,-71.0,-16.0,1,0
68938,3.137,-1.0002,0.6949,0.2961,0.0,0.0,0.0,0.0,0.0,-1.0,-74.0,-16.0,1,0
68946,3.137,-1.0002,0.6964,0.2961,0.0,0.0,0.0,0.0,0.0,-1.0,-72.0,-16.0,1,0
68958,3.137,-1.0002,0.6964,0.2961,0.0,0.0,0.0,0.0,0.0,-1.0,-74.0,-16.0,1,0
68970,3.137,-1.0002,0.6949,0.2961,0.0,0.0,0.0,0.0,0.0,-1.0,-76.0,-16.0,1,0
68983,3.137,-1.0002,0.6949,0.2961,0.0,0.0,0.0,0.0,0.0,-1.0,-71.0,-16.0,1,0
68995,3.137,-0.9986,0.6949,0.2961,0.0,0.0,0.0,0.0,0.0,-1.0,-75.0,-16.0,1,0
69003,3.137,-1.0002,0.6964,0.2961,0.0,0.0,0.0,0.0,0.0,-1.0,-77.0,-16.0,1,0
69015,3.137,-1.0002,0.6964,0.2961,0.0,0.0,0.0,0.0,0.0,-1.0,-75.0,-16.0,1,0
69028,3.137,-1.0002,0.6949,0.2961,0.0,0.0,0.0,0.0,0.0,-2.0,-71.0,-17.0,0,0
69040,3.137,-1.0002,0.6949,0.2961,0.0,0.0,0.0,0.0,0.0,-1.0,-72.0,-16.0,1,0
69052,3.137,-1.0002,0.6964,0.2961,0.0,0.0,0.0,0.0,0.0,-1.0,-74.0,-16.0,1,0
69060,3.137,-1.0002,0.6964,0.2961,0.0,0.0,0.0,0.0,0.0,-1.0,-74.0,-16.0,1,0
69073,3.137,-1.0002,0.6964,0.2961,0.0,0.0,0.0,0.0,0.0,-1.0,-75.0,-16.0,1,0
69085,3.137,-0.9986,0.6964,0.2961,0.0,0.0,0.0,0.0,0.0,-1.0,-76.0,-16.0,1,0
69097,3.137,-1.0002,0.6949,0.2961,0.0,0.0,0.0,0.0,0.0,-1.0,-72.0,-16.0,1,0
69110,3.137,-0.9986,0.6964,0.2961,0.0,0.0,0.0,0.0,0.0,-1.0,-73.0,-16.0,1,0
69118,3.137,-1.0002,0.6964,0.2961,0.0,0.0,0.0,0.0,0.0,-1.0,-74.0,-16.0,2,0
69130,3.137,-0.9986,0.6949,0.2961,0.0,0.0,0.0,0.0,0.0,-1.0,-71.0,-18.0,2,0
69142,3.137,-1.0002,0.6964,0.2961,0.0,0.0,0.0,0.0,0.0,-1.0,-70.0,-16.0,2,0
69155,3.137,-1.0002,0.6964,0.2961,0.0,0.0,0.0,0.0,0.0,-1.0,-74.0,-16.0,2,0
69167,3.137,-0.9986,0.6964,0.2961,0.0,0.0,0.0,0.0,0.0,-1.0,-72.0,-16.0,1,0
69175,3.137,-1.0002,0.6964,0.2961,0.0,0.0,0.0,0.0,0.0,-1.0,-73.0,-16.0,1,0
69187,3.137,-1.0002,0.6949,0.2961,0.0,0.0,0.0,0.0,0.0,-1.0,-72.0,-16.0,1,0
69200,3.137,-1.0002,0.6949,0.2961,0.0,0.0,0.0,0.0,0.0,-1.0,-74.0,-16.0,2,0
69212,3.137,-1.0002,0.6964,0.2961,0.0,0.0,0.0,0.0,0.0,-1.0,-76.0,-16.0,2,0
69220,3.137,-1.0002,0.6964,0.2961,0.0,0.0,0.0,0.0,0.0,-1.0,-76.0,-16.0,2,0
69232,3.137,-1.0002,0.6964,0.2961,0.0,0.0,0.0,0.0,0.0,-1.0,-73.0,-16.0,2,0
69245,3.1385,-1.0002,0.6964,0.2961,0.0,0.0,0.0,0.0,0.0,-1.0,-75.0,-16.0,2,0
69257,3.1385,-1.0002,0.6949,0.2976,0.0,0.0,0.0,0.0,0.0,-1.0,-75.0,-16.0,2,0
69269,3.1385,-1.0002,0.6964,0.2976,0.0,0.0,0.0,0.0,0.0,-1.0,-72.0,-16.0,3,0
69278,3.137,-0.9986,0.6949,0.2961,0.0,0.0,0.0,0.0,0.0,-5.0,-71.0,-16.0,3,0
69290,3.137,-0.9971,0.6934,0.2961,0.0,0.0,0.0,0.0,0.0,-43.0,-44.0,-13.0,3,0
69302,3.1401,-0.9894,0.6918,0.2961,0.0,0.0479,-0.024,0.0,0.0,-124.0,-37.0,-9.0,3,0
69314,3.1401,-0.9863,0.6918,0.2961,0.024,0.1198,-0.0479,0.0,-3.0,-150.0,-66.0,-17.0,3,0
69327,3.1416,-0.9817,0.6934,0.2961,0.024,0.1678,-0.0479,0.0,-12.0,-149.0,-92.0,-19.0,4,0
69339,3.1416,-0.9802,0.6949,0.2961,0.0479,0.2157,-0.024,0.0,-8.0,-158.0,-104.0,-22.0,80,1
69351,3.1416,-0.9756,0.6964,0.2961,0.0479,0.2637,0.0,0.0,-8.0,-171.0,-102.0,-19.0,94,1
69364,3.1416,-0.9741,0.698,0.2976,0.0479,0.2876,0.0479,0.0,-5.0,-142.0,-77.0,-16.0,96,1
69376,3.1416,-0.9741,0.698,0.2961,0.024,0.2637,0.0719,0.0,-7.0,-129.0,-78.0,-16.0,104,1
69388,3.1416,-0.9741,0.6964,0.2961,0.024,0.2157,0.0719,0.0,-3.0,-124.0,-78.0,-18.0,104,1
69404,3.1339,-0.9771,0.6949,0.2961,-0.024,0.1198,0.024,0.0,14.0,-87.0,-63.0,-15.0,102,1
69417,3.1339,-0.9787,0.6949,0.2961,-0.0479,0.0479,0.0,0.0,27.0,-66.0,-54.0,-14.0,97,1
69429,3.1339,-0.9817,0.6949,0.2961,-0.0719,0.0,0.0,0.0,24.0,-55.0,-68.0,-15.0,93,1
69441,3.1355,-0.9833,0.6949,0.2961,-0.0719,-0.0479,-0.024,0.0,2.0,-50.0,-69.0,-15.0,86,1
69454,3.137,-0.9848,0.6964,0.2961,-0.0719,-0.1198,-0.024,0.0,5.0,-65.0,-70.0,-16.0,75,1
69466,3.137,-0.9863,0.6964,0.2961,-0.0479,-0.1438,0.0,0.0,4.0,-70.0,-74.0,-16.0,65,1
69478,3.1385,-0.9863,0.6964,0.2961,0.0,-0.1438,0.0,0.0,-2.0,-73.0,-71.0,-16.0,52,1
69491,3.1416,-0.9863,0.6964,0.2961,0.024,-0.1198,0.0,0.0,-2.0,-74.0,-73.0,-16.0,45,1
69503,3.1431,-0.9879,0.6949,0.2961,0.0719,-0.0719,0.0,0.0,-4.0,-56.0,-82.0,-16.0,37,1
69515,3.1416,-0.9879,0.6949,0.2961,0.0719,-0.0479,0.0,0.0,0.0,-48.0,-79.0,-16.0,29,1
69527,3.1401,-0.9894,0.6964,0.2961,0.0719,-0.0479,0.0,0.0,7.0,-40.0,-80.0,-16.0,22,1
69540,3.1401,-0.991,0.6949,0.2961,0.0479,-0.0479,0.0,0.0,0.0,-37.0,-80.0,-16.0,9,0
69552,3.137,-0.9925,0.6949,0.2961,0.0,-0.0719,0.0,0.0,3.0,-27.0,-78.0,-16.0,3,0
69564,3.137,-0.994,0.6949,0.2961,-0.024,-0.0719,0.0,0.0,5.0,-28.0,-68.0,-16.0,3,0
69572,3.137,-0.994,0.6949,0.2961,-0.0479,-0.0959,0.0,0.0,5.0,-33.0,-68.0,-16.0,2,0
69585,3.137,-0.994,0.6949,0.2961,-0.0719,-0.0959,0.0,0.0,0.0,-42.0,-72.0,-16.0,2,0
69597,3.1385,-0.994,0.6949,0.2961,-0.0479,-0.0719,0.0,0.0,-5.0,-44.0,-69.0,-16.0,2,0
69609,3.1385,-0.994,0.6949,0.2961,-0.024,-0.0479,0.0,0.0,0.0,-44.0,-69.0,-15.0,1,0
69622,3.1401,-0.994,0.6964,0.2961,0.0,-0.024,0.0,0.0,0.0,-48.0,-82.0,-16.0,1,0
69630,3.1401,-0.994,0.6964,0.2961,0.0,-0.024,0.0,0.0,0.0,-48.0,-82.0,-16.0,1,0
69642,3.1401,-0.994,0.6949,0.2961,0.024,0.0,0.0,0.0,0.0,-47.0,-78.0,-16.0,1,0
69654,3.1401,-0.9956,0.6949,0.2961,0.024,0.0,0.0,0.0,0.0,-44.0,-83.0,-16.0,1,0
69667,3.1401,-0.994,0.6949,0.2961,0.024,0.0,0.0,0.0,0.0,-47.0,-83.0,-15.0,1,0
69679,3.1401,-0.994,0.6964,0.2961,0.024,0.0,0.0,0.0,0.0,-40.0,-81.0,-16.0,1,0
69687,3.1385,-0.994,0.6949,0.2961,0.0,0.0,0.0,0.0,0.0,-44.0,-79.0,-16.0,1,0
69699,3.1385,-0.9956,0.6949,0.2961,0.0,0.0,0.0,0.0,0.0,-47.0,-79.0,-16.0,1,0
69712,3.1385,-0.994,0.6964,0.2961,0.0,0.0,0.0,0.0,0.0,-41.0,-77.0,-16.0,1,0
69724,3.1385,-0.994,0.6949,0.2961,0.0,0.0,0.0,0.0,0.0,-43.0,-80.0,-16.0,1,0
69732,3.1385,-0.9956,0.6949,0.2961,0.0,0.0,0.0,0.0,0.0,-40.0,-81.0,-16.0,1,0
69744,3.1385,-0.994,0.6964,0.2961,0.0,0.0,0.0,0.0,0.0,-42.0,-80.0,-16.0,1,0
69757,3.1385,-0.994,0.6964,0.2961,0.0,0.0,0.0,0.0,0.0,-43.0,-78.0,-16.0,1,0
69769,3.1385,-0.9956,0.6949,0.2961,0.0,0.0,0.0,0.0,0.0,-42.0,-78.0,-16.0,0,0
69781,3.1385,-0.994,0.6964,0.2961,0.0,0.0,0.0,0.0,0.0,-43.0,-77.0,-15.0,0,0
69790,3.1401,-0.994,0.6949,0.2961,0.0,0.0,0.0,0.0,0.0,-41.0,-80.0,-16.0,0,0
69802,3.1385,-0.9956,0.6949,0.2961,0.0,0.0,0.0,0.0,0.0,-41.0,-78.0,-16.0,0,0
69814,3.1385,-0.994,0.6964,0.2961,0.0,0.0,0.0,0.0,0.0,-47.0,-82.0,-15.0,0,0
69826,3.1385,-0.9956,0.6949,0.2961,0.0,0.0,0.0,0.0,0.0,-37.0,-81.0,-16.0,0,0
69839,3.1385,-0.994,0.6949,0.2961,0.0,0.0,0.0,0.0,0.0,-42.0,-79.0,-16.0,0,0
69847,3.1385,-0.994,0.6949,0.2961,0.0,0.0,0.0,0.0,0.0,-43.0,-78.0,-16.0,0,0
69859,3.1385,-0.994,0.6964,0.2961,0.0,0.0,0.0,0.0,0.0,-41.0,-77.0,-16.0,1,0
69871,3.1385,-0.994,0.6949,0.2961,0.0,0.0,0.0,0.0,0.0,-36.0,-81.0,-16.0,1,0
69884,3.1385,-0.994,0.6949,0.2961,0.0,0.0,0.0,0.0,0.0,-36.0,-77.0,-16.0,1,0
69896,3.1385,-0.9956,0.6949,0.2961,0.0,0.0,0.0,0.0,0.0,-39.0,-81.0,-16.0,0,0
69904,3.1385,-0.9956,0.6964,0.2961,0.0,0.0,0.0,0.0,0.0,-40.0,-78.0,-17.0,0,0
69916,3.1385,-0.994,0.6949,0.2961,0.0,0.0,0.0,0.0,0.0,-40.0,-78.0,-16.0,0,0
69929,3.1385,-0.994,0.6949,0.2961,0.0,0.0,0.0,0.0,0.0,-39.0,-82.0,-16.0,0,0
69941,3.1385,-0.9956,0.6964,0.2961,0.0,0.0,0.0,0.0,0.0,-37.0,-82.0,-16.0,1,0
69953,3.1385,-0.994,0.6964,0.2961,0.0,0.0,0.0,0.0,0.0,-36.0,-81.0,-16.0,0,0
69962,3.1385,-0.994,0.6964,0.2961,0.0,0.0,0.0,0.0,0.0,-38.0,-80.0,-16.0,0,0
69974,3.1385,-0.994,0.6949,0.2961,0.0,0.0,0.0,0.0,0.0,-35.0,-81.0,-16.0,0,0
69986,3.1385,-0.9956,0.6964,0.2961,0.0,0.0,0.0,0.0,0.0,-38.0,-80.0,-16.0,0,0
69998,3.1385,-0.994,0.6964,0.2961,0.0,0.0,0.0,0.0,0.0,-36.0,-77.0,-16.0,0,0
70011,3.1385,-0.9956,0.6949,0.2961,0.0,0.0,0.0,0.0,0.0,-39.0,-78.0,-16.0,0,0
70019,3.1385,-0.9956,0.6949,0.2961,0.0,0.0,0.0,0.0,0.0,-36.0,-77.0,-16.0,0,0
70031,3.1385,-0.9956,0.6964,0.2961,0.0,0.0,0.0,0.0,0.0,-40.0,-77.0,-16.0,0,0
70043,3.1385,-0.994,0.6949,0.2961,0.0,0.0,0.0,0.0,0.0,-35.0,-79.0,-16.0,0,0
70056,3.1401,-0.9956,0.6964,0.2961,0.0,0.0,0.0,0.0,0.0,-41.0,-81.0,-16.0,0,0
70068,3.1385,-0.994,0.6949,0.2961,0.0,0.0,0.0,0.0,0.0,-43.0,-81.0,-16.0,1,0
70076,3.1385,-0.994,0.6949,0.2961,0.0,0.0,0.0,0.0,0.0,-38.0,-78.0,-16.0,1,0
70089,3.1385,-0.9956,0.6949,0.2961,0.0,0.0,0.0,0.0,0.0,-37.0,-78.0,-15.0,1,0
70101,3.1401,-0.9956,0.6949,0.2961,0.0,0.0,0.0,0.0,0.0,-38.0,-77.0,-16.0,1,0
70113,3.1385,-0.9956,0.6949,0.2961,0.0,0.0,0.0,0.0,0.0,-38.0,-79.0,-16.0,1,0
70125,3.1385,-0.994,0.6964,0.2961,0.0,0.0,0.0,0.0,0.0,-38.0,-74.0,-16.0,1,0
70134,3.1385,-0.9956,0.6949,0.2961,0.0,0.0,0.0,0.0,0.0,-36.0,-78.0,-16.0,1,0
70146,3.1385,-0.994,0.6949,0.2961,0.0,0.0,0.0,0.0,0.0,-41.0,-76.0,-16.0,1,0
70158,3.1401,-0.9956,0.6949,0.2961,0.0,0.0,0.0,0.0,0.0,-38.0,-76.0,-16.0,1,0
70170,3.1385,-0.994,0.6964,0.2961,0.0,0.0,0.0,0.0,0.0,-42.0,-78.0,-15.0,1,0
70179,3.1385,-0.994,0.6949,0.2961,0.0,0.0,0.0,0.0,0.0,-40.0,-79.0,-16.0,1,0
70191,3.1385,-0.9956,0.6964,0.2961,0.0,0.0,0.0,0.0,0.0,-34.0,-78.0,-16.0,1,0
70203,3.1385,-0.9956,0.6949,0.2961,0.0,0.0,0.0,0.0,0.0,-35.0,-80.0,-15.0,1,0
70215,3.1401,-0.9956,0.6949,0.2961,0.0,0.0,0.0,0.0,0.0,-46.0,-79.0,-15.0,1,0
70228,3.1385,-0.9956,0.6949,0.2961,0.0,0.0,0.0,0.0,0.0,-36.0,-77.0,-15.0,1,0
70236,3.1385,-0.994,0.6964,0.2961,0.0,0.0,0.0,0.0,0.0,-35.0,-73.0,-16.0,1,0
70248,3.1385,-0.9956,0.6949,0.2961,0.0,0.0,0.0,0.0,0.0,-37.0,-78.0,-16.0,1,0
70261,3.1385,-0.9956,0.6964,0.2961,0.0,0.0,0.0,0.0,0.0,-36.0,-78.0,-16.0,1,0
70273,3.1401,-0.9956,0.6964,0.2961,0.0,0.0,0.0,0.0,0.0,-36.0,-81.0,-16.0,1,0
70285,3.1385,-0.9956,0.6949,0.2961,0.0,0.0,0.0,0.0,0.0,-38.0,-77.0,-16.0,1,0
70293,3.1385,-0.9956,0.6949,0.2961,0.0,0.0,0.0,0.0,0.0,-36.0,-75.0,-16.0,1,0
70306,3.1385,-0.9956,0.6949,0.2961,0.0,0.0,0.0,0.0,0.0,-36.0,-81.0,-16.0,1,0
70318,3.1385,-0.994,0.6949,0.2961,0.0,0.0,0.0,0.0,0.0,-33.0,-79.0,-15.0,1,0
70330,3.1431,-0.994,0.6964,0.2961,0.0,0.0,0.0,0.0,-11.0,-36.0,-80.0,-15.0,1,0
70342,3.1447,-0.994,0.6964,0.2961,0.0479,0.0,0.0,0.0,-34.0,-34.0,-81.0,-16.0,1,0
70351,3.1447,-0.994,0.6964,0.2961,0.0479,0.0,0.0,0.0,-34.0,-34.0,-81.0,-16.0,1,0
70363,3.1355,-0.994,0.6995,0.2961,0.024,0.0,0.024,0.0,17.0,-45.0,-100.0,-16.0,1,0
70375,3.1339,-0.9956,0.6995,0.2961,0.0,0.0,0.024,0.0,21.0,-37.0,-83.0,-16.0,1,0
70388,3.1355,-0.994,0.698,0.2961,-0.024,0.0,0.0479,0.0,18.0,-41.0,-81.0,-16.0,25,1
70400,3.1355,-0.994,0.698,0.2961,-0.0479,0.0,0.024,0.0,20.0,-36.0,-79.0,-16.0,29,1
70412,3.1355,-0.9956,0.6995,0.2961,-0.0959,0.0,0.024,0.0,18.0,-41.0,-81.0,-16.0,37,1
70424,3.1355,-0.994,0.6995,0.2961,-0.0959,0.0,0.024,0.0,19.0,-43.0,-82.0,-18.0,47,1
70437,3.1355,-0.994,0.6995,0.2961,-0.0479,0.0,0.0,0.0,23.0,-46.0,-83.0,-15.0,54,1
70449,3.1355,-0.994,0.6995,0.2961,-0.024,0.0,0.0,0.0,24.0,-40.0,-81.0,-15.0,64,1
70461,3.137,-0.9956,0.6995,0.2961,0.0,0.0,0.0,0.0,24.0,-47.0,-83.0,-16.0,72,1
70474,3.1355,-0.994,0.6995,0.2961,0.0,0.0,0.0,0.0,18.0,-41.0,-83.0,-15.0,77,1
70486,3.1355,-0.9956,0.6995,0.2961,0.0,0.0,0.0,0.0,20.0,-46.0,-83.0,-15.0,80,1
70498,3.1355,-0.994,0.6995,0.2961,0.0,0.0,0.0,0.0,21.0,-37.0,-82.0,-15.0,84,1
70514,3.137,-0.994,0.698,0.2961,0.0,0.0,0.0,0.0,21.0,-41.0,-81.0,-15.0,86,1
70527,3.137,-0.994,0.698,0.2961,0.0,0.0,0.0,0.0,21.0,-39.0,-82.0,-16.0,88,1
70539,3.137,-0.9956,0.6995,0.2961,0.0,0.0,0.0,0.0,17.0,-33.0,-82.0,-16.0,89,1
70551,3.137,-0.994,0.6995,0.2961,0.0,0.0,0.0,0.0,18.0,-34.0,-82.0,-15.0,88,1
70564,3.1385,-0.9956,0.6995,0.2961,0.0,0.0,0.0,0.0,6.0,-32.0,-79.0,-16.0,86,1
70576,3.1385,-0.9956,0.698,0.2976,0.0,0.0,0.0,0.0,0.0,-32.0,-78.0,-15.0,84,1
70588,3.1416,-0.9956,0.698,0.2961,0.024,0.0,0.0,0.0,0.0,-31.0,-78.0,-16.0,78,1
70600,3.1416,-0.9956,0.698,0.2961,0.024,0.0,0.0,0.0,-2.0,-30.0,-79.0,-16.0,68,1
70613,3.1447,-0.9956,0.698,0.2961,0.0719,0.0,0.0,0.0,-17.0,-32.0,-78.0,-16.0,59,1
70625,3.1447,-0.9956,0.698,0.2961,0.0959,0.0,0.0,0.0,-31.0,-32.0,-78.0,-16.0,41,1
70637,3.1447,-0.9956,0.698,0.2961,0.0959,0.0,0.0,0.0,-22.0,-32.0,-78.0,-16.0,23,1
70650,3.1416,-0.9956,0.6995,0.2961,0.0719,0.0,0.0,0.0,0.0,-32.0,-80.0,-16.0,14,1
70662,3.1385,-0.9956,0.6995,0.2961,0.0,0.0,0.0,0.0,1.0,-31.0,-82.0,-15.0,7,0
70674,3.1355,-0.9956,0.698,0.2961,-0.024,0.0,0.0,0.0,18.0,-32.0,-80.0,-16.0,5,0
70682,3.1339,-0.9956,0.698,0.2961,-0.0719,0.0,0.0,0.0,33.0,-31.0,-78.0,-16.0,4,0
70695,3.1355,-0.9956,0.698,0.2961,-0.0959,0.0,0.0,0.0,28.0,-32.0,-79.0,-16.0,4,0
70707,3.137,-0.9956,0.6995,0.2961,-0.1198,0.0,0.0,0.0,3.0,-29.0,-83.0,-16.0,3,0
70719,3.1385,-0.9956,0.698,0.2961,-0.0959,0.0,0.0,0.0,-6.0,-23.0,-78.0,-16.0,2,0
70732,3.1416,-0.9971,0.698,0.2961,0.0,0.0,0.0,0.0,-4.0,-29.0,-78.0,-16.0,2,0
70740,3.1416,-0.9971,0.698,0.2961,0.0,0.0,0.0,0.0,-4.0,-29.0,-78.0,-16.0,2,0
70752,3.1431,-0.9971,0.698,0.2961,0.0719,0.0,0.0,0.0,-12.0,-30.0,-78.0,-16.0,3,0
70764,3.1431,-0.9956,0.698,0.2961,0.0959,0.0,0.0,0.0,-11.0,-29.0,-78.0,-18.0,3,0
70777,3.1416,-0.9956,0.6995,0.2961,0.0959,0.0,0.0,0.0,2.0,-32.0,-81.0,-16.0,3,0
70789,3.1416,-0.9971,0.698,0.2961,0.0719,0.0,0.0,0.0,5.0,-31.0,-79.0,-16.0,3,0
70797,3.1401,-0.9971,0.698,0.2961,0.024,0.0,0.0,0.0,0.0,-29.0,-78.0,-16.0,3,0
70809,3.137,-0.9971,0.698,0.2961,0.0,0.0,0.0,0.0,12.0,-30.0,-79.0,-16.0,3,0
70822,3.1355,-0.9971,0.698,0.2961,-0.0719,0.0,0.0,0.0,20.0,-30.0,-79.0,-16.0,3,0
70834,3.137,-0.9971,0.6995,0.2961,-0.0719,0.0,0.0,0.0,4.0,-29.0,-79.0,-16.0,3,0
70846,3.1385,-0.9971,0.698,0.2961,-0.0719,0.0,0.0,0.0,-3.0,-29.0,-80.0,-16.0,3,0
70854,3.1401,-0.9971,0.698,0.2961,-0.0479,0.0,0.0,0.0,0.0,-27.0,-81.0,-16.0,3,0
70867,3.1416,-0.9971,0.6995,0.2961,0.0,0.0,0.0,0.0,-3.0,-29.0,-79.0,-16.0,3,0
70879,3.1416,-0.9971,0.698,0.2961,0.0,0.0,0.0,0.0,-1.0,-28.0,-80.0,-16.0,3,0
70891,3.1416,-0.9956,0.698,0.2961,0.0479,0.0,0.0,0.0,-1.0,-29.0,-80.0,-16.0,3,0
70904,3.1416,-0.9956,0.6995,0.2961,0.0719,0.0,0.0,0.0,0.0,-30.0,-82.0,-16.0,3,0
70912,3.1401,-0.9956,0.698,0.2961,0.0479,0.0,0.0,0.0,3.0,-31.0,-81.0,-16.0,3,0
70924,3.1401,-0.9971,0.698,0.2961,0.024,0.0,0.0,0.0,0.0,-30.0,-78.0,-16.0,3,0
70936,3.1385,-0.9971,0.698,0.2961,0.0,0.0,0.0,0.0,0.0,-29.0,-78.0,-16.0,3,0
70949,3.1355,-0.9971,0.698,0.2961,-0.024,0.0,0.0,0.0,10.0,-28.0,-78.0,-18.0,3,0
70961,3.1355,-0.9971,0.698,0.2961,-0.0479,0.0,0.0,0.0,10.0,-29.0,-78.0,-16.0,3,0
70969,3.137,-0.9956,0.698,0.2961,-0.0719,0.0,0.0,0.0,10.0,-29.0,-78.0,-15.0,3,0
70981,3.137,-0.9956,0.698,0.2961,-0.0719,0.0,0.0,0.0,2.0,-28.0,-78.0,-15.0,3,0
70994,3.1416,-0.9956,0.698,0.2961,-0.024,0.0,0.0,0.0,-3.0,-29.0,-82.0,-16.0,3,0
71006,3.1416,-0.9956,0.6995,0.2961,0.0,0.0,0.0,0.0,-4.0,-29.0,-82.0,-15.0,3,0
71018,3.1416,-0.9971,0.6995,0.2961,0.024,0.0,0.0,0.0,0.0,-30.0,-81.0,-16.0,3,0
71026,3.1416,-0.9956,0.698,0.2961,0.0479,0.0,0.0,0.0,0.0,-28.0,-81.0,-17.0,3,0
71039,3.1416,-0.9971,0.698,0.2961,0.0479,0.0,0.0,0.0,0.0,-29.0,-83.0,-16.0,3,0
71051,3.1401,-0.9956,0.698,0.2961,0.0479,0.0,0.0,0.0,0.0,-27.0,-79.0,-18.0,3,0
71063,3.1401,-0.9971,0.698,0.2961,0.0,0.0,0.0,0.0,0.0,-29.0,-78.0,-16.0,3,0
71072,3.1385,-0.9971,0.698,0.2961,0.0,0.0,0.0,0.0,0.0,-30.0,-78.0,-16.0,3,0
71084,3.137,-0.9971,0.698,0.2961,0.0,0.0,0.0,0.0,0.0,-29.0,-77.0,-15.0,3,0
71096,3.137,-0.9956,0.698,0.2961,-0.024,0.0,0.0,0.0,12.0,-28.0,-79.0,-16.0,3,0
71108,3.137,-0.9971,0.698,0.2961,-0.0479,0.0,0.0,0.0,2.0,-29.0,-79.0,-16.0,3,0
71121,3.137,-0.9971,0.698,0.2961,-0.0479,0.0,0.0,0.0,3.0,-28.0,-80.0,-18.0,3,0
71129,3.1385,-0.9956,0.698,0.2961,-0.0479,0.0,0.0,0.0,2.0,-31.0,-80.0,-16.0,3,0
71141,3.1385,-0.9971,0.698,0.2961,-0.024,0.0,0.0,0.0,-4.0,-28.0,-78.0,-17.0,3,0
71153,3.1401,-0.9956,0.698,0.2961,0.0,0.0,0.0,0.0,0.0,-30.0,-80.0,-16.0,3,0
71166,3.1401,-0.9971,0.698,0.2961,0.0,0.0,0.0,0.0,0.0,-28.0,-82.0,-16.0,3,0
71178,3.1401,-0.9956,0.698,0.2961,0.024,0.0,0.0,0.0,0.0,-26.0,-80.0,-16.0,2,0
71186,3.1401,-0.9956,0.698,0.2961,0.024,0.0,0.0,0.0,0.0,-26.0,-79.0,-16.0,2,0
71198,3.1401,-0.9956,0.6995,0.2961,0.024,0.0,0.0,0.0,0.0,-29.0,-79.0,-19.0,2,0
71211,3.1401,-0.9971,0.698,0.2961,0.024,0.0,0.0,0.0,0.0,-26.0,-78.0,-16.0,2,0
71223,3.1401,-0.9971,0.6995,0.2961,0.0,0.0,0.0,0.0,0.0,-27.0,-81.0,-16.0,2,0
71235,3.1401,-0.9971,0.698,0.2961,0.0,0.0,0.0,0.0,0.0,-26.0,-81.0,-16.0,2,0
71244,3.1401,-0.9971,0.698,0.2961,0.0,0.0,0.0,0.0,0.0,-29.0,-79.0,-17.0,2,0
71256,3.1401,-0.9971,0.698,0.2961,0.0,0.0,0.0,0.0,0.0,-29.0,-79.0,-15.0,2,0
71268,3.1401,-0.9971,0.698,0.2961,0.0,0.0,0.0,0.0,0.0,-26.0,-79.0,-16.0,2,0
71280,3.1401,-0.9956,0.698,0.2961,0.0,0.0,0.0,0.0,0.0,-27.0,-81.0,-16.0,2,0
71293,3.1401,-0.9956,0.698,0.2961,0.0,0.0,0.0,0.0,0.0,-29.0,-80.0,-16.0,2,0
71301,3.1401,-0.9956,0.698,0.2961,0.0,0.0,0.0,0.0,0.0,-29.0,-80.0,-16.0,2,0
71313,3.1401,-0.9971,0.698,0.2961,0.0,0.0,0.0,0.0,0.0,-27.0,-79.0,-16.0,2,0
71325,3.1401,-0.9971,0.698,0.2961,0.0,0.0,0.0,0.0,0.0,-28.0,-80.0,-15.0,2,0
71338,3.1401,-0.9971,0.6995,0.2961,0.0,0.0,0.0,0.0,0.0,-27.0,-83.0,-16.0,2,0
71350,3.1401,-0.9971,0.698,0.2961,0.0,0.0,0.0,0.0,0.0,-26.0,-80.0,-16.0,2,0
71358,3.1401,-0.9971,0.6995,0.2961,0.0,0.0,0.0,0.0,0.0,-26.0,-80.0,-16.0,1,0
71371,3.1401,-0.9956,0.6995,0.2961,0.0,0.0,0.0,0.0,0.0,-28.0,-78.0,-17.0,1,0
71383,3.1401,-0.994,0.6949,0.2945,0.0,0.0,0.0,0.0,-4.0,-62.0,-40.0,-11.0,1,0
71395,3.1416,-0.991,0.6903,0.293,0.0,0.0,-0.024,0.0,0.0,-120.0,2.0,0.0,0,0
71407,3.1416,-0.9848,0.6903,0.2899,0.0,0.0719,-0.0719,-0.024,0.0,-197.0,-2.0,9.0,0,0
71416,3.1431,-0.9787,0.6903,0.2945,0.024,0.1198,-0.0959,-0.0479,-19.0,-235.0,-34.0,-5.0,0,0
71428,3.1447,-0.971,0.6934,0.2961,0.024,0.2157,-0.0959,-0.024,-27.0,-263.0,-77.0,-20.0,0,0
71440,3.1447,-0.9649,0.6964,0.2976,0.0479,0.3116,-0.0719,0.0,-27.0,-271.0,-123.0,-31.0,24,1
71452,3.1447,-0.9587,0.7026,0.2976,0.0479,0.4554,0.0,0.0,-27.0,-255.0,-134.0,-28.0,55,1
71465,3.1447,-0.9572,0.7026,0.2976,0.0479,0.4554,0.0719,0.024,-27.0,-217.0,-112.0,-28.0,59,1
71477,3.1447,-0.9587,0.7026,0.2976,0.024,0.4314,0.1198,0.0479,-27.0,-203.0,-96.0,-28.0,68,1
71489,3.1447,-0.9603,0.7026,0.2976,0.024,0.3595,0.1438,0.0479,-23.0,-203.0,-88.0,-22.0,63,1
71502,3.1385,-0.9618,0.698,0.2961,0.0,0.1918,0.0959,0.0,4.0,-156.0,-45.0,-11.0,57,1
71514,3.1355,-0.9633,0.6964,0.2961,-0.0479,0.0959,0.024,0.0,25.0,-136.0,-44.0,-10.0,51,1
71530,3.1339,-0.9664,0.6964,0.2961,-0.0959,0.0,0.0,0.0,39.0,-125.0,-58.0,-13.0,42,1
71543,3.137,-0.9725,0.6964,0.2961,-0.1198,-0.0959,-0.0719,0.0,6.0,-102.0,-71.0,-15.0,40,1
71555,3.137,-0.9741,0.6964,0.2961,-0.0959,-0.1438,-0.0719,0.0,12.0,-111.0,-76.0,-15.0,34,1
71567,3.137,-0.9756,0.6964,0.2961,-0.0959,-0.1678,-0.0479,0.0,15.0,-114.0,-74.0,-16.0,21,1
71579,3.1385,-0.9771,0.6964,0.2961,-0.0479,-0.1918,-0.024,0.0,-1.0,-106.0,-73.0,-16.0,12,1
71592,3.1416,-0.9817,0.6964,0.2961,0.024,-0.1918,0.0,0.0,-1.0,-72.0,-68.0,-16.0,3,0
71600,3.1416,-0.9817,0.6964,0.2961,0.024,-0.1918,0.0,0.0,-1.0,-72.0,-68.0,-16.0,4,0
71612,3.1431,-0.9863,0.6964,0.2961,0.0719,-0.1918,0.0,0.0,0.0,-42.0,-71.0,-16.0,4,0
71624,3.1416,-0.9894,0.6964,0.2961,0.0719,-0.1918,0.0,0.0,1.0,-25.0,-69.0,-16.0,1,0
71637,3.1401,-0.9925,0.6964,0.2961,0.0719,-0.1918,0.0,0.0,4.0,-17.0,-71.0,-15.0,1,0
71645,3.1401,-0.994,0.6964,0.2961,0.024,-0.2157,0.0,0.0,0.0,-14.0,-71.0,-15.0,1,0
71657,3.1385,-0.9956,0.6964,0.2961,0.0,-0.2397,0.0,0.0,1.0,-17.0,-71.0,-16.0,0,0
71670,3.137,-0.9971,0.6964,0.2961,0.0,-0.2397,0.0,0.0,6.0,-19.0,-66.0,-16.0,0,0
71682,3.137,-0.9986,0.6964,0.2961,-0.0719,-0.1918,0.0,0.0,3.0,-30.0,-68.0,-16.0,0,0
71694,3.1385,-0.9986,0.6964,0.2961,-0.0719,-0.1678,0.0,0.0,-8.0,-30.0,-69.0,-16.0,0,0
71702,3.1385,-0.9986,0.6964,0.2961,-0.0479,-0.1438,0.0,0.0,0.0,-29.0,-67.0,-13.0,0,0
71715,3.1401,-0.9986,0.6964,0.2961,-0.024,-0.0959,0.0,0.0,0.0,-33.0,-67.0,-15.0,0,0
71727,3.1401,-0.9986,0.6964,0.2961,0.0,-0.0719,0.0,0.0,0.0,-31.0,-70.0,-15.0,0,0
71739,3.1401,-0.9986,0.6964,0.2961,0.0,-0.0479,0.0,0.0,0.0,-33.0,-72.0,-16.0,0,0
71751,3.1401,-0.9986,0.6964,0.2961,0.024,-0.024,0.0,0.0,0.0,-32.0,-72.0,-15.0,0,0
71760,3.1401,-0.9986,0.6964,0.2961,0.024,0.0,0.0,0.0,0.0,-34.0,-69.0,-15.0,0,0
71772,3.1401,-0.9986,0.6964,0.2961,0.024,0.0,0.0,0.0,0.0,-30.0,-70.0,-16.0,0,0
71784,3.1401,-0.9986,0.6964,0.2961,0.0,0.0,0.0,0.0,0.0,-31.0,-68.0,-15.0,0,0
71796,3.1401,-0.9986,0.6964,0.2961,0.0,0.0,0.0,0.0,0.0,-31.0,-69.0,-16.0,0,0
71809,3.1401,-0.9986,0.6964,0.2961,0.0,0.0,0.0,0.0,0.0,-31.0,-72.0,-14.0,0,0
71817,3.1385,-0.9986,0.6964,0.2961,0.0,0.0,0.0,0.0,0.0,-33.0,-70.0,-16.0,0,0
71829,3.1385,-0.9986,0.6964,0.2961,0.0,0.0,0.0,0.0,0.0,-29.0,-69.0,-16.0,0,0
71842,3.1385,-0.9986,0.6964,0.2961,0.0,0.0,0.0,0.0,0.0,-31.0,-67.0,-16.0,0,0
71854,3.1385,-0.9986,0.6964,0.2961,0.0,0.0,0.0,0.0,0.0,-32.0,-69.0,-16.0,0,0
71866,3.1385,-0.9986,0.6964,0.2961,0.0,0.0,0.0,0.0,0.0,-31.0,-69.0,-16.0,0,0
71874,3.1385,-0.9986,0.6964,0.2961,0.0,0.0,0.0,0.0,0.0,-29.0,-67.0,-15.0,0,0
71887,3.1385,-0.9986,0.6964,0.2961,0.0,0.0,0.0,0.0,0.0,-31.0,-68.0,-16.0,0,0
71899,3.1385,-0.9986,0.6964,0.2961,0.0,0.0,0.0,0.0,0.0,-30.0,-68.0,-15.0,0,0
71911,3.1385,-0.9986,0.6964,0.2961,0.0,0.0,0.0,0.0,0.0,-29.0,-67.0,-16.0,0,0
71923,3.1385,-0.9986,0.6964,0.2961,0.0,0.0,0.0,0.0,0.0,-29.0,-67.0,-16.0,0,0
71932,3.1385,-0.9986,0.6964,0.2961,0.0,0.0,0.0,0.0,0.0,-32.0,-69.0,-16.0,0,0
71944,3.1385,-0.9986,0.6964,0.2961,0.0,0.0,0.0,0.0,0.0,-31.0,-68.0,-16.0,0,0
71956,3.1401,-0.9986,0.6964,0.2961,0.0,0.0,0.0,0.0,0.0,-29.0,-68.0,-13.0,0,0
71969,3.1385,-0.9986,0.6964,0.2961,0.0,0.0,0.0,0.0,0.0,-29.0,-68.0,-16.0,0,0
71981,3.1385,-0.9986,0.6964,0.2961,0.0,0.0,0.0,0.0,0.0,-32.0,-67.0,-15.0,1,0
71989,3.1385,-0.9986,0.6964,0.2961,0.0,0.0,0.0,0.0,0.0,-31.0,-71.0,-15.0,1,0
72001,3.1385,-0.9986,0.6964,0.2961,0.0,0.0,0.0,0.0,0.0,-30.0,-68.0,-16.0,0,0
72014,3.1385,-0.9986,0.6964,0.2961,0.0,0.0,0.0,0.0,0.0,-29.0,-70.0,-16.0,1,0
72026,3.1385,-0.9986,0.6964,0.2961,0.0,0.0,0.0,0.0,0.0,-29.0,-70.0,-16.0,1,0
72038,3.1385,-0.9986,0.6964,0.2961,0.0,0.0,0.0,0.0,0.0,-29.0,-69.0,-15.0,1,0
72046,3.1385,-0.9986,0.6964,0.2961,0.0,0.0,0.0,0.0,0.0,-29.0,-67.0,-16.0,1,0
72059,3.1385,-0.9986,0.6964,0.2961,0.0,0.0,0.0,0.0,0.0,-28.0,-68.0,-16.0,1,0
72071,3.1385,-0.9986,0.6964,0.2961,0.0,0.0,0.0,0.0,0.0,-29.0,-68.0,-16.0,1,0
72083,3.1385,-0.9986,0.6964,0.2961,0.0,0.0,0.0,0.0,0.0,-28.0,-68.0,-16.0,1,0
72091,3.1385,-0.9986,0.6964,0.2961,0.0,0.0,0.0,0.0,0.0,-29.0,-71.0,-13.0,1,0
72104,3.1385,-0.9986,0.6964,0.2961,0.0,0.0,0.0,0.0,0.0,-30.0,-69.0,-16.0,1,0
72116,3.1385,-0.9986,0.6964,0.2961,0.0,0.0,0.0,0.0,0.0,-28.0,-69.0,-15.0,1,0
72128,3.1385,-0.9986,0.6964,0.2961,0.0,0.0,0.0,0.0,0.0,-30.0,-69.0,-16.0,1,0
72141,3.1385,-0.9986,0.6964,0.2961,0.0,0.0,0.0,0.0,0.0,-29.0,-71.0,-15.0,1,0
72149,3.1385,-0.9986,0.6964,0.2961,0.0,0.0,0.0,0.0,0.0,-28.0,-71.0,-16.0,0,0
72161,3.1385,-0.9986,0.6964,0.2961,0.0,0.0,0.0,0.0,0.0,-28.0,-71.0,-16.0,1,0
72173,3.1385,-0.9986,0.6964,0.2961,0.0,0.0,0.0,0.0,0.0,-29.0,-70.0,-14.0,1,0
72186,3.1385,-0.9986,0.6964,0.2961,0.0,0.0,0.0,0.0,0.0,-28.0,-69.0,-13.0,1,0
72198,3.1385,-0.9986,0.6964,0.2961,0.0,0.0,0.0,0.0,0.0,-26.0,-68.0,-16.0,1,0
72206,3.1385,-0.9986,0.698,0.2961,0.0,0.0,0.0,0.0,0.0,-28.0,-70.0,-16.0,1,0
72218,3.1385,-0.9986,0.6964,0.2961,0.0,0.0,0.0,0.0,0.0,-28.0,-67.0,-16.0,0,0
72231,3.1385,-0.9986,0.698,0.2961,0.0,0.0,0.0,0.0,0.0,-28.0,-69.0,-15.0,0,0
72243,3.1385,-0.9986,0.6964,0.2961,0.0,0.0,0.0,0.0,0.0,-27.0,-71.0,-16.0,1,0
72255,3.1385,-0.9986,0.6964,0.2961,0.0,0.0,0.0,0.0,0.0,-29.0,-68.0,-16.0,1,0
72263,3.1385,-0.9986,0.6964,0.2961,0.0,0.0,0.0,0.0,0.0,-29.0,-71.0,-16.0,1,0
72276,3.1401,-0.9986,0.6964,0.2961,0.0,0.0,0.0,0.0,0.0,-27.0,-69.0,-16.0,0,0
72288,3.1462,-0.9986,0.6964,0.2961,0.024,0.0,0.0,0.0,-44.0,-26.0,-70.0,-16.0,0,0
72300,3.1508,-0.9986,0.698,0.2961,0.0719,0.0,0.0,0.0,-124.0,-25.0,-73.0,-16.0,0,0
72313,3.1539,-1.0002,0.698,0.2961,0.1678,0.0,0.0,0.0,-90.0,0.0,-74.0,-16.0,0,0
72321,3.1539,-1.0002,0.698,0.2961,0.1678,0.0,0.0,0.0,-90.0,0.0,-74.0,-16.0,0,0
72333,3.1569,-1.0017,0.6964,0.2961,0.2397,-0.024,0.0,0.0,-128.0,0.0,-70.0,-15.0,0,0
72345,3.1585,-1.0032,0.6964,0.2961,0.2397,-0.024,0.0,0.0,-135.0,0.0,-67.0,-15.0,24,1
72358,3.16,-1.0032,0.6964,0.2961,0.2397,-0.0479,0.0,0.0,-154.0,-2.0,-61.0,-15.0,39,1
72370,3.1631,-1.0017,0.6949,0.2961,0.2157,-0.0479,0.0,0.0,-166.0,-2.0,-58.0,-13.0,62,1
72382,3.1646,-1.0017,0.6964,0.2961,0.1918,-0.024,0.0,0.0,-144.0,-7.0,-70.0,-16.0,69,1
72394,3.1661,-1.0017,0.6964,0.2961,0.1678,0.0,0.0,0.0,-136.0,-9.0,-77.0,-16.0,79,1
72407,3.1661,-1.0002,0.698,0.2961,0.1438,0.0,0.0,0.0,-133.0,-23.0,-76.0,-16.0,76,1
72423,3.1646,-1.0002,0.6964,0.2961,0.0959,0.0,0.0,0.0,-133.0,-10.0,-74.0,-15.0,81,1
72435,3.1646,-1.0002,0.6964,0.2961,0.0479,0.024,0.0,0.0,-133.0,-13.0,-68.0,-15.0,77,1
72448,3.1646,-1.0002,0.6964,0.2961,0.024,0.024,0.0,0.0,-133.0,-12.0,-68.0,-15.0,75,1
72460,3.1646,-1.0002,0.6964,0.2961,0.0,0.024,0.0,0.0,-134.0,-6.0,-68.0,-15.0,72,1
72472,3.1646,-1.0032,0.6964,0.2961,0.0,0.0,0.0,0.0,-135.0,-1.0,-68.0,-16.0,70,1
72485,3.1646,-1.0032,0.6964,0.2961,0.0,-0.024,0.0,0.0,-133.0,0.0,-68.0,-16.0,69,1
72497,3.1631,-1.0048,0.6964,0.2961,0.0,-0.024,0.0,0.0,-120.0,0.0,-70.0,-16.0,69,1
72509,3.1615,-1.0032,0.6964,0.2961,0.0,-0.024,0.0,0.0,-90.0,0.0,-68.0,-16.0,67,1
72521,3.1569,-1.0017,0.6964,0.2961,-0.0479,-0.024,0.0,0.0,-30.0,-1.0,-68.0,-16.0,63,1
72534,3.1523,-1.0017,0.6964,0.2961,-0.0959,0.0,0.0,0.0,-9.0,-1.0,-67.0,-15.0,58,1
72546,3.1493,-1.0017,0.6964,0.2961,-0.1438,0.0,0.0,0.0,0.0,-1.0,-68.0,-16.0,50,1
72558,3.1462,-1.0002,0.6964,0.2961,-0.1918,0.0,0.0,0.0,0.0,-2.0,-67.0,-15.0,41,1
72571,3.1431,-1.0002,0.6964,0.2961,-0.2397,0.024,0.0,0.0,1.0,-3.0,-70.0,-16.0,25,1
72583,3.1416,-1.0017,0.6964,0.2961,-0.2876,0.024,0.0,0.0,-5.0,-1.0,-68.0,-16.0,20,1
72595,3.1401,-1.0017,0.6964,0.2961,-0.2637,0.0,0.0,0.0,5.0,-3.0,-69.0,-14.0,12,1
72607,3.1385,-1.0017,0.6964,0.2961,-0.2397,0.0,0.0,0.0,5.0,-3.0,-67.0,-15.0,4,0
72620,3.1355,-1.0017,0.6964,0.2961,-0.2157,0.0,0.0,0.0,0.0,-3.0,-68.0,-16.0,4,0
72632,3.1339,-1.0002,0.6964,0.2961,-0.1678,0.0,0.0,0.0,11.0,-2.0,-70.0,-16.0,4,0
72640,3.1339,-1.0002,0.6964,0.2961,-0.1678,0.0,0.0,0.0,11.0,-2.0,-70.0,-16.0,3,0
72653,3.1355,-1.0017,0.6964,0.2961,-0.1198,0.0,0.0,0.0,0.0,-1.0,-68.0,-15.0,3,0
72665,3.1355,-1.0017,0.6964,0.2961,-0.0959,0.0,0.0,0.0,-2.0,-1.0,-69.0,-16.0,3,0
72677,3.1385,-1.0002,0.6964,0.2961,-0.0479,0.0,0.0,0.0,0.0,-5.0,-69.0,-15.0,4,0
72689,3.1401,-1.0017,0.6964,0.2961,0.0,0.0,0.0,0.0,-3.0,-1.0,-70.0,-16.0,4,0
72698,3.1401,-1.0017,0.6964,0.2961,0.024,0.0,0.0,0.0,0.0,-2.0,-66.0,-15.0,3,0
72710,3.1401,-1.0002,0.6964,0.2961,0.0479,0.0,0.0,0.0,0.0,-5.0,-68.0,-15.0,3,0
72722,3.1401,-1.0017,0.6964,0.2961,0.0719,0.0,0.0,0.0,5.0,-4.0,-70.0,-16.0,3,0
72734,3.137,-1.0017,0.6964,0.2961,0.0479,0.0,0.0,0.0,1.0,-2.0,-67.0,-16.0,2,0
72747,3.137,-1.0017,0.6964,0.2961,0.024,0.0,0.0,0.0,0.0,-2.0,-67.0,-16.0,3,0
72755,3.1355,-1.0017,0.6964,0.2961,0.0,0.0,0.0,0.0,4.0,-2.0,-69.0,-16.0,2,0
72767,3.1355,-1.0017,0.6964,0.2961,-0.024,0.0,0.0,0.0,0.0,-1.0,-69.0,-16.0,2,0
72779,3.1355,-1.0017,0.6964,0.2961,-0.0479,0.0,0.0,0.0,2.0,-1.0,-70.0,-15.0,2,0
72792,3.137,-1.0017,0.6964,0.2961,-0.0479,0.0,0.0,0.0,-3.0,-2.0,-67.0,-16.0,3,0
72804,3.137,-1.0017,0.6964,0.2961,-0.024,0.0,0.0,0.0,0.0,-3.0,-67.0,-15.0,3,0
72812,3.137,-1.0017,0.6964,0.2961,0.0,0.0,0.0,0.0,0.0,-1.0,-67.0,-16.0,3,0
72825,3.1385,-1.0017,0.6964,0.2961,0.0,0.0,0.0,0.0,0.0,-2.0,-67.0,-16.0,3,0
72837,3.1401,-1.0017,0.6964,0.2961,0.024,0.0,0.0,0.0,-1.0,-2.0,-68.0,-16.0,3,0
72849,3.1385,-1.0017,0.6964,0.2961,0.024,0.0,0.0,0.0,-3.0,-3.0,-67.0,-16.0,3,0
72857,3.1401,-1.0017,0.6964,0.2961,0.0479,0.0,0.0,0.0,0.0,-2.0,-69.0,-15.0,2,0
72870,3.1385,-1.0017,0.6964,0.2961,0.024,0.0,0.0,0.0,0.0,-6.0,-68.0,-16.0,3,0
72882,3.1385,-1.0017,0.6964,0.2961,0.0,0.0,0.0,0.0,0.0,-4.0,-67.0,-15.0,1,0
72894,3.1385,-1.0017,0.6964,0.2961,0.0,0.0,0.0,0.0,0.0,-2.0,-68.0,-16.0,2,0
72906,3.1385,-1.0017,0.6964,0.2961,0.0,0.0,0.0,0.0,0.0,-1.0,-67.0,-15.0,2,0
72915,3.1385,-1.0017,0.6964,0.2961,0.0,0.0,0.0,0.0,0.0,-2.0,-66.0,-15.0,2,0
72927,3.1385,-1.0002,0.6964,0.2961,0.0,0.0,0.0,0.0,0.0,-1.0,-66.0,-16.0,3,0
72939,3.1385,-1.0017,0.6964,0.2961,0.0,0.0,0.0,0.0,0.0,-1.0,-67.0,-15.0,2,0
72952,3.1385,-1.0017,0.6964,0.2961,0.0,0.0,0.0,0.0,0.0,-3.0,-67.0,-15.0,2,0
72964,3.1385,-1.0017,0.6964,0.2961,0.0,0.0,0.0,0.0,0.0,-1.0,-69.0,-16.0,1,0
72972,3.1385,-1.0017,0.6964,0.2961,0.0,0.0,0.0,0.0,0.0,-4.0,-67.0,-16.0,1,0
72984,3.1385,-1.0017,0.6964,0.2961,0.0,0.0,0.0,0.0,0.0,-1.0,-67.0,-16.0,1,0
72997,3.1385,-1.0017,0.6964,0.2961,0.0,0.0,0.0,0.0,0.0,-1.0,-68.0,-16.0,1,0
73009,3.1385,-1.0017,0.6964,0.2961,0.0,0.0,0.0,0.0,0.0,-1.0,-66.0,-16.0,2,0
73021,3.1385,-1.0002,0.6964,0.2961,0.0,0.0,0.0,0.0,0.0,-1.0,-67.0,-15.0,2,0
73029,3.1385,-1.0002,0.6964,0.2961,0.0,0.0,0.0,0.0,0.0,-1.0,-67.0,-15.0,2,0
73042,3.1385,-1.0017,0.6964,0.2961,0.0,0.0,0.0,0.0,0.0,-1.0,-66.0,-16.0,2,0
73054,3.1385,-1.0017,0.6964,0.2961,0.0,0.0,0.0,0.0,0.0,-1.0,-67.0,-16.0,2,0
73066,3.1385,-1.0002,0.698,0.2961,0.0,0.0,0.0,0.0,0.0,-1.0,-67.0,-16.0,2,0
73078,3.1385,-1.0017,0.6964,0.2961,0.0,0.0,0.0,0.0,0.0,0.0,-67.0,-16.0,2,0
73087,3.1385,-1.0017,0.6964,0.2961,0.0,0.0,0.0,0.0,0.0,0.0,-67.0,-16.0,1,0
73099,3.137,-1.0017,0.6964,0.2961,0.0,0.0,0.0,0.0,0.0,0.0,-68.0,-16.0,1,0
73111,3.1385,-1.0017,0.6964,0.2961,0.0,0.0,0.0,0.0,0.0,0.0,-68.0,-16.0,1,0
73124,3.1385,-1.0017,0.6964,0.2961,0.0,0.0,0.0,0.0,0.0,0.0,-66.0,-16.0,1,0
73136,3.1385,-1.0017,0.6964,0.2961,0.0,0.0,0.0,0.0,0.0,0.0,-67.0,-16.0,1,0
73144,3.1385,-1.0017,0.6964,0.2961,0.0,0.0,0.0,0.0,0.0,0.0,-67.0,-15.0,2,0
73156,3.1385,-1.0017,0.6964,0.2961,0.0,0.0,0.0,0.0,0.0,0.0,-66.0,-15.0,2,0
73169,3.1385,-1.0017,0.6964,0.2961,0.0,0.0,0.0,0.0,0.0,0.0,-68.0,-16.0,1,0
73181,3.1385,-1.0017,0.6964,0.2961,0.0,0.0,0.0,0.0,0.0,0.0,-67.0,-15.0,1,0
73193,3.1385,-1.0017,0.6964,0.2961,0.0,0.0,0.0,0.0,0.0,0.0,-69.0,-16.0,1,0
73201,3.1385,-1.0017,0.6964,0.2961,0.0,0.0,0.0,0.0,0.0,0.0,-68.0,-16.0,0,0
73214,3.1385,-1.0017,0.6964,0.2961,0.0,0.0,0.0,0.0,0.0,0.0,-68.0,-16.0,0,0
73226,3.1385,-1.0017,0.698,0.2961,0.0,0.0,0.0,0.0,0.0,0.0,-66.0,-15.0,0,0
73238,3.1385,-1.0017,0.6964,0.2961,0.0,0.0,0.0,0.0,0.0,0.0,-67.0,-15.0,0,0
73251,3.1385,-1.0002,0.6964,0.2961,0.0,0.0,0.0,0.0,0.0,0.0,-67.0,-15.0,0,0
73259,3.1385,-1.0002,0.6964,0.2961,0.0,0.0,0.0,0.0,0.0,0.0,-67.0,-16.0,0,0
73271,3.1385,-1.0002,0.6964,0.2961,0.0,0.0,0.0,0.0,0.0,0.0,-68.0,-16.0,0,0
73283,3.1385,-1.0017,0.6964,0.2961,0.0,0.0,0.0,0.0,0.0,0.0,-68.0,-16.0,0,0
73296,3.1385,-1.0002,0.6964,0.2961,0.0,0.0,0.0,0.0,0.0,0.0,-67.0,-16.0,0,0
73304,3.1385,-1.0017,0.6964,0.2961,0.0,0.0,0.0,0.0,0.0,0.0,-68.0,-16.0,0,0
73316,3.1385,-1.0017,0.6964,0.2961,0.0,0.0,0.0,0.0,0.0,0.0,-68.0,-16.0,0,0
73328,3.1385,-1.0017,0.6964,0.2961,0.0,0.0,0.0,0.0,0.0,0.0,-67.0,-15.0,0,0
73341,3.1385,-1.0017,0.6964,0.2961,0.0,0.0,0.0,0.0,0.0,0.0,-65.0,-16.0,0,0
73353,3.137,-1.0017,0.6964,0.2961,0.0,0.0,0.0,0.0,0.0,0.0,-66.0,-16.0,0,0
73361,3.1324,-1.0002,0.6964,0.2961,0.0,0.0,0.0,0.0,38.0,-1.0,-65.0,-15.0,0,0
73373,3.1278,-0.9986,0.6964,0.2945,-0.0479,0.0,0.0,0.0,101.0,-22.0,-66.0,-16.0,0,0
73386,3.1263,-0.9971,0.6964,0.2961,-0.0959,0.024,0.0,0.0,110.0,-39.0,-54.0,-14.0,0,0
73398,3.1247,-0.9956,0.6964,0.2961,-0.1438,0.024,0.0,0.0,96.0,-53.0,-63.0,-13.0,0,0
73410,3.1217,-0.994,0.6964,0.2961,-0.1918,0.0479,0.0,0.0,122.0,-59.0,-74.0,-16.0,2,0
73418,3.1201,-0.994,0.698,0.2961,-0.2157,0.0719,0.0,0.0,119.0,-65.0,-77.0,-17.0,7,0
73431,3.1186,-0.9925,0.698,0.2961,-0.2397,0.0959,0.0,0.0,122.0,-72.0,-78.0,-17.0,8,0
73443,3.1124,-0.9894,0.698,0.2961,-0.2157,0.1198,0.0,0.0,182.0,-74.0,-70.0,-16.0,18,1
73455,3.1094,-0.9894,0.698,0.2961,-0.2157,0.1198,0.0,0.0,190.0,-69.0,-70.0,-16.0,19,1
73468,3.1078,-0.9894,0.698,0.2961,-0.2157,0.0959,0.0,0.0,192.0,-61.0,-68.0,-16.0,22,1
73480,3.1063,-0.9894,0.698,0.2961,-0.2157,0.0959,0.0,0.0,196.0,-61.0,-70.0,-16.0,25,1
73492,3.1032,-0.9894,0.6964,0.2961,-0.2157,0.0479,0.0,0.0,169.0,-62.0,-69.0,-15.0,39,1
73509,3.1032,-0.9894,0.698,0.2961,-0.2157,0.024,0.0,0.0,170.0,-61.0,-68.0,-15.0,43,1
73521,3.1032,-0.9894,0.698,0.2961,-0.1678,0.0,0.0,0.0,171.0,-61.0,-68.0,-16.0,49,1
73533,3.1032,-0.9894,0.698,0.2961,-0.0959,0.0,0.0,0.0,172.0,-61.0,-70.0,-16.0,56,1
73545,3.1032,-0.9894,0.698,0.2961,-0.0719,0.0,0.0,0.0,173.0,-62.0,-69.0,-15.0,56,1
73558,3.1032,-0.9894,0.698,0.2961,-0.024,0.0,0.0,0.0,175.0,-61.0,-69.0,-16.0,56,1
73570,3.1048,-0.9894,0.698,0.2961,0.0,0.0,0.0,0.0,175.0,-63.0,-69.0,-15.0,61,1
73582,3.1048,-0.9894,0.6964,0.2961,0.0,0.0,0.0,0.0,169.0,-64.0,-69.0,-15.0,61,1
73595,3.1048,-0.9894,0.698,0.2961,0.0,0.0,0.0,0.0,168.0,-63.0,-68.0,-16.0,60,1
73607,3.1063,-0.991,0.698,0.2961,0.024,0.0,0.0,0.0,145.0,-56.0,-72.0,-16.0,56,1
73619,3.1094,-0.991,0.698,0.2961,0.024,0.0,0.0,0.0,103.0,-50.0,-70.0,-15.0,53,1
73631,3.117,-0.9925,0.698,0.2961,0.0959,0.0,0.0,0.0,37.0,-45.0,-69.0,-15.0,47,1
73644,3.1217,-0.991,0.698,0.2961,0.1678,-0.024,0.0,0.0,18.0,-45.0,-70.0,-15.0,36,1
73656,3.1263,-0.9925,0.698,0.2961,0.2157,-0.024,0.0,0.0,7.0,-47.0,-69.0,-16.0,25,1
73668,3.1293,-0.9925,0.698,0.2961,0.2637,-0.024,0.0,0.0,0.0,-49.0,-70.0,-15.0,11,1
73681,3.1339,-0.9925,0.698,0.2961,0.3116,-0.024,0.0,0.0,-3.0,-50.0,-68.0,-15.0,7,0
73693,3.1401,-0.9925,0.698,0.2961,0.3595,-0.024,0.0,0.0,-1.0,-50.0,-72.0,-16.0,11,1
73705,3.1431,-0.9925,0.698,0.2961,0.3595,0.0,0.0,0.0,-7.0,-50.0,-69.0,-16.0,11,1
73717,3.1447,-0.9925,0.698,0.2961,0.3356,0.0,0.0,0.0,-9.0,-50.0,-70.0,-15.0,8,0
73730,3.1447,-0.9925,0.698,0.2961,0.3116,0.0,0.0,0.0,-4.0,-50.0,-70.0,-16.0,4,0
73738,3.1431,-0.9925,0.698,0.2961,0.2637,0.0,0.0,0.0,1.0,-49.0,-68.0,-15.0,4,0
73750,3.1431,-0.9925,0.698,0.2961,0.2157,0.0,0.0,0.0,3.0,-48.0,-69.0,-16.0,3,0
73762,3.1401,-0.9925,0.698,0.2961,0.0719,0.0,0.0,0.0,14.0,-49.0,-69.0,-16.0,2,0
73775,3.1401,-0.9925,0.698,0.2961,0.024,0.0,0.0,0.0,7.0,-50.0,-70.0,-15.0,2,0
73787,3.1385,-0.9925,0.698,0.2961,0.0,0.0,0.0,0.0,9.0,-50.0,-70.0,-16.0,2,0
73795,3.1401,-0.9925,0.698,0.2961,-0.024,0.0,0.0,0.0,8.0,-47.0,-70.0,-15.0,1,0
73808,3.1416,-0.9925,0.698,0.2961,-0.024,0.0,0.0,0.0,0.0,-49.0,-69.0,-15.0,0,0
73820,3.1416,-0.9925,0.698,0.2961,-0.024,0.0,0.0,0.0,-2.0,-49.0,-71.0,-16.0,1,0
73832,3.1431,-0.9925,0.698,0.2961,0.0,0.0,0.0,0.0,0.0,-46.0,-70.0,-16.0,1,0
73844,3.1431,-0.9925,0.698,0.2961,0.024,0.0,0.0,0.0,-2.0,-47.0,-70.0,-16.0,2,0
73853,3.1447,-0.9925,0.698,0.2961,0.0479,0.0,0.0,0.0,0.0,-46.0,-70.0,-16.0,1,0
73865,3.1447,-0.9925,0.698,0.2961,0.0479,0.0,0.0,0.0,3.0,-47.0,-68.0,-16.0,2,0
73877,3.1431,-0.9925,0.698,0.2961,0.0479,0.0,0.0,0.0,2.0,-46.0,-71.0,-15.0,2,0
73889,3.1431,-0.994,0.698,0.2961,0.024,0.0,0.0,0.0,0.0,-46.0,-69.0,-16.0,2,0
73902,3.1416,-0.994,0.698,0.2961,0.0,0.0,0.0,0.0,0.0,-46.0,-71.0,-16.0,2,0
73910,3.1416,-0.994,0.698,0.2961,0.0,0.0,0.0,0.0,0.0,-46.0,-71.0,-16.0,2,0
73922,3.1416,-0.994,0.698,0.2961,-0.024,0.0,0.0,0.0,0.0,-46.0,-70.0,-15.0,2,0
73935,3.1416,-0.994,0.698,0.2961,-0.024,0.0,0.0,0.0,0.0,-47.0,-71.0,-16.0,1,0
73947,3.1416,-0.9925,0.698,0.2961,-0.024,0.0,0.0,0.0,0.0,-45.0,-70.0,-16.0,1,0
73959,3.1416,-0.994,0.698,0.2961,0.0,0.0,0.0,0.0,0.0,-46.0,-68.0,-16.0,1,0
73967,3.1416,-0.9925,0.698,0.2961,0.0,0.0,0.0,0.0,2.0,-47.0,-69.0,-15.0,1,0
73980,3.1416,-0.9925,0.698,0.2961,0.0,0.0,0.0,0.0,0.0,-45.0,-68.0,-16.0,1,0
73992,3.1416,-0.9925,0.698,0.2961,0.0,0.0,0.0,0.0,0.0,-47.0,-70.0,-16.0,1,0
74004,3.1416,-0.9925,0.698,0.2961,0.0,0.0,0.0,0.0,0.0,-46.0,-69.0,-16.0,1,0
74016,3.1416,-0.9925,0.698,0.2961,0.0,0.0,0.0,0.0,0.0,-47.0,-70.0,-16.0,1,0
74025,3.1416,-0.994,0.698,0.2961,0.0,0.0,0.0,0.0,0.0,-48.0,-70.0,-16.0,1,0
74037,3.1416,-0.9925,0.698,0.2961,0.0,0.0,0.0,0.0,0.0,-46.0,-70.0,-16.0,1,0
74049,3.1416,-0.9925,0.698,0.2961,0.0,0.0,0.0,0.0,0.0,-47.0,-70.0,-15.0,1,0
74061,3.1416,-0.994,0.698,0.2961,0.0,0.0,0.0,0.0,0.0,-45.0,-71.0,-16.0,0,0
74070,3.1416,-0.994,0.698,0.2961,0.0,0.0,0.0,0.0,0.0,-45.0,-71.0,-16.0,0,0
74082,3.1416,-0.9925,0.698,0.2961,0.0,0.0,0.0,0.0,0.0,-45.0,-70.0,-16.0,0,0
74094,3.1416,-0.994,0.698,0.2961,0.0,0.0,0.0,0.0,0.0,-48.0,-71.0,-15.0,0,0
74107,3.1416,-0.9925,0.698,0.2961,0.0,0.0,0.0,0.0,0.0,-47.0,-70.0,-16.0,0,0
74119,3.1416,-0.994,0.698,0.2961,0.0,0.0,0.0,0.0,0.0,-47.0,-71.0,-16.0,0,0
74127,3.1416,-0.994,0.698,0.2961,0.0,0.0,0.0,0.0,0.0,-47.0,-69.0,-16.0,0,0
74139,3.1416,-0.994,0.698,0.2961,0.0,0.0,0.0,0.0,0.0,-47.0,-71.0,-16.0,0,0
74152,3.1416,-0.994,0.698,0.2961,0.0,0.0,0.0,0.0,0.0,-47.0,-69.0,-15.0,0,0
74164,3.1416,-0.994,0.698,0.2961,0.0,0.0,0.0,0.0,0.0,-47.0,-71.0,-15.0,0,0
74176,3.1416,-0.9925,0.698,0.2961,0.0,0.0,0.0,0.0,0.0,-47.0,-69.0,-16.0,0,0
74184,3.1416,-0.9925,0.698,0.2961,0.0,0.0,0.0,0.0,0.0,-47.0,-70.0,-16.0,0,0
74197,3.1416,-0.9925,0.698,0.2961,0.0,0.0,0.0,0.0,0.0,-47.0,-69.0,-16.0,0,0
74209,3.1416,-0.9925,0.698,0.2961,0.0,0.0,0.0,0.0,0.0,-46.0,-68.0,-16.0,0,0
74221,3.1416,-0.994,0.698,0.2961,0.0,0.0,0.0,0.0,0.0,-46.0,-72.0,-16.0,0,0
74234,3.1416,-0.9925,0.698,0.2961,0.0,0.0,0.0,0.0,0.0,-48.0,-69.0,-16.0,0,0
74242,3.1416,-0.994,0.698,0.2961,0.0,0.0,0.0,0.0,0.0,-47.0,-71.0,-16.0,0,0
74254,3.1416,-0.994,0.698,0.2961,0.0,0.0,0.0,0.0,0.0,-48.0,-68.0,-16.0,0,0
74266,3.1416,-0.9925,0.698,0.2961,0.0,0.0,0.0,0.0,0.0,-46.0,-70.0,-16.0,0,0
74279,3.1416,-0.9925,0.698,0.2961,0.0,0.0,0.0,0.0,0.0,-49.0,-69.0,-16.0,0,0
74291,3.1416,-0.994,0.698,0.2961,0.0,0.0,0.0,0.0,0.0,-49.0,-68.0,-16.0,0,0
74299,3.1416,-0.994,0.698,0.2961,0.0,0.0,0.0,0.0,0.0,-45.0,-69.0,-16.0,0,0
74311,3.1416,-0.9925,0.698,0.2961,0.0,0.0,0.0,0.0,0.0,-48.0,-71.0,-16.0,0,0
74324,3.1416,-0.994,0.698,0.2961,0.0,0.0,0.0,0.0,0.0,-47.0,-68.0,-16.0,0,0
74336,3.1416,-0.9925,0.698,0.2961,0.0,0.0,0.0,0.0,0.0,-47.0,-69.0,-16.0,0,0
74348,3.1416,-0.994,0.698,0.2961,0.0,0.0,0.0,0.0,0.0,-46.0,-69.0,-16.0,0,0
74356,3.1416,-0.994,0.698,0.2961,0.0,0.0,0.0,0.0,0.0,-49.0,-70.0,-15.0,0,0
74369,3.1416,-0.994,0.698,0.2961,0.0,0.0,0.0,0.0,0.0,-47.0,-71.0,-16.0,0,0
74381,3.1416,-0.994,0.698,0.2961,0.0,0.0,0.0,0.0,0.0,-47.0,-71.0,-16.0,0,0
74393,3.1416,-0.994,0.698,0.2961,0.0,0.0,0.0,0.0,0.0,-47.0,-70.0,-15.0,0,0
74406,3.1416,-0.994,0.698,0.2961,0.0,0.0,0.0,0.0,0.0,-45.0,-69.0,-16.0,0,0
74414,3.1416,-0.9925,0.698,0.2961,0.0,0.0,0.0,0.0,0.0,-47.0,-71.0,-16.0,0,0
74426,3.1462,-0.994,0.698,0.2961,0.0,0.0,0.0,0.0,-26.0,-45.0,-69.0,-15.0,0,0
74438,3.1508,-0.994,0.698,0.2961,0.0479,0.0,0.0,0.0,-140.0,-29.0,-68.0,-16.0,0,0
74451,3.1539,-0.9956,0.698,0.2961,0.0959,0.0,0.0,0.0,-132.0,-8.0,-71.0,-18.0,0,0
74463,3.1569,-0.9971,0.698,0.2961,0.1678,-0.024,0.0,0.0,-104.0,-4.0,-68.0,-15.0,0,0
74471,3.1569,-0.9971,0.698,0.2961,0.1678,-0.024,0.0,0.0,-104.0,-4.0,-68.0,-15.0,0,0
74483,3.1585,-1.0017,0.698,0.2961,0.2157,-0.0719,0.0,0.0,-99.0,4.0,-68.0,-16.0,47,1
74496,3.1585,-1.0032,0.698,0.2961,0.2157,-0.0959,0.0,0.0,-121.0,0.0,-68.0,-16.0,42,1
74508,3.1585,-1.0032,0.698,0.2961,0.1678,-0.1198,0.0,0.0,-108.0,2.0,-67.0,-16.0,47,1
74524,3.16,-1.0048,0.698,0.2961,0.0959,-0.1198,0.0,0.0,-97.0,7.0,-71.0,-16.0,47,1
74537,3.1585,-1.0048,0.698,0.2961,0.0719,-0.0959,0.0,0.0,-99.0,6.0,-69.0,-16.0,52,1
74549,3.1585,-1.0032,0.698,0.2961,0.0479,-0.0719,0.0,0.0,-97.0,6.0,-69.0,-17.0,54,1
74561,3.1585,-1.0032,0.698,0.2961,0.0,-0.024,0.0,0.0,-97.0,0.0,-70.0,-15.0,56,1
74573,3.1585,-1.0032,0.698,0.2961,0.0,0.0,0.0,0.0,-97.0,5.0,-70.0,-15.0,55,1
74586,3.1585,-1.0048,0.698,0.2961,0.0,0.0,0.0,0.0,-90.0,0.0,-71.0,-16.0,56,1
74598,3.1585,-1.0032,0.698,0.2961,0.0,0.0,0.0,0.0,-64.0,6.0,-67.0,-16.0,54,1
74610,3.1569,-1.0032,0.698,0.2961,-0.024,0.0,0.0,0.0,-43.0,1.0,-68.0,-16.0,50,1
74623,3.1508,-1.0048,0.698,0.2961,-0.0719,0.0,0.0,0.0,-26.0,0.0,-69.0,-16.0,40,1
74635,3.1493,-1.0032,0.698,0.2961,-0.0959,0.0,0.0,0.0,-28.0,3.0,-70.0,-16.0,36,1
74647,3.1493,-1.0032,0.698,0.2961,-0.1198,0.0,0.0,0.0,-11.0,0.0,-69.0,-16.0,30,1
74659,3.1462,-1.0017,0.698,0.2961,-0.1438,0.0,0.0,0.0,0.0,0.0,-72.0,-17.0,21,1
74672,3.1416,-1.0002,0.698,0.2961,-0.1918,0.024,0.0,0.0,4.0,-2.0,-69.0,-15.0,14,1
74684,3.1401,-0.9986,0.698,0.2961,-0.1918,0.024,0.0,0.0,6.0,-9.0,-69.0,-15.0,4,0
74696,3.1385,-0.9986,0.698,0.2961,-0.1918,0.0479,0.0,0.0,0.0,-8.0,-70.0,-16.0,3,0
74705,3.137,-0.9986,0.698,0.2961,-0.1918,0.0479,0.0,0.0,12.0,-5.0,-69.0,-17.0,3,0
74717,3.137,-0.9986,0.698,0.2961,-0.1678,0.0479,0.0,0.0,6.0,-7.0,-72.0,-16.0,3,0
74729,3.137,-0.9986,0.698,0.2961,-0.1438,0.0479,0.0,0.0,3.0,-5.0,-69.0,-16.0,3,0
74741,3.1401,-0.9986,0.698,0.2961,-0.0719,0.024,0.0,0.0,0.0,-3.0,-69.0,-16.0,3,0
74754,3.1416,-1.0002,0.698,0.2961,-0.024,0.0,0.0,0.0,0.0,-6.0,-69.0,-16.0,3,0
74762,3.1416,-0.9986,0.698,0.2961,0.0,0.0,0.0,0.0,0.0,-3.0,-70.0,-16.0,3,0
74774,3.1416,-0.9986,0.698,0.2961,0.024,0.0,0.0,0.0,0.0,-6.0,-72.0,-16.0,3,0
74786,3.1416,-1.0002,0.698,0.2961,0.0479,0.0,0.0,0.0,0.0,-3.0,-71.0,-15.0,3,0
74799,3.1401,-1.0002,0.698,0.2961,0.0479,0.0,0.0,0.0,1.0,-7.0,-70.0,-16.0,2,0
74811,3.1401,-0.9986,0.698,0.2961,0.024,0.0,0.0,0.0,0.0,-7.0,-68.0,-16.0,2,0
74819,3.1401,-1.0002,0.698,0.2961,0.0,0.0,0.0,0.0,0.0,-4.0,-69.0,-16.0,3,0
74832,3.1401,-1.0002,0.698,0.2961,0.0,0.0,0.0,0.0,0.0,-6.0,-70.0,-16.0,3,0
74844,3.1385,-0.9986,0.698,0.2961,-0.024,0.0,0.0,0.0,0.0,-6.0,-70.0,-16.0,2,0
74856,3.1385,-1.0002,0.698,0.2961,-0.024,0.0,0.0,0.0,0.0,-6.0,-71.0,-16.0,2,0
74868,3.1385,-1.0002,0.698,0.2961,-0.024,0.0,0.0,0.0,0.0,-4.0,-69.0,-16.0,2,0
74877,3.1385,-1.0002,0.698,0.2961,-0.024,0.0,0.0,0.0,0.0,-5.0,-71.0,-17.0,2,0
74889,3.1385,-0.9986,0.698,0.2961,-0.024,0.0,0.0,0.0,0.0,-7.0,-68.0,-16.0,2,0
74901,3.1385,-1.0002,0.698,0.2961,0.0,0.0,0.0,0.0,0.0,-5.0,-68.0,-16.0,2,0
74913,3.1385,-1.0002,0.698,0.2961,0.0,0.0,0.0,0.0,0.0,-3.0,-70.0,-16.0,2,0
74926,3.1385,-0.9986,0.698,0.2961,0.0,0.0,0.0,0.0,0.0,-4.0,-71.0,-16.0,2,0
74934,3.1385,-0.9986,0.698,0.2961,0.0,0.0,0.0,0.0,0.0,-4.0,-70.0,-16.0,2,0
74946,3.1385,-0.9986,0.698,0.2961,0.0,0.0,0.0,0.0,0.0,-2.0,-68.0,-16.0,2,0
74958,3.1385,-1.0002,0.698,0.2961,0.0,0.0,0.0,0.0,0.0,-4.0,-71.0,-15.0,2,0
74971,3.1401,-1.0002,0.698,0.2961,0.0,0.0,0.0,0.0,0.0,-6.0,-70.0,-16.0,2,0
74983,3.1401,-0.9986,0.698,0.2961,0.0,0.0,0.0,0.0,0.0,-4.0,-69.0,-16.0,2,0
74991,3.1385,-1.0002,0.698,0.2961,0.0,0.0,0.0,0.0,0.0,-7.0,-69.0,-16.0,2,0
75004,3.1385,-1.0002,0.698,0.2961,0.0,0.0,0.0,0.0,0.0,-6.0,-71.0,-16.0,2,0
75016,3.1385,-1.0002,0.698,0.2961,0.0,0.0,0.0,0.0,0.0,-4.0,-69.0,-16.0,2,0
75028,3.1385,-0.9986,0.698,0.2961,0.0,0.0,0.0,0.0,0.0,-4.0,-69.0,-16.0,2,0
75040,3.1385,-1.0002,0.698,0.2961,0.0,0.0,0.0,0.0,0.0,-4.0,-71.0,-16.0,2,0
75049,3.1385,-0.9986,0.698,0.2961,0.0,0.0,0.0,0.0,0.0,-5.0,-70.0,-16.0,2,0
75061,3.1401,-1.0002,0.698,0.2961,0.0,0.0,0.0,0.0,0.0,-3.0,-69.0,-16.0,1,0
75073,3.1385,-1.0002,0.698,0.2961,0.0,0.0,0.0,0.0,0.0,-3.0,-71.0,-16.0,1,0
75085,3.1401,-0.9986,0.698,0.2961,0.0,0.0,0.0,0.0,0.0,-5.0,-68.0,-16.0,1,0
75098,3.1401,-0.9986,0.698,0.2961,0.0,0.0,0.0,0.0,0.0,-6.0,-68.0,-15.0,1,0
75106,3.1401,-1.0002,0.698,0.2961,0.0,0.0,0.0,0.0,0.0,-4.0,-71.0,-16.0,1,0
75118,3.1385,-1.0002,0.698,0.2961,0.0,0.0,0.0,0.0,0.0,-4.0,-71.0,-16.0,1,0
75131,3.1385,-1.0002,0.698,0.2961,0.0,0.0,0.0,0.0,0.0,-3.0,-70.0,-16.0,1,0
75143,3.1385,-1.0002,0.698,0.2961,0.0,0.0,0.0,0.0,0.0,-6.0,-72.0,-15.0,1,0
75151,3.1385,-1.0002,0.698,0.2961,0.0,0.0,0.0,0.0,0.0,-6.0,-72.0,-15.0,1,0
75163,3.1385,-0.9986,0.698,0.2961,0.0,0.0,0.0,0.0,0.0,-3.0,-71.0,-16.0,1,0
75176,3.1401,-1.0002,0.698,0.2961,0.0,0.0,0.0,0.0,0.0,-2.0,-68.0,-16.0,1,0
75188,3.1385,-0.9986,0.698,0.2961,0.0,0.0,0.0,0.0,0.0,-3.0,-70.0,-16.0,1,0
75200,3.1385,-1.0002,0.698,0.2961,0.0,0.0,0.0,0.0,0.0,-5.0,-68.0,-16.0,1,0
75208,3.1385,-0.9986,0.698,0.2961,0.0,0.0,0.0,0.0,0.0,-6.0,-69.0,-16.0,1,0
75221,3.1401,-1.0002,0.698,0.2961,0.0,0.0,0.0,0.0,0.0,-4.0,-69.0,-16.0,1,0
75233,3.1385,-0.9986,0.698,0.2961,0.0,0.0,0.0,0.0,0.0,-3.0,-69.0,-16.0,1,0
75245,3.1385,-0.9986,0.698,0.2961,0.0,0.0,0.0,0.0,0.0,-2.0,-70.0,-15.0,1,0
75257,3.1401,-0.9986,0.698,0.2961,0.0,0.0,0.0,0.0,0.0,-2.0,-69.0,-15.0,1,0
75266,3.1401,-1.0002,0.698,0.2961,0.0,0.0,0.0,0.0,0.0,-2.0,-70.0,-16.0,1,0
75278,3.1385,-1.0002,0.698,0.2961,0.0,0.0,0.0,0.0,0.0,-2.0,-70.0,-16.0,1,0
75290,3.1385,-1.0002,0.698,0.2961,0.0,0.0,0.0,0.0,0.0,-1.0,-72.0,-16.0,1,0
75303,3.1401,-1.0002,0.698,0.2961,0.0,0.0,0.0,0.0,0.0,-1.0,-71.0,-16.0,1,0
75315,3.1385,-0.9986,0.698,0.2961,0.0,0.0,0.0,0.0,0.0,-1.0,-71.0,-16.0,1,0
75323,3.1385,-1.0002,0.698,0.2961,0.0,0.0,0.0,0.0,0.0,-1.0,-70.0,-16.0,1,0
75335,3.1401,-0.9986,0.698,0.2961,0.0,0.0,0.0,0.0,0.0,-1.0,-71.0,-16.0,1,0
75348,3.1385,-0.9986,0.698,0.2961,0.0,0.0,0.0,0.0,0.0,-1.0,-71.0,-15.0,1,0
75360,3.1401,-0.9986,0.698,0.2961,0.0,0.0,0.0,0.0,0.0,-1.0,-71.0,-16.0,1,0
75372,3.1401,-0.9986,0.698,0.2961,0.0,0.0,0.0,0.0,0.0,-1.0,-69.0,-16.0,1,0
75380,3.1401,-0.9986,0.698,0.2961,0.0,0.0,0.0,0.0,0.0,-1.0,-69.0,-16.0,1,0
75393,3.1401,-0.9986,0.698,0.2961,0.0,0.0,0.0,0.0,0.0,-1.0,-70.0,-16.0,1,0
75405,3.1401,-0.9986,0.698,0.2961,0.0,0.0,0.0,0.0,0.0,-1.0,-69.0,-16.0,1,0
75417,3.1401,-1.0002,0.698,0.2961,0.0,0.0,0.0,0.0,0.0,-1.0,-71.0,-16.0,1,0
75430,3.1385,-0.9986,0.698,0.2961,0.0,0.0,0.0,0.0,0.0,-1.0,-71.0,-16.0,1,0
75438,3.1385,-0.9986,0.698,0.2961,0.0,0.0,0.0,0.0,0.0,-1.0,-69.0,-16.0,1,0
75450,3.1401,-0.9986,0.698,0.2961,0.0,0.0,0.0,0.0,0.0,-1.0,-70.0,-16.0,1,0
75462,3.1401,-0.9986,0.698,0.2961,0.0,0.0,0.0,0.0,0.0,-1.0,-70.0,-20.0,1,0
75475,3.1401,-1.0002,0.698,0.2961,0.0,0.0,0.0,0.0,0.0,-1.0,-71.0,-16.0,1,0
75487,3.1401,-1.0002,0.698,0.2961,0.0,0.0,0.0,0.0,0.0,-1.0,-69.0,-16.0,1,0
75495,3.1401,-0.9986,0.698,0.2961,0.0,0.0,0.0,0.0,0.0,-1.0,-69.0,-16.0,1,0
75507,3.1385,-0.9986,0.698,0.2961,0.0,0.0,0.0,0.0,0.0,-1.0,-72.0,-16.0,1,0
75520,3.1385,-1.0002,0.698,0.2961,0.0,0.0,0.0,0.0,0.0,-1.0,-70.0,-17.0,1,0
75532,3.1385,-0.9986,0.698,0.2961,0.0,0.0,0.0,0.0,0.0,-1.0,-70.0,-16.0,1,0
75544,3.1401,-1.0002,0.698,0.2961,0.0,0.0,0.0,0.0,0.0,-1.0,-68.0,-16.0,1,0
75552,3.1401,-0.9986,0.698,0.2961,0.0,0.0,0.0,0.0,0.0,-1.0,-71.0,-16.0,1,0
75565,3.1385,-0.9986,0.698,0.2961,0.0,0.0,0.0,0.0,0.0,-1.0,-69.0,-16.0,1,0
75577,3.1385,-0.9986,0.698,0.2961,0.0,0.0,0.0,0.0,0.0,-1.0,-71.0,-16.0,1,0
75589,3.1385,-0.9986,0.698,0.2961,0.0,0.0,0.0,0.0,0.0,-1.0,-70.0,-15.0,1,0
75597,3.1401,-1.0002,0.698,0.2961,0.0,0.0,0.0,0.0,0.0,-1.0,-71.0,-16.0,1,0
75610,3.1401,-0.9986,0.698,0.2961,0.0,0.0,0.0,0.0,0.0,-1.0,-71.0,-16.0,1,0
75622,3.1401,-0.9986,0.698,0.2961,0.0,0.0,0.0,0.0,0.0,-1.0,-70.0,-16.0,1,0
75634,3.1385,-0.9986,0.698,0.2961,0.0,0.0,0.0,0.0,0.0,-1.0,-71.0,-16.0,1,0
75647,3.1385,-1.0002,0.698,0.2961,0.0,0.0,0.0,0.0,0.0,-1.0,-69.0,-16.0,0,0
75655,3.1385,-0.9986,0.698,0.2961,0.0,0.0,0.0,0.0,0.0,-1.0,-69.0,-16.0,0,0
75667,3.1385,-0.9986,0.698,0.2961,0.0,0.0,0.0,0.0,0.0,-1.0,-70.0,-16.0,0,0
75679,3.1401,-0.9986,0.698,0.2961,0.0,0.0,0.0,0.0,0.0,-1.0,-69.0,-16.0,0,0
75692,3.1401,-0.9986,0.698,0.2961,0.0,0.0,0.0,0.0,0.0,-1.0,-70.0,-16.0,0,0
75704,3.1385,-0.9986,0.698,0.2961,0.0,0.0,0.0,0.0,0.0,-1.0,-69.0,-15.0,0,0
75712,3.1401,-0.9986,0.698,0.2961,0.0,0.0,0.0,0.0,0.0,-1.0,-69.0,-16.0,0,0
75724,3.1385,-0.9986,0.698,0.2961,0.0,0.0,0.0,0.0,0.0,-1.0,-70.0,-15.0,0,0
75737,3.1401,-0.9986,0.698,0.2961,0.0,0.0,0.0,0.0,0.0,-1.0,-71.0,-16.0,0,0
75749,3.1401,-0.9986,0.698,0.2961,0.0,0.0,0.0,0.0,0.0,-1.0,-73.0,-16.0,0,0
75761,3.1401,-0.9986,0.698,0.2961,0.0,0.0,0.0,0.0,0.0,0.0,-70.0,-16.0,0,0
75769,3.1401,-0.9986,0.698,0.2961,0.0,0.0,0.0,0.0,0.0,0.0,-70.0,-16.0,0,0
75782,3.1385,-1.0002,0.698,0.2961,0.0,0.0,0.0,0.0,0.0,0.0,-69.0,-16.0,0,0
75794,3.1385,-0.9986,0.698,0.2961,0.0,0.0,0.0,0.0,0.0,0.0,-70.0,-15.0,0,0
75806,3.1385,-0.9986,0.698,0.2961,0.0,0.0,0.0,0.0,0.0,0.0,-68.0,-16.0,0,0
75819,3.1401,-1.0002,0.698,0.2961,0.0,0.0,0.0,0.0,0.0,0.0,-70.0,-16.0,0,0
75827,3.1385,-1.0002,0.698,0.2961,0.0,0.0,0.0,0.0,0.0,0.0,-70.0,-16.0,0,0
75839,3.1401,-0.9986,0.698,0.2961,0.0,0.0,0.0,0.0,0.0,0.0,-72.0,-16.0,0,0
75851,3.1401,-0.9986,0.698,0.2961,0.0,0.0,0.0,0.0,0.0,0.0,-70.0,-16.0,0,0
75864,3.1385,-0.9986,0.698,0.2961,0.0,0.0,0.0,0.0,0.0,0.0,-70.0,-15.0,0,0
75876,3.1385,-0.9986,0.698,0.2961,0.0,0.0,0.0,0.0,0.0,0.0,-68.0,-15.0,0,0
75884,3.1401,-0.9986,0.698,0.2961,0.0,0.0,0.0,0.0,0.0,0.0,-69.0,-16.0,0,0
75896,3.1401,-1.0002,0.698,0.2961,0.0,0.0,0.0,0.0,0.0,0.0,-70.0,-15.0,0,0
75909,3.1401,-0.9986,0.698,0.2961,0.0,0.0,0.0,0.0,0.0,0.0,-68.0,-16.0,0,0
75921,3.1401,-0.9986,0.698,0.2961,0.0,0.0,0.0,0.0,0.0,0.0,-69.0,-16.0,0,0
75933,3.1385,-0.9986,0.698,0.2961,0.0,0.0,0.0,0.0,0.0,0.0,-70.0,-16.0,0,0
75941,3.1385,-0.9986,0.698,0.2961,0.0,0.0,0.0,0.0,0.0,0.0,-69.0,-18.0,0,0
75954,3.1385,-0.9986,0.698,0.2961,0.0,0.0,0.0,0.0,0.0,0.0,-69.0,-15.0,0,0
75966,3.1401,-1.0002,0.698,0.2961,0.0,0.0,0.0,0.0,0.0,0.0,-70.0,-16.0,0,0
75978,3.1385,-0.9986,0.698,0.2961,0.0,0.0,0.0,0.0,0.0,0.0,-70.0,-15.0,0,0
75987,3.1385,-0.9986,0.698,0.2961,0.0,0.0,0.0,0.0,0.0,0.0,-71.0,-16.0,1,0
75999,3.1401,-0.9986,0.698,0.2961,0.0,0.0,0.0,0.0,0.0,0.0,-71.0,-17.0,0,0
76011,3.1385,-0.9986,0.698,0.2961,0.0,0.0,0.0,0.0,0.0,0.0,-69.0,-16.0,0,0
76023,3.1401,-0.9986,0.698,0.2961,0.0,0.0,0.0,0.0,0.0,0.0,-69.0,-18.0,0,0
76036,3.1385,-0.9986,0.698,0.2961,0.0,0.0,0.0,0.0,0.0,0.0,-70.0,-16.0,0,0
76044,3.1385,-0.9986,0.698,0.2961,0.0,0.0,0.0,0.0,0.0,0.0,-68.0,-15.0,0,0
76056,3.1385,-0.9986,0.698,0.2961,0.0,0.0,0.0,0.0,0.0,0.0,-70.0,-16.0,0,0
76068,3.1401,-0.9986,0.698,0.2961,0.0,0.0,0.0,0.0,0.0,0.0,-72.0,-15.0,0,0
76081,3.1401,-0.9986,0.698,0.2961,0.0,0.0,0.0,0.0,0.0,0.0,-72.0,-16.0,1,0
76093,3.1401,-1.0002,0.698,0.2961,0.0,0.0,0.0,0.0,0.0,0.0,-72.0,-16.0,0,0
76101,3.1401,-0.9986,0.698,0.2961,0.0,0.0,0.0,0.0,0.0,0.0,-71.0,-16.0,0,0
76114,3.1401,-0.9986,0.698,0.2961,0.0,0.0,0.0,0.0,0.0,0.0,-68.0,-16.0,0,0
76126,3.1401,-0.9986,0.698,0.2961,0.0,0.0,0.0,0.0,0.0,0.0,-68.0,-16.0,0,0
76138,3.1401,-1.0002,0.698,0.2961,0.0,0.0,0.0,0.0,2.0,0.0,-72.0,-16.0,0,0
76150,3.1385,-0.9986,0.698,0.2961,0.0,0.0,0.0,0.0,0.0,0.0,-72.0,-16.0,0,0
76159,3.1401,-0.9986,0.698,0.2961,0.0,0.0,0.0,0.0,3.0,0.0,-71.0,-15.0,0,0
76171,3.1401,-0.9986,0.698,0.2961,0.0,0.0,0.0,0.0,-2.0,0.0,-70.0,-16.0,0,0
76183,3.1401,-0.9986,0.698,0.2961,0.0,0.0,0.0,0.0,0.0,0.0,-72.0,-16.0,0,0
76195,3.1401,-0.9986,0.698,0.2961,0.0,0.0,0.0,0.0,0.0,0.0,-68.0,-16.0,0,0
76208,3.1401,-0.9986,0.698,0.2961,0.0,0.0,0.0,0.0,0.0,0.0,-69.0,-16.0,0,0
76216,3.1401,-0.9986,0.698,0.2961,0.0,0.0,0.0,0.0,0.0,0.0,-69.0,-15.0,0,0
76228,3.1401,-0.9986,0.698,0.2961,0.0,0.0,0.0,0.0,0.0,0.0,-67.0,-15.0,0,0
76240,3.1401,-0.9986,0.698,0.2961,0.0,0.0,0.0,0.0,0.0,0.0,-71.0,-15.0,0,0
76253,3.1385,-0.9986,0.698,0.2961,0.0,0.0,0.0,0.0,0.0,0.0,-69.0,-16.0,0,0
76265,3.1401,-0.9986,0.698,0.2961,0.0,0.0,0.0,0.0,0.0,0.0,-71.0,-16.0,0,0
76273,3.1401,-0.9986,0.698,0.2961,0.0,0.0,0.0,0.0,1.0,0.0,-69.0,-15.0,0,0
76286,3.1401,-0.9986,0.698,0.2961,0.0,0.0,0.0,0.0,0.0,0.0,-69.0,-15.0,0,0
76298,3.1401,-0.9986,0.698,0.2961,0.0,0.0,0.0,0.0,0.0,0.0,-68.0,-16.0,0,0
76310,3.1401,-0.9986,0.698,0.2961,0.0,0.0,0.0,0.0,0.0,0.0,-68.0,-16.0,0,0
76322,3.1401,-1.0002,0.698,0.2961,0.0,0.0,0.0,0.0,0.0,0.0,-69.0,-16.0,0,0
76331,3.1401,-1.0002,0.698,0.2961,0.0,0.0,0.0,0.0,0.0,0.0,-69.0,-16.0,0,0
76343,3.1401,-0.9986,0.698,0.2961,0.0,0.0,0.0,0.0,0.0,0.0,-68.0,-16.0,0,0
76355,3.1401,-0.9986,0.698,0.2961,0.0,0.0,0.0,0.0,0.0,0.0,-69.0,-16.0,0,0
76367,3.1401,-0.9986,0.698,0.2961,0.0,0.0,0.0,0.0,0.0,0.0,-71.0,-16.0,0,0
76380,3.1401,-0.9986,0.698,0.2961,0.0,0.0,0.0,0.0,0.0,0.0,-69.0,-16.0,0,0
76388,3.1401,-0.9986,0.698,0.2961,0.0,0.0,0.0,0.0,2.0,0.0,-69.0,-16.0,0,0
76400,3.1401,-0.9986,0.698,0.2961,0.0,0.0,0.0,0.0,0.0,0.0,-70.0,-15.0,0,0
76413,3.1401,-1.0002,0.698,0.2961,0.0,0.0,0.0,0.0,0.0,0.0,-68.0,-15.0,0,0
76425,3.1401,-0.9986,0.698,0.2961,0.0,0.0,0.0,0.0,0.0,0.0,-70.0,-16.0,1,0
76433,3.1401,-0.9986,0.698,0.2961,0.0,0.0,0.0,0.0,0.0,0.0,-70.0,-16.0,0,0
76445,3.1401,-0.9986,0.698,0.2961,0.0,0.0,0.0,0.0,0.0,0.0,-70.0,-16.0,0,0
76458,3.1401,-0.9986,0.698,0.2961,0.0,0.0,0.0,0.0,0.0,0.0,-71.0,-16.0,0,0
76470,3.1401,-0.9986,0.698,0.2961,0.0,0.0,0.0,0.0,0.0,0.0,-72.0,-16.0,0,0
76482,3.1401,-0.9986,0.698,0.2961,0.0,0.0,0.0,0.0,0.0,0.0,-70.0,-15.0,0,0
76490,3.1401,-0.9986,0.698,0.2961,0.0,0.0,0.0,0.0,0.0,0.0,-70.0,-15.0,0,0
76503,3.1401,-0.9986,0.698,0.2961,0.0,0.0,0.0,0.0,0.0,0.0,-72.0,-16.0,0,0
76515,3.1401,-0.9986,0.698,0.2961,0.0,0.0,0.0,0.0,0.0,0.0,-70.0,-16.0,1,0
76527,3.1401,-0.9986,0.698,0.2961,0.0,0.0,0.0,0.0,0.0,0.0,-69.0,-16.0,0,0
76539,3.1401,-0.9986,0.698,0.2961,0.0,0.0,0.0,0.0,0.0,0.0,-69.0,-17.0,0,0
76548,3.1401,-1.0002,0.698,0.2961,0.0,0.0,0.0,0.0,0.0,0.0,-70.0,-16.0,0,0
76560,3.1401,-0.9986,0.698,0.2961,0.0,0.0,0.0,0.0,0.0,0.0,-70.0,-16.0,0,0
76572,3.1401,-0.9986,0.698,0.2961,0.0,0.0,0.0,0.0,0.0,0.0,-71.0,-16.0,0,0
76585,3.1401,-0.9986,0.698,0.2961,0.0,0.0,0.0,0.0,0.0,2.0,-71.0,-16.0,0,0
76597,3.1401,-0.9986,0.698,0.2961,0.0,0.0,0.0,0.0,0.0,0.0,-68.0,-16.0,0,0
76605,3.1401,-0.9986,0.698,0.2961,0.0,0.0,0.0,0.0,0.0,0.0,-72.0,-16.0,0,0
76617,3.1401,-0.9986,0.698,0.2961,0.0,0.0,0.0,0.0,1.0,0.0,-70.0,-16.0,0,0
76630,3.1401,-0.9986,0.698,0.2961,0.0,0.0,0.0,0.0,0.0,0.0,-69.0,-16.0,0,0
76642,3.1385,-0.9986,0.698,0.2961,0.0,0.0,0.0,0.0,0.0,0.0,-71.0,-16.0,0,0
76654,3.1401,-0.9986,0.698,0.2961,0.0,0.0,0.0,0.0,0.0,0.0,-68.0,-16.0,0,0
76662,3.1401,-0.9986,0.698,0.2961,0.0,0.0,0.0,0.0,0.0,0.0,-71.0,-16.0,0,0
76675,3.1401,-0.9986,0.698,0.2961,0.0,0.0,0.0,0.0,0.0,0.0,-69.0,-16.0,0,0
76687,3.1401,-0.9986,0.698,0.2961,0.0,0.0,0.0,0.0,0.0,0.0,-72.0,-16.0,0,0
76699,3.1401,-0.9986,0.698,0.2961,0.0,0.0,0.0,0.0,0.0,0.0,-71.0,-15.0,0,0
76712,3.1401,-0.9986,0.698,0.2961,0.0,0.0,0.0,0.0,1.0,0.0,-69.0,-15.0,0,0
76720,3.1401,-0.9986,0.698,0.2961,0.0,0.0,0.0,0.0,1.0,0.0,-69.0,-15.0,0,0
76732,3.1401,-0.9986,0.698,0.2961,0.0,0.0,0.0,0.0,0.0,0.0,-72.0,-15.0,0,0
76744,3.1401,-0.9986,0.698,0.2961,0.0,0.0,0.0,0.0,0.0,0.0,-70.0,-19.0,0,0
76757,3.1401,-0.9986,0.698,0.2961,0.0,0.0,0.0,0.0,0.0,1.0,-70.0,-15.0,0,0
76769,3.1401,-0.9986,0.698,0.2961,0.0,0.0,0.0,0.0,0.0,3.0,-69.0,-15.0,0,0
76777,3.1401,-0.9986,0.698,0.2961,0.0,0.0,0.0,0.0,0.0,0.0,-68.0,-16.0,0,0
76789,3.1401,-0.9986,0.698,0.2961,0.0,0.0,0.0,0.0,0.0,0.0,-70.0,-16.0,0,0
76802,3.1401,-1.0002,0.698,0.2961,0.0,0.0,0.0,0.0,0.0,0.0,-71.0,-16.0,0,0
76814,3.1401,-1.0002,0.698,0.2961,0.0,0.0,0.0,0.0,0.0,0.0,-69.0,-16.0,0,0
76826,3.1401,-0.9986,0.698,0.2961,0.0,0.0,0.0,0.0,0.0,0.0,-70.0,-16.0,0,0
76834,3.1401,-0.9986,0.698,0.2961,0.0,0.0,0.0,0.0,0.0,0.0,-67.0,-16.0,0,0
76847,3.1401,-0.9986,0.698,0.2961,0.0,0.0,0.0,0.0,0.0,1.0,-69.0,-16.0,0,0
76859,3.1401,-0.9986,0.698,0.2961,0.0,0.0,0.0,0.0,0.0,0.0,-71.0,-16.0,0,0
76871,3.1401,-0.9986,0.698,0.2961,0.0,0.0,0.0,0.0,0.0,0.0,-69.0,-16.0,0,0
76884,3.1401,-0.9986,0.698,0.2961,0.0,0.0,0.0,0.0,0.0,5.0,-70.0,-16.0,0,0
76892,3.1401,-0.9986,0.698,0.2961,0.0,0.0,0.0,0.0,0.0,0.0,-68.0,-16.0,0,0
76904,3.1401,-0.9986,0.698,0.2961,0.0,0.0,0.0,0.0,0.0,0.0,-69.0,-16.0,0,0
76916,3.1401,-0.9986,0.698,0.2961,0.0,0.0,0.0,0.0,0.0,2.0,-70.0,-16.0,0,0
76929,3.1401,-1.0002,0.698,0.2961,0.0,0.0,0.0,0.0,0.0,0.0,-72.0,-15.0,0,0
76937,3.1401,-0.9986,0.698,0.2961,0.0,0.0,0.0,0.0,2.0,0.0,-71.0,-16.0,0,0
76949,3.1401,-0.9986,0.698,0.2961,0.0,0.0,0.0,0.0,0.0,0.0,-71.0,-16.0,0,0
76961,3.1401,-0.9986,0.698,0.2961,0.0,0.0,0.0,0.0,0.0,0.0,-69.0,-19.0,0,0
76974,3.1401,-0.9986,0.698,0.2961,0.0,0.0,0.0,0.0,0.0,0.0,-70.0,-16.0,0,0
76986,3.1401,-0.9986,0.698,0.2961,0.0,0.0,0.0,0.0,0.0,0.0,-70.0,-16.0,0,0
76994,3.1401,-0.9986,0.698,0.2961,0.0,0.0,0.0,0.0,0.0,2.0,-69.0,-16.0,0,0
77006,3.1401,-0.9986,0.698,0.2961,0.0,0.0,0.0,0.0,0.0,0.0,-71.0,-16.0,0,0
77019,3.1401,-0.9986,0.698,0.2961,0.0,0.0,0.0,0.0,0.0,0.0,-69.0,-16.0,0,0
77031,3.1401,-0.9986,0.698,0.2961,0.0,0.0,0.0,0.0,0.0,0.0,-69.0,-16.0,0,0
77043,3.1401,-0.9986,0.698,0.2961,0.0,0.0,0.0,0.0,0.0,0.0,-70.0,-16.0,0,0
77051,3.1401,-0.9986,0.698,0.2961,0.0,0.0,0.0,0.0,0.0,0.0,-69.0,-17.0,0,0
77064,3.1401,-0.9986,0.698,0.2961,0.0,0.0,0.0,0.0,0.0,0.0,-70.0,-15.0,0,0
77076,3.1401,-0.9986,0.698,0.2961,0.0,0.0,0.0,0.0,0.0,3.0,-70.0,-17.0,0,0
77088,3.1401,-0.9986,0.698,0.2961,0.0,0.0,0.0,0.0,0.0,1.0,-70.0,-16.0,0,0
77101,3.1401,-0.9986,0.698,0.2961,0.0,0.0,0.0,0.0,0.0,5.0,-68.0,-15.0,0,0
77109,3.1401,-0.9986,0.698,0.2961,0.0,0.0,0.0,0.0,0.0,0.0,-72.0,-15.0,0,0
77121,3.1401,-0.9986,0.698,0.2961,0.0,0.0,0.0,0.0,1.0,4.0,-70.0,-16.0,0,0
77133,3.1401,-0.9986,0.698,0.2961,0.0,0.0,0.0,0.0,0.0,0.0,-71.0,-16.0,0,0
77146,3.1401,-0.9986,0.698,0.2961,0.0,0.0,0.0,0.0,0.0,2.0,-70.0,-14.0,0,0
77158,3.1401,-0.9986,0.698,0.2961,0.0,0.0,0.0,0.0,0.0,0.0,-69.0,-18.0,0,0
77166,3.1401,-0.9986,0.698,0.2961,0.0,0.0,0.0,0.0,0.0,1.0,-71.0,-16.0,0,0
77178,3.1401,-0.9986,0.698,0.2961,0.0,0.0,0.0,0.0,0.0,0.0,-69.0,-16.0,0,0
77191,3.1401,-0.9986,0.698,0.2961,0.0,0.0,0.0,0.0,0.0,0.0,-69.0,-16.0,0,0
77203,3.1401,-0.9986,0.698,0.2961,0.0,0.0,0.0,0.0,0.0,0.0,-68.0,-17.0,0,0
77215,3.1401,-0.9986,0.698,0.2961,0.0,0.0,0.0,0.0,0.0,0.0,-70.0,-16.0,0,0
77224,3.1401,-1.0002,0.698,0.2961,0.0,0.0,0.0,0.0,0.0,0.0,-69.0,-16.0,0,0
77236,3.1401,-0.9986,0.698,0.2961,0.0,0.0,0.0,0.0,0.0,0.0,-69.0,-16.0,0,0
77248,3.1401,-0.9986,0.698,0.2961,0.0,0.0,0.0,0.0,0.0,0.0,-70.0,-16.0,0,0
77260,3.1401,-0.9986,0.698,0.2961,0.0,0.0,0.0,0.0,0.0,0.0,-71.0,-16.0,0,0
77273,3.1401,-0.9986,0.698,0.2961,0.0,0.0,0.0,0.0,0.0,0.0,-70.0,-16.0,0,0
77281,3.1401,-0.9986,0.698,0.2961,0.0,0.0,0.0,0.0,0.0,0.0,-70.0,-16.0,0,0
77293,3.1401,-0.9986,0.698,0.2961,0.0,0.0,0.0,0.0,0.0,0.0,-69.0,-16.0,0,0
77305,3.1401,-1.0002,0.698,0.2961,0.0,0.0,0.0,0.0,0.0,1.0,-70.0,-16.0,0,0
77318,3.1401,-0.9986,0.698,0.2961,0.0,0.0,0.0,0.0,0.0,0.0,-69.0,-16.0,0,0
77330,3.1401,-0.9986,0.698,0.2961,0.0,0.0,0.0,0.0,0.0,1.0,-68.0,-18.0,0,0
77338,3.1401,-0.9986,0.698,0.2961,0.0,0.0,0.0,0.0,0.0,0.0,-69.0,-16.0,0,0
77350,3.1401,-0.9986,0.698,0.2961,0.0,0.0,0.0,0.0,0.0,2.0,-71.0,-16.0,0,0
77363,3.1401,-0.9986,0.698,0.2961,0.0,0.0,0.0,0.0,0.0,0.0,-69.0,-16.0,0,0
77375,3.1401,-0.9986,0.698,0.2961,0.0,0.0,0.0,0.0,2.0,0.0,-71.0,-16.0,0,0
77383,3.1401,-0.9986,0.698,0.2961,0.0,0.0,0.0,0.0,0.0,6.0,-71.0,-16.0,0,0
77396,3.1401,-0.9986,0.698,0.2961,0.0,0.0,0.0,0.0,0.0,0.0,-71.0,-15.0,0,0
77408,3.1401,-0.9986,0.698,0.2961,0.0,0.0,0.0,0.0,0.0,2.0,-69.0,-15.0,0,0
77420,3.1401,-0.9986,0.698,0.2961,0.0,0.0,0.0,0.0,0.0,1.0,-70.0,-17.0,0,0
77432,3.1401,-0.9986,0.698,0.2961,0.0,0.0,0.0,0.0,0.0,1.0,-71.0,-15.0,0,0
77441,3.1401,-0.9986,0.698,0.2961,0.0,0.0,0.0,0.0,0.0,1.0,-71.0,-15.0,0,0
77453,3.1401,-0.9986,0.698,0.2961,0.0,0.0,0.0,0.0,0.0,1.0,-69.0,-16.0,0,0
77465,3.1401,-0.9986,0.698,0.2961,0.0,0.0,0.0,0.0,0.0,2.0,-71.0,-16.0,0,0
77477,3.1401,-0.9986,0.698,0.2961,0.0,0.0,0.0,0.0,0.0,5.0,-70.0,-16.0,0,0
77490,3.1401,-0.9986,0.698,0.2961,0.0,0.0,0.0,0.0,0.0,4.0,-70.0,-16.0,0,0
77498,3.1401,-0.9986,0.698,0.2961,0.0,0.0,0.0,0.0,0.0,0.0,-68.0,-16.0,0,0
77510,3.1401,-0.9986,0.698,0.2961,0.0,0.0,0.0,0.0,0.0,3.0,-69.0,-15.0,0,0
77522,3.1401,-0.9986,0.698,0.2961,0.0,0.0,0.0,0.0,0.0,9.0,-71.0,-15.0,0,0
77535,3.1401,-0.9986,0.698,0.2961,0.0,0.0,0.0,0.0,0.0,10.0,-72.0,-15.0,0,0
77547,3.1401,-0.9986,0.698,0.2961,0.0,0.0,0.0,0.0,1.0,11.0,-68.0,-16.0,0,0
77555,3.1401,-0.9986,0.698,0.2961,0.0,0.0,0.0,0.0,0.0,11.0,-70.0,-16.0,0,0
77568,3.1401,-0.9986,0.698,0.2961,0.0,0.0,0.0,0.0,0.0,12.0,-71.0,-16.0,0,0
77580,3.1401,-0.9986,0.698,0.2961,0.0,0.0,0.0,0.0,0.0,13.0,-68.0,-16.0,0,0
77592,3.1401,-0.9986,0.698,0.2961,0.0,0.0,0.0,0.0,0.0,10.0,-71.0,-16.0,0,0
77604,3.1401,-0.9986,0.698,0.2961,0.0,0.0,0.0,0.0,0.0,9.0,-71.0,-15.0,0,0
77613,3.1401,-0.9986,0.698,0.2961,0.0,0.0,0.0,0.0,0.0,6.0,-70.0,-16.0,0,0
77625,3.1401,-0.9971,0.698,0.2961,0.0,0.0,0.0,0.0,0.0,7.0,-69.0,-15.0,0,0
77637,3.1401,-0.9971,0.698,0.2961,0.0,0.0,0.0,0.0,0.0,6.0,-71.0,-16.0,0,0
77649,3.1385,-0.9971,0.698,0.2961,0.0,0.0,0.0,0.0,0.0,10.0,-68.0,-15.0,0,0
77662,3.1401,-0.9971,0.698,0.2961,0.0,0.0,0.0,0.0,0.0,7.0,-68.0,-16.0,0,0
77670,3.1401,-0.9986,0.698,0.2961,0.0,0.0,0.0,0.0,0.0,10.0,-69.0,-15.0,0,0
77682,3.1401,-0.9971,0.698,0.2961,0.0,0.0,0.0,0.0,0.0,6.0,-71.0,-15.0,0,0
77695,3.1401,-0.9971,0.698,0.2961,0.0,0.0,0.0,0.0,0.0,9.0,-70.0,-16.0,0,0
77707,3.1401,-0.9986,0.698,0.2961,0.0,0.0,0.0,0.0,0.0,1.0,-69.0,-16.0,0,0
77719,3.1401,-0.9971,0.698,0.2961,0.0,0.0,0.0,0.0,0.0,9.0,-72.0,-15.0,0,0
77727,3.1401,-0.9971,0.698,0.2961,0.0,0.0,0.0,0.0,0.0,9.0,-70.0,-16.0,0,0
77740,3.1401,-0.9971,0.698,0.2961,0.0,0.0,0.0,0.0,0.0,1.0,-69.0,-16.0,0,0
77752,3.1401,-0.9986,0.698,0.2961,0.0,0.0,0.0,0.0,0.0,2.0,-70.0,-15.0,0,0
77764,3.1401,-0.9986,0.698,0.2961,0.0,0.0,0.0,0.0,0.0,5.0,-69.0,-16.0,0,0
77772,3.1401,-0.9971,0.698,0.2961,0.0,0.0,0.0,0.0,0.0,2.0,-71.0,-16.0,0,0
77785,3.1401,-0.9986,0.698,0.2961,0.0,0.0,0.0,0.0,0.0,1.0,-70.0,-16.0,0,0
77797,3.1401,-0.9971,0.698,0.2961,0.0,0.0,0.0,0.0,0.0,0.0,-71.0,-16.0,0,0
77809,3.1401,-0.9971,0.698,0.2961,0.0,0.0,0.0,0.0,0.0,5.0,-71.0,-16.0,0,0
77822,3.1401,-0.9971,0.698,0.2961,0.0,0.0,0.0,0.0,0.0,1.0,-69.0,-16.0,0,0
77830,3.1401,-0.9986,0.698,0.2961,0.0,0.0,0.0,0.0,0.0,4.0,-70.0,-15.0,0,0
77842,3.1401,-0.9971,0.698,0.2961,0.0,0.0,0.0,0.0,0.0,0.0,-69.0,-15.0,0,0
77854,3.1401,-0.9986,0.698,0.2961,0.0,0.0,0.0,0.0,0.0,0.0,-70.0,-15.0,0,0
77867,3.1401,-0.9971,0.698,0.2961,0.0,0.0,0.0,0.0,0.0,1.0,-70.0,-16.0,0,0
77879,3.1401,-0.9986,0.698,0.2961,0.0,0.0,0.0,0.0,0.0,5.0,-69.0,-16.0,0,0
77887,3.1401,-0.9986,0.698,0.2961,0.0,0.0,0.0,0.0,0.0,6.0,-72.0,-16.0,0,0
77899,3.1401,-0.9971,0.698,0.2961,0.0,0.0,0.0,0.0,0.0,5.0,-71.0,-13.0,0,0
77912,3.1401,-0.9986,0.698,0.2961,0.0,0.0,0.0,0.0,0.0,3.0,-70.0,-16.0,0,0
77924,3.1401,-0.9971,0.698,0.2961,0.0,0.0,0.0,0.0,0.0,3.0,-68.0,-16.0,0,0
77936,3.1401,-0.9986,0.698,0.2961,0.0,0.0,0.0,0.0,3.0,9.0,-70.0,-15.0,0,0
77944,3.1401,-0.9971,0.698,0.2961,0.0,0.0,0.0,0.0,0.0,5.0,-71.0,-15.0,0,0
77957,3.1401,-0.9986,0.698,0.2961,0.0,0.0,0.0,0.0,0.0,6.0,-69.0,-16.0,0,0
77969,3.1401,-0.9971,0.698,0.2961,0.0,0.0,0.0,0.0,0.0,1.0,-71.0,-16.0,0,0
77981,3.1401,-0.9971,0.698,0.2961,0.0,0.0,0.0,0.0,0.0,2.0,-70.0,-16.0,0,0
77994,3.1401,-0.9971,0.698,0.2961,0.0,0.0,0.0,0.0,0.0,4.0,-72.0,-16.0,0,0
78002,3.1401,-0.9971,0.698,0.2961,0.0,0.0,0.0,0.0,0.0,1.0,-70.0,-15.0,0,0
78014,3.1385,-0.9986,0.698,0.2961,0.0,0.0,0.0,0.0,0.0,8.0,-68.0,-16.0,0,0
78026,3.1401,-0.9971,0.698,0.2961,0.0,0.0,0.0,0.0,0.0,0.0,-68.0,-16.0,0,0
78039,3.1401,-0.9971,0.698,0.2961,0.0,0.0,0.0,0.0,0.0,5.0,-68.0,-16.0,0,0
78051,3.1401,-0.9971,0.698,0.2961,0.0,0.0,0.0,0.0,0.0,6.0,-70.0,-15.0,0,0
78059,3.1401,-0.9971,0.698,0.2961,0.0,0.0,0.0,0.0,0.0,1.0,-70.0,-16.0,0,0
78071,3.1401,-0.9986,0.698,0.2961,0.0,0.0,0.0,0.0,0.0,0.0,-68.0,-16.0,0,0
78084,3.1401,-0.9971,0.698,0.2961,0.0,0.0,0.0,0.0,0.0,2.0,-70.0,-16.0,0,0
78096,3.1401,-0.9986,0.698,0.2961,0.0,0.0,0.0,0.0,0.0,3.0,-71.0,-16.0,0,0
78108,3.1401,-0.9971,0.698,0.2961,0.0,0.0,0.0,0.0,0.0,1.0,-71.0,-16.0,0,0
78116,3.1401,-0.9971,0.698,0.2961,0.0,0.0,0.0,0.0,0.0,0.0,-70.0,-16.0,0,0
78129,3.1401,-0.9986,0.698,0.2961,0.0,0.0,0.0,0.0,0.0,0.0,-71.0,-16.0,0,0
78141,3.1401,-0.9971,0.698,0.2961,0.0,0.0,0.0,0.0,1.0,1.0,-70.0,-16.0,0,0
78153,3.1401,-0.9971,0.698,0.2961,0.0,0.0,0.0,0.0,0.0,4.0,-70.0,-16.0,0,0
78166,3.1401,-0.9971,0.698,0.2961,0.0,0.0,0.0,0.0,0.0,8.0,-71.0,-16.0,0,0
78174,3.1401,-0.9971,0.698,0.2961,0.0,0.0,0.0,0.0,0.0,4.0,-69.0,-15.0,0,0
78186,3.1401,-0.9986,0.698,0.2961,0.0,0.0,0.0,0.0,0.0,6.0,-71.0,-16.0,0,0
78198,3.1401,-0.9971,0.698,0.2961,0.0,0.0,0.0,0.0,0.0,0.0,-70.0,-16.0,0,0
78211,3.1401,-0.9971,0.698,0.2961,0.0,0.0,0.0,0.0,0.0,2.0,-69.0,-16.0,0,0
78223,3.1401,-0.9971,0.698,0.2961,0.0,0.0,0.0,0.0,0.0,1.0,-68.0,-16.0,0,0
78231,3.1401,-0.9971,0.698,0.2961,0.0,0.0,0.0,0.0,0.0,1.0,-68.0,-16.0,0,0
78243,3.1401,-0.9986,0.698,0.2961,0.0,0.0,0.0,0.0,0.0,4.0,-71.0,-16.0,0,0
78256,3.1401,-0.9971,0.698,0.2961,0.0,0.0,0.0,0.0,0.0,0.0,-68.0,-16.0,0,0
78268,3.1401,-0.9986,0.698,0.2961,0.0,0.0,0.0,0.0,0.0,2.0,-70.0,-16.0,0,0
78276,3.1401,-0.9971,0.698,0.2961,0.0,0.0,0.0,0.0,0.0,3.0,-70.0,-16.0,0,0
78288,3.1401,-0.9971,0.698,0.2961,0.0,0.0,0.0,0.0,0.0,3.0,-68.0,-16.0,0,0
78301,3.1401,-0.9971,0.698,0.2961,0.0,0.0,0.0,0.0,0.0,6.0,-71.0,-16.0,0,0
78313,3.1401,-0.9971,0.698,0.2961,0.0,0.0,0.0,0.0,0.0,1.0,-68.0,-16.0,0,0
78325,3.1401,-0.9971,0.698,0.2961,0.0,0.0,0.0,0.0,0.0,3.0,-71.0,-15.0,0,0
78333,3.1401,-0.9986,0.698,0.2961,0.0,0.0,0.0,0.0,0.0,2.0,-69.0,-15.0,0,0
78346,3.1401,-0.9971,0.698,0.2961,0.0,0.0,0.0,0.0,0.0,4.0,-71.0,-16.0,0,0
78358,3.1401,-0.9971,0.698,0.2961,0.0,0.0,0.0,0.0,0.0,7.0,-69.0,-16.0,0,0
78370,3.1401,-0.9971,0.698,0.2961,0.0,0.0,0.0,0.0,0.0,0.0,-69.0,-15.0,0,0
78383,3.1401,-0.9971,0.698,0.2961,0.0,0.0,0.0,0.0,0.0,2.0,-69.0,-15.0,0,0
78391,3.1401,-0.9971,0.698,0.2961,0.0,0.0,0.0,0.0,0.0,2.0,-69.0,-15.0,0,0
78403,3.1401,-0.9971,0.698,0.2961,0.0,0.0,0.0,0.0,0.0,0.0,-69.0,-15.0,0,0
78415,3.1401,-0.9971,0.698,0.2961,0.0,0.0,0.0,0.0,0.0,2.0,-71.0,-16.0,0,0
78428,3.1401,-0.9971,0.698,0.2961,0.0,0.0,0.0,0.0,0.0,3.0,-70.0,-14.0,0,0
78440,3.1401,-0.9971,0.698,0.2961,0.0,0.0,0.0,0.0,0.0,2.0,-69.0,-16.0,0,0
78448,3.1401,-0.9986,0.698,0.2961,0.0,0.0,0.0,0.0,0.0,2.0,-69.0,-16.0,0,0
78460,3.1401,-0.9986,0.698,0.2961,0.0,0.0,0.0,0.0,0.0,3.0,-71.0,-16.0,0,0
78473,3.1401,-0.9971,0.698,0.2961,0.0,0.0,0.0,0.0,0.0,2.0,-69.0,-16.0,0,0
78485,3.1401,-0.9986,0.698,0.2961,0.0,0.0,0.0,0.0,1.0,3.0,-70.0,-16.0,0,0
78497,3.1401,-0.9971,0.698,0.2961,0.0,0.0,0.0,0.0,0.0,1.0,-69.0,-16.0,0,0
78506,3.1401,-0.9986,0.698,0.2961,0.0,0.0,0.0,0.0,0.0,0.0,-69.0,-15.0,0,0
78518,3.1401,-0.9971,0.698,0.2961,0.0,0.0,0.0,0.0,0.0,0.0,-70.0,-16.0,0,0
78530,3.1401,-0.9971,0.698,0.2961,0.0,0.0,0.0,0.0,0.0,6.0,-70.0,-16.0,0,0
78542,3.1401,-0.9986,0.698,0.2961,0.0,0.0,0.0,0.0,0.0,2.0,-71.0,-16.0,0,0
78555,3.1401,-0.9971,0.698,0.2961,0.0,0.0,0.0,0.0,0.0,6.0,-69.0,-15.0,0,0
78563,3.1401,-0.9986,0.698,0.2961,0.0,0.0,0.0,0.0,0.0,1.0,-71.0,-16.0,0,0
78575,3.1401,-0.9971,0.698,0.2961,0.0,0.0,0.0,0.0,0.0,3.0,-70.0,-16.0,0,0
78587,3.1401,-0.9971,0.698,0.2961,0.0,0.0,0.0,0.0,0.0,0.0,-69.0,-16.0,0,0
78600,3.1385,-0.9986,0.698,0.2961,0.0,0.0,0.0,0.0,0.0,4.0,-70.0,-16.0,0,0
78612,3.1401,-0.9971,0.698,0.2961,0.0,0.0,0.0,0.0,1.0,0.0,-70.0,-16.0,0,0
78620,3.1401,-0.9971,0.698,0.2961,0.0,0.0,0.0,0.0,0.0,2.0,-70.0,-17.0,0,0
78632,3.1401,-0.9986,0.698,0.2961,0.0,0.0,0.0,0.0,0.0,0.0,-67.0,-16.0,0,0
78645,3.1401,-0.9971,0.698,0.2961,0.0,0.0,0.0,0.0,0.0,5.0,-70.0,-16.0,0,0
78657,3.1401,-0.9971,0.698,0.2961,0.0,0.0,0.0,0.0,0.0,3.0,-71.0,-15.0,0,0
78665,3.1401,-0.9971,0.698,0.2961,0.0,0.0,0.0,0.0,0.0,2.0,-71.0,-15.0,0,0
78678,3.1401,-0.9971,0.698,0.2961,0.0,0.0,0.0,0.0,0.0,0.0,-72.0,-16.0,0,0
78690,3.1401,-0.9971,0.698,0.2961,0.0,0.0,0.0,0.0,0.0,5.0,-71.0,-16.0,0,0
78702,3.1401,-0.9986,0.698,0.2961,0.0,0.0,0.0,0.0,2.0,1.0,-69.0,-16.0,0,0
78714,3.1401,-0.9971,0.698,0.2961,0.0,0.0,0.0,0.0,0.0,1.0,-69.0,-15.0,0,0
78723,3.1401,-0.9971,0.698,0.2961,0.0,0.0,0.0,0.0,0.0,4.0,-70.0,-16.0,0,0
78735,3.1401,-0.9971,0.698,0.2961,0.0,0.0,0.0,0.0,0.0,5.0,-69.0,-16.0,0,0
78747,3.1401,-0.9971,0.698,0.2961,0.0,0.0,0.0,0.0,0.0,5.0,-70.0,-16.0,0,0
78759,3.1385,-0.9986,0.698,0.2961,0.0,0.0,0.0,0.0,0.0,5.0,-71.0,-16.0,0,0
78772,3.1401,-0.9971,0.698,0.2961,0.0,0.0,0.0,0.0,0.0,7.0,-70.0,-17.0,0,0
78780,3.1401,-0.9971,0.698,0.2961,0.0,0.0,0.0,0.0,0.0,7.0,-70.0,-17.0,0,0
78792,3.1401,-0.9971,0.698,0.2961,0.0,0.0,0.0,0.0,0.0,9.0,-68.0,-15.0,0,0
78805,3.1401,-0.9971,0.698,0.2961,0.0,0.0,0.0,0.0,0.0,3.0,-72.0,-16.0,0,0
78817,3.1401,-0.9971,0.698,0.2961,0.0,0.0,0.0,0.0,1.0,6.0,-69.0,-15.0,0,0
78829,3.1401,-0.9971,0.698,0.2961,0.0,0.0,0.0,0.0,0.0,3.0,-68.0,-16.0,0,0
78837,3.1401,-0.9971,0.698,0.2961,0.0,0.0,0.0,0.0,0.0,3.0,-72.0,-15.0,0,0
78850,3.1385,-0.9971,0.698,0.2961,0.0,0.0,0.0,0.0,0.0,3.0,-71.0,-15.0,0,0
78862,3.1401,-0.9986,0.698,0.2961,0.0,0.0,0.0,0.0,0.0,4.0,-69.0,-16.0,0,0
78874,3.1401,-0.9971,0.698,0.2961,0.0,0.0,0.0,0.0,0.0,2.0,-71.0,-15.0,0,0
78886,3.1401,-0.9971,0.698,0.2961,0.0,0.0,0.0,0.0,0.0,5.0,-68.0,-16.0,0,0
78895,3.1401,-0.9971,0.698,0.2961,0.0,0.0,0.0,0.0,0.0,3.0,-71.0,-16.0,0,0
78907,3.1401,-0.9971,0.698,0.2961,0.0,0.0,0.0,0.0,0.0,3.0,-70.0,-16.0,0,0
