time_ms,q1,q2,q3,q4,v1,v2,v3,v4,e1,e2,e3,e4,fsr_raw,label
2003,-3.1416,-0.9986,0.701,0.2945,0.0,0.0,0.0,0.0,0.0,13.0,-88.0,-9.0,0,0
2003,-3.1416,-0.9986,0.701,0.2945,0.0,0.0,0.0,0.0,0.0,13.0,-88.0,-9.0,0,0
2003,-3.1416,-0.9986,0.701,0.2945,0.0,0.0,0.0,0.0,0.0,13.0,-88.0,-9.0,0,0
2003,-3.1416,-0.9986,0.701,0.2945,0.0,0.0,0.0,0.0,0.0,13.0,-88.0,-9.0,0,0
2003,-3.1416,-0.9986,0.701,0.2945,0.0,0.0,0.0,0.0,0.0,13.0,-88.0,-9.0,0,0
2003,-3.1416,-0.9986,0.701,0.2945,0.0,0.0,0.0,0.0,0.0,13.0,-88.0,-9.0,0,0
2003,-3.1416,-0.9986,0.701,0.2945,0.0,0.0,0.0,0.0,0.0,13.0,-88.0,-9.0,0,0
2003,-3.1416,-0.9986,0.701,0.2945,0.0,0.0,0.0,0.0,0.0,13.0,-88.0,-9.0,0,0
2003,-3.1416,-0.9986,0.701,0.2945,0.0,0.0,0.0,0.0,0.0,13.0,-88.0,-9.0,0,0
2003,-3.1416,-0.9986,0.701,0.2945,0.0,0.0,0.0,0.0,0.0,13.0,-88.0,-9.0,0,0
2003,-3.1416,-0.9986,0.701,0.2945,0.0,0.0,0.0,0.0,0.0,13.0,-88.0,-9.0,0,0
2003,-3.1416,-0.9986,0.701,0.2945,0.0,0.0,0.0,0.0,0.0,13.0,-88.0,-9.0,0,0
2003,-3.1416,-0.9986,0.701,0.2945,0.0,0.0,0.0,0.0,0.0,13.0,-88.0,-9.0,0,0
2004,-3.1416,-0.9986,0.701,0.2945,0.0,0.0,0.0,0.0,0.0,13.0,-88.0,-9.0,0,0
2004,-3.1416,-0.9986,0.701,0.2945,0.0,0.0,0.0,0.0,0.0,13.0,-88.0,-9.0,0,0
2004,-3.1416,-0.9986,0.701,0.2945,0.0,0.0,0.0,0.0,0.0,13.0,-88.0,-9.0,0,0
2004,-3.1416,-0.9986,0.701,0.2945,0.0,0.0,0.0,0.0,0.0,13.0,-88.0,-9.0,0,0
2004,-3.1416,-0.9986,0.701,0.2945,0.0,0.0,0.0,0.0,0.0,13.0,-88.0,-9.0,0,0
2004,-3.1416,-0.9986,0.701,0.2945,0.0,0.0,0.0,0.0,0.0,13.0,-88.0,-9.0,0,0
2004,-3.1416,-0.9986,0.701,0.2945,0.0,0.0,0.0,0.0,0.0,13.0,-88.0,-9.0,0,0
2004,-3.1416,-0.9986,0.701,0.2945,0.0,0.0,0.0,0.0,0.0,13.0,-88.0,-9.0,0,0
2004,-3.1416,-0.9986,0.701,0.2945,0.0,0.0,0.0,0.0,0.0,13.0,-88.0,-9.0,0,0
2004,-3.1416,-0.9986,0.701,0.2945,0.0,0.0,0.0,0.0,0.0,13.0,-88.0,-9.0,0,0
2004,-3.1416,-0.9986,0.701,0.2945,0.0,0.0,0.0,0.0,0.0,13.0,-88.0,-9.0,0,0
2004,-3.1416,-0.9986,0.701,0.2945,0.0,0.0,0.0,0.0,0.0,13.0,-88.0,-9.0,0,0
2004,-3.1416,-0.9986,0.701,0.2945,0.0,0.0,0.0,0.0,0.0,13.0,-88.0,-9.0,0,0
2004,-3.1416,-0.9986,0.701,0.2945,0.0,0.0,0.0,0.0,0.0,13.0,-88.0,-9.0,0,0
2004,-3.1416,-0.9986,0.701,0.2945,0.0,0.0,0.0,0.0,0.0,13.0,-88.0,-9.0,0,0
2005,-3.1416,-0.9986,0.701,0.2945,0.0,0.0,0.0,0.0,0.0,13.0,-88.0,-9.0,0,0
2005,-3.1416,-0.9986,0.701,0.2945,0.0,0.0,0.0,0.0,0.0,13.0,-88.0,-9.0,0,0
2005,-3.1416,-0.9986,0.701,0.2945,0.0,0.0,0.0,0.0,0.0,13.0,-88.0,-9.0,0,0
2005,-3.1416,-0.9986,0.701,0.2945,0.0,0.0,0.0,0.0,0.0,13.0,-88.0,-9.0,0,0
2005,-3.1416,-0.9986,0.701,0.2945,0.0,0.0,0.0,0.0,0.0,13.0,-88.0,-9.0,0,0
2005,-3.1416,-0.9986,0.701,0.2945,0.0,0.0,0.0,0.0,0.0,13.0,-88.0,-9.0,0,0
2005,-3.1416,-0.9986,0.701,0.2945,0.0,0.0,0.0,0.0,0.0,13.0,-88.0,-9.0,0,0
2005,-3.1416,-0.9986,0.701,0.2945,0.0,0.0,0.0,0.0,0.0,13.0,-88.0,-9.0,0,0
2005,-3.1416,-0.9986,0.701,0.2945,0.0,0.0,0.0,0.0,0.0,13.0,-88.0,-9.0,0,0
2005,-3.1416,-0.9986,0.701,0.2945,0.0,0.0,0.0,0.0,0.0,13.0,-88.0,-9.0,0,0
2005,-3.1416,-0.9986,0.701,0.2945,0.0,0.0,0.0,0.0,0.0,13.0,-88.0,-9.0,0,0
2005,-3.1416,-0.9986,0.701,0.2945,0.0,0.0,0.0,0.0,0.0,13.0,-88.0,-9.0,0,0
2005,-3.1416,-0.9986,0.701,0.2945,0.0,0.0,0.0,0.0,0.0,13.0,-88.0,-9.0,0,0
2005,-3.1416,-0.9986,0.701,0.2945,0.0,0.0,0.0,0.0,0.0,13.0,-88.0,-9.0,0,0
2005,-3.1416,-0.9986,0.701,0.2945,0.0,0.0,0.0,0.0,0.0,13.0,-88.0,-9.0,0,0
2005,-3.1416,-0.9986,0.701,0.2945,0.0,0.0,0.0,0.0,0.0,13.0,-88.0,-9.0,0,0
2005,-3.1416,-0.9986,0.701,0.2945,0.0,0.0,0.0,0.0,0.0,13.0,-88.0,-9.0,0,0
2005,-3.1416,-0.9986,0.701,0.2945,0.0,0.0,0.0,0.0,0.0,13.0,-88.0,-9.0,0,0
2005,-3.1416,-0.9986,0.701,0.2945,0.0,0.0,0.0,0.0,0.0,13.0,-88.0,-9.0,0,0
2006,-3.1416,-0.9986,0.701,0.2945,0.0,0.0,0.0,0.0,0.0,13.0,-88.0,-9.0,0,0
2006,-3.1416,-0.9986,0.701,0.2945,0.0,0.0,0.0,0.0,0.0,13.0,-88.0,-9.0,0,0
2006,-3.1416,-0.9986,0.701,0.2945,0.0,0.0,0.0,0.0,0.0,13.0,-88.0,-9.0,0,0
2006,-3.1416,-0.9986,0.701,0.2945,0.0,0.0,0.0,0.0,0.0,13.0,-88.0,-9.0,0,0
2006,-3.1416,-0.9986,0.701,0.2945,0.0,0.0,0.0,0.0,0.0,13.0,-88.0,-9.0,0,0
2006,-3.1416,-0.9986,0.701,0.2945,0.0,0.0,0.0,0.0,0.0,13.0,-88.0,-9.0,0,0
2006,-3.1416,-0.9986,0.701,0.2945,0.0,0.0,0.0,0.0,0.0,13.0,-88.0,-9.0,0,0
2006,-3.1416,-0.9986,0.7026,0.2945,0.0,0.0,0.0,0.0,0.0,17.0,-92.0,-9.0,0,0
2006,-3.1416,-0.9986,0.7026,0.2945,0.0,0.0,0.0,0.0,0.0,17.0,-92.0,-9.0,0,0
2006,-3.1416,-0.9986,0.7026,0.2945,0.0,0.0,0.0,0.0,0.0,17.0,-92.0,-9.0,0,0
2006,-3.1416,-0.9986,0.7026,0.2945,0.0,0.0,0.0,0.0,0.0,17.0,-92.0,-9.0,0,0
2006,-3.1416,-0.9986,0.7026,0.2945,0.0,0.0,0.0,0.0,0.0,17.0,-92.0,-9.0,0,0
2006,-3.1416,-0.9986,0.7026,0.2945,0.0,0.0,0.0,0.0,0.0,17.0,-92.0,-9.0,0,0
2006,-3.1416,-0.9986,0.7026,0.2945,0.0,0.0,0.0,0.0,0.0,17.0,-92.0,-9.0,0,0
2006,-3.1416,-0.9986,0.7026,0.2945,0.0,0.0,0.0,0.0,0.0,17.0,-92.0,-9.0,0,0
2008,-3.1416,-0.9986,0.7026,0.2945,0.0,0.0,0.0,0.0,0.0,17.0,-92.0,-9.0,0,0
2017,-3.1416,-0.9986,0.701,0.2945,0.0,0.0,0.0,0.0,0.0,17.0,-92.0,-9.0,0,0
2029,-3.1416,-0.9986,0.7026,0.2945,0.0,0.0,0.0,0.0,0.0,22.0,-95.0,-9.0,0,0
2037,-3.1416,-0.9986,0.7026,0.2945,0.0,0.0,0.0,0.0,0.0,15.0,-92.0,-9.0,0,0
2049,-3.1416,-0.9986,0.7026,0.2945,0.0,0.0,0.0,0.0,0.0,18.0,-93.0,-9.0,0,0
2057,-3.1416,-0.9986,0.701,0.2945,0.0,0.0,0.0,0.0,0.0,11.0,-93.0,-9.0,0,0
2070,-3.1416,-0.9986,0.7026,0.2945,0.0,0.0,0.0,0.0,0.0,23.0,-90.0,-8.0,0,0
2078,-3.1416,-0.9986,0.701,0.2945,0.0,0.0,0.0,0.0,0.0,15.0,-93.0,-8.0,0,0
2091,-3.1416,-0.9986,0.7026,0.2945,0.0,0.0,0.0,0.0,0.0,19.0,-89.0,-6.0,0,0
2098,-3.1416,-0.9986,0.7026,0.2945,0.0,0.0,0.0,0.0,0.0,24.0,-91.0,-9.0,0,0
2111,-3.1416,-0.9986,0.7026,0.2945,0.0,0.0,0.0,0.0,0.0,22.0,-95.0,-8.0,0,0
2119,-3.1416,-0.9986,0.7026,0.2945,0.0,0.0,0.0,0.0,0.0,25.0,-96.0,-15.0,0,0
2131,-3.1416,-0.9986,0.7026,0.2945,0.0,0.0,0.0,0.0,2.0,16.0,-91.0,-9.0,0,0
2143,-3.1416,-0.9986,0.7026,0.2961,0.0,0.0,0.0,0.0,0.0,23.0,-91.0,-9.0,0,0
2152,-3.1416,-0.9986,0.7026,0.2961,0.0,0.0,0.0,0.0,0.0,16.0,-92.0,-13.0,0,0
2164,-3.1416,-0.9986,0.7026,0.2961,0.0,0.0,0.0,0.0,0.0,18.0,-95.0,-13.0,0,0
2172,-3.1416,-0.9986,0.7026,0.2945,0.0,0.0,0.0,0.0,1.0,31.0,-90.0,-13.0,0,0
2184,-3.1416,-0.9986,0.7026,0.2945,0.0,0.0,0.0,0.0,0.0,25.0,-91.0,-16.0,0,0
2193,-3.1416,-0.9986,0.701,0.2945,0.0,0.0,0.0,0.0,0.0,14.0,-97.0,-12.0,0,0
2205,-3.1416,-0.9986,0.7026,0.2961,0.0,0.0,0.0,0.0,1.0,30.0,-94.0,-16.0,0,0
2213,-3.1416,-0.9986,0.7026,0.2961,0.0,0.0,0.0,0.0,3.0,22.0,-96.0,-9.0,0,0
2225,-3.1416,-0.9986,0.7026,0.2945,0.0,0.0,0.0,0.0,0.0,27.0,-90.0,-14.0,0,0
2234,-3.1416,-0.9986,0.7026,0.2945,0.0,0.0,0.0,0.0,0.0,28.0,-95.0,-13.0,0,0
2246,-3.1416,-0.9986,0.7026,0.2945,0.0,0.0,0.0,0.0,0.0,30.0,-97.0,-15.0,0,0
2258,-3.1416,-0.9986,0.7026,0.2961,0.0,0.0,0.0,0.0,0.0,13.0,-91.0,-8.0,0,0
2266,-3.1416,-0.9971,0.7026,0.2945,0.0,0.0,0.0,0.0,0.0,15.0,-93.0,-14.0,0,0
2279,-3.1416,-0.9986,0.7026,0.2961,0.0,0.0,0.0,0.0,0.0,12.0,-91.0,-14.0,0,0
2287,-3.1416,-0.9986,0.7026,0.2945,0.0,0.0,0.0,0.0,0.0,26.0,-92.0,-13.0,0,0
2299,-3.1416,-0.9986,0.7026,0.2945,0.0,0.0,0.0,0.0,0.0,22.0,-92.0,-13.0,0,0
2307,-3.1416,-0.9986,0.7026,0.2961,0.0,0.0,0.0,0.0,0.0,24.0,-93.0,-15.0,0,0
2320,-3.1416,-0.9986,0.7026,0.2961,0.0,0.0,0.0,0.0,0.0,17.0,-91.0,-16.0,0,0
2328,-3.1416,-0.9986,0.701,0.2961,0.0,0.0,0.0,0.0,0.0,23.0,-89.0,-16.0,0,0
2340,-3.1416,-0.9986,0.7026,0.2961,0.0,0.0,0.0,0.0,0.0,26.0,-92.0,-13.0,0,0
2348,-3.1416,-0.9986,0.7026,0.2961,0.0,0.0,0.0,0.0,0.0,24.0,-90.0,-13.0,0,0
2361,-3.1416,-0.9986,0.7026,0.2945,0.0,0.0,0.0,0.0,0.0,28.0,-90.0,-15.0,0,0
2373,-3.1416,-0.9971,0.7026,0.2961,0.0,0.0,0.0,0.0,0.0,25.0,-94.0,-14.0,0,0
2381,-3.1416,-0.9971,0.701,0.2961,0.0,0.0,0.0,0.0,0.0,26.0,-92.0,-11.0,0,0
2393,-3.1416,-0.9971,0.7026,0.2961,0.0,0.0,0.0,0.0,0.0,23.0,-97.0,-15.0,0,0
2402,-3.1416,-0.9971,0.7026,0.2961,0.0,0.0,0.0,0.0,0.0,16.0,-92.0,-14.0,0,0
2414,-3.1416,-0.9986,0.7026,0.2961,0.0,0.0,0.0,0.0,0.0,11.0,-95.0,-16.0,0,0
2422,-3.1416,-0.9986,0.7026,0.2961,0.0,0.0,0.0,0.0,0.0,20.0,-91.0,-14.0,0,0
2434,-3.1416,-0.9986,0.7026,0.2961,0.0,0.0,0.0,0.0,0.0,24.0,-100.0,-15.0,0,0
2442,-3.1431,-0.9971,0.7026,0.2961,0.0,0.0,0.0,0.0,0.0,15.0,-96.0,-9.0,0,0
2455,-3.1416,-0.9971,0.7026,0.2961,0.0,0.0,0.0,0.0,0.0,12.0,-99.0,-9.0,0,0
2463,-3.1416,-0.9971,0.7026,0.2961,0.0,0.0,0.0,0.0,0.0,16.0,-94.0,-14.0,0,0
2475,-3.1416,-0.9971,0.7026,0.2961,0.0,0.0,0.0,0.0,0.0,18.0,-90.0,-14.0,0,0
2483,-3.1416,-0.9986,0.7026,0.2961,0.0,0.0,0.0,0.0,0.0,13.0,-99.0,-15.0,0,0
2496,-3.1416,-0.9971,0.701,0.2961,0.0,0.0,0.0,0.0,0.0,19.0,-102.0,-13.0,0,0
2508,-3.1416,-0.9971,0.7026,0.2961,0.0,0.0,0.0,0.0,0.0,20.0,-94.0,-15.0,0,0
2516,-3.1416,-0.9971,0.701,0.2961,0.0,0.0,0.0,0.0,0.0,11.0,-88.0,-15.0,0,0
2528,-3.1416,-0.9971,0.701,0.2961,0.0,0.0,0.0,0.0,0.0,16.0,-91.0,-15.0,0,0
2537,-3.1416,-0.9971,0.7026,0.2961,0.0,0.0,0.0,0.0,0.0,16.0,-93.0,-16.0,0,0
2549,-3.1416,-0.9971,0.701,0.2945,0.0,0.0,0.0,0.0,0.0,16.0,-91.0,-16.0,0,0
2561,-3.1416,-0.9971,0.701,0.2961,0.0,0.0,0.0,0.0,0.0,20.0,-100.0,-15.0,0,0
2569,-3.1416,-0.9971,0.7026,0.2961,0.0,0.0,0.0,0.0,0.0,19.0,-90.0,-14.0,0,0
2582,-3.1416,-0.9971,0.7026,0.2961,0.0,0.0,0.0,0.0,0.0,14.0,-97.0,-14.0,0,0
2590,-3.1416,-0.9971,0.7026,0.2961,0.0,0.0,0.0,0.0,0.0,22.0,-98.0,-14.0,0,0
2602,-3.1416,-0.9971,0.701,0.2961,0.0,0.0,0.0,0.0,1.0,18.0,-102.0,-11.0,0,0
2610,-3.1416,-0.9971,0.7026,0.2961,0.0,0.0,0.0,0.0,0.0,20.0,-96.0,-11.0,0,0
2623,-3.1416,-0.9971,0.7026,0.2961,0.0,0.0,0.0,0.0,0.0,17.0,-96.0,-11.0,0,0
2631,-3.1431,-0.9971,0.701,0.2961,0.0,0.0,0.0,0.0,0.0,14.0,-97.0,-14.0,0,0
2643,-3.1416,-0.9971,0.7026,0.2945,0.0,0.0,0.0,0.0,0.0,19.0,-97.0,-15.0,0,0
2655,-3.1416,-0.9971,0.7026,0.2961,0.0,0.0,0.0,0.0,0.0,15.0,-92.0,-15.0,0,0
2664,-3.1416,-0.9971,0.7026,0.2961,0.0,0.0,0.0,0.0,0.0,17.0,-100.0,-14.0,0,0
2676,-3.1416,-0.9971,0.7026,0.2961,0.0,0.0,0.0,0.0,0.0,15.0,-100.0,-14.0,0,0
2684,-3.1416,-0.9971,0.7026,0.2961,0.0,0.0,0.0,0.0,0.0,15.0,-100.0,-14.0,0,0
2696,-3.1416,-0.9971,0.7026,0.2961,0.0,0.0,0.0,0.0,0.0,20.0,-98.0,-11.0,0,0
2705,-3.1416,-0.9971,0.7026,0.2961,0.0,0.0,0.0,0.0,0.0,20.0,-98.0,-11.0,0,0
2717,-3.1416,-0.9971,0.7026,0.2961,0.0,0.0,0.0,0.0,0.0,18.0,-96.0,-16.0,0,0
2725,-3.1416,-0.9971,0.7026,0.2961,0.0,0.0,0.0,0.0,0.0,18.0,-96.0,-16.0,0,0
2737,-3.1416,-0.9971,0.701,0.2961,0.0,0.0,0.0,0.0,0.0,19.0,-99.0,-12.0,0,0
2750,-3.1416,-0.9971,0.7026,0.2961,0.0,0.0,0.0,0.0,0.0,16.0,-94.0,-15.0,0,0
2758,-3.1416,-0.9971,0.701,0.2961,0.0,0.0,0.0,0.0,0.0,20.0,-101.0,-16.0,0,0
2770,-3.1416,-0.9971,0.701,0.2961,0.0,0.0,0.0,0.0,0.0,19.0,-96.0,-15.0,0,0
2778,-3.1416,-0.9971,0.7026,0.2961,0.0,0.0,0.0,0.0,0.0,13.0,-98.0,-13.0,0,0
2791,-3.1416,-0.9971,0.7026,0.2961,0.0,0.0,0.0,0.0,0.0,13.0,-93.0,-16.0,0,0
2799,-3.1416,-0.9971,0.7026,0.2961,0.0,0.0,0.0,0.0,0.0,15.0,-97.0,-16.0,0,0
2811,-3.1416,-0.9971,0.7026,0.2961,0.0,0.0,0.0,0.0,0.0,18.0,-99.0,-16.0,0,0
2819,-3.1416,-0.9971,0.7026,0.2961,0.0,0.0,0.0,0.0,0.0,13.0,-98.0,-13.0,0,0
2832,-3.1416,-0.9971,0.7026,0.2961,0.0,0.0,0.0,0.0,0.0,12.0,-95.0,-15.0,0,0
2840,-3.1416,-0.9971,0.701,0.2961,0.0,0.0,0.0,0.0,0.0,21.0,-95.0,-12.0,0,0
2852,-3.1416,-0.9971,0.7026,0.2961,0.0,0.0,0.0,0.0,0.0,18.0,-99.0,-16.0,0,0
2864,-3.1416,-0.9971,0.7026,0.2961,0.0,0.0,0.0,0.0,0.0,16.0,-97.0,-14.0,0,0
2873,-3.1416,-0.9971,0.7026,0.2961,0.0,0.0,0.0,0.0,0.0,19.0,-94.0,-13.0,0,0
2885,-3.1416,-0.9971,0.7026,0.2961,0.0,0.0,0.0,0.0,0.0,11.0,-101.0,-14.0,0,0
2893,-3.1416,-0.9971,0.701,0.2961,0.0,0.0,0.0,0.0,0.0,12.0,-99.0,-13.0,0,0
2905,-3.1416,-0.9971,0.7026,0.2961,0.0,0.0,0.0,0.0,0.0,15.0,-95.0,-12.0,0,0
2914,-3.1416,-0.9971,0.7026,0.2961,0.0,0.0,0.0,0.0,0.0,14.0,-95.0,-16.0,0,0
2926,-3.1416,-0.9971,0.7026,0.2961,0.0,0.0,0.0,0.0,0.0,12.0,-99.0,-9.0,0,0
2934,-3.1416,-0.9971,0.7026,0.2945,0.0,0.0,0.0,0.0,0.0,22.0,-104.0,-16.0,0,0
2946,-3.1416,-0.9971,0.701,0.2961,0.0,0.0,0.0,0.0,0.0,12.0,-103.0,-13.0,0,0
2959,-3.1416,-0.9971,0.7026,0.2961,0.0,0.0,0.0,0.0,0.0,16.0,-104.0,-16.0,0,0
2967,-3.1416,-0.9971,0.7026,0.2961,0.0,0.0,0.0,0.0,0.0,17.0,-95.0,-16.0,0,0
2979,-3.1416,-0.9971,0.701,0.2961,0.0,0.0,0.0,0.0,0.0,21.0,-100.0,-16.0,0,0
2987,-3.1416,-0.9971,0.7026,0.2961,0.0,0.0,0.0,0.0,0.0,12.0,-94.0,-14.0,0,0
3000,-3.1416,-0.9971,0.7026,0.2961,0.0,0.0,0.0,0.0,0.0,18.0,-96.0,-13.0,0,0
3008,-3.1416,-0.9971,0.701,0.2945,0.0,0.0,0.0,0.0,0.0,15.0,-101.0,-16.0,0,0
3020,-3.1416,-0.9971,0.7026,0.2961,0.0,0.0,0.0,0.0,0.0,13.0,-94.0,-16.0,0,0
3028,-3.1416,-0.9971,0.7026,0.2961,0.0,0.0,0.0,0.0,3.0,21.0,-103.0,-16.0,0,0
3040,-3.1416,-0.9971,0.701,0.2961,0.0,0.0,0.0,0.0,0.0,19.0,-99.0,-15.0,0,0
3053,-3.1416,-0.9971,0.7026,0.2961,0.0,0.0,0.0,0.0,0.0,23.0,-96.0,-16.0,0,0
3061,-3.1416,-0.9971,0.701,0.2961,0.0,0.0,0.0,0.0,0.0,22.0,-93.0,-14.0,0,0
3074,-3.1416,-0.9971,0.701,0.2961,0.0,0.0,0.0,0.0,0.0,23.0,-100.0,-14.0,0,0
3081,-3.1416,-0.9971,0.7026,0.2961,0.0,0.0,0.0,0.0,0.0,23.0,-101.0,-12.0,0,0
3094,-3.1416,-0.9971,0.701,0.2961,0.0,0.0,0.0,0.0,0.0,22.0,-99.0,-13.0,0,0
3102,-3.1416,-0.9971,0.7026,0.2961,0.0,0.0,0.0,0.0,0.0,24.0,-97.0,-15.0,0,0
3114,-3.1416,-0.9971,0.701,0.2961,0.0,0.0,0.0,0.0,0.0,20.0,-96.0,-16.0,0,0
3122,-3.1416,-0.9971,0.701,0.2961,0.0,0.0,0.0,0.0,0.0,24.0,-98.0,-13.0,0,0
3135,-3.1416,-0.9971,0.701,0.2961,0.0,0.0,0.0,0.0,0.0,21.0,-95.0,-14.0,0,0
3147,-3.1416,-0.9971,0.7026,0.2945,0.0,0.0,0.0,0.0,0.0,20.0,-101.0,-10.0,0,0
3155,-3.1416,-0.9971,0.7026,0.2945,0.0,0.0,0.0,0.0,0.0,20.0,-101.0,-10.0,0,0
3167,-3.1416,-0.9971,0.7026,0.2961,0.0,0.0,0.0,0.0,1.0,19.0,-102.0,-16.0,0,0
3176,-3.1416,-0.9971,0.7026,0.2961,0.0,0.0,0.0,0.0,1.0,19.0,-102.0,-16.0,0,0
3188,-3.1416,-0.9971,0.7026,0.2961,0.0,0.0,0.0,0.0,0.0,23.0,-98.0,-15.0,0,0
3196,-3.1416,-0.9971,0.701,0.2961,0.0,0.0,0.0,0.0,0.0,11.0,-102.0,-12.0,0,0
3208,-3.1416,-0.9971,0.701,0.2961,0.0,0.0,0.0,0.0,0.0,10.0,-103.0,-15.0,0,0
3217,-3.1416,-0.9971,0.7026,0.2961,0.0,0.0,0.0,0.0,0.0,25.0,-100.0,-16.0,0,0
3229,-3.1416,-0.9971,0.701,0.2961,0.0,0.0,0.0,0.0,0.0,20.0,-102.0,-14.0,0,0
3241,-3.1416,-0.9971,0.701,0.2945,0.0,0.0,0.0,0.0,0.0,25.0,-103.0,-12.0,0,0
3249,-3.1416,-0.9971,0.701,0.2945,0.0,0.0,0.0,0.0,1.0,10.0,-102.0,-16.0,0,0
3262,-3.1416,-0.9971,0.7026,0.2961,0.0,0.0,0.0,0.0,0.0,18.0,-102.0,-15.0,0,0
3270,-3.1416,-0.9971,0.701,0.2961,0.0,0.0,0.0,0.0,0.0,25.0,-102.0,-16.0,0,0
3282,-3.1416,-0.9971,0.7026,0.2961,0.0,0.0,0.0,0.0,0.0,9.0,-102.0,-16.0,0,0
3290,-3.1416,-0.9971,0.7026,0.2961,0.0,0.0,0.0,0.0,1.0,12.0,-103.0,-13.0,0,0
3303,-3.1416,-0.9971,0.7026,0.2961,0.0,0.0,0.0,0.0,0.0,11.0,-100.0,-14.0,0,0
3311,-3.1416,-0.9971,0.701,0.2945,0.0,0.0,0.0,0.0,0.0,10.0,-102.0,-14.0,0,0
3323,-3.1416,-0.9971,0.7026,0.2961,0.0,0.0,0.0,0.0,0.0,20.0,-99.0,-15.0,0,0
3335,-3.1416,-0.9971,0.7026,0.2961,0.0,0.0,0.0,0.0,0.0,9.0,-102.0,-16.0,0,0
3344,-3.1416,-0.9971,0.7026,0.2961,0.0,0.0,0.0,0.0,0.0,12.0,-102.0,-11.0,0,0
3356,-3.1416,-0.9971,0.7026,0.2961,0.0,0.0,0.0,0.0,0.0,25.0,-102.0,-13.0,0,0
3364,-3.1416,-0.9971,0.7026,0.2961,0.0,0.0,0.0,0.0,0.0,26.0,-101.0,-16.0,0,0
3376,-3.1416,-0.9971,0.7026,0.2961,0.0,0.0,0.0,0.0,0.0,23.0,-103.0,-14.0,0,0
3385,-3.1416,-0.9971,0.7026,0.2961,0.0,0.0,0.0,0.0,0.0,23.0,-103.0,-14.0,0,0
3397,-3.1416,-0.9971,0.7026,0.2961,0.0,0.0,0.0,0.0,0.0,24.0,-103.0,-12.0,0,0
3405,-3.1416,-0.9971,0.7026,0.2961,0.0,0.0,0.0,0.0,0.0,24.0,-103.0,-12.0,0,0
3417,-3.1416,-0.9971,0.7026,0.2961,0.0,0.0,0.0,0.0,0.0,10.0,-101.0,-13.0,0,0
3425,-3.1416,-0.9971,0.7026,0.2961,0.0,0.0,0.0,0.0,0.0,10.0,-101.0,-13.0,0,0
3438,-3.1416,-0.9971,0.7026,0.2961,0.0,0.0,0.0,0.0,0.0,12.0,-102.0,-16.0,0,0
3450,-3.1416,-0.9971,0.7026,0.2961,0.0,0.0,0.0,0.0,0.0,12.0,-101.0,-14.0,0,0
3458,-3.1416,-0.9971,0.7026,0.2961,0.0,0.0,0.0,0.0,0.0,21.0,-103.0,-16.0,0,0
3471,-3.1416,-0.9971,0.701,0.2961,0.0,0.0,0.0,0.0,2.0,26.0,-104.0,-15.0,0,0
3479,-3.1416,-0.9971,0.7026,0.2961,0.0,0.0,0.0,0.0,0.0,19.0,-104.0,-15.0,0,0
3491,-3.1416,-0.9971,0.7026,0.2945,0.0,0.0,0.0,0.0,0.0,26.0,-103.0,-14.0,0,0
3499,-3.1416,-0.9971,0.7026,0.2961,0.0,0.0,0.0,0.0,0.0,26.0,-103.0,-12.0,0,0
3512,-3.1416,-0.9971,0.701,0.2961,0.0,0.0,0.0,0.0,0.0,12.0,-104.0,-8.0,0,0
3520,-3.1416,-0.9971,0.701,0.2961,0.0,0.0,0.0,0.0,0.0,12.0,-101.0,-14.0,0,0
3532,-3.1416,-0.9971,0.701,0.2961,0.0,0.0,0.0,0.0,0.0,22.0,-104.0,-16.0,0,0
3544,-3.1416,-0.9971,0.7026,0.2961,0.0,0.0,0.0,0.0,0.0,19.0,-100.0,-10.0,0,0
3552,-3.1416,-0.9971,0.701,0.2961,0.0,0.0,0.0,0.0,0.0,15.0,-108.0,-14.0,0,0
3565,-3.1416,-0.9971,0.7026,0.2961,0.0,0.0,0.0,0.0,0.0,25.0,-105.0,-15.0,0,0
3573,-3.1416,-0.9971,0.7026,0.2945,0.0,0.0,0.0,0.0,0.0,25.0,-103.0,-13.0,0,0
3585,-3.1416,-0.9971,0.7026,0.2961,0.0,0.0,0.0,0.0,0.0,9.0,-100.0,-16.0,0,0
3593,-3.1416,-0.9971,0.7026,0.2961,0.0,0.0,0.0,0.0,0.0,9.0,-103.0,-14.0,0,0
3606,-3.1416,-0.9971,0.7026,0.2961,0.0,0.0,0.0,0.0,0.0,10.0,-102.0,-13.0,0,0
3614,-3.1416,-0.9971,0.7026,0.2961,0.0,0.0,0.0,0.0,0.0,11.0,-101.0,-14.0,0,0
3626,-3.1416,-0.9971,0.701,0.2961,0.0,0.0,0.0,0.0,0.0,14.0,-104.0,-14.0,0,0
3638,-3.1416,-0.9971,0.7026,0.2961,0.0,0.0,0.0,0.0,0.0,12.0,-104.0,-14.0,0,0
3647,-3.1416,-0.9971,0.7026,0.2961,0.0,0.0,0.0,0.0,0.0,20.0,-106.0,-10.0,0,0
3659,-3.1416,-0.9971,0.7026,0.2961,0.0,0.0,0.0,0.0,0.0,10.0,-103.0,-16.0,0,0
3667,-3.1416,-0.9971,0.7026,0.2961,0.0,0.0,0.0,0.0,0.0,15.0,-105.0,-16.0,0,0
3679,-3.1416,-0.9971,0.7026,0.2961,0.0,0.0,0.0,0.0,0.0,13.0,-104.0,-15.0,0,0
3688,-3.1416,-0.9971,0.7026,0.2961,0.0,0.0,0.0,0.0,0.0,11.0,-107.0,-16.0,0,0
3700,-3.1416,-0.9971,0.701,0.2945,0.0,0.0,0.0,0.0,0.0,27.0,-103.0,-16.0,0,0
3708,-3.1416,-0.9971,0.7026,0.2945,0.0,0.0,0.0,0.0,0.0,20.0,-107.0,-16.0,0,0
3720,-3.1416,-0.9971,0.7026,0.2961,0.0,0.0,0.0,0.0,0.0,23.0,-103.0,-14.0,0,0
3733,-3.1416,-0.9971,0.7026,0.2961,0.0,0.0,0.0,0.0,0.0,20.0,-107.0,-16.0,0,0
3741,-3.1416,-0.9971,0.701,0.2961,0.0,0.0,0.0,0.0,1.0,14.0,-102.0,-16.0,0,0
3753,-3.1416,-0.9971,0.7026,0.2961,0.0,0.0,0.0,0.0,0.0,24.0,-103.0,-16.0,0,0
3761,-3.1416,-0.9971,0.7026,0.2961,0.0,0.0,0.0,0.0,0.0,19.0,-106.0,-16.0,0,0
3774,-3.1416,-0.9971,0.701,0.2961,0.0,0.0,0.0,0.0,0.0,16.0,-105.0,-14.0,0,0
3782,-3.1416,-0.9971,0.7026,0.2945,0.0,0.0,0.0,0.0,0.0,12.0,-106.0,-16.0,0,0
3794,-3.1416,-0.9971,0.701,0.2961,0.0,0.0,0.0,0.0,0.0,19.0,-105.0,-14.0,0,0
3802,-3.1416,-0.9971,0.701,0.2945,0.0,0.0,0.0,0.0,0.0,24.0,-105.0,-13.0,0,0
3815,-3.1416,-0.9971,0.701,0.2961,0.0,0.0,0.0,0.0,0.0,12.0,-105.0,-16.0,0,0
3827,-3.1416,-0.9971,0.701,0.2961,0.0,0.0,0.0,0.0,0.0,27.0,-103.0,-11.0,0,0
3835,-3.1416,-0.9971,0.701,0.2961,0.0,0.0,0.0,0.0,0.0,27.0,-103.0,-11.0,0,0
3847,-3.1416,-0.9971,0.7026,0.2961,0.0,0.0,0.0,0.0,0.0,25.0,-102.0,-15.0,0,0
3856,-3.1416,-0.9971,0.7026,0.2961,0.0,0.0,0.0,0.0,0.0,17.0,-105.0,-15.0,0,0
3868,-3.1416,-0.9971,0.7026,0.2961,0.0,0.0,0.0,0.0,0.0,16.0,-103.0,-16.0,0,0
3876,-3.1416,-0.9971,0.701,0.2961,0.0,0.0,0.0,0.0,0.0,15.0,-103.0,-14.0,0,0
3888,-3.1416,-0.9971,0.701,0.2945,0.0,0.0,0.0,0.0,0.0,22.0,-112.0,-16.0,0,0
3897,-3.1416,-0.9971,0.7026,0.2961,0.0,0.0,0.0,0.0,0.0,21.0,-109.0,-15.0,0,0
3909,-3.1416,-0.9971,0.7026,0.2961,0.0,0.0,0.0,0.0,0.0,25.0,-103.0,-15.0,0,0
3921,-3.1416,-0.9971,0.7026,0.2961,0.0,0.0,0.0,0.0,0.0,13.0,-105.0,-15.0,0,0
3929,-3.1416,-0.9971,0.7026,0.2961,0.0,0.0,0.0,0.0,2.0,26.0,-111.0,-16.0,0,0
3942,-3.1416,-0.9971,0.7026,0.2961,0.0,0.0,0.0,0.0,0.0,23.0,-105.0,-15.0,0,0
3950,-3.1416,-0.9971,0.701,0.2945,0.0,0.0,0.0,0.0,0.0,21.0,-103.0,-16.0,0,0
3962,-3.1416,-0.9971,0.7026,0.2961,0.0,0.0,0.0,0.0,0.0,26.0,-109.0,-15.0,0,0
3970,-3.1416,-0.9971,0.7026,0.2961,0.0,0.0,0.0,0.0,0.0,28.0,-106.0,-16.0,0,0
3983,-3.1416,-0.9971,0.7026,0.2961,0.0,0.0,0.0,0.0,0.0,25.0,-105.0,-15.0,0,0
3991,-3.1416,-0.9971,0.701,0.2945,0.0,0.0,0.0,0.0,0.0,22.0,-109.0,-16.0,0,0
4003,-3.1416,-0.9971,0.7026,0.2961,0.0,0.0,0.0,0.0,0.0,27.0,-106.0,-15.0,0,0
4011,-3.1416,-0.9971,0.701,0.2961,0.0,0.0,0.0,0.0,0.0,17.0,-113.0,-16.0,0,0
4023,-3.1416,-0.9971,0.701,0.2961,0.0,0.0,0.0,0.0,0.0,18.0,-106.0,-16.0,0,0
4036,-3.1416,-0.9971,0.701,0.2961,0.0,0.0,0.0,0.0,0.0,24.0,-111.0,-12.0,0,0
4044,-3.1416,-0.9971,0.7026,0.2961,0.0,0.0,0.0,0.0,0.0,30.0,-110.0,-16.0,0,0
4056,-3.1416,-0.9971,0.701,0.2961,0.0,0.0,0.0,0.0,0.0,28.0,-105.0,-14.0,0,0
4064,-3.1416,-0.9971,0.701,0.2961,0.0,0.0,0.0,0.0,0.0,28.0,-105.0,-14.0,0,0
4077,-3.1416,-0.9971,0.7026,0.2961,0.0,0.0,0.0,0.0,0.0,24.0,-111.0,-13.0,0,0
4085,-3.1416,-0.9971,0.7026,0.2961,0.0,0.0,0.0,0.0,0.0,24.0,-111.0,-13.0,0,0
4097,-3.1416,-0.9956,0.7026,0.2945,0.0,0.0,0.0,0.0,0.0,25.0,-111.0,-14.0,0,0
4105,-3.1416,-0.9956,0.7026,0.2945,0.0,0.0,0.0,0.0,0.0,25.0,-111.0,-14.0,0,0
4118,-3.1416,-0.9956,0.7026,0.2961,0.0,0.0,0.0,0.0,0.0,21.0,-111.0,-12.0,0,0
4130,-3.1416,-0.9971,0.7026,0.2961,0.0,0.0,0.0,0.0,0.0,26.0,-108.0,-13.0,0,0
4138,-3.1416,-0.9971,0.701,0.2961,0.0,0.0,0.0,0.0,0.0,19.0,-106.0,-14.0,0,0
4150,-3.1416,-0.9971,0.7026,0.2961,0.0,0.0,0.0,0.0,0.0,20.0,-111.0,-12.0,0,0
4159,-3.1416,-0.9971,0.7026,0.2961,0.0,0.0,0.0,0.0,0.0,24.0,-110.0,-14.0,0,0
4171,-3.1416,-0.9971,0.701,0.2961,0.0,0.0,0.0,0.0,0.0,23.0,-112.0,-14.0,0,0
4179,-3.1416,-0.9971,0.7026,0.2945,0.0,0.0,0.0,0.0,0.0,16.0,-105.0,-13.0,0,0
4191,-3.1416,-0.9956,0.701,0.2961,0.0,0.0,0.0,0.0,0.0,14.0,-110.0,-14.0,0,0
4200,-3.1416,-0.9971,0.701,0.2961,0.0,0.0,0.0,0.0,1.0,16.0,-106.0,-13.0,0,0
4212,-3.1416,-0.9956,0.701,0.2961,0.0,0.0,0.0,0.0,0.0,30.0,-109.0,-13.0,0,0
4224,-3.1416,-0.9971,0.701,0.2961,0.0,0.0,0.0,0.0,0.0,23.0,-111.0,-12.0,0,0
4232,-3.1416,-0.9971,0.7026,0.2961,0.0,0.0,0.0,0.0,0.0,28.0,-112.0,-14.0,0,0
4245,-3.1416,-0.9971,0.701,0.2961,0.0,0.0,0.0,0.0,0.0,25.0,-106.0,-12.0,0,0
4253,-3.1416,-0.9956,0.701,0.2961,0.0,0.0,0.0,0.0,0.0,17.0,-104.0,-11.0,0,0
4265,-3.1416,-0.9971,0.7026,0.2961,0.0,0.0,0.0,0.0,0.0,16.0,-112.0,-12.0,0,0
4273,-3.1416,-0.9971,0.7026,0.2961,0.0,0.0,0.0,0.0,0.0,25.0,-104.0,-13.0,0,0
4286,-3.1416,-0.9971,0.7026,0.2961,0.0,0.0,0.0,0.0,0.0,20.0,-107.0,-14.0,0,0
4294,-3.1416,-0.9971,0.7026,0.2961,0.0,0.0,0.0,0.0,0.0,20.0,-107.0,-14.0,0,0
4306,-3.1416,-0.9956,0.7026,0.2961,0.0,0.0,0.0,0.0,0.0,14.0,-110.0,-14.0,0,0
4318,-3.1416,-0.9956,0.7026,0.2961,0.0,0.0,0.0,0.0,2.0,20.0,-109.0,-14.0,0,0
4327,-3.1416,-0.9971,0.7026,0.2961,0.0,0.0,0.0,0.0,0.0,16.0,-105.0,-12.0,0,0
4339,-3.1416,-0.9971,0.7026,0.2961,0.0,0.0,0.0,0.0,0.0,17.0,-105.0,-10.0,0,0
4347,-3.1416,-0.9971,0.7026,0.2961,0.0,0.0,0.0,0.0,0.0,19.0,-114.0,-14.0,0,0
4359,-3.1416,-0.9971,0.701,0.2961,0.0,0.0,0.0,0.0,0.0,17.0,-106.0,-14.0,0,0
4368,-3.1416,-0.9971,0.701,0.2961,0.0,0.0,0.0,0.0,0.0,23.0,-110.0,-13.0,0,0
4380,-3.1416,-0.9971,0.7026,0.2961,0.0,0.0,0.0,0.0,0.0,17.0,-109.0,-13.0,0,0
4388,-3.1416,-0.9956,0.701,0.2961,0.0,0.0,0.0,0.0,0.0,21.0,-110.0,-13.0,0,0
4400,-3.1416,-0.9956,0.7026,0.2961,0.0,0.0,0.0,0.0,0.0,23.0,-112.0,-13.0,0,0
4413,-3.1416,-0.9971,0.7026,0.2961,0.0,0.0,0.0,0.0,0.0,17.0,-113.0,-14.0,0,0
4421,-3.1416,-0.9956,0.701,0.2961,0.0,0.0,0.0,0.0,0.0,30.0,-111.0,-12.0,0,0
4433,-3.1431,-0.9956,0.701,0.2961,0.0,0.0,0.0,0.0,0.0,25.0,-104.0,-14.0,0,0
4441,-3.1416,-0.9956,0.7026,0.2945,0.0,0.0,0.0,0.0,0.0,17.0,-114.0,-14.0,0,0
4454,-3.1416,-0.9956,0.701,0.2961,0.0,0.0,0.0,0.0,1.0,21.0,-106.0,-10.0,0,0
4462,-3.1416,-0.9956,0.701,0.2961,0.0,0.0,0.0,0.0,0.0,22.0,-109.0,-9.0,0,0
4474,-3.1416,-0.9956,0.7026,0.2961,0.0,0.0,0.0,0.0,0.0,19.0,-106.0,-14.0,0,0
4482,-3.1416,-0.9956,0.701,0.2961,0.0,0.0,0.0,0.0,0.0,20.0,-110.0,-14.0,0,0
4495,-3.1416,-0.9956,0.7026,0.2961,0.0,0.0,0.0,0.0,0.0,17.0,-108.0,-11.0,0,0
4507,-3.1416,-0.9956,0.7026,0.2961,0.0,0.0,0.0,0.0,0.0,16.0,-109.0,-14.0,0,0
4515,-3.1416,-0.9956,0.7026,0.2961,0.0,0.0,0.0,0.0,0.0,16.0,-109.0,-14.0,0,0
4527,-3.1416,-0.9956,0.7026,0.2961,0.0,0.0,0.0,0.0,0.0,23.0,-116.0,-14.0,0,0
4535,-3.1416,-0.9956,0.7026,0.2961,0.0,0.0,0.0,0.0,0.0,23.0,-116.0,-14.0,0,0
4548,-3.1416,-0.9956,0.701,0.2961,0.0,0.0,0.0,0.0,0.0,21.0,-106.0,-13.0,0,0
4556,-3.1416,-0.9956,0.701,0.2961,0.0,0.0,0.0,0.0,0.0,21.0,-114.0,-14.0,0,0
4568,-3.1416,-0.9956,0.7026,0.2961,0.0,0.0,0.0,0.0,0.0,15.0,-109.0,-14.0,0,0
4576,-3.1416,-0.9971,0.7026,0.2945,0.0,0.0,0.0,0.0,0.0,22.0,-115.0,-13.0,0,0
4589,-3.1416,-0.9956,0.7026,0.2961,0.0,0.0,0.0,0.0,0.0,16.0,-112.0,-12.0,0,0
4597,-3.1416,-0.9956,0.7026,0.2961,0.0,0.0,0.0,0.0,0.0,16.0,-111.0,-12.0,0,0
4609,-3.1416,-0.9956,0.7026,0.2961,0.0,0.0,0.0,0.0,0.0,18.0,-106.0,-12.0,0,0
4621,-3.1416,-0.9956,0.701,0.2961,0.0,0.0,0.0,0.0,0.0,23.0,-114.0,-14.0,0,0
4630,-3.1416,-0.9956,0.701,0.2961,0.0,0.0,0.0,0.0,0.0,16.0,-109.0,-13.0,0,0
4642,-3.1416,-0.9956,0.7026,0.2961,0.0,0.0,0.0,0.0,0.0,21.0,-116.0,-14.0,0,0
4650,-3.1416,-0.9956,0.7026,0.2961,0.0,0.0,0.0,0.0,0.0,15.0,-105.0,-14.0,0,0
4662,-3.1416,-0.9956,0.701,0.2961,0.0,0.0,0.0,0.0,0.0,15.0,-111.0,-14.0,0,0
4671,-3.1416,-0.9956,0.701,0.2961,0.0,0.0,0.0,0.0,0.0,18.0,-110.0,-14.0,0,0
4683,-3.1416,-0.9956,0.701,0.2961,0.0,0.0,0.0,0.0,0.0,15.0,-112.0,-13.0,0,0
4691,-3.1416,-0.9956,0.7026,0.2961,0.0,0.0,0.0,0.0,0.0,12.0,-108.0,-14.0,0,0
4703,-3.1416,-0.9956,0.7026,0.2961,0.0,0.0,0.0,0.0,0.0,15.0,-109.0,-14.0,0,0
4716,-3.1416,-0.9956,0.701,0.2961,0.0,0.0,0.0,0.0,0.0,16.0,-115.0,-14.0,0,0
4724,-3.1416,-0.9956,0.701,0.2961,0.0,0.0,0.0,0.0,0.0,16.0,-115.0,-14.0,0,0
4736,-3.1416,-0.9956,0.7026,0.2961,0.0,0.0,0.0,0.0,0.0,22.0,-105.0,-13.0,0,0
4744,-3.1416,-0.9956,0.7026,0.2961,0.0,0.0,0.0,0.0,0.0,22.0,-105.0,-13.0,0,0
4757,-3.1416,-0.9956,0.7026,0.2961,0.0,0.0,0.0,0.0,0.0,12.0,-113.0,-14.0,0,0
4765,-3.1416,-0.9956,0.7026,0.2961,0.0,0.0,0.0,0.0,0.0,12.0,-113.0,-14.0,0,0
4777,-3.1416,-0.9956,0.7026,0.2961,0.0,0.0,0.0,0.0,0.0,17.0,-107.0,-11.0,0,0
4785,-3.1416,-0.9956,0.7026,0.2961,0.0,0.0,0.0,0.0,0.0,17.0,-107.0,-11.0,0,0
4798,-3.1416,-0.9956,0.701,0.2961,0.0,0.0,0.0,0.0,0.0,16.0,-114.0,-13.0,0,0
4810,-3.1416,-0.9956,0.701,0.2961,0.0,0.0,0.0,0.0,0.0,23.0,-115.0,-14.0,0,0
4818,-3.1416,-0.9956,0.701,0.2961,0.0,0.0,0.0,0.0,0.0,17.0,-114.0,-14.0,0,0
4830,-3.1416,-0.9956,0.701,0.2945,0.0,0.0,0.0,0.0,0.0,21.0,-110.0,-14.0,0,0
4839,-3.1416,-0.9956,0.701,0.2961,0.0,0.0,0.0,0.0,0.0,21.0,-108.0,-14.0,0,0
4851,-3.1416,-0.9956,0.701,0.2961,0.0,0.0,0.0,0.0,0.0,18.0,-113.0,-12.0,0,0
4859,-3.1416,-0.9956,0.701,0.2961,0.0,0.0,0.0,0.0,0.0,13.0,-114.0,-13.0,0,0
4871,-3.1416,-0.9956,0.701,0.2961,0.0,0.0,0.0,0.0,0.0,20.0,-110.0,-14.0,0,0
4880,-3.1416,-0.9956,0.701,0.2961,0.0,0.0,0.0,0.0,0.0,13.0,-112.0,-14.0,0,0
4892,-3.1416,-0.9956,0.701,0.2961,0.0,0.0,0.0,0.0,0.0,11.0,-108.0,-14.0,0,0
4904,-3.1416,-0.9956,0.7026,0.2945,0.0,0.0,0.0,0.0,0.0,12.0,-114.0,-14.0,0,0
4912,-3.1416,-0.9956,0.7026,0.2961,0.0,0.0,0.0,0.0,0.0,23.0,-116.0,-14.0,0,0
4925,-3.1416,-0.9956,0.7026,0.2961,0.0,0.0,0.0,0.0,0.0,14.0,-116.0,-12.0,0,0
4933,-3.1416,-0.9956,0.7026,0.2961,0.0,0.0,0.0,0.0,0.0,14.0,-112.0,-11.0,0,0
4945,-3.1416,-0.9956,0.701,0.2961,0.0,0.0,0.0,0.0,0.0,22.0,-117.0,-14.0,0,0
4953,-3.1416,-0.9956,0.701,0.2961,0.0,0.0,0.0,0.0,0.0,18.0,-115.0,-14.0,0,0
4966,-3.1416,-0.9956,0.701,0.2961,0.0,0.0,0.0,0.0,0.0,12.0,-109.0,-12.0,0,0
4974,-3.1416,-0.9956,0.701,0.2961,0.0,0.0,0.0,0.0,0.0,12.0,-109.0,-12.0,0,0
4986,-3.1416,-0.9956,0.7026,0.2961,0.0,0.0,0.0,0.0,0.0,14.0,-114.0,-14.0,0,0
4998,-3.1416,-0.9956,0.701,0.2961,0.0,0.0,0.0,0.0,0.0,14.0,-112.0,-14.0,0,0
5006,-3.1416,-0.9956,0.701,0.2961,0.0,0.0,0.0,0.0,0.0,13.0,-111.0,-12.0,0,0
5019,-3.1416,-0.9956,0.7026,0.2945,0.0,0.0,0.0,0.0,0.0,12.0,-109.0,-14.0,0,0
5027,-3.1416,-0.9956,0.701,0.2961,0.0,0.0,0.0,0.0,0.0,11.0,-110.0,-13.0,0,0
5039,-3.1416,-0.9956,0.7026,0.2961,0.0,0.0,0.0,0.0,0.0,14.0,-108.0,-13.0,0,0
5047,-3.1416,-0.9956,0.701,0.2945,0.0,0.0,0.0,0.0,0.0,22.0,-113.0,-13.0,0,0
5060,-3.1416,-0.9956,0.701,0.2961,0.0,0.0,0.0,0.0,0.0,16.0,-115.0,-12.0,0,0
5068,-3.1416,-0.9956,0.701,0.2961,0.0,0.0,0.0,0.0,0.0,18.0,-117.0,-14.0,0,0
5080,-3.1416,-0.9956,0.7026,0.2961,0.0,0.0,0.0,0.0,0.0,23.0,-115.0,-12.0,0,0
5093,-3.1416,-0.9956,0.7026,0.2961,0.0,0.0,0.0,0.0,1.0,14.0,-109.0,-14.0,0,0
5101,-3.1416,-0.9956,0.7026,0.2961,0.0,0.0,0.0,0.0,0.0,11.0,-114.0,-11.0,0,0
5113,-3.1416,-0.9956,0.7026,0.2945,0.0,0.0,0.0,0.0,0.0,13.0,-111.0,-13.0,0,0
5121,-3.1416,-0.9956,0.701,0.2961,0.0,0.0,0.0,0.0,0.0,12.0,-108.0,-13.0,0,0
5133,-3.1416,-0.9956,0.701,0.2961,0.0,0.0,0.0,0.0,0.0,11.0,-116.0,-13.0,2,0
5142,-3.1401,-0.9956,0.7026,0.2961,0.0,0.0,0.0,0.0,0.0,12.0,-112.0,-13.0,3,0
5154,-3.1385,-0.9956,0.701,0.2961,0.0,0.0,0.0,0.0,-3.0,12.0,-114.0,-14.0,4,0
5162,-3.137,-0.9956,0.701,0.2961,0.024,0.0,0.0,0.0,-12.0,14.0,-116.0,-13.0,6,0
5174,-3.137,-0.9956,0.701,0.2961,0.0479,0.0,0.0,0.0,-19.0,19.0,-116.0,-14.0,8,0
5187,-3.137,-0.9956,0.7026,0.2961,0.0479,0.0,0.0,0.0,-22.0,19.0,-113.0,-12.0,7,0
5195,-3.137,-0.9956,0.7026,0.2961,0.0479,0.0,0.0,0.0,-22.0,19.0,-113.0,-12.0,8,0
5207,-3.1355,-0.9956,0.7026,0.2961,0.0479,0.0,0.0,0.0,-27.0,15.0,-116.0,-14.0,10,0
5219,-3.137,-0.9956,0.7026,0.2961,0.024,0.0,0.0,0.0,-31.0,21.0,-107.0,-14.0,11,1
5228,-3.1355,-0.9956,0.701,0.2961,0.024,0.0,0.0,0.0,-30.0,13.0,-114.0,-14.0,12,1
5240,-3.137,-0.9956,0.7026,0.2961,0.0,0.0,0.0,0.0,-31.0,19.0,-117.0,-12.0,12,1
5252,-3.137,-0.9956,0.701,0.2961,0.0,0.0,0.0,0.0,-31.0,16.0,-111.0,-13.0,12,1
5265,-3.1355,-0.9956,0.7026,0.2961,0.0,0.0,0.0,0.0,-29.0,17.0,-111.0,-13.0,13,1
5277,-3.1355,-0.9956,0.701,0.2961,0.0,0.0,0.0,0.0,-30.0,16.0,-114.0,-13.0,14,1
5285,-3.1355,-0.9956,0.701,0.2961,0.0,0.0,0.0,0.0,-30.0,16.0,-114.0,-13.0,17,1
5297,-3.1355,-0.9956,0.701,0.2961,0.0,0.0,0.0,0.0,-31.0,22.0,-116.0,-13.0,19,1
5310,-3.1355,-0.9956,0.701,0.2961,0.0,0.0,0.0,0.0,-37.0,21.0,-117.0,-14.0,19,1
5322,-3.1355,-0.9956,0.701,0.2961,0.0,0.0,0.0,0.0,-32.0,18.0,-116.0,-14.0,23,1
5334,-3.1355,-0.9956,0.701,0.2961,0.0,0.0,0.0,0.0,-32.0,16.0,-113.0,-14.0,18,1
5342,-3.1355,-0.9956,0.701,0.2961,0.0,0.0,0.0,0.0,-31.0,14.0,-116.0,-14.0,13,1
5355,-3.1355,-0.9956,0.701,0.2945,0.0,0.0,0.0,0.0,-31.0,18.0,-113.0,-12.0,17,1
5367,-3.1355,-0.9956,0.701,0.2961,0.0,0.0,0.0,0.0,-40.0,19.0,-110.0,-15.0,18,1
5379,-3.1339,-0.9956,0.701,0.2961,0.0,0.0,0.0,0.0,-47.0,17.0,-114.0,-14.0,14,1
5392,-3.1339,-0.9956,0.701,0.2961,0.0,0.0,0.0,0.0,-51.0,16.0,-117.0,-12.0,12,1
5400,-3.1339,-0.9956,0.701,0.2961,0.0,0.0,0.0,0.0,-51.0,14.0,-112.0,-13.0,9,0
5412,-3.1339,-0.9956,0.701,0.2961,0.0,0.0,0.0,0.0,-52.0,18.0,-113.0,-14.0,8,0
5420,-3.1339,-0.9956,0.7026,0.2961,0.0,0.0,0.0,0.0,-58.0,20.0,-111.0,-14.0,12,1
5432,-3.1324,-0.9956,0.701,0.2961,0.0,0.0,0.0,0.0,-56.0,13.0,-111.0,-13.0,14,1
5445,-3.1324,-0.9956,0.701,0.2961,0.024,0.0,0.0,0.0,-63.0,21.0,-108.0,-12.0,16,1
5457,-3.1309,-0.9956,0.701,0.2961,0.024,0.0,0.0,0.0,-82.0,15.0,-112.0,-13.0,19,1
5469,-3.1293,-0.9956,0.701,0.2961,0.024,0.0,0.0,0.0,-97.0,13.0,-115.0,-13.0,21,1
5478,-3.1278,-0.9956,0.701,0.2961,0.0479,0.0,0.0,0.0,-93.0,12.0,-113.0,-14.0,22,1
5490,-3.1278,-0.9956,0.701,0.2961,0.0719,0.0,0.0,0.0,-105.0,15.0,-114.0,-14.0,29,1
5502,-3.1247,-0.9956,0.701,0.2961,0.0719,0.0,0.0,0.0,-108.0,11.0,-114.0,-12.0,33,1
5514,-3.1247,-0.994,0.701,0.2961,0.0959,0.0,0.0,0.0,-119.0,5.0,-111.0,-14.0,35,1
5527,-3.1232,-0.994,0.701,0.2961,0.1198,0.0,0.0,0.0,-132.0,6.0,-115.0,-12.0,37,1
5535,-3.1232,-0.994,0.701,0.2961,0.1198,0.0,0.0,0.0,-132.0,6.0,-115.0,-12.0,39,1
5547,-3.1217,-0.994,0.701,0.2961,0.1198,0.0,0.0,0.0,-123.0,6.0,-110.0,-12.0,39,1
5559,-3.1217,-0.994,0.701,0.2961,0.0959,0.0,0.0,0.0,-133.0,0.0,-112.0,-13.0,42,1
5572,-3.1201,-0.994,0.701,0.2961,0.0959,0.0,0.0,0.0,-126.0,0.0,-112.0,-13.0,42,1
5584,-3.1201,-0.994,0.701,0.2961,0.0959,0.0,0.0,0.0,-126.0,0.0,-113.0,-12.0,45,1
5592,-3.1201,-0.994,0.701,0.2961,0.0719,0.0,0.0,0.0,-138.0,0.0,-113.0,-14.0,46,1
5604,-3.1186,-0.994,0.701,0.2961,0.0719,0.0,0.0,0.0,-150.0,0.0,-116.0,-14.0,47,1
5617,-3.114,-0.994,0.701,0.2961,0.0719,0.0,0.0,0.0,-176.0,0.0,-112.0,-14.0,48,1
5629,-3.1124,-0.994,0.701,0.2961,0.0719,0.0,0.0,0.0,-185.0,3.0,-114.0,-15.0,50,1
5641,-3.1124,-0.994,0.701,0.2961,0.0959,0.0,0.0,0.0,-189.0,0.0,-114.0,-13.0,51,1
5650,-3.1109,-0.994,0.701,0.2961,0.0959,0.0,0.0,0.0,-201.0,4.0,-113.0,-14.0,53,1
5662,-3.1078,-0.9956,0.701,0.2961,0.1198,0.0,0.0,0.0,-200.0,0.0,-114.0,-14.0,55,1
5674,-3.1078,-0.994,0.701,0.2961,0.1198,0.0,0.0,0.0,-199.0,0.0,-114.0,-14.0,58,1
5686,-3.1063,-0.994,0.701,0.2961,0.1198,0.0,0.0,0.0,-193.0,-1.0,-111.0,-14.0,60,1
5699,-3.1063,-0.9925,0.701,0.2961,0.1198,0.0,0.0,0.0,-188.0,0.0,-115.0,-12.0,61,1
5707,-3.1063,-0.9925,0.701,0.2961,0.0959,0.0,0.0,0.0,-190.0,0.0,-110.0,-14.0,61,1
5719,-3.1063,-0.9925,0.701,0.2961,0.0719,0.0,0.0,0.0,-190.0,0.0,-112.0,-14.0,62,1
5731,-3.1078,-0.9925,0.6995,0.2961,0.0479,0.0,0.0,0.0,-188.0,0.0,-113.0,-13.0,62,1
5744,-3.1078,-0.9925,0.701,0.2961,0.024,0.0,0.0,0.0,-186.0,0.0,-112.0,-14.0,60,1
5756,-3.1094,-0.994,0.6995,0.2961,0.0,0.0,0.0,0.0,-154.0,0.0,-109.0,-14.0,59,1
5764,-3.1094,-0.994,0.6995,0.2961,0.0,0.0,0.0,0.0,-154.0,0.0,-109.0,-14.0,56,1
5777,-3.1155,-0.994,0.6995,0.2961,-0.0479,0.0,0.0,0.0,-94.0,0.0,-104.0,-13.0,52,1
5789,-3.1201,-0.994,0.6995,0.2961,-0.0959,0.0,0.0,0.0,-56.0,0.0,-101.0,-14.0,44,1
5801,-3.1232,-0.994,0.6995,0.2961,-0.1438,0.0,0.0,0.0,-39.0,0.0,-109.0,-14.0,33,1
5809,-3.1278,-0.9925,0.6995,0.2961,-0.1918,0.0,0.0,0.0,-20.0,0.0,-109.0,-14.0,21,1
5822,-3.1324,-0.994,0.6995,0.2961,-0.2637,0.0,0.0,0.0,-4.0,0.0,-112.0,-12.0,8,0
5834,-3.1355,-0.9925,0.701,0.2961,-0.3116,0.0,0.0,0.0,0.0,0.0,-117.0,-14.0,7,0
5842,-3.1385,-0.9925,0.6995,0.2961,-0.3356,0.0,0.0,0.0,0.0,0.0,-112.0,-14.0,6,0
5854,-3.1401,-0.9925,0.6995,0.2961,-0.3595,0.0,0.0,0.0,-1.0,0.0,-114.0,-12.0,4,0
5863,-3.1431,-0.9925,0.701,0.2961,-0.3595,0.0,0.0,0.0,0.0,0.0,-116.0,-14.0,0,0
5875,-3.1447,-0.9925,0.701,0.2961,-0.3356,0.0,0.0,0.0,7.0,0.0,-117.0,-13.0,1,0
5883,-3.1462,-0.991,0.701,0.2961,-0.3116,0.0,0.0,0.0,4.0,0.0,-115.0,-14.0,2,0
5895,-3.1493,-0.9925,0.701,0.2961,-0.2637,0.0,0.0,0.0,7.0,0.0,-114.0,-14.0,2,0
5903,-3.1493,-0.9925,0.6995,0.2961,-0.2397,0.0,0.0,0.0,15.0,-1.0,-116.0,-14.0,0,0
5916,-3.1477,-0.9925,0.6995,0.2961,-0.1678,0.0,0.0,0.0,-5.0,-1.0,-117.0,-14.0,0,0
5924,-3.1477,-0.9925,0.6995,0.2961,-0.1678,0.0,0.0,0.0,-5.0,-1.0,-117.0,-14.0,0,0
5936,-3.1462,-0.991,0.701,0.2961,-0.0719,0.0,0.0,0.0,0.0,-1.0,-114.0,-14.0,0,0
5949,-3.1447,-0.9925,0.6995,0.2961,-0.024,0.0,0.0,0.0,-2.0,-1.0,-115.0,-14.0,0,0
5957,-3.1447,-0.9925,0.701,0.2961,0.0,0.0,0.0,0.0,0.0,-1.0,-110.0,-13.0,0,0
5969,-3.1447,-0.9925,0.6995,0.2961,0.024,0.0,0.0,0.0,0.0,-1.0,-113.0,-14.0,0,0
5977,-3.1447,-0.991,0.6995,0.2961,0.024,0.0,0.0,0.0,0.0,-1.0,-116.0,-12.0,0,0
5990,-3.1447,-0.9925,0.701,0.2961,0.024,0.0,0.0,0.0,0.0,-1.0,-114.0,-14.0,0,0
5998,-3.1462,-0.9925,0.701,0.2961,0.0,0.0,0.0,0.0,0.0,-1.0,-115.0,-14.0,0,0
6010,-3.1462,-0.9925,0.6995,0.2961,0.0,0.0,0.0,0.0,0.0,-1.0,-112.0,-14.0,0,0
6018,-3.1462,-0.9925,0.6995,0.2961,0.0,0.0,0.0,0.0,0.0,-1.0,-108.0,-12.0,0,0
6030,-3.1477,-0.9925,0.6995,0.2961,0.0,0.0,0.0,0.0,0.0,-2.0,-105.0,-14.0,0,0
6039,-3.1477,-0.9925,0.6995,0.2961,0.0,0.0,0.0,0.0,0.0,-1.0,-104.0,-12.0,0,0
6051,-3.1477,-0.9925,0.6995,0.2961,0.0,0.0,0.0,0.0,0.0,-1.0,-114.0,-13.0,0,0
6059,-3.1477,-0.9925,0.6995,0.2945,0.0,0.0,0.0,0.0,0.0,-2.0,-112.0,-14.0,0,0
6071,-3.1477,-0.9925,0.701,0.2961,0.0,0.0,0.0,0.0,0.0,-1.0,-112.0,-14.0,0,0
6084,-3.1477,-0.9925,0.6995,0.2961,0.0,0.0,0.0,0.0,0.0,-1.0,-115.0,-14.0,0,0
6092,-3.1477,-0.9925,0.6995,0.2961,0.0,0.0,0.0,0.0,0.0,-1.0,-116.0,-12.0,0,0
6104,-3.1477,-0.9925,0.6995,0.2961,0.0,0.0,0.0,0.0,0.0,-2.0,-113.0,-14.0,0,0
6112,-3.1462,-0.9925,0.6995,0.2961,0.0,0.0,0.0,0.0,0.0,-1.0,-111.0,-13.0,0,0
6125,-3.1462,-0.9925,0.6995,0.2961,0.0,0.0,0.0,0.0,0.0,-1.0,-113.0,-14.0,0,0
6133,-3.1462,-0.9925,0.701,0.2961,0.0,0.0,0.0,0.0,0.0,-1.0,-117.0,-12.0,0,0
6145,-3.1477,-0.9925,0.701,0.2961,0.0,0.0,0.0,0.0,0.0,0.0,-108.0,-12.0,0,0
6153,-3.1462,-0.9925,0.701,0.2961,0.0,0.0,0.0,0.0,0.0,0.0,-115.0,-14.0,0,0
6166,-3.1462,-0.9925,0.6995,0.2961,0.0,0.0,0.0,0.0,0.0,-4.0,-110.0,-13.0,0,0
6174,-3.1462,-0.9925,0.6995,0.2961,0.0,0.0,0.0,0.0,0.0,-4.0,-110.0,-13.0,0,0
6186,-3.1477,-0.9925,0.701,0.2961,0.0,0.0,0.0,0.0,0.0,-1.0,-113.0,-12.0,0,0
6194,-3.1477,-0.9925,0.701,0.2961,0.0,0.0,0.0,0.0,0.0,-1.0,-113.0,-12.0,0,0
6207,-3.1462,-0.991,0.701,0.2961,0.0,0.0,0.0,0.0,2.0,-2.0,-113.0,-14.0,0,0
6219,-3.1477,-0.9925,0.6995,0.2961,0.0,0.0,0.0,0.0,0.0,-1.0,-107.0,-14.0,0,0
6227,-3.1462,-0.9925,0.701,0.2961,0.0,0.0,0.0,0.0,0.0,-4.0,-114.0,-14.0,0,0
6239,-3.1462,-0.9925,0.6995,0.2961,0.0,0.0,0.0,0.0,0.0,-2.0,-115.0,-14.0,0,0
6248,-3.1462,-0.9925,0.6995,0.2961,0.0,0.0,0.0,0.0,2.0,-2.0,-111.0,-14.0,0,0
6260,-3.1462,-0.9925,0.6995,0.2961,0.0,0.0,0.0,0.0,-1.0,-1.0,-113.0,-14.0,0,0
6268,-3.1462,-0.9925,0.701,0.2961,0.0,0.0,0.0,0.0,0.0,-1.0,-116.0,-14.0,0,0
6280,-3.1462,-0.9925,0.701,0.2961,0.0,0.0,0.0,0.0,-1.0,-1.0,-115.0,-14.0,0,0
6289,-3.1462,-0.9925,0.701,0.2961,0.0,0.0,0.0,0.0,0.0,0.0,-117.0,-11.0,0,0
6301,-3.1462,-0.9925,0.6995,0.2961,0.0,0.0,0.0,0.0,0.0,-1.0,-115.0,-12.0,0,0
6309,-3.1477,-0.9925,0.701,0.2961,0.0,0.0,0.0,0.0,0.0,-1.0,-116.0,-14.0,0,0
6321,-3.1462,-0.9925,0.701,0.2961,0.0,0.0,0.0,0.0,0.0,-1.0,-114.0,-14.0,0,0
6334,-3.1462,-0.9925,0.6995,0.2961,0.0,0.0,0.0,0.0,3.0,-1.0,-115.0,-12.0,0,0
6342,-3.1477,-0.9925,0.6995,0.2961,0.0,0.0,0.0,0.0,0.0,-1.0,-114.0,-11.0,0,0
6354,-3.1462,-0.9925,0.6995,0.2961,0.0,0.0,0.0,0.0,3.0,-1.0,-108.0,-12.0,0,0
6362,-3.1462,-0.9925,0.6995,0.2961,0.0,0.0,0.0,0.0,4.0,-2.0,-115.0,-14.0,0,0
6375,-3.1462,-0.991,0.6995,0.2961,0.0,0.0,0.0,0.0,0.0,-2.0,-114.0,-12.0,0,0
6383,-3.1447,-0.9925,0.701,0.2945,0.0,0.0,0.0,0.0,0.0,-1.0,-113.0,-14.0,0,0
6395,-3.1431,-0.9925,0.6995,0.2961,0.0,0.0,0.0,0.0,-5.0,-1.0,-110.0,-11.0,0,0
6403,-3.1431,-0.9925,0.6995,0.2961,0.024,0.0,0.0,0.0,-2.0,0.0,-114.0,-13.0,0,0
6415,-3.1431,-0.9925,0.6995,0.2961,0.024,0.0,0.0,0.0,0.0,-1.0,-118.0,-14.0,0,0
6424,-3.1447,-0.9925,0.701,0.2961,0.024,0.0,0.0,0.0,1.0,-2.0,-115.0,-14.0,0,0
6436,-3.1447,-0.9925,0.701,0.2961,0.024,0.0,0.0,0.0,-5.0,-1.0,-119.0,-14.0,0,0
6444,-3.1447,-0.9925,0.701,0.2961,0.024,0.0,0.0,0.0,-5.0,-1.0,-119.0,-14.0,0,0
6456,-3.1447,-0.9925,0.701,0.2961,0.0,0.0,0.0,0.0,0.0,-3.0,-120.0,-14.0,0,0
6469,-3.1462,-0.991,0.7026,0.2961,0.0,0.0,0.0,0.0,0.0,-12.0,-116.0,-11.0,6,0
6477,-3.1477,-0.991,0.701,0.2961,-0.024,0.0,0.0,0.0,16.0,-13.0,-123.0,-14.0,12,1
6489,-3.1477,-0.9894,0.701,0.2961,-0.024,0.0,0.0,0.0,6.0,-21.0,-118.0,-14.0,20,1
6501,-3.1477,-0.9894,0.701,0.2961,-0.0479,0.024,0.0,0.0,1.0,-28.0,-121.0,-14.0,13,1
6514,-3.1477,-0.9894,0.701,0.2961,-0.0479,0.024,0.0,0.0,7.0,-29.0,-118.0,-14.0,10,0
6522,-3.1493,-0.9894,0.701,0.2945,-0.0479,0.024,0.0,0.0,6.0,-29.0,-120.0,-14.0,8,0
6534,-3.1477,-0.9894,0.7026,0.2961,-0.0479,0.024,0.0,0.0,9.0,-30.0,-121.0,-14.0,8,0
6542,-3.1477,-0.9894,0.701,0.2961,-0.024,0.024,0.0,0.0,10.0,-33.0,-118.0,-14.0,4,0
6555,-3.1477,-0.9879,0.7026,0.2961,-0.024,0.024,0.0,0.0,16.0,-33.0,-121.0,-14.0,4,0
6563,-3.1477,-0.9879,0.701,0.2961,0.0,0.024,0.0,0.0,18.0,-40.0,-129.0,-14.0,6,0
6575,-3.1493,-0.9879,0.7026,0.2961,0.0,0.024,0.0,0.0,15.0,-41.0,-126.0,-14.0,6,0
6587,-3.1477,-0.9863,0.7026,0.2961,0.0,0.024,0.0,0.0,20.0,-43.0,-128.0,-10.0,7,0
6596,-3.1493,-0.9879,0.701,0.2961,0.0,0.024,0.0,0.0,23.0,-43.0,-123.0,-14.0,8,0
6608,-3.1477,-0.9879,0.701,0.2961,0.0,0.024,0.0,0.0,20.0,-40.0,-126.0,-14.0,10,0
6620,-3.1477,-0.9879,0.7026,0.2961,0.0,0.0,0.0,0.0,21.0,-41.0,-123.0,-14.0,11,1
6628,-3.1493,-0.9879,0.7026,0.2945,0.0,0.0,0.0,0.0,24.0,-40.0,-128.0,-14.0,14,1
6641,-3.1477,-0.9863,0.7026,0.2961,0.0,0.0,0.0,0.0,25.0,-45.0,-123.0,-14.0,14,1
6653,-3.1493,-0.9879,0.7026,0.2961,0.0,0.0,0.0,0.0,24.0,-47.0,-124.0,-14.0,15,1
6665,-3.1477,-0.9863,0.7026,0.2961,0.0,0.0,0.0,0.0,23.0,-48.0,-126.0,-14.0,15,1
6678,-3.1493,-0.9863,0.7026,0.2961,0.0,0.0,0.0,0.0,28.0,-45.0,-130.0,-14.0,15,1
6686,-3.1493,-0.9863,0.7026,0.2961,0.0,0.0,0.0,0.0,24.0,-46.0,-125.0,-14.0,15,1
6698,-3.1477,-0.9863,0.701,0.2961,0.0,0.0,0.0,0.0,20.0,-48.0,-126.0,-14.0,16,1
6710,-3.1493,-0.9879,0.701,0.2961,0.0,0.0,0.0,0.0,23.0,-49.0,-125.0,-14.0,15,1
6723,-3.1493,-0.9863,0.701,0.2961,0.0,0.0,0.0,0.0,18.0,-47.0,-121.0,-14.0,14,1
6735,-3.1477,-0.9863,0.701,0.2961,0.0,0.0,0.0,0.0,18.0,-48.0,-120.0,-14.0,13,1
6744,-3.1477,-0.9863,0.701,0.2961,0.0,0.0,0.0,0.0,18.0,-50.0,-119.0,-14.0,12,1
6755,-3.1462,-0.9863,0.701,0.2961,0.0,0.0,0.0,0.0,19.0,-49.0,-126.0,-14.0,10,0
6768,-3.1431,-0.9879,0.701,0.2961,0.024,0.0,0.0,0.0,-2.0,-43.0,-122.0,-14.0,10,0
6780,-3.1416,-0.9879,0.701,0.2961,0.0479,0.0,0.0,0.0,-10.0,-30.0,-118.0,-14.0,7,0
6788,-3.1401,-0.9894,0.6995,0.2961,0.0719,0.0,0.0,0.0,-17.0,-31.0,-111.0,-14.0,7,0
6800,-3.1401,-0.9879,0.6995,0.2961,0.0719,0.0,-0.024,0.0,-16.0,-33.0,-111.0,-14.0,2,0
6809,-3.1416,-0.9894,0.6995,0.2961,0.0959,-0.024,-0.024,0.0,-20.0,-34.0,-115.0,-14.0,1,0
6821,-3.1416,-0.9894,0.6995,0.2961,0.0959,-0.024,-0.024,0.0,-5.0,-34.0,-115.0,-14.0,1,0
6829,-3.1416,-0.9894,0.6995,0.2961,0.0719,-0.024,-0.024,0.0,-8.0,-35.0,-115.0,-14.0,0,0
6841,-3.1431,-0.9894,0.6995,0.2961,0.0479,-0.024,0.0,0.0,0.0,-35.0,-115.0,-14.0,0,0
6850,-3.1431,-0.9894,0.6995,0.2961,0.024,-0.024,0.0,0.0,2.0,-34.0,-115.0,-14.0,0,0
6863,-3.1462,-0.9894,0.6995,0.2961,0.0,-0.024,0.0,0.0,4.0,-35.0,-115.0,-14.0,0,0
6871,-3.1477,-0.9894,0.6995,0.2961,-0.0479,0.0,0.0,0.0,14.0,-36.0,-115.0,-14.0,0,0
6883,-3.1493,-0.9894,0.6995,0.2961,-0.0719,0.0,0.0,0.0,16.0,-31.0,-115.0,-13.0,0,0
6891,-3.1477,-0.9894,0.6995,0.2961,-0.0959,0.0,0.0,0.0,11.0,-31.0,-114.0,-14.0,0,0
6903,-3.1462,-0.9894,0.6995,0.2961,-0.0719,0.0,0.0,0.0,-4.0,-31.0,-115.0,-14.0,0,0
6915,-3.1447,-0.9879,0.6995,0.2961,-0.0719,0.0,0.0,0.0,-1.0,-31.0,-115.0,-14.0,0,0
6924,-3.1431,-0.9894,0.6995,0.2961,-0.024,0.0,0.0,0.0,0.0,-31.0,-116.0,-14.0,0,0
6936,-3.1416,-0.9879,0.6995,0.2961,0.024,0.0,0.0,0.0,-1.0,-33.0,-116.0,-14.0,0,0
6944,-3.1416,-0.9879,0.6995,0.2961,0.024,0.0,0.0,0.0,-1.0,-33.0,-116.0,-14.0,0,0
6956,-3.1431,-0.9894,0.6995,0.2961,0.0719,0.0,0.0,0.0,0.0,-25.0,-117.0,-14.0,0,0
6965,-3.1431,-0.9894,0.6995,0.2961,0.0719,0.0,0.0,0.0,0.0,-25.0,-117.0,-14.0,0,0
6977,-3.1431,-0.9894,0.6995,0.2961,0.024,0.0,0.0,0.0,0.0,-32.0,-115.0,-14.0,0,0
6985,-3.1431,-0.9894,0.6995,0.2961,0.024,0.0,0.0,0.0,0.0,-32.0,-115.0,-14.0,0,0
6997,-3.1462,-0.9894,0.6995,0.2961,0.0,0.0,0.0,0.0,0.0,-30.0,-114.0,-14.0,0,0
7006,-3.1462,-0.9894,0.6995,0.2961,0.0,0.0,0.0,0.0,0.0,-30.0,-114.0,-14.0,0,0
7018,-3.1462,-0.9894,0.6995,0.2961,-0.0479,0.0,0.0,0.0,5.0,-40.0,-115.0,-14.0,0,0
7030,-3.1462,-0.9894,0.6995,0.2961,-0.0479,0.0,0.0,0.0,3.0,-32.0,-115.0,-14.0,0,0
7039,-3.1462,-0.9894,0.6995,0.2961,-0.0479,0.0,0.0,0.0,1.0,-41.0,-115.0,-14.0,0,0
7050,-3.1447,-0.9894,0.6995,0.2961,-0.024,0.0,0.0,0.0,-7.0,-39.0,-115.0,-14.0,0,0
7059,-3.1447,-0.9894,0.6995,0.2961,-0.024,0.0,0.0,0.0,0.0,-39.0,-115.0,-14.0,0,0
7071,-3.1431,-0.9894,0.6995,0.2961,0.0,0.0,0.0,0.0,0.0,-39.0,-116.0,-14.0,0,0
7080,-3.1431,-0.9894,0.6995,0.2961,0.0,0.0,0.0,0.0,0.0,-39.0,-116.0,-14.0,0,0
7091,-3.1431,-0.9894,0.6995,0.2961,0.024,0.0,0.0,0.0,0.0,-40.0,-116.0,-14.0,0,0
7100,-3.1431,-0.9894,0.6995,0.2961,0.024,0.0,0.0,0.0,0.0,-39.0,-117.0,-14.0,0,0
7112,-3.1431,-0.9894,0.6995,0.2961,0.024,0.0,0.0,0.0,0.0,-39.0,-116.0,-14.0,0,0
7120,-3.1431,-0.9894,0.6995,0.2961,0.024,0.0,0.0,0.0,0.0,-42.0,-116.0,-14.0,0,0
7132,-3.1431,-0.9894,0.6995,0.2961,0.024,0.0,0.0,0.0,0.0,-41.0,-116.0,-14.0,0,0
7141,-3.1431,-0.9894,0.6995,0.2961,0.0,0.0,0.0,0.0,0.0,-41.0,-116.0,-14.0,0,0
7153,-3.1431,-0.9894,0.6995,0.2961,0.0,0.0,0.0,0.0,0.0,-41.0,-116.0,-14.0,0,0
7165,-3.1431,-0.9894,0.6995,0.2961,0.0,0.0,0.0,0.0,0.0,-42.0,-116.0,-11.0,0,0
7174,-3.1431,-0.9894,0.6995,0.2961,0.0,0.0,0.0,0.0,0.0,-42.0,-116.0,-14.0,0,0
7186,-3.1431,-0.9894,0.6995,0.2961,0.0,0.0,0.0,0.0,0.0,-42.0,-117.0,-14.0,0,0
7194,-3.1431,-0.9894,0.6995,0.2961,0.0,0.0,0.0,0.0,0.0,-42.0,-117.0,-14.0,0,0
7206,-3.1431,-0.9894,0.6995,0.2961,0.0,0.0,0.0,0.0,0.0,-44.0,-116.0,-14.0,0,0
7215,-3.1431,-0.9894,0.6995,0.2961,0.0,0.0,0.0,0.0,0.0,-44.0,-116.0,-14.0,0,0
7226,-3.1431,-0.9894,0.6995,0.2961,0.0,0.0,0.0,0.0,0.0,-44.0,-117.0,-14.0,0,0
7235,-3.1431,-0.9894,0.6995,0.2961,0.0,0.0,0.0,0.0,0.0,-44.0,-117.0,-14.0,0,0
7248,-3.1431,-0.9894,0.6995,0.2961,0.0,0.0,0.0,0.0,0.0,-44.0,-115.0,-14.0,0,0
7256,-3.1431,-0.9894,0.6995,0.2961,0.0,0.0,0.0,0.0,0.0,-44.0,-115.0,-14.0,0,0
7267,-3.1431,-0.9894,0.6995,0.2945,0.0,0.0,0.0,0.0,0.0,-44.0,-116.0,-13.0,0,0
7276,-3.1431,-0.9894,0.6995,0.2961,0.0,0.0,0.0,0.0,0.0,-42.0,-116.0,-14.0,0,0
7288,-3.1431,-0.9894,0.6995,0.2961,0.0,0.0,0.0,0.0,0.0,-44.0,-116.0,-14.0,0,0
7300,-3.1431,-0.9894,0.6995,0.2961,0.0,0.0,0.0,0.0,0.0,-45.0,-116.0,-14.0,0,0
7309,-3.1431,-0.9894,0.6995,0.2961,0.0,0.0,0.0,0.0,0.0,-41.0,-116.0,-14.0,0,0
7321,-3.1431,-0.9894,0.6995,0.2961,0.0,0.0,0.0,0.0,0.0,-45.0,-116.0,-14.0,0,0
7329,-3.1431,-0.9894,0.6995,0.2961,0.0,0.0,0.0,0.0,0.0,-39.0,-116.0,-14.0,0,0
7341,-3.1431,-0.9894,0.6995,0.2961,0.0,0.0,0.0,0.0,0.0,-44.0,-116.0,-14.0,0,0
7350,-3.1431,-0.9894,0.701,0.2961,0.0,0.0,0.0,0.0,0.0,-40.0,-117.0,-14.0,0,0
7362,-3.1431,-0.9894,0.6995,0.2961,0.0,0.0,0.0,0.0,0.0,-39.0,-117.0,-14.0,0,0
7370,-3.1431,-0.9894,0.6995,0.2961,0.0,0.0,0.0,0.0,0.0,-43.0,-116.0,-14.0,0,0
7383,-3.1431,-0.9894,0.6995,0.2961,0.0,0.0,0.0,0.0,0.0,-43.0,-119.0,-14.0,0,0
7391,-3.1431,-0.9894,0.6995,0.2961,0.0,0.0,0.0,0.0,0.0,-43.0,-117.0,-14.0,0,0
7403,-3.1431,-0.9894,0.6995,0.2961,0.0,0.0,0.0,0.0,0.0,-43.0,-118.0,-14.0,0,0
7415,-3.1431,-0.9894,0.6995,0.2961,0.0,0.0,0.0,0.0,0.0,-43.0,-117.0,-14.0,0,0
7424,-3.1431,-0.9894,0.6995,0.2961,0.0,0.0,0.0,0.0,0.0,-43.0,-118.0,-14.0,0,0
7435,-3.1431,-0.9894,0.6995,0.2961,0.0,0.0,0.0,0.0,0.0,-43.0,-117.0,-14.0,0,0
7444,-3.1431,-0.9894,0.6995,0.2961,0.0,0.0,0.0,0.0,0.0,-43.0,-115.0,-14.0,0,0
7456,-3.1431,-0.9894,0.6995,0.2961,0.0,0.0,0.0,0.0,0.0,-43.0,-117.0,-14.0,0,0
7465,-3.1431,-0.9894,0.6995,0.2961,0.0,0.0,0.0,0.0,0.0,-43.0,-117.0,-14.0,0,0
7477,-3.1431,-0.9894,0.6995,0.2961,0.0,0.0,0.0,0.0,0.0,-43.0,-117.0,-13.0,0,0
7485,-3.1431,-0.9894,0.6995,0.2961,0.0,0.0,0.0,0.0,0.0,-43.0,-117.0,-13.0,0,0
7497,-3.1431,-0.9894,0.6995,0.2961,0.0,0.0,0.0,0.0,0.0,-43.0,-116.0,-14.0,0,0
7506,-3.1431,-0.9894,0.6995,0.2961,0.0,0.0,0.0,0.0,0.0,-43.0,-116.0,-14.0,0,0
7518,-3.1431,-0.9894,0.6995,0.2961,0.0,0.0,0.0,0.0,0.0,-43.0,-116.0,-14.0,0,0
7526,-3.1431,-0.9894,0.6995,0.2961,0.0,0.0,0.0,0.0,0.0,-43.0,-116.0,-14.0,0,0
7538,-3.1431,-0.9894,0.6995,0.2961,0.0,0.0,0.0,0.0,0.0,-44.0,-117.0,-14.0,0,0
7551,-3.1431,-0.9894,0.6995,0.2961,0.0,0.0,0.0,0.0,0.0,-44.0,-117.0,-15.0,0,0
7559,-3.1431,-0.9894,0.701,0.2961,0.0,0.0,0.0,0.0,0.0,-44.0,-117.0,-14.0,0,0
7571,-3.1431,-0.9894,0.6995,0.2961,0.0,0.0,0.0,0.0,0.0,-44.0,-117.0,-14.0,0,0
7579,-3.1431,-0.9894,0.6995,0.2961,0.0,0.0,0.0,0.0,0.0,-44.0,-117.0,-14.0,0,0
7592,-3.1431,-0.9894,0.6995,0.2961,0.0,0.0,0.0,0.0,0.0,-44.0,-117.0,-14.0,0,0
7600,-3.1431,-0.9894,0.6995,0.2961,0.0,0.0,0.0,0.0,0.0,-44.0,-116.0,-14.0,0,0
7612,-3.1431,-0.9894,0.6995,0.2961,0.0,0.0,0.0,0.0,0.0,-46.0,-117.0,-12.0,0,0
7620,-3.1431,-0.9894,0.6995,0.2961,0.0,0.0,0.0,0.0,0.0,-46.0,-117.0,-14.0,0,0
7633,-3.1431,-0.9894,0.6995,0.2961,0.0,0.0,0.0,0.0,0.0,-46.0,-117.0,-12.0,0,0
7641,-3.1431,-0.9894,0.6995,0.2961,0.0,0.0,0.0,0.0,0.0,-46.0,-117.0,-14.0,0,0
7653,-3.1431,-0.9894,0.6995,0.2961,0.0,0.0,0.0,0.0,0.0,-46.0,-117.0,-14.0,0,0
7661,-3.1447,-0.9894,0.6995,0.2961,0.0,0.0,0.0,0.0,4.0,-46.0,-116.0,-14.0,0,0
7673,-3.1462,-0.9894,0.6995,0.2961,0.0,0.0,0.0,0.0,17.0,-46.0,-116.0,-14.0,0,0
7686,-3.1462,-0.9894,0.6995,0.2961,-0.024,0.0,0.0,0.0,13.0,-46.0,-123.0,-14.0,0,0
7694,-3.1462,-0.9894,0.698,0.2961,-0.024,0.0,0.0,0.0,15.0,-49.0,-105.0,-14.0,0,0
7706,-3.1477,-0.9863,0.698,0.2961,-0.024,0.0,0.0,0.0,21.0,-80.0,-109.0,-14.0,5,0
7714,-3.1477,-0.9863,0.698,0.2961,-0.024,0.0,0.0,0.0,21.0,-80.0,-109.0,-14.0,5,0
7727,-3.1462,-0.9833,0.698,0.2961,-0.024,0.0479,0.0,0.0,21.0,-107.0,-107.0,-14.0,5,0
7735,-3.1462,-0.9833,0.698,0.2961,-0.024,0.0479,0.0,0.0,21.0,-107.0,-107.0,-14.0,6,0
7747,-3.1462,-0.9787,0.698,0.2961,0.0,0.0959,0.0,0.0,26.0,-139.0,-116.0,-14.0,10,0
7760,-3.1462,-0.9771,0.698,0.2961,0.0,0.1198,0.0,0.0,27.0,-153.0,-115.0,-14.0,10,0
7768,-3.1462,-0.9741,0.698,0.2961,0.0,0.1438,0.0,0.0,29.0,-157.0,-108.0,-14.0,9,0
7780,-3.1462,-0.9725,0.698,0.2961,0.0,0.1678,0.0,0.0,31.0,-163.0,-109.0,-14.0,9,0
7788,-3.1477,-0.971,0.698,0.2961,0.0,0.1918,0.0,0.0,27.0,-173.0,-114.0,-14.0,9,0
7800,-3.1477,-0.9679,0.698,0.2961,0.0,0.1918,0.0,0.0,26.0,-176.0,-110.0,-14.0,9,0
7813,-3.1477,-0.9664,0.698,0.2961,0.0,0.1918,0.0,0.0,38.0,-185.0,-106.0,-14.0,10,0
7825,-3.1477,-0.9649,0.698,0.2961,0.0,0.1918,0.0,0.0,39.0,-187.0,-104.0,-14.0,12,1
7833,-3.1477,-0.9633,0.698,0.2961,0.0,0.1918,0.0,0.0,41.0,-204.0,-110.0,-14.0,13,1
7846,-3.1477,-0.9603,0.698,0.2961,0.0,0.1918,0.0,0.0,40.0,-225.0,-114.0,-14.0,12,1
7858,-3.1477,-0.9557,0.698,0.2961,0.0,0.1918,0.0,0.0,41.0,-240.0,-107.0,-14.0,13,1
7870,-3.1477,-0.9541,0.698,0.2961,0.0,0.1918,0.0,0.0,41.0,-233.0,-112.0,-12.0,15,1
7882,-3.1477,-0.9526,0.698,0.2961,0.0,0.1918,0.0,0.0,35.0,-242.0,-107.0,-14.0,16,1
7891,-3.1477,-0.9526,0.698,0.2961,0.0,0.1678,0.0,0.0,34.0,-247.0,-109.0,-14.0,20,1
7903,-3.1477,-0.9511,0.698,0.2961,0.0,0.1678,0.0,0.0,37.0,-245.0,-111.0,-14.0,25,1
7915,-3.1493,-0.9511,0.698,0.2961,0.0,0.1438,0.0,0.0,41.0,-242.0,-112.0,-14.0,27,1
7927,-3.1508,-0.9511,0.698,0.2961,0.0,0.1198,0.0,0.0,53.0,-233.0,-109.0,-12.0,28,1
7940,-3.1508,-0.9495,0.698,0.2961,-0.024,0.0959,0.0,0.0,51.0,-235.0,-114.0,-14.0,31,1
7948,-3.1508,-0.9495,0.698,0.2961,-0.024,0.0479,0.0,0.0,46.0,-235.0,-111.0,-14.0,32,1
7960,-3.1508,-0.9511,0.698,0.2961,-0.024,0.024,0.0,0.0,46.0,-235.0,-111.0,-14.0,33,1
7972,-3.1493,-0.9511,0.698,0.2961,-0.024,0.024,0.0,0.0,45.0,-234.0,-106.0,-14.0,33,1
7985,-3.1493,-0.9511,0.698,0.2961,-0.024,0.0,0.0,0.0,37.0,-234.0,-107.0,-14.0,32,1
7997,-3.1493,-0.9526,0.698,0.2961,0.0,0.0,0.0,0.0,32.0,-229.0,-113.0,-14.0,30,1
8005,-3.1493,-0.9526,0.698,0.2961,0.0,0.0,0.0,0.0,32.0,-229.0,-113.0,-14.0,28,1
8018,-3.1477,-0.9541,0.698,0.2961,0.0,-0.024,0.0,0.0,23.0,-188.0,-109.0,-14.0,25,1
8030,-3.1477,-0.9572,0.698,0.2961,0.024,-0.0479,0.0,0.0,21.0,-157.0,-115.0,-14.0,18,1
8042,-3.1462,-0.9618,0.698,0.2961,0.024,-0.0719,0.0,0.0,13.0,-130.0,-108.0,-14.0,14,1
8054,-3.1462,-0.9649,0.698,0.2961,0.024,-0.1198,0.0,0.0,12.0,-105.0,-113.0,-14.0,10,0
8063,-3.1447,-0.9695,0.698,0.2961,0.024,-0.1678,0.0,0.0,11.0,-87.0,-107.0,-14.0,5,0
8075,-3.1447,-0.9741,0.698,0.2961,0.0479,-0.2157,0.0,0.0,8.0,-70.0,-115.0,-14.0,1,0
8083,-3.1447,-0.9771,0.698,0.2961,0.0479,-0.2637,0.0,0.0,-2.0,-62.0,-113.0,-14.0,0,0
8095,-3.1431,-0.9802,0.698,0.2961,0.0479,-0.3116,0.0,0.0,0.0,-43.0,-108.0,-14.0,0,0
8104,-3.1431,-0.9848,0.698,0.2961,0.0479,-0.3356,0.0,0.0,0.0,-42.0,-108.0,-14.0,0,0
8116,-3.1431,-0.9863,0.698,0.2961,0.0479,-0.3595,0.0,0.0,0.0,-38.0,-104.0,-14.0,0,0
8124,-3.1431,-0.9894,0.698,0.2945,0.0479,-0.3595,0.0,0.0,0.0,-27.0,-115.0,-14.0,0,0
8136,-3.1431,-0.994,0.6964,0.2961,0.024,-0.3116,0.0,0.0,0.0,-28.0,-113.0,-14.0,0,0
8145,-3.1431,-0.994,0.6964,0.2961,0.024,-0.3116,0.0,0.0,0.0,-28.0,-113.0,-14.0,0,0
8157,-3.1431,-0.9956,0.698,0.2961,0.0,-0.2397,0.0,0.0,0.0,-37.0,-108.0,-14.0,0,0
8165,-3.1431,-0.9956,0.698,0.2961,0.0,-0.2397,0.0,0.0,0.0,-37.0,-108.0,-14.0,0,0
8177,-3.1431,-0.9971,0.6964,0.2961,0.0,-0.1678,0.0,0.0,0.0,-43.0,-106.0,-14.0,0,0
8190,-3.1431,-0.9971,0.698,0.2961,0.0,-0.1438,0.0,0.0,0.0,-43.0,-110.0,-14.0,0,0
8198,-3.1431,-0.9971,0.698,0.2961,0.0,-0.0959,0.0,0.0,0.0,-41.0,-110.0,-14.0,0,0
8210,-3.1431,-0.9971,0.698,0.2961,0.0,-0.0719,0.0,0.0,0.0,-43.0,-108.0,-14.0,0,0
8218,-3.1431,-0.9971,0.698,0.2961,0.0,-0.0479,0.0,0.0,-1.0,-45.0,-113.0,-14.0,0,0
8231,-3.1416,-0.9971,0.698,0.2961,0.0,-0.024,0.0,0.0,0.0,-44.0,-116.0,-14.0,0,0
8239,-3.1431,-0.9971,0.698,0.2961,0.0,-0.024,0.0,0.0,0.0,-43.0,-113.0,-14.0,0,0
8251,-3.1431,-0.9971,0.698,0.2961,0.0,0.0,0.0,0.0,0.0,-45.0,-108.0,-14.0,0,0
8259,-3.1431,-0.9971,0.698,0.2961,0.0,0.0,0.0,0.0,0.0,-46.0,-112.0,-14.0,0,0
8271,-3.1431,-0.9971,0.698,0.2961,0.0,0.0,0.0,0.0,0.0,-44.0,-107.0,-14.0,0,0
8280,-3.1431,-0.9956,0.698,0.2961,0.0,0.0,0.0,0.0,0.0,-44.0,-109.0,-14.0,0,0
8292,-3.1431,-0.9971,0.698,0.2961,0.0,0.0,0.0,0.0,0.0,-45.0,-108.0,-14.0,0,0
8300,-3.1431,-0.9971,0.698,0.2961,0.0,0.0,0.0,0.0,0.0,-44.0,-111.0,-14.0,0,0
8312,-3.1431,-0.9971,0.698,0.2961,0.0,0.0,0.0,0.0,0.0,-44.0,-109.0,-14.0,0,0
8325,-3.1431,-0.9971,0.698,0.2961,0.0,0.0,0.0,0.0,0.0,-44.0,-108.0,-14.0,0,0
8333,-3.1431,-0.9971,0.698,0.2961,0.0,0.0,0.0,0.0,0.0,-44.0,-108.0,-14.0,0,0
8345,-3.1431,-0.9971,0.698,0.2961,0.0,0.0,0.0,0.0,0.0,-45.0,-109.0,-14.0,0,0
8353,-3.1431,-0.9971,0.698,0.2961,0.0,0.0,0.0,0.0,0.0,-44.0,-112.0,-14.0,0,0
8366,-3.1431,-0.9971,0.698,0.2961,0.0,0.0,0.0,0.0,0.0,-44.0,-115.0,-14.0,0,0
8374,-3.1431,-0.9956,0.698,0.2961,0.0,0.0,0.0,0.0,0.0,-45.0,-111.0,-14.0,0,0
8386,-3.1431,-0.9971,0.698,0.2961,0.0,0.0,0.0,0.0,0.0,-45.0,-108.0,-15.0,0,0
8394,-3.1431,-0.9971,0.698,0.2961,0.0,0.0,0.0,0.0,0.0,-45.0,-108.0,-15.0,0,0
8407,-3.1431,-0.9971,0.698,0.2961,0.0,0.0,0.0,0.0,0.0,-44.0,-109.0,-15.0,0,0
8415,-3.1431,-0.9971,0.698,0.2961,0.0,0.0,0.0,0.0,0.0,-44.0,-109.0,-15.0,0,0
8427,-3.1431,-0.9971,0.698,0.2961,0.0,0.0,0.0,0.0,0.0,-43.0,-107.0,-15.0,0,0
8439,-3.1431,-0.9971,0.698,0.2961,0.0,0.0,0.0,0.0,0.0,-44.0,-116.0,-14.0,0,0
8448,-3.1431,-0.9971,0.698,0.2961,0.0,0.0,0.0,0.0,0.0,-44.0,-107.0,-14.0,0,0
8460,-3.1431,-0.9971,0.698,0.2961,0.0,0.0,0.0,0.0,0.0,-45.0,-114.0,-14.0,0,0
8468,-3.1431,-0.9971,0.698,0.2961,0.0,0.0,0.0,0.0,0.0,-43.0,-111.0,-14.0,0,0
8480,-3.1431,-0.9971,0.6964,0.2961,0.0,0.0,0.0,0.0,0.0,-43.0,-113.0,-14.0,0,0
8489,-3.1431,-0.9971,0.6964,0.2961,0.0,0.0,0.0,0.0,0.0,-42.0,-110.0,-14.0,0,0
8501,-3.1431,-0.9971,0.698,0.2961,0.0,0.0,0.0,0.0,0.0,-42.0,-107.0,-14.0,0,0
8509,-3.1431,-0.9971,0.698,0.2961,0.0,0.0,0.0,0.0,0.0,-43.0,-108.0,-14.0,0,0
8521,-3.1431,-0.9971,0.698,0.2961,0.0,0.0,0.0,0.0,0.0,-43.0,-114.0,-12.0,0,0
8530,-3.1431,-0.9971,0.698,0.2961,0.0,0.0,0.0,0.0,0.0,-43.0,-113.0,-14.0,0,0
8542,-3.1431,-0.9971,0.698,0.2961,0.0,0.0,0.0,0.0,0.0,-43.0,-115.0,-12.0,0,0
8550,-3.1431,-0.9971,0.698,0.2961,0.0,0.0,0.0,0.0,0.0,-43.0,-116.0,-14.0,0,0
8562,-3.1431,-0.9971,0.698,0.2961,0.0,0.0,0.0,0.0,0.0,-44.0,-113.0,-14.0,0,0
8575,-3.1431,-0.9971,0.698,0.2961,0.0,0.0,0.0,0.0,0.0,-43.0,-104.0,-14.0,0,0
8583,-3.1431,-0.9971,0.698,0.2961,0.0,0.0,0.0,0.0,0.0,-44.0,-109.0,-12.0,0,0
8595,-3.1431,-0.9971,0.698,0.2961,0.0,0.0,0.0,0.0,0.0,-43.0,-105.0,-14.0,0,0
8603,-3.1431,-0.9971,0.698,0.2961,0.0,0.0,0.0,0.0,0.0,-43.0,-104.0,-14.0,0,0
8616,-3.1431,-0.9971,0.698,0.2961,0.0,0.0,0.0,0.0,0.0,-41.0,-113.0,-14.0,0,0
8624,-3.1431,-0.9971,0.698,0.2961,0.0,0.0,0.0,0.0,0.0,-41.0,-113.0,-14.0,0,0
8636,-3.1431,-0.9971,0.698,0.2961,0.0,0.0,0.0,0.0,0.0,-41.0,-105.0,-14.0,0,0
8644,-3.1431,-0.9971,0.698,0.2961,0.0,0.0,0.0,0.0,0.0,-42.0,-112.0,-14.0,0,0
8657,-3.1431,-0.9971,0.698,0.2961,0.0,0.0,0.0,0.0,0.0,-41.0,-111.0,-14.0,0,0
8665,-3.1431,-0.9971,0.698,0.2961,0.0,0.0,0.0,0.0,0.0,-41.0,-111.0,-14.0,0,0
8677,-3.1431,-0.9971,0.698,0.2961,0.0,0.0,0.0,0.0,0.0,-42.0,-104.0,-14.0,0,0
8689,-3.1431,-0.9971,0.698,0.2961,0.0,0.0,0.0,0.0,0.0,-41.0,-112.0,-14.0,0,0
8697,-3.1431,-0.9971,0.698,0.2961,0.0,0.0,0.0,0.0,0.0,-41.0,-112.0,-14.0,0,0
8710,-3.1431,-0.9971,0.698,0.2961,0.0,0.0,0.0,0.0,0.0,-41.0,-107.0,-14.0,0,0
8718,-3.1431,-0.9971,0.698,0.2961,0.0,0.0,0.0,0.0,0.0,-42.0,-107.0,-14.0,0,0
8730,-3.1431,-0.9971,0.698,0.2961,0.0,0.0,0.0,0.0,0.0,-42.0,-111.0,-14.0,0,0
8738,-3.1431,-0.9971,0.698,0.2961,0.0,0.0,0.0,0.0,0.0,-42.0,-107.0,-14.0,0,0
8751,-3.1431,-0.9971,0.698,0.2961,0.0,0.0,0.0,0.0,0.0,-42.0,-109.0,-15.0,0,0
8759,-3.1431,-0.9971,0.698,0.2961,0.0,0.0,0.0,0.0,0.0,-42.0,-104.0,-14.0,0,0
8771,-3.1431,-0.9971,0.698,0.2961,0.0,0.0,0.0,0.0,0.0,-41.0,-114.0,-14.0,0,0
8779,-3.1431,-0.9971,0.698,0.2961,0.0,0.0,0.0,0.0,0.0,-42.0,-106.0,-14.0,0,0
8792,-3.1431,-0.9971,0.698,0.2961,0.0,0.0,0.0,0.0,0.0,-42.0,-112.0,-14.0,0,0
8800,-3.1431,-0.9971,0.698,0.2961,0.0,0.0,0.0,0.0,0.0,-41.0,-111.0,-14.0,0,0
8812,-3.1431,-0.9971,0.698,0.2961,0.0,0.0,0.0,0.0,0.0,-42.0,-106.0,-14.0,0,0
8824,-3.1431,-0.9971,0.698,0.2961,0.0,0.0,0.0,0.0,0.0,-42.0,-110.0,-15.0,0,0
8833,-3.1431,-0.9971,0.698,0.2961,0.0,0.0,0.0,0.0,0.0,-41.0,-114.0,-15.0,0,0
8845,-3.1431,-0.9971,0.698,0.2961,0.0,0.0,0.0,0.0,0.0,-42.0,-110.0,-15.0,0,0
8853,-3.1431,-0.9971,0.698,0.2961,0.0,0.0,0.0,0.0,0.0,-42.0,-112.0,-14.0,0,0
8865,-3.1431,-0.9971,0.698,0.2961,0.0,0.0,0.0,0.0,0.0,-42.0,-105.0,-14.0,0,0
8874,-3.1431,-0.9971,0.698,0.2961,0.0,0.0,0.0,0.0,0.0,-41.0,-115.0,-14.0,0,0
8886,-3.1431,-0.9971,0.698,0.2961,0.0,0.0,0.0,0.0,0.0,-41.0,-107.0,-14.0,0,0
8894,-3.1431,-0.9971,0.698,0.2961,0.0,0.0,0.0,0.0,0.0,-41.0,-104.0,-14.0,0,0
8906,-3.1431,-0.9971,0.698,0.2961,0.0,0.0,0.0,0.0,0.0,-41.0,-113.0,-12.0,0,0
8915,-3.1431,-0.9971,0.698,0.2961,0.0,0.0,0.0,0.0,0.0,-41.0,-113.0,-12.0,0,0
8927,-3.1431,-0.9971,0.698,0.2961,0.0,0.0,0.0,0.0,0.0,-41.0,-115.0,-14.0,0,0
8935,-3.1431,-0.9971,0.698,0.2961,0.0,0.0,0.0,0.0,0.0,-41.0,-115.0,-14.0,0,0
8947,-3.1431,-0.9971,0.698,0.2961,0.0,0.0,0.0,0.0,0.0,-40.0,-113.0,-14.0,0,0
8960,-3.1401,-0.9971,0.698,0.2961,0.0,0.0,0.0,0.0,-4.0,-38.0,-107.0,-14.0,0,0
8968,-3.1385,-0.9971,0.698,0.2961,0.024,0.0,0.0,0.0,0.0,-38.0,-105.0,-14.0,0,0
8980,-3.1385,-0.9971,0.698,0.2961,0.024,0.0,0.0,0.0,-4.0,-39.0,-107.0,-14.0,0,0
8988,-3.1385,-0.9971,0.698,0.2961,0.0479,0.0,0.0,0.0,-4.0,-35.0,-112.0,-12.0,0,0
9001,-3.1401,-0.9971,0.698,0.2961,0.0479,0.0,0.0,0.0,0.0,-39.0,-109.0,-14.0,0,0
9009,-3.1401,-0.9971,0.698,0.2961,0.0479,0.0,0.0,0.0,0.0,-40.0,-106.0,-14.0,2,0
9021,-3.1401,-0.9971,0.6964,0.2961,0.024,0.0,0.0,0.0,0.0,-38.0,-114.0,-14.0,5,0
9029,-3.1401,-0.9971,0.698,0.2961,0.024,0.0,0.0,0.0,-4.0,-38.0,-106.0,-14.0,2,0
9042,-3.1416,-0.9971,0.698,0.2961,0.0,0.0,0.0,0.0,-3.0,-39.0,-114.0,-14.0,1,0
9050,-3.1416,-0.9971,0.698,0.2961,0.0,0.0,0.0,0.0,0.0,-38.0,-105.0,-13.0,1,0
9062,-3.1416,-0.9971,0.698,0.2961,-0.024,0.0,0.0,0.0,-6.0,-39.0,-113.0,-14.0,2,0
9074,-3.1401,-0.9971,0.698,0.2961,-0.024,0.0,0.0,0.0,-7.0,-39.0,-106.0,-13.0,6,0
9082,-3.1416,-0.9971,0.698,0.2961,0.0,0.0,0.0,0.0,-9.0,-38.0,-115.0,-14.0,7,0
9095,-3.1416,-0.9971,0.698,0.2961,0.0,0.0,0.0,0.0,-9.0,-38.0,-111.0,-14.0,7,0
9103,-3.1416,-0.9971,0.698,0.2961,0.0,0.0,0.0,0.0,-10.0,-35.0,-109.0,-14.0,7,0
9115,-3.1401,-0.9971,0.6995,0.2961,0.0,0.0,0.0,0.0,-11.0,-34.0,-112.0,-14.0,6,0
9123,-3.1401,-0.9971,0.698,0.2961,0.0,0.0,0.0,0.0,-11.0,-30.0,-112.0,-14.0,6,0
9136,-3.1401,-0.9971,0.698,0.2961,0.0,0.0,0.0,0.0,-10.0,-38.0,-106.0,-14.0,8,0
9144,-3.1401,-0.9971,0.698,0.2961,0.0,0.0,0.0,0.0,-11.0,-38.0,-114.0,-14.0,8,0
9156,-3.1401,-0.9971,0.698,0.2961,0.0,0.0,0.0,0.0,-15.0,-39.0,-112.0,-14.0,10,0
9168,-3.1401,-0.9971,0.698,0.2961,0.0,0.0,0.0,0.0,-14.0,-39.0,-112.0,-14.0,10,0
9177,-3.1401,-0.9971,0.698,0.2961,0.0,0.0,0.0,0.0,-14.0,-39.0,-115.0,-14.0,9,0
9189,-3.1401,-0.9971,0.698,0.2961,0.0,0.0,0.0,0.0,-11.0,-39.0,-113.0,-14.0,9,0
9201,-3.1401,-0.9971,0.6995,0.2961,0.0,0.0,0.0,0.0,-12.0,-39.0,-113.0,-14.0,11,1
9214,-3.1401,-0.9971,0.698,0.2961,0.0,0.0,0.0,0.0,-9.0,-39.0,-108.0,-14.0,19,1
9222,-3.1401,-0.9971,0.698,0.2961,0.0,0.0,0.0,0.0,-9.0,-39.0,-110.0,-15.0,26,1
9234,-3.1401,-0.9971,0.698,0.2961,0.0,0.0,0.0,0.0,-9.0,-39.0,-108.0,-13.0,33,1
9246,-3.1401,-0.9971,0.698,0.2961,0.0,0.0,0.0,0.0,-10.0,-39.0,-116.0,-12.0,37,1
9259,-3.1401,-0.9971,0.698,0.2961,0.0,0.0,0.0,0.0,-9.0,-37.0,-108.0,-14.0,39,1
9271,-3.1401,-0.9971,0.6995,0.2961,0.0,0.0,0.0,0.0,-9.0,-38.0,-115.0,-12.0,40,1
9279,-3.1401,-0.9971,0.698,0.2961,0.0,0.0,0.0,0.0,-11.0,-24.0,-114.0,-14.0,40,1
9291,-3.1401,-0.9971,0.698,0.2961,0.0,0.0,0.0,0.0,-12.0,-31.0,-116.0,-14.0,39,1
9304,-3.1401,-0.9971,0.698,0.2961,0.0,0.0,0.0,0.0,-9.0,-29.0,-106.0,-14.0,38,1
9316,-3.1401,-0.9971,0.698,0.2961,0.0,0.0,0.0,0.0,-7.0,-26.0,-110.0,-14.0,32,1
9328,-3.1401,-0.9971,0.698,0.2961,0.0,0.0,0.0,0.0,-10.0,-21.0,-113.0,-14.0,21,1
9336,-3.1401,-0.9971,0.6964,0.2961,0.0,0.0,0.0,0.0,-10.0,-25.0,-114.0,-14.0,11,1
9349,-3.1401,-0.9971,0.698,0.2961,0.0,0.0,0.0,0.0,-7.0,-31.0,-112.0,-14.0,10,0
9361,-3.1401,-0.9986,0.698,0.2961,0.0,0.0,0.0,0.0,-8.0,-32.0,-113.0,-14.0,9,0
9369,-3.1401,-0.9971,0.698,0.2961,0.0,0.0,0.0,0.0,-11.0,-30.0,-110.0,-14.0,8,0
9381,-3.1416,-0.9971,0.698,0.2961,0.0,0.0,0.0,0.0,-8.0,-31.0,-109.0,-14.0,5,0
9390,-3.1416,-0.9971,0.698,0.2961,0.0,0.0,0.0,0.0,-3.0,-31.0,-116.0,-14.0,4,0
9402,-3.1416,-0.9971,0.698,0.2961,0.0,0.0,0.0,0.0,0.0,-28.0,-109.0,-14.0,3,0
9410,-3.1416,-0.9971,0.698,0.2961,0.0,0.0,0.0,0.0,0.0,-31.0,-117.0,-14.0,5,0
9422,-3.1431,-0.9971,0.698,0.2961,-0.024,0.0,0.0,0.0,0.0,-32.0,-107.0,-14.0,8,0
9431,-3.1447,-0.9971,0.698,0.2961,-0.024,0.0,0.0,0.0,10.0,-30.0,-112.0,-14.0,8,0
9443,-3.1462,-0.9971,0.698,0.2961,-0.0479,0.0,0.0,0.0,9.0,-29.0,-108.0,-14.0,5,0
9455,-3.1447,-0.9971,0.698,0.2961,-0.0479,0.0,0.0,0.0,4.0,-31.0,-115.0,-14.0,6,0
9463,-3.1447,-0.9971,0.698,0.2961,-0.0479,0.0,0.0,0.0,0.0,-31.0,-106.0,-14.0,3,0
9476,-3.1431,-0.9971,0.698,0.2961,-0.024,0.0,0.0,0.0,-2.0,-38.0,-115.0,-14.0,2,0
9484,-3.1416,-0.9971,0.698,0.2961,0.0,0.0,0.0,0.0,0.0,-31.0,-113.0,-14.0,0,0
9496,-3.1401,-0.9971,0.698,0.2961,0.024,0.0,0.0,0.0,0.0,-31.0,-111.0,-14.0,0,0
9504,-3.1401,-0.9971,0.698,0.2961,0.024,0.0,0.0,0.0,0.0,-31.0,-111.0,-14.0,0,0
9517,-3.1416,-0.9986,0.698,0.2961,0.0479,0.0,0.0,0.0,-1.0,-32.0,-116.0,-14.0,0,0
9525,-3.1416,-0.9986,0.698,0.2961,0.0479,0.0,0.0,0.0,-1.0,-32.0,-116.0,-14.0,0,0
9537,-3.1416,-0.9971,0.698,0.2961,0.024,0.0,0.0,0.0,0.0,-31.0,-115.0,-14.0,0,0
9545,-3.1416,-0.9971,0.698,0.2961,0.024,0.0,0.0,0.0,0.0,-31.0,-115.0,-14.0,0,0
9558,-3.1431,-0.9986,0.698,0.2961,0.0,0.0,0.0,0.0,0.0,-32.0,-115.0,-15.0,0,0
9566,-3.1431,-0.9986,0.698,0.2961,0.0,0.0,0.0,0.0,0.0,-32.0,-115.0,-15.0,0,0
9578,-3.1431,-0.9986,0.698,0.2961,-0.024,0.0,0.0,0.0,0.0,-31.0,-116.0,-14.0,0,0
9590,-3.1431,-0.9971,0.698,0.2961,-0.024,0.0,0.0,0.0,4.0,-31.0,-116.0,-14.0,0,0
9599,-3.1431,-0.9986,0.698,0.2961,-0.024,0.0,0.0,0.0,0.0,-31.0,-116.0,-14.0,0,0
9611,-3.1431,-0.9971,0.698,0.2961,-0.024,0.0,0.0,0.0,0.0,-31.0,-116.0,-15.0,0,0
9619,-3.1431,-0.9986,0.698,0.2961,0.0,0.0,0.0,0.0,0.0,-31.0,-112.0,-14.0,0,0
9631,-3.1431,-0.9986,0.698,0.2961,0.0,0.0,0.0,0.0,0.0,-31.0,-109.0,-14.0,0,0
9640,-3.1431,-0.9986,0.698,0.2961,0.0,0.0,0.0,0.0,0.0,-27.0,-109.0,-14.0,0,0
9652,-3.1431,-0.9971,0.698,0.2961,0.0,0.0,0.0,0.0,0.0,-30.0,-109.0,-14.0,0,0
9660,-3.1431,-0.9986,0.698,0.2961,0.0,0.0,0.0,0.0,0.0,-27.0,-108.0,-14.0,0,0
9672,-3.1431,-0.9986,0.698,0.2961,0.0,0.0,0.0,0.0,0.0,-30.0,-112.0,-14.0,0,0
9680,-3.1431,-0.9986,0.698,0.2961,0.0,0.0,0.0,0.0,0.0,-25.0,-114.0,-15.0,0,0
9693,-3.1431,-0.9986,0.698,0.2961,0.0,0.0,0.0,0.0,0.0,-24.0,-114.0,-15.0,0,0
9701,-3.1431,-0.9986,0.698,0.2961,0.0,0.0,0.0,0.0,0.0,-25.0,-111.0,-15.0,0,0
9713,-3.1431,-0.9986,0.698,0.2961,0.0,0.0,0.0,0.0,0.0,-28.0,-115.0,-15.0,0,0
9726,-3.1431,-0.9971,0.698,0.2961,0.0,0.0,0.0,0.0,0.0,-28.0,-107.0,-15.0,0,0
9734,-3.1431,-0.9986,0.698,0.2961,0.0,0.0,0.0,0.0,0.0,-30.0,-113.0,-13.0,0,0
9746,-3.1431,-0.9971,0.698,0.2961,0.0,0.0,0.0,0.0,0.0,-26.0,-116.0,-14.0,0,0
9754,-3.1431,-0.9971,0.6964,0.2961,0.0,0.0,0.0,0.0,0.0,-31.0,-116.0,-14.0,0,0
9766,-3.1431,-0.9986,0.698,0.2961,0.0,0.0,0.0,0.0,0.0,-29.0,-114.0,-14.0,0,0
9775,-3.1431,-0.9986,0.698,0.2961,0.0,0.0,0.0,0.0,0.0,-29.0,-114.0,-14.0,0,0
9787,-3.1431,-0.9971,0.698,0.2961,0.0,0.0,0.0,0.0,0.0,-29.0,-109.0,-14.0,0,0
9795,-3.1431,-0.9971,0.698,0.2961,0.0,0.0,0.0,0.0,0.0,-29.0,-109.0,-14.0,0,0
9807,-3.1431,-0.9971,0.698,0.2961,0.0,0.0,0.0,0.0,0.0,-30.0,-106.0,-14.0,0,0
9816,-3.1431,-0.9971,0.698,0.2961,0.0,0.0,0.0,0.0,0.0,-30.0,-106.0,-14.0,0,0
9828,-3.1431,-0.9986,0.698,0.2961,0.0,0.0,0.0,0.0,0.0,-30.0,-109.0,-14.0,0,0
9840,-3.1431,-0.9986,0.698,0.2961,0.0,0.0,0.0,0.0,0.0,-30.0,-115.0,-14.0,0,0
9848,-3.1431,-0.9986,0.698,0.2961,0.0,0.0,0.0,0.0,0.0,-30.0,-106.0,-14.0,0,0
9861,-3.1431,-0.9971,0.6964,0.2961,0.0,0.0,0.0,0.0,0.0,-31.0,-115.0,-14.0,0,0
9869,-3.1431,-0.9971,0.698,0.2961,0.0,0.0,0.0,0.0,0.0,-31.0,-106.0,-14.0,0,0
9881,-3.1431,-0.9986,0.698,0.2961,0.0,0.0,0.0,0.0,0.0,-30.0,-113.0,-14.0,0,0
9889,-3.1431,-0.9986,0.698,0.2961,0.0,0.0,0.0,0.0,0.0,-31.0,-107.0,-14.0,0,0
9902,-3.1431,-0.9986,0.698,0.2961,0.0,0.0,0.0,0.0,0.0,-29.0,-107.0,-14.0,0,0
9910,-3.1431,-0.9986,0.698,0.2961,0.0,0.0,0.0,0.0,0.0,-31.0,-111.0,-14.0,0,0
9922,-3.1431,-0.9986,0.698,0.2961,0.0,0.0,0.0,0.0,0.0,-30.0,-116.0,-13.0,0,0
9930,-3.1431,-0.9971,0.698,0.2961,0.0,0.0,0.0,0.0,0.0,-31.0,-116.0,-14.0,0,0
9943,-3.1431,-0.9971,0.698,0.2961,0.0,0.0,0.0,0.0,0.0,-29.0,-108.0,-13.0,0,0
9951,-3.1431,-0.9986,0.698,0.2961,0.0,0.0,0.0,0.0,0.0,-30.0,-106.0,-14.0,0,0
9963,-3.1431,-0.9971,0.698,0.2961,0.0,0.0,0.0,0.0,0.0,-31.0,-113.0,-14.0,0,0
9975,-3.1431,-0.9971,0.698,0.2961,0.0,0.0,0.0,0.0,0.0,-29.0,-110.0,-14.0,0,0
9984,-3.1431,-0.9971,0.698,0.2961,0.0,0.0,0.0,0.0,0.0,-31.0,-110.0,-14.0,0,0
9996,-3.1431,-0.9986,0.698,0.2961,0.0,0.0,0.0,0.0,0.0,-31.0,-106.0,-14.0,0,0
10004,-3.1431,-0.9986,0.698,0.2961,0.0,0.0,0.0,0.0,0.0,-28.0,-106.0,-14.0,0,0
10016,-3.1431,-0.9971,0.698,0.2961,0.0,0.0,0.0,0.0,0.0,-30.0,-110.0,-14.0,0,0
10025,-3.1431,-0.9971,0.698,0.2961,0.0,0.0,0.0,0.0,0.0,-30.0,-110.0,-14.0,0,0
10037,-3.1431,-0.9986,0.698,0.2961,0.0,0.0,0.0,0.0,0.0,-29.0,-108.0,-14.0,0,0
10045,-3.1431,-0.9986,0.698,0.2961,0.0,0.0,0.0,0.0,0.0,-29.0,-108.0,-14.0,0,0
10057,-3.1431,-0.9986,0.698,0.2961,0.0,0.0,0.0,0.0,0.0,-28.0,-105.0,-14.0,0,0
10065,-3.1431,-0.9986,0.698,0.2961,0.0,0.0,0.0,0.0,0.0,-28.0,-105.0,-14.0,0,0
10078,-3.1416,-0.9971,0.698,0.2961,0.0,0.0,0.0,0.0,0.0,-28.0,-116.0,-14.0,0,0
10086,-3.1416,-0.9971,0.698,0.2961,0.0,0.0,0.0,0.0,0.0,-28.0,-116.0,-14.0,0,0
10098,-3.1401,-0.9986,0.698,0.2961,0.024,0.0,0.0,0.0,-5.0,-30.0,-111.0,-14.0,0,0
10111,-3.1401,-0.9971,0.698,0.2961,0.024,0.0,0.0,0.0,-3.0,-29.0,-114.0,-14.0,0,0
10119,-3.1416,-0.9971,0.6995,0.2961,0.024,0.0,0.0,0.0,0.0,-29.0,-115.0,-14.0,2,0
10131,-3.1431,-0.9971,0.6995,0.2961,0.0,0.0,0.0,0.0,0.0,-29.0,-116.0,-14.0,3,0
10139,-3.1447,-0.9971,0.698,0.2961,0.0,0.0,0.0,0.0,9.0,-30.0,-116.0,-14.0,7,0
10151,-3.1447,-0.9971,0.6995,0.2961,0.0,0.0,0.0,0.0,5.0,-29.0,-116.0,-14.0,15,1
10164,-3.1447,-0.9971,0.6995,0.2961,-0.024,0.0,0.0,0.0,5.0,-27.0,-116.0,-14.0,21,1
10176,-3.1447,-0.9971,0.698,0.2961,-0.0479,0.0,0.0,0.0,6.0,-28.0,-119.0,-14.0,25,1
10184,-3.1447,-0.9971,0.6995,0.2961,-0.0479,0.0,0.0,0.0,5.0,-28.0,-116.0,-14.0,24,1
10197,-3.1447,-0.9986,0.698,0.2961,-0.024,0.0,0.0,0.0,13.0,-30.0,-116.0,-12.0,20,1
10209,-3.1447,-0.9971,0.6995,0.2961,0.0,0.0,0.0,0.0,13.0,-28.0,-118.0,-13.0,22,1
10221,-3.1447,-0.9971,0.6995,0.2961,0.0,0.0,0.0,0.0,15.0,-28.0,-118.0,-14.0,21,1
10233,-3.1447,-0.9971,0.6995,0.2945,0.0,0.0,0.0,0.0,16.0,-27.0,-118.0,-14.0,23,1
10242,-3.1447,-0.9986,0.6995,0.2961,0.0,0.0,0.0,0.0,13.0,-27.0,-117.0,-14.0,25,1
10254,-3.1431,-0.9971,0.6995,0.2961,0.0,0.0,0.0,0.0,6.0,-28.0,-118.0,-12.0,25,1
10266,-3.1431,-0.9971,0.6995,0.2961,0.0,0.0,0.0,0.0,7.0,-35.0,-120.0,-14.0,26,1
10278,-3.1431,-0.9971,0.6995,0.2961,0.0,0.0,0.0,0.0,6.0,-34.0,-120.0,-14.0,26,1
10291,-3.1431,-0.9971,0.6995,0.2961,0.0,0.0,0.0,0.0,11.0,-36.0,-116.0,-13.0,26,1
10299,-3.1431,-0.9971,0.6995,0.2961,0.0,0.0,0.0,0.0,8.0,-36.0,-116.0,-14.0,23,1
10311,-3.1431,-0.9986,0.6995,0.2961,0.0,0.0,0.0,0.0,0.0,-37.0,-118.0,-14.0,23,1
10324,-3.1431,-0.9971,0.6995,0.2961,0.0,0.0,0.0,0.0,2.0,-35.0,-116.0,-14.0,23,1
10336,-3.1431,-0.9986,0.6995,0.2961,0.0,0.0,0.0,0.0,1.0,-27.0,-113.0,-14.0,21,1
10348,-3.1431,-0.9986,0.698,0.2961,0.0,0.0,0.0,0.0,0.0,-27.0,-117.0,-14.0,19,1
10356,-3.1431,-0.9971,0.698,0.2961,0.0,0.0,0.0,0.0,0.0,-27.0,-112.0,-14.0,17,1
10369,-3.1431,-0.9986,0.698,0.2961,0.0,0.0,0.0,0.0,0.0,-27.0,-112.0,-14.0,15,1
10381,-3.1416,-0.9986,0.698,0.2961,0.0,0.0,0.0,0.0,0.0,-27.0,-111.0,-14.0,12,1
10389,-3.1385,-0.9971,0.698,0.2961,0.024,0.0,0.0,0.0,0.0,-25.0,-113.0,-14.0,7,0
10401,-3.1385,-0.9986,0.698,0.2961,0.024,0.0,0.0,0.0,-5.0,-24.0,-105.0,-13.0,4,0
10414,-3.1385,-0.9986,0.698,0.2961,0.0479,0.0,0.0,0.0,0.0,-26.0,-106.0,-14.0,2,0
10422,-3.1385,-0.9971,0.698,0.2961,0.0479,0.0,0.0,0.0,0.0,-25.0,-113.0,-14.0,1,0
10434,-3.1385,-0.9986,0.698,0.2961,0.0479,0.0,0.0,0.0,0.0,-24.0,-105.0,-14.0,3,0
10442,-3.1385,-0.9986,0.698,0.2961,0.0479,0.0,0.0,0.0,0.0,-24.0,-112.0,-11.0,1,0
10455,-3.1385,-0.9986,0.698,0.2961,0.024,0.0,0.0,0.0,1.0,-18.0,-116.0,-13.0,0,0
10463,-3.1401,-0.9971,0.698,0.2961,0.0,0.0,0.0,0.0,0.0,-19.0,-103.0,-14.0,0,0
10475,-3.1416,-0.9986,0.698,0.2961,0.0,0.0,0.0,0.0,0.0,-21.0,-109.0,-14.0,0,0
10483,-3.1431,-0.9971,0.698,0.2961,-0.024,0.0,0.0,0.0,0.0,-19.0,-113.0,-14.0,0,0
10496,-3.1431,-0.9986,0.698,0.2961,-0.024,0.0,0.0,0.0,5.0,-14.0,-114.0,-14.0,0,0
10504,-3.1447,-0.9986,0.698,0.2961,-0.0479,0.0,0.0,0.0,11.0,-17.0,-117.0,-14.0,0,0
10516,-3.1431,-0.9971,0.698,0.2961,-0.0719,0.0,0.0,0.0,0.0,-16.0,-110.0,-14.0,0,0
10524,-3.1431,-0.9971,0.698,0.2961,-0.0479,0.0,0.0,0.0,-2.0,-17.0,-105.0,-14.0,0,0
10537,-3.1416,-0.9971,0.698,0.2961,-0.024,0.0,0.0,0.0,0.0,-18.0,-110.0,-14.0,0,0
10549,-3.1401,-0.9986,0.698,0.2961,0.0,0.0,0.0,0.0,0.0,-19.0,-108.0,-14.0,0,0
10557,-3.1401,-0.9986,0.698,0.2961,0.0,0.0,0.0,0.0,0.0,-18.0,-112.0,-14.0,0,0
10569,-3.1401,-0.9986,0.698,0.2961,0.024,0.0,0.0,0.0,0.0,-20.0,-117.0,-14.0,0,0
10577,-3.1401,-0.9986,0.698,0.2961,0.0479,0.0,0.0,0.0,0.0,-23.0,-103.0,-14.0,0,0
10590,-3.1401,-0.9986,0.698,0.2961,0.0479,0.0,0.0,0.0,0.0,-16.0,-110.0,-14.0,0,0
10598,-3.1401,-0.9986,0.698,0.2961,0.024,0.0,0.0,0.0,0.0,-20.0,-116.0,-14.0,0,0
10610,-3.1401,-0.9986,0.6964,0.2961,0.024,0.0,0.0,0.0,0.0,-16.0,-112.0,-14.0,0,0
10618,-3.1401,-0.9986,0.698,0.2961,0.0,0.0,0.0,0.0,0.0,-22.0,-106.0,-14.0,0,0
10631,-3.1416,-0.9971,0.698,0.2961,0.0,0.0,0.0,0.0,0.0,-22.0,-108.0,-15.0,0,0
10639,-3.1416,-0.9971,0.698,0.2961,0.0,0.0,0.0,0.0,0.0,-18.0,-117.0,-15.0,0,0
10651,-3.1416,-0.9986,0.698,0.2961,0.0,0.0,0.0,0.0,0.0,-22.0,-116.0,-15.0,0,0
10659,-3.1416,-0.9971,0.698,0.2961,0.0,0.0,0.0,0.0,0.0,-15.0,-108.0,-15.0,0,0
10672,-3.1416,-0.9986,0.698,0.2961,0.0,0.0,0.0,0.0,0.0,-16.0,-106.0,-14.0,0,0
10684,-3.1416,-0.9986,0.698,0.2961,0.0,0.0,0.0,0.0,0.0,-17.0,-109.0,-14.0,0,0
10692,-3.1416,-0.9986,0.698,0.2961,0.0,0.0,0.0,0.0,0.0,-17.0,-111.0,-14.0,0,0
10704,-3.1416,-0.9986,0.698,0.2961,0.0,0.0,0.0,0.0,0.0,-17.0,-110.0,-14.0,0,0
10713,-3.1416,-0.9986,0.698,0.2961,0.0,0.0,0.0,0.0,0.0,-18.0,-104.0,-14.0,0,0
10725,-3.1416,-0.9986,0.698,0.2961,0.0,0.0,0.0,0.0,0.0,-22.0,-109.0,-14.0,0,0
10733,-3.1416,-0.9971,0.698,0.2961,0.0,0.0,0.0,0.0,0.0,-18.0,-114.0,-14.0,0,0
10745,-3.1416,-0.9986,0.698,0.2961,0.0,0.0,0.0,0.0,0.0,-16.0,-112.0,-14.0,0,0
10754,-3.1416,-0.9986,0.698,0.2961,0.0,0.0,0.0,0.0,0.0,-19.0,-107.0,-14.0,0,0
10766,-3.1416,-0.9986,0.698,0.2961,0.0,0.0,0.0,0.0,0.0,-17.0,-109.0,-14.0,0,0
10774,-3.1416,-0.9986,0.698,0.2961,0.0,0.0,0.0,0.0,0.0,-18.0,-113.0,-14.0,0,0
10786,-3.1416,-0.9971,0.698,0.2961,0.0,0.0,0.0,0.0,0.0,-20.0,-111.0,-14.0,0,0
10799,-3.1416,-0.9986,0.698,0.2961,0.0,0.0,0.0,0.0,0.0,-19.0,-104.0,-14.0,0,0
10807,-3.1416,-0.9986,0.698,0.2961,0.0,0.0,0.0,0.0,0.0,-20.0,-112.0,-14.0,0,0
10819,-3.1416,-0.9986,0.698,0.2961,0.0,0.0,0.0,0.0,0.0,-15.0,-108.0,-14.0,0,0
10827,-3.1416,-0.9971,0.6964,0.2961,0.0,0.0,0.0,0.0,0.0,-20.0,-113.0,-14.0,0,0
10840,-3.1416,-0.9986,0.698,0.2961,0.0,0.0,0.0,0.0,0.0,-18.0,-114.0,-14.0,0,0
10848,-3.1416,-0.9986,0.698,0.2961,0.0,0.0,0.0,0.0,0.0,-18.0,-115.0,-14.0,0,0
10860,-3.1416,-0.9971,0.698,0.2961,0.0,0.0,0.0,0.0,0.0,-20.0,-109.0,-14.0,0,0
10868,-3.1416,-0.9986,0.698,0.2961,0.0,0.0,0.0,0.0,0.0,-15.0,-115.0,-14.0,0,0
10881,-3.1416,-0.9971,0.698,0.2961,0.0,0.0,0.0,0.0,0.0,-18.0,-117.0,-14.0,0,0
10889,-3.1416,-0.9986,0.698,0.2961,0.0,0.0,0.0,0.0,0.0,-20.0,-105.0,-14.0,0,0
10901,-3.1416,-0.9986,0.698,0.2961,0.0,0.0,0.0,0.0,0.0,-22.0,-107.0,-14.0,0,0
10909,-3.1416,-0.9986,0.698,0.2961,0.0,0.0,0.0,0.0,0.0,-15.0,-110.0,-14.0,0,0
10922,-3.1416,-0.9986,0.698,0.2961,0.0,0.0,0.0,0.0,0.0,-20.0,-112.0,-14.0,0,0
10934,-3.1416,-0.9971,0.698,0.2961,0.0,0.0,0.0,0.0,0.0,-15.0,-108.0,-14.0,0,0
10942,-3.1416,-0.9986,0.698,0.2961,0.0,0.0,0.0,0.0,0.0,-17.0,-114.0,-14.0,0,0
10954,-3.1416,-0.9986,0.6964,0.2961,0.0,0.0,0.0,0.0,0.0,-17.0,-113.0,-14.0,0,0
10962,-3.1416,-0.9986,0.698,0.2961,0.0,0.0,0.0,0.0,0.0,-18.0,-116.0,-14.0,0,0
10975,-3.1416,-0.9986,0.6964,0.2961,0.0,0.0,0.0,0.0,0.0,-15.0,-116.0,-14.0,0,0
10983,-3.1416,-0.9986,0.698,0.2961,0.0,0.0,0.0,0.0,0.0,-16.0,-106.0,-14.0,0,0
10995,-3.1416,-0.9986,0.698,0.2961,0.0,0.0,0.0,0.0,0.0,-18.0,-106.0,-14.0,0,0
11003,-3.1416,-0.9986,0.698,0.2961,0.0,0.0,0.0,0.0,0.0,-15.0,-111.0,-14.0,0,0
11016,-3.1416,-0.9971,0.698,0.2961,0.0,0.0,0.0,0.0,0.0,-17.0,-106.0,-14.0,0,0
11024,-3.1416,-0.9971,0.698,0.2961,0.0,0.0,0.0,0.0,0.0,-17.0,-106.0,-14.0,0,0
11036,-3.1416,-0.9971,0.698,0.2961,0.0,0.0,0.0,0.0,0.0,-17.0,-116.0,-14.0,0,0
11044,-3.1416,-0.9971,0.698,0.2961,0.0,0.0,0.0,0.0,0.0,-17.0,-116.0,-14.0,0,0
11057,-3.1416,-0.9986,0.698,0.2961,0.0,0.0,0.0,0.0,0.0,-21.0,-108.0,-14.0,0,0
11069,-3.1416,-0.9971,0.698,0.2961,0.0,0.0,0.0,0.0,0.0,-24.0,-110.0,-14.0,0,0
11077,-3.1416,-0.9986,0.698,0.2961,0.0,0.0,0.0,0.0,0.0,-25.0,-115.0,-13.0,0,0
11089,-3.1416,-0.9986,0.698,0.2961,0.0,0.0,0.0,0.0,0.0,-24.0,-103.0,-14.0,0,0
11098,-3.1416,-0.9971,0.698,0.2961,0.0,0.0,0.0,0.0,0.0,-22.0,-105.0,-14.0,0,0
11110,-3.1416,-0.9986,0.698,0.2961,0.0,0.0,0.0,0.0,0.0,-25.0,-109.0,-14.0,0,0
11118,-3.1416,-0.9986,0.698,0.2961,0.0,0.0,0.0,0.0,0.0,-19.0,-108.0,-14.0,0,0
11130,-3.1416,-0.9971,0.698,0.2961,0.0,0.0,0.0,0.0,0.0,-18.0,-110.0,-14.0,0,0
11139,-3.1416,-0.9986,0.698,0.2961,0.0,0.0,0.0,0.0,0.0,-18.0,-116.0,-14.0,0,0
11151,-3.1416,-0.9971,0.698,0.2961,0.0,0.0,0.0,0.0,0.0,-22.0,-117.0,-14.0,0,0
11159,-3.1416,-0.9986,0.698,0.2961,0.0,0.0,0.0,0.0,0.0,-28.0,-111.0,-14.0,0,0
11171,-3.1416,-0.9971,0.6964,0.2961,0.0,0.0,0.0,0.0,0.0,-20.0,-108.0,-14.0,0,0
11184,-3.1416,-0.9971,0.698,0.2961,0.0,0.0,0.0,0.0,0.0,-19.0,-108.0,-14.0,0,0
11192,-3.1416,-0.9986,0.698,0.2961,0.0,0.0,0.0,0.0,0.0,-21.0,-115.0,-14.0,0,0
11204,-3.1416,-0.9986,0.698,0.2961,0.0,0.0,0.0,0.0,0.0,-21.0,-105.0,-14.0,0,0
11212,-3.1416,-0.9986,0.698,0.2961,0.0,0.0,0.0,0.0,0.0,-24.0,-106.0,-14.0,0,0
11225,-3.1416,-0.9986,0.698,0.2961,0.0,0.0,0.0,0.0,0.0,-18.0,-107.0,-14.0,0,0
11233,-3.1416,-0.9986,0.698,0.2961,0.0,0.0,0.0,0.0,0.0,-20.0,-116.0,-14.0,0,0
11245,-3.1416,-0.9986,0.698,0.2961,0.0,0.0,0.0,0.0,0.0,-19.0,-111.0,-14.0,0,0
11253,-3.1416,-0.9986,0.698,0.2961,0.0,0.0,0.0,0.0,0.0,-22.0,-118.0,-13.0,0,0
11266,-3.1416,-0.9986,0.698,0.2961,0.0,0.0,0.0,0.0,0.0,-20.0,-111.0,-14.0,0,0
11274,-3.1416,-0.9986,0.698,0.2961,0.0,0.0,0.0,0.0,0.0,-20.0,-111.0,-14.0,0,0
11286,-3.1416,-0.9986,0.698,0.2961,0.0,0.0,0.0,0.0,0.0,-14.0,-113.0,-14.0,0,0
11294,-3.1416,-0.9986,0.698,0.2961,0.0,0.0,0.0,0.0,0.0,-14.0,-113.0,-14.0,0,0
11307,-3.1416,-0.9986,0.698,0.2945,0.0,0.0,0.0,0.0,0.0,-21.0,-107.0,-14.0,0,0
11319,-3.1416,-0.9986,0.698,0.2961,0.0,0.0,0.0,0.0,0.0,-23.0,-115.0,-14.0,0,0
11327,-3.1416,-0.9986,0.698,0.2961,0.0,0.0,0.0,0.0,0.0,-19.0,-113.0,-14.0,0,0
11339,-3.1416,-0.9986,0.698,0.2961,0.0,0.0,0.0,0.0,0.0,-17.0,-107.0,-14.0,0,0
11347,-3.1416,-0.9986,0.698,0.2961,0.0,0.0,0.0,0.0,0.0,-18.0,-106.0,-14.0,0,0
11360,-3.1416,-0.9986,0.698,0.2961,0.0,0.0,0.0,0.0,0.0,-18.0,-107.0,-14.0,0,0
11368,-3.1416,-0.9986,0.698,0.2961,0.0,0.0,0.0,0.0,0.0,-19.0,-115.0,-14.0,0,0
11380,-3.1416,-0.9971,0.698,0.2961,0.0,0.0,0.0,0.0,0.0,-22.0,-116.0,-15.0,0,0
11388,-3.1416,-0.9986,0.698,0.2961,0.0,0.0,0.0,0.0,0.0,-20.0,-109.0,-14.0,0,0
11401,-3.1416,-0.9986,0.698,0.2961,0.0,0.0,0.0,0.0,0.0,-24.0,-107.0,-14.0,0,0
11409,-3.1416,-0.9986,0.698,0.2961,0.0,0.0,0.0,0.0,0.0,-19.0,-104.0,-13.0,0,0
11421,-3.1416,-0.9971,0.698,0.2961,0.0,0.0,0.0,0.0,0.0,-22.0,-105.0,-14.0,0,0
11433,-3.1416,-0.9971,0.698,0.2961,0.0,0.0,0.0,0.0,0.0,-16.0,-106.0,-14.0,0,0
11442,-3.1416,-0.9986,0.698,0.2961,0.0,0.0,0.0,0.0,0.0,-18.0,-116.0,-14.0,0,0
11454,-3.1416,-0.9986,0.698,0.2961,0.0,0.0,0.0,0.0,0.0,-15.0,-105.0,-14.0,0,0
11462,-3.1416,-0.9971,0.698,0.2961,0.0,0.0,0.0,0.0,0.0,-18.0,-113.0,-14.0,0,0
11474,-3.1416,-0.9971,0.698,0.2961,0.0,0.0,0.0,0.0,0.0,-20.0,-103.0,-14.0,0,0
11483,-3.1416,-0.9986,0.698,0.2961,0.0,0.0,0.0,0.0,0.0,-18.0,-106.0,-14.0,0,0
11495,-3.1416,-0.9986,0.698,0.2961,0.0,0.0,0.0,0.0,0.0,-19.0,-115.0,-14.0,0,0
11503,-3.1431,-0.9971,0.6964,0.2961,0.0,0.0,0.0,0.0,0.0,-20.0,-120.0,-14.0,0,0
11515,-3.1431,-0.9971,0.6964,0.2961,0.0,0.0,0.0,0.0,0.0,-39.0,-93.0,-14.0,0,0
11524,-3.1431,-0.9956,0.6964,0.2961,0.0,0.0,0.0,0.0,0.0,-55.0,-87.0,-14.0,1,0
11536,-3.1431,-0.9925,0.6949,0.2961,0.0,0.024,0.0,0.0,0.0,-83.0,-104.0,-14.0,13,1
11548,-3.1416,-0.9894,0.6964,0.2961,0.0,0.0719,0.0,0.0,0.0,-100.0,-107.0,-14.0,22,1
11560,-3.1401,-0.9879,0.6964,0.2961,0.0,0.0959,0.0,0.0,0.0,-106.0,-105.0,-14.0,26,1
11573,-3.1401,-0.9863,0.6964,0.2961,0.0,0.1198,0.0,0.0,-5.0,-101.0,-102.0,-14.0,23,1
11581,-3.1401,-0.9848,0.6964,0.2961,0.024,0.1438,0.0,0.0,0.0,-104.0,-102.0,-14.0,14,1
11593,-3.1401,-0.9848,0.6964,0.2961,0.024,0.1438,0.0,0.0,0.0,-87.0,-101.0,-14.0,16,1
11606,-3.1431,-0.9848,0.6949,0.2961,0.0,0.1198,0.0,0.0,1.0,-83.0,-101.0,-14.0,15,1
11618,-3.1447,-0.9848,0.6949,0.2961,0.0,0.0959,0.0,0.0,21.0,-86.0,-92.0,-14.0,14,1
11630,-3.1447,-0.9848,0.6949,0.2961,-0.024,0.0719,0.0,0.0,22.0,-84.0,-91.0,-13.0,14,1
11642,-3.1447,-0.9863,0.6949,0.2961,-0.0479,0.0479,0.0,0.0,20.0,-86.0,-103.0,-11.0,14,1
11655,-3.1447,-0.9848,0.6949,0.2961,-0.0479,0.024,0.0,0.0,19.0,-86.0,-104.0,-14.0,14,1
11667,-3.1447,-0.9848,0.6949,0.2961,-0.0479,0.0,0.0,0.0,18.0,-86.0,-102.0,-14.0,17,1
11679,-3.1447,-0.9848,0.6949,0.2961,-0.024,0.0,0.0,0.0,18.0,-86.0,-90.0,-14.0,17,1
11696,-3.1431,-0.9863,0.6949,0.2961,0.0,0.0,0.0,0.0,0.0,-83.0,-95.0,-14.0,17,1
11708,-3.1416,-0.9863,0.6949,0.2961,0.0,0.0,0.0,0.0,0.0,-89.0,-91.0,-14.0,19,1
11720,-3.1416,-0.9863,0.6949,0.2961,0.0,0.0,0.0,0.0,0.0,-74.0,-102.0,-14.0,21,1
11733,-3.1431,-0.9879,0.6949,0.2961,0.0,0.0,0.0,0.0,0.0,-55.0,-93.0,-14.0,19,1
11745,-3.1431,-0.9894,0.6949,0.2961,0.0,-0.024,0.0,0.0,0.0,-41.0,-92.0,-14.0,17,1
11757,-3.1431,-0.9925,0.6949,0.2961,0.0,-0.0719,0.0,0.0,1.0,-29.0,-99.0,-14.0,8,0
11765,-3.1431,-0.9925,0.6949,0.2961,0.0,-0.0719,0.0,0.0,1.0,-29.0,-99.0,-14.0,5,0
11778,-3.1431,-0.994,0.6949,0.2961,0.0,-0.0959,0.0,0.0,1.0,-34.0,-102.0,-14.0,5,0
11790,-3.1416,-0.994,0.6949,0.2961,0.0,-0.0959,0.0,0.0,-2.0,-40.0,-104.0,-14.0,10,0
11802,-3.1401,-0.994,0.6949,0.2961,0.0,-0.0959,0.0,0.0,0.0,-47.0,-99.0,-14.0,9,0
11814,-3.1401,-0.994,0.6949,0.2961,0.024,-0.0719,0.0,0.0,0.0,-45.0,-94.0,-14.0,5,0
11827,-3.1385,-0.994,0.6949,0.2961,0.0479,-0.0479,0.0,0.0,0.0,-47.0,-94.0,-14.0,1,0
11835,-3.1385,-0.994,0.6949,0.2961,0.0479,-0.0479,0.0,0.0,0.0,-47.0,-94.0,-14.0,0,0
11847,-3.1401,-0.994,0.6949,0.2961,0.0479,0.0,0.0,0.0,1.0,-47.0,-88.0,-14.0,0,0
11859,-3.1401,-0.994,0.6949,0.2961,0.024,0.0,0.0,0.0,0.0,-47.0,-89.0,-14.0,0,0
11872,-3.1416,-0.994,0.6949,0.2961,0.024,0.0,0.0,0.0,0.0,-45.0,-99.0,-14.0,0,0
11884,-3.1416,-0.994,0.6949,0.2961,0.0,0.0,0.0,0.0,0.0,-47.0,-91.0,-14.0,0,0
11892,-3.1416,-0.994,0.6949,0.2961,0.0,0.0,0.0,0.0,0.0,-47.0,-99.0,-12.0,0,0
11905,-3.1431,-0.994,0.6934,0.2961,-0.024,0.0,0.0,0.0,0.0,-46.0,-92.0,-14.0,0,0
11917,-3.1431,-0.9956,0.6949,0.2961,-0.0479,0.0,0.0,0.0,0.0,-46.0,-102.0,-14.0,0,0
11929,-3.1416,-0.994,0.6949,0.2961,-0.024,0.0,0.0,0.0,0.0,-44.0,-97.0,-14.0,0,0
11937,-3.1431,-0.994,0.6949,0.2961,-0.024,0.0,0.0,0.0,0.0,-47.0,-104.0,-14.0,0,0
11950,-3.1431,-0.994,0.6949,0.2961,-0.024,0.0,0.0,0.0,0.0,-47.0,-101.0,-14.0,0,0
11962,-3.1416,-0.994,0.6949,0.2961,0.0,0.0,0.0,0.0,0.0,-45.0,-88.0,-12.0,0,0
11974,-3.1431,-0.994,0.6949,0.2961,0.0,0.0,0.0,0.0,0.0,-45.0,-94.0,-14.0,0,0
11986,-3.1431,-0.994,0.6949,0.2961,0.0,0.0,0.0,0.0,0.0,-45.0,-96.0,-14.0,0,0
11995,-3.1431,-0.994,0.6949,0.2961,0.0,0.0,0.0,0.0,0.0,-45.0,-96.0,-14.0,0,0
12007,-3.1431,-0.994,0.6949,0.2961,0.0,0.0,0.0,0.0,9.0,-44.0,-90.0,-14.0,0,0
12019,-3.1431,-0.994,0.6949,0.2961,0.0,0.0,0.0,0.0,2.0,-44.0,-88.0,-14.0,0,0
12031,-3.1431,-0.994,0.6949,0.2961,0.0,0.0,0.0,0.0,0.0,-45.0,-95.0,-14.0,0,0
12044,-3.1416,-0.994,0.6949,0.2961,0.0,0.0,0.0,0.0,1.0,-42.0,-91.0,-12.0,0,0
12052,-3.1416,-0.994,0.6949,0.2961,0.0,0.0,0.0,0.0,1.0,-47.0,-88.0,-13.0,0,0
12064,-3.1416,-0.994,0.6949,0.2961,0.0,0.0,0.0,0.0,3.0,-45.0,-88.0,-14.0,0,0
12077,-3.1416,-0.994,0.6949,0.2961,0.0,0.0,0.0,0.0,0.0,-45.0,-100.0,-14.0,0,0
12089,-3.1431,-0.9956,0.6949,0.2961,0.0,0.0,0.0,0.0,1.0,-44.0,-99.0,-14.0,0,0
12101,-3.1416,-0.9956,0.6949,0.2961,0.0,0.0,0.0,0.0,0.0,-44.0,-101.0,-14.0,0,0
12109,-3.1416,-0.994,0.6949,0.2961,0.0,0.0,0.0,0.0,0.0,-43.0,-89.0,-14.0,0,0
12122,-3.1416,-0.9956,0.6949,0.2961,0.0,0.0,0.0,0.0,0.0,-40.0,-93.0,-14.0,0,0
12134,-3.1416,-0.994,0.6949,0.2961,0.0,0.0,0.0,0.0,0.0,-39.0,-91.0,-14.0,0,0
12146,-3.1416,-0.994,0.6949,0.2961,0.0,0.0,0.0,0.0,0.0,-46.0,-88.0,-14.0,0,0
12158,-3.1416,-0.9956,0.6949,0.2961,0.0,0.0,0.0,0.0,0.0,-43.0,-91.0,-14.0,0,0
12167,-3.1416,-0.994,0.6949,0.2961,0.0,0.0,0.0,0.0,0.0,-43.0,-88.0,-14.0,0,0
12179,-3.1416,-0.994,0.6949,0.2961,0.0,0.0,0.0,0.0,1.0,-44.0,-88.0,-14.0,0,0
12191,-3.1416,-0.994,0.6949,0.2961,0.0,0.0,0.0,0.0,1.0,-42.0,-97.0,-14.0,0,0
12204,-3.1416,-0.9956,0.6949,0.2961,0.0,0.0,0.0,0.0,0.0,-42.0,-88.0,-14.0,0,0
12216,-3.1416,-0.994,0.6949,0.2961,0.0,0.0,0.0,0.0,0.0,-42.0,-100.0,-14.0,0,0
12224,-3.1416,-0.994,0.6949,0.2961,0.0,0.0,0.0,0.0,0.0,-42.0,-100.0,-14.0,0,0
12236,-3.1416,-0.9956,0.6949,0.2945,0.0,0.0,0.0,0.0,0.0,-44.0,-88.0,-14.0,0,0
12249,-3.1416,-0.9956,0.6949,0.2961,0.0,0.0,0.0,0.0,0.0,-44.0,-101.0,-14.0,0,0
12261,-3.1416,-0.994,0.6949,0.2961,0.0,0.0,0.0,0.0,0.0,-41.0,-91.0,-14.0,0,0
12273,-3.1416,-0.994,0.6949,0.2961,0.0,0.0,0.0,0.0,0.0,-46.0,-87.0,-14.0,0,0
12281,-3.1416,-0.9956,0.6949,0.2961,0.0,0.0,0.0,0.0,3.0,-44.0,-98.0,-14.0,0,0
12294,-3.1416,-0.9956,0.6949,0.2961,0.0,0.0,0.0,0.0,0.0,-42.0,-89.0,-14.0,0,0
12306,-3.1416,-0.994,0.6949,0.2961,0.0,0.0,0.0,0.0,0.0,-43.0,-88.0,-14.0,0,0
12318,-3.1416,-0.994,0.6949,0.2961,0.0,0.0,0.0,0.0,2.0,-45.0,-96.0,-14.0,0,0
12330,-3.1416,-0.994,0.6949,0.2961,0.0,0.0,0.0,0.0,0.0,-46.0,-89.0,-14.0,0,0
12339,-3.1431,-0.994,0.6949,0.2961,0.0,0.0,0.0,0.0,0.0,-45.0,-95.0,-14.0,0,0
12351,-3.1416,-0.994,0.6949,0.2961,0.0,0.0,0.0,0.0,0.0,-45.0,-94.0,-14.0,0,0
12363,-3.1416,-0.994,0.6949,0.2961,0.0,0.0,0.0,0.0,2.0,-41.0,-90.0,-14.0,0,0
12376,-3.1416,-0.9956,0.6949,0.2961,0.0,0.0,0.0,0.0,0.0,-43.0,-95.0,-14.0,0,0
12384,-3.1416,-0.9956,0.6949,0.2961,0.0,0.0,0.0,0.0,0.0,-43.0,-95.0,-14.0,0,0
12396,-3.1416,-0.9956,0.6949,0.2961,0.0,0.0,0.0,0.0,0.0,-46.0,-88.0,-14.0,0,0
12408,-3.1416,-0.9956,0.6949,0.2961,0.0,0.0,0.0,0.0,0.0,-43.0,-99.0,-14.0,0,0
12421,-3.1416,-0.994,0.6949,0.2961,0.0,0.0,0.0,0.0,0.0,-46.0,-87.0,-14.0,0,0
12433,-3.1416,-0.994,0.6949,0.2961,0.0,0.0,0.0,0.0,0.0,-45.0,-86.0,-14.0,0,0
12441,-3.1416,-0.994,0.6949,0.2961,0.0,0.0,0.0,0.0,4.0,-43.0,-90.0,-14.0,0,0
12453,-3.1416,-0.9956,0.6949,0.2961,0.0,0.0,0.0,0.0,0.0,-43.0,-94.0,-14.0,0,0
12466,-3.1416,-0.9956,0.6949,0.2961,0.0,0.0,0.0,0.0,1.0,-45.0,-89.0,-14.0,0,0
12478,-3.1416,-0.9956,0.6949,0.2961,0.0,0.0,0.0,0.0,0.0,-42.0,-90.0,-14.0,0,0
12490,-3.1416,-0.994,0.6949,0.2945,0.0,0.0,0.0,0.0,0.0,-41.0,-91.0,-14.0,0,0
12498,-3.1416,-0.994,0.6949,0.2961,0.0,0.0,0.0,0.0,0.0,-42.0,-92.0,-14.0,0,0
12511,-3.1416,-0.9956,0.6949,0.2961,0.0,0.0,0.0,0.0,0.0,-45.0,-94.0,-14.0,0,0
12523,-3.1416,-0.994,0.6949,0.2961,0.0,0.0,0.0,0.0,0.0,-43.0,-98.0,-14.0,0,0
12535,-3.1416,-0.9956,0.6949,0.2961,0.0,0.0,0.0,0.0,0.0,-44.0,-93.0,-15.0,0,0
12548,-3.1416,-0.994,0.6949,0.2961,0.0,0.0,0.0,0.0,0.0,-42.0,-87.0,-14.0,0,0
12556,-3.1416,-0.9956,0.6949,0.2961,0.0,0.0,0.0,0.0,1.0,-44.0,-91.0,-14.0,0,0
12568,-3.1416,-0.9956,0.6949,0.2961,0.0,0.0,0.0,0.0,0.0,-43.0,-92.0,-14.0,0,0
12580,-3.1416,-0.9956,0.6949,0.2961,0.0,0.0,0.0,0.0,0.0,-46.0,-94.0,-14.0,0,0
12593,-3.1416,-0.994,0.6949,0.2961,0.0,0.0,0.0,0.0,0.0,-41.0,-89.0,-14.0,0,0
12605,-3.1416,-0.9956,0.6949,0.2945,0.0,0.0,0.0,0.0,0.0,-46.0,-90.0,-14.0,0,0
12613,-3.1416,-0.994,0.6949,0.2961,0.0,0.0,0.0,0.0,0.0,-44.0,-92.0,-14.0,0,0
12625,-3.1416,-0.9956,0.6949,0.2961,0.0,0.0,0.0,0.0,0.0,-46.0,-90.0,-14.0,0,0
12638,-3.1416,-0.9956,0.6949,0.2961,0.0,0.0,0.0,0.0,0.0,-44.0,-93.0,-12.0,0,0
12650,-3.1401,-0.9956,0.6949,0.2961,0.0,0.0,0.0,0.0,0.0,-46.0,-94.0,-14.0,0,0
12662,-3.1401,-0.9956,0.6949,0.2961,0.0,0.0,0.0,0.0,0.0,-44.0,-93.0,-14.0,0,0
12670,-3.1385,-0.994,0.6949,0.2961,0.0,0.0,0.0,0.0,-3.0,-46.0,-94.0,-14.0,0,0
12683,-3.1385,-0.994,0.6949,0.2961,0.024,0.0,0.0,0.0,-3.0,-46.0,-88.0,-14.0,0,0
12695,-3.137,-0.994,0.6949,0.2961,0.0479,0.0,0.0,0.0,-21.0,-45.0,-87.0,-14.0,0,0
12707,-3.137,-0.9956,0.6949,0.2961,0.0479,0.0,0.0,0.0,-19.0,-39.0,-92.0,-14.0,0,0
12720,-3.137,-0.9956,0.6949,0.2961,0.0479,0.0,0.0,0.0,-21.0,-29.0,-94.0,-14.0,0,0
12728,-3.137,-0.9971,0.6949,0.2961,0.0479,0.0,0.0,0.0,-36.0,-13.0,-94.0,-14.0,9,0
12740,-3.1355,-1.0002,0.6949,0.2961,0.0479,0.0,0.0,0.0,-45.0,6.0,-95.0,-14.0,22,1
12752,-3.1355,-1.0032,0.6949,0.2961,0.024,-0.0479,0.0,0.0,-38.0,21.0,-89.0,-14.0,24,1
12765,-3.1355,-1.0063,0.6949,0.2961,0.024,-0.0959,0.0,0.0,-30.0,32.0,-92.0,-14.0,12,1
12777,-3.1355,-1.0094,0.6934,0.2961,0.024,-0.1438,0.0,0.0,-29.0,45.0,-80.0,-12.0,7,0
12789,-3.1355,-1.0094,0.6934,0.2961,0.024,-0.1678,0.0,0.0,-31.0,54.0,-57.0,-9.0,13,1
12802,-3.1355,-1.0094,0.6903,0.2945,0.0,-0.1678,-0.024,0.0,-31.0,43.0,-45.0,-10.0,17,1
12814,-3.1355,-1.0094,0.6903,0.2945,0.0,-0.1678,-0.024,0.0,-31.0,41.0,-65.0,-9.0,17,1
12826,-3.1355,-1.0094,0.6918,0.2961,0.0,-0.0719,-0.0479,0.0,-30.0,38.0,-77.0,-14.0,15,1
12842,-3.1355,-1.0094,0.6918,0.2961,0.0,-0.0479,-0.0479,0.0,-31.0,41.0,-78.0,-14.0,14,1
12855,-3.1355,-1.0078,0.6918,0.2961,0.0,-0.024,-0.024,0.0,-30.0,36.0,-76.0,-14.0,12,1
12867,-3.1355,-1.0094,0.6918,0.2961,0.0,0.0,0.0,0.0,-33.0,27.0,-77.0,-15.0,16,1
12879,-3.1355,-1.0094,0.6903,0.2961,0.0,0.0,0.0,0.0,-31.0,36.0,-74.0,-13.0,18,1
12892,-3.1355,-1.0078,0.6918,0.2961,0.0,0.0,0.0,0.0,-31.0,36.0,-76.0,-14.0,15,1
12904,-3.1355,-1.0094,0.6918,0.2945,0.0,0.0,0.0,0.0,-32.0,32.0,-70.0,-13.0,16,1
12916,-3.1355,-1.0078,0.6903,0.2961,0.0,0.0,0.0,0.0,-31.0,33.0,-76.0,-14.0,12,1
12928,-3.1355,-1.0094,0.6918,0.2961,0.0,0.0,0.0,0.0,-28.0,36.0,-74.0,-14.0,13,1
12941,-3.137,-1.0078,0.6918,0.2961,0.0,0.0,0.0,0.0,-17.0,35.0,-77.0,-12.0,13,1
12953,-3.137,-1.0078,0.6918,0.2961,0.0,0.0,0.0,0.0,-11.0,40.0,-76.0,-13.0,10,0
12965,-3.1385,-1.0078,0.6918,0.2961,0.0,0.0,0.0,0.0,-3.0,34.0,-73.0,-12.0,11,1
12978,-3.1385,-1.0063,0.6918,0.2961,-0.024,0.0,0.0,0.0,0.0,14.0,-73.0,-14.0,11,1
12990,-3.1401,-1.0063,0.6918,0.2961,-0.0479,0.0,0.0,0.0,-1.0,11.0,-76.0,-14.0,5,0
13002,-3.1401,-1.0048,0.6918,0.2961,-0.0479,0.024,0.0,0.0,-3.0,9.0,-72.0,-14.0,0,0
13010,-3.1416,-1.0048,0.6918,0.2961,-0.0479,0.024,0.0,0.0,0.0,16.0,-71.0,-14.0,0,0
13023,-3.1416,-1.0048,0.6918,0.2961,-0.0479,0.024,0.0,0.0,0.0,9.0,-69.0,-14.0,0,0
13035,-3.1416,-1.0032,0.6918,0.2961,-0.0479,0.024,0.0,0.0,0.0,5.0,-66.0,-14.0,0,0
13047,-3.1416,-1.0032,0.6918,0.2961,-0.024,0.024,0.0,0.0,0.0,14.0,-74.0,-14.0,0,0
13060,-3.1401,-1.0032,0.6903,0.2961,-0.024,0.024,0.0,0.0,0.0,11.0,-76.0,-13.0,0,0
13068,-3.1416,-1.0032,0.6918,0.2961,0.0,0.024,0.0,0.0,0.0,10.0,-66.0,-14.0,0,0
13080,-3.1416,-1.0032,0.6918,0.2961,0.0,0.024,0.0,0.0,0.0,14.0,-77.0,-14.0,0,0
13092,-3.1416,-1.0032,0.6918,0.2961,0.0,0.024,0.0,0.0,0.0,18.0,-69.0,-14.0,1,0
13105,-3.1416,-1.0032,0.6903,0.2945,0.0,0.024,0.0,0.0,-3.0,14.0,-69.0,-12.0,1,0
13117,-3.1416,-1.0032,0.6903,0.2961,0.0,0.0,0.0,0.0,0.0,3.0,-67.0,-13.0,0,0
13125,-3.1416,-1.0032,0.6903,0.2961,0.0,0.0,0.0,0.0,0.0,3.0,-67.0,-13.0,0,0
13137,-3.1416,-1.0017,0.6918,0.2961,0.0,0.0,0.0,0.0,0.0,6.0,-70.0,-10.0,0,0
13150,-3.1416,-1.0017,0.6918,0.2961,0.0,0.0,0.0,0.0,0.0,4.0,-69.0,-14.0,0,0
13162,-3.1416,-1.0017,0.6918,0.2961,0.0,0.0,0.0,0.0,0.0,4.0,-63.0,-14.0,0,0
13174,-3.1416,-1.0032,0.6918,0.2961,0.0,0.0,0.0,0.0,0.0,3.0,-65.0,-14.0,0,0
13182,-3.1416,-1.0017,0.6918,0.2961,0.0,0.0,0.0,0.0,-2.0,3.0,-76.0,-13.0,0,0
13195,-3.1416,-1.0017,0.6903,0.2961,0.0,0.0,0.0,0.0,0.0,3.0,-65.0,-14.0,0,0
13207,-3.1416,-1.0017,0.6903,0.2961,0.0,0.0,0.0,0.0,0.0,0.0,-69.0,-14.0,0,0
13219,-3.1416,-1.0017,0.6903,0.2961,0.0,0.0,0.0,0.0,0.0,0.0,-63.0,-14.0,0,0
13232,-3.1416,-1.0017,0.6918,0.2961,0.0,0.0,0.0,0.0,0.0,0.0,-64.0,-14.0,0,0
13240,-3.1416,-1.0032,0.6903,0.2961,0.0,0.0,0.0,0.0,0.0,1.0,-76.0,-14.0,0,0
13252,-3.1416,-1.0017,0.6918,0.2945,0.0,0.0,0.0,0.0,0.0,4.0,-71.0,-14.0,0,0
13264,-3.1416,-1.0017,0.6918,0.2961,0.0,0.0,0.0,0.0,0.0,0.0,-64.0,-13.0,0,0
13277,-3.1416,-1.0032,0.6903,0.2961,0.0,0.0,0.0,0.0,0.0,3.0,-67.0,-14.0,0,0
13289,-3.1416,-1.0017,0.6918,0.2961,0.0,0.0,0.0,0.0,0.0,3.0,-78.0,-14.0,0,0
13297,-3.1416,-1.0032,0.6918,0.2961,0.0,0.0,0.0,0.0,0.0,2.0,-69.0,-14.0,0,0
13309,-3.1416,-1.0017,0.6918,0.2945,0.0,0.0,0.0,0.0,0.0,5.0,-60.0,-14.0,0,0
13322,-3.1416,-1.0017,0.6918,0.2961,0.0,0.0,0.0,0.0,0.0,8.0,-60.0,-14.0,0,0
13334,-3.1416,-1.0017,0.6918,0.2961,0.0,0.0,0.0,0.0,0.0,1.0,-60.0,-14.0,0,0
13346,-3.1416,-1.0017,0.6918,0.2961,0.0,0.0,0.0,0.0,0.0,1.0,-66.0,-13.0,0,0
13354,-3.1416,-1.0017,0.6918,0.2961,0.0,0.0,0.0,0.0,0.0,1.0,-66.0,-13.0,0,0
13367,-3.1416,-1.0017,0.6918,0.2961,0.0,0.0,0.0,0.0,0.0,14.0,-67.0,-14.0,0,0
13379,-3.1416,-1.0017,0.6918,0.2961,0.0,0.0,0.0,0.0,-2.0,12.0,-72.0,-14.0,0,0
13391,-3.1416,-1.0017,0.6918,0.2961,0.0,0.0,0.0,0.0,0.0,14.0,-78.0,-15.0,0,0
13400,-3.1416,-1.0017,0.6903,0.2961,0.0,0.0,0.0,0.0,0.0,14.0,-63.0,-14.0,0,0
13412,-3.1416,-1.0017,0.6918,0.2961,0.0,0.0,0.0,0.0,0.0,17.0,-62.0,-12.0,0,0
13424,-3.1416,-1.0017,0.6918,0.2961,0.0,0.0,0.0,0.0,0.0,18.0,-69.0,-13.0,0,0
13436,-3.1416,-1.0017,0.6903,0.2961,0.0,0.0,0.0,0.0,0.0,12.0,-75.0,-14.0,0,0
13449,-3.1416,-1.0017,0.6903,0.2961,0.0,0.0,0.0,0.0,0.0,13.0,-60.0,-14.0,0,0
13457,-3.1416,-1.0017,0.6918,0.2961,0.0,0.0,0.0,0.0,0.0,17.0,-67.0,-14.0,0,0
13469,-3.1416,-1.0017,0.6903,0.2961,0.0,0.0,0.0,0.0,0.0,15.0,-68.0,-14.0,0,0
13481,-3.1416,-1.0017,0.6918,0.2961,0.0,0.0,0.0,0.0,0.0,13.0,-66.0,-14.0,0,0
13494,-3.1416,-1.0002,0.6918,0.2961,0.0,0.0,0.0,0.0,0.0,15.0,-75.0,-13.0,0,0
13506,-3.1416,-1.0002,0.6918,0.2961,0.0,0.0,0.0,0.0,0.0,15.0,-67.0,-14.0,0,0
13514,-3.1416,-1.0002,0.6918,0.2961,0.0,0.0,0.0,0.0,0.0,15.0,-67.0,-14.0,0,0
13526,-3.1416,-1.0017,0.6903,0.2961,0.0,0.0,0.0,0.0,0.0,14.0,-74.0,-14.0,0,0
13539,-3.1416,-1.0017,0.6918,0.2961,0.0,0.0,0.0,0.0,0.0,8.0,-66.0,-14.0,0,0
13551,-3.1416,-1.0002,0.6918,0.2961,0.0,0.0,0.0,0.0,0.0,14.0,-61.0,-14.0,0,0
13563,-3.1416,-1.0002,0.6918,0.2961,0.0,0.0,0.0,0.0,0.0,15.0,-59.0,-14.0,0,0
13572,-3.1416,-1.0002,0.6903,0.2961,0.0,0.0,0.0,0.0,0.0,5.0,-64.0,-13.0,0,0
13584,-3.1416,-1.0017,0.6918,0.2961,0.0,0.0,0.0,0.0,0.0,5.0,-59.0,-14.0,0,0
13596,-3.1416,-1.0017,0.6903,0.2961,0.0,0.0,0.0,0.0,0.0,2.0,-71.0,-12.0,0,0
13608,-3.1416,-1.0017,0.6918,0.2961,0.0,0.0,0.0,0.0,0.0,13.0,-62.0,-12.0,0,0
13621,-3.1416,-1.0002,0.6903,0.2961,0.0,0.0,0.0,0.0,0.0,16.0,-60.0,-11.0,0,0
13629,-3.1416,-1.0017,0.6918,0.2945,0.0,0.0,0.0,0.0,0.0,6.0,-65.0,-14.0,0,0
13641,-3.1416,-1.0002,0.6918,0.2961,0.0,0.0,0.0,0.0,0.0,0.0,-71.0,-12.0,0,0
13653,-3.1416,-1.0002,0.6918,0.2961,0.0,0.0,0.0,0.0,0.0,4.0,-64.0,-14.0,0,0
13666,-3.1416,-1.0017,0.6918,0.2961,0.0,0.0,0.0,0.0,0.0,2.0,-59.0,-14.0,0,0
13678,-3.1416,-1.0002,0.6918,0.2961,0.0,0.0,0.0,0.0,0.0,4.0,-66.0,-12.0,0,0
13686,-3.1416,-1.0002,0.6918,0.2961,0.0,0.0,0.0,0.0,0.0,5.0,-63.0,-13.0,0,0
13699,-3.1416,-1.0017,0.6918,0.2961,0.0,0.0,0.0,0.0,0.0,3.0,-60.0,-14.0,0,0
13711,-3.1416,-1.0002,0.6918,0.2961,0.0,0.0,0.0,0.0,0.0,9.0,-64.0,-12.0,0,0
13723,-3.1416,-1.0017,0.6918,0.2961,0.0,0.0,0.0,0.0,0.0,2.0,-66.0,-14.0,0,0
13735,-3.1416,-1.0017,0.6918,0.2961,0.0,0.0,0.0,0.0,0.0,2.0,-67.0,-12.0,0,0
13744,-3.1416,-1.0017,0.6903,0.2961,0.0,0.0,0.0,0.0,0.0,1.0,-68.0,-13.0,0,0
13756,-3.1416,-1.0002,0.6918,0.2961,0.0,0.0,0.0,0.0,0.0,1.0,-61.0,-14.0,0,0
13768,-3.1416,-1.0002,0.6918,0.2961,0.0,0.0,0.0,0.0,0.0,8.0,-61.0,-14.0,0,0
13780,-3.1416,-1.0002,0.6918,0.2961,0.0,0.0,0.0,0.0,0.0,0.0,-63.0,-13.0,0,0
13793,-3.1416,-1.0017,0.6918,0.2961,0.0,0.0,0.0,0.0,0.0,6.0,-67.0,-12.0,0,0
13801,-3.1416,-1.0002,0.6918,0.2961,0.0,0.0,0.0,0.0,0.0,15.0,-62.0,-11.0,0,0
13813,-3.1416,-1.0002,0.6918,0.2961,0.0,0.0,0.0,0.0,0.0,1.0,-66.0,-14.0,0,0
13825,-3.1416,-1.0002,0.6918,0.2961,0.0,0.0,0.0,0.0,0.0,3.0,-62.0,-12.0,0,0
13838,-3.1416,-1.0002,0.6918,0.2961,0.0,0.0,0.0,0.0,0.0,1.0,-64.0,-14.0,0,0
13846,-3.1416,-1.0017,0.6903,0.2961,0.0,0.0,0.0,0.0,0.0,2.0,-58.0,-12.0,0,0
13858,-3.1416,-1.0002,0.6918,0.2961,0.0,0.0,0.0,0.0,0.0,0.0,-58.0,-14.0,0,0
13871,-3.1431,-1.0002,0.6903,0.2961,0.0,0.0,0.0,0.0,0.0,3.0,-63.0,-14.0,0,0
13883,-3.1431,-1.0002,0.6918,0.2961,0.0,0.0,0.0,0.0,0.0,0.0,-58.0,-14.0,0,0
13895,-3.1447,-0.9986,0.6903,0.2961,0.0,0.0,0.0,0.0,11.0,-4.0,-63.0,-14.0,0,0
13903,-3.1477,-0.9956,0.6903,0.2961,-0.024,0.024,0.0,0.0,21.0,-20.0,-58.0,-14.0,0,0
13916,-3.1508,-0.991,0.6903,0.2961,-0.0719,0.0719,0.0,0.0,52.0,-76.0,-52.0,-11.0,1,0
13928,-3.1508,-0.9879,0.6903,0.2961,-0.0959,0.0959,0.0,0.0,50.0,-105.0,-62.0,-12.0,4,0
13940,-3.1508,-0.9863,0.6918,0.2961,-0.1198,0.1438,0.0,0.0,46.0,-115.0,-66.0,-13.0,7,0
13952,-3.1508,-0.9833,0.6934,0.2961,-0.1198,0.1918,0.0,0.0,47.0,-118.0,-73.0,-14.0,13,1
13965,-3.1493,-0.9817,0.6934,0.2961,-0.0959,0.1918,0.0,0.0,43.0,-128.0,-87.0,-14.0,6,0
13973,-3.1493,-0.9787,0.6934,0.2961,-0.0479,0.2157,0.024,0.0,37.0,-133.0,-79.0,-14.0,5,0
13989,-3.1477,-0.9771,0.6934,0.2961,0.0,0.2157,0.024,0.0,26.0,-108.0,-64.0,-14.0,11,1
14002,-3.1477,-0.9771,0.6934,0.2961,0.0,0.1918,0.024,0.0,22.0,-105.0,-62.0,-14.0,12,1
14014,-3.1477,-0.9787,0.6934,0.2961,0.024,0.1438,0.024,0.0,25.0,-102.0,-76.0,-14.0,10,0
14022,-3.1462,-0.9787,0.6918,0.2961,0.024,0.1198,0.0,0.0,30.0,-100.0,-67.0,-14.0,6,0
14034,-3.1462,-0.9787,0.6918,0.2961,0.024,0.0719,0.0,0.0,34.0,-101.0,-59.0,-12.0,4,0
14047,-3.1477,-0.9787,0.6934,0.2961,0.024,0.0,0.0,0.0,32.0,-101.0,-68.0,-14.0,2,0
14059,-3.1462,-0.9787,0.6934,0.2961,0.024,0.0,0.0,0.0,31.0,-100.0,-64.0,-14.0,2,0
14071,-3.1477,-0.9787,0.6934,0.2961,0.0,0.0,0.0,0.0,34.0,-101.0,-66.0,-14.0,0,0
14079,-3.1462,-0.9787,0.6934,0.2961,0.0,0.0,0.0,0.0,34.0,-101.0,-78.0,-14.0,0,0
14092,-3.1462,-0.9787,0.6934,0.2961,0.0,0.0,0.0,0.0,32.0,-101.0,-61.0,-14.0,1,0
14104,-3.1462,-0.9787,0.6934,0.2961,0.0,0.0,0.0,0.0,27.0,-99.0,-77.0,-14.0,0,0
14116,-3.1447,-0.9817,0.6934,0.2961,0.0,0.0,0.0,0.0,10.0,-61.0,-67.0,-15.0,0,0
14129,-3.1447,-0.9833,0.6934,0.2961,0.024,-0.024,0.0,0.0,7.0,-47.0,-61.0,-12.0,0,0
14137,-3.1431,-0.9848,0.6934,0.2961,0.024,-0.0479,0.0,0.0,0.0,-35.0,-65.0,-14.0,0,0
14149,-3.1431,-0.9863,0.6934,0.2961,0.024,-0.0719,0.0,0.0,0.0,-22.0,-58.0,-14.0,0,0
14161,-3.1431,-0.9894,0.6934,0.2961,0.024,-0.0959,0.0,0.0,0.0,-22.0,-62.0,-14.0,0,0
14174,-3.1431,-0.9925,0.6934,0.2961,0.024,-0.1438,0.0,0.0,0.0,-23.0,-66.0,-14.0,0,0
14186,-3.1431,-0.9925,0.6934,0.2961,0.024,-0.1678,0.0,0.0,0.0,-27.0,-76.0,-14.0,0,0
14194,-3.1431,-0.9925,0.6934,0.2961,0.024,-0.1678,0.0,0.0,0.0,-27.0,-76.0,-14.0,0,0
14206,-3.1401,-0.9925,0.6934,0.2961,0.024,-0.1438,0.0,0.0,0.0,-32.0,-58.0,-14.0,0,0
14219,-3.1401,-0.994,0.6934,0.2961,0.024,-0.1198,0.0,0.0,0.0,-38.0,-74.0,-12.0,0,0
14231,-3.1416,-0.994,0.6934,0.2961,0.024,-0.0719,0.0,0.0,0.0,-35.0,-59.0,-13.0,0,0
14243,-3.1416,-0.994,0.6934,0.2961,0.024,-0.0479,0.0,0.0,0.0,-33.0,-74.0,-13.0,0,0
14251,-3.1401,-0.994,0.6934,0.2961,0.024,-0.024,0.0,0.0,0.0,-33.0,-62.0,-13.0,0,0
14264,-3.1416,-0.9925,0.6934,0.2961,0.024,-0.024,0.0,0.0,0.0,-35.0,-66.0,-13.0,0,0
14276,-3.1416,-0.994,0.6934,0.2961,0.0,0.0,0.0,0.0,0.0,-32.0,-73.0,-13.0,0,0
14288,-3.1416,-0.994,0.6934,0.2961,0.0,0.0,0.0,0.0,0.0,-32.0,-74.0,-13.0,0,0
14297,-3.1416,-0.994,0.6934,0.2961,0.0,0.0,0.0,0.0,0.0,-32.0,-73.0,-13.0,0,0
14309,-3.1416,-0.9925,0.6934,0.2961,0.0,0.0,0.0,0.0,0.0,-33.0,-61.0,-13.0,0,0
14321,-3.1416,-0.994,0.6934,0.2961,0.0,0.0,0.0,0.0,0.0,-32.0,-65.0,-13.0,0,0
14333,-3.1416,-0.994,0.6934,0.2961,0.0,0.0,0.0,0.0,0.0,-32.0,-69.0,-11.0,0,0
14346,-3.1416,-0.994,0.6934,0.2961,0.0,0.0,0.0,0.0,0.0,-29.0,-69.0,-13.0,0,0
14354,-3.1416,-0.994,0.6934,0.2961,0.0,0.0,0.0,0.0,0.0,-29.0,-69.0,-13.0,0,0
14366,-3.1416,-0.994,0.6934,0.2961,0.0,0.0,0.0,0.0,0.0,-30.0,-65.0,-13.0,0,0
14378,-3.1416,-0.994,0.6934,0.2961,0.0,0.0,0.0,0.0,0.0,-28.0,-72.0,-14.0,0,0
14391,-3.1416,-0.994,0.6934,0.2961,0.0,0.0,0.0,0.0,0.0,-24.0,-71.0,-11.0,0,0
14403,-3.1416,-0.994,0.6934,0.2945,0.0,0.0,0.0,0.0,0.0,-28.0,-64.0,-10.0,0,0
14411,-3.1416,-0.994,0.6934,0.2961,0.0,0.0,0.0,0.0,0.0,-20.0,-72.0,-13.0,0,0
14423,-3.1416,-0.994,0.6934,0.2961,0.0,0.0,0.0,0.0,0.0,-26.0,-63.0,-10.0,0,0
14436,-3.1416,-0.994,0.6934,0.2945,0.0,0.0,0.0,0.0,0.0,-27.0,-67.0,-13.0,0,0
14448,-3.1416,-0.994,0.6934,0.2961,0.0,0.0,0.0,0.0,0.0,-24.0,-68.0,-12.0,0,0
14460,-3.1416,-0.994,0.6934,0.2961,0.0,0.0,0.0,0.0,0.0,-23.0,-66.0,-13.0,0,0
14469,-3.1416,-0.994,0.6934,0.2961,0.0,0.0,0.0,0.0,0.0,-27.0,-67.0,-12.0,0,0
14481,-3.1416,-0.994,0.6934,0.2961,0.0,0.0,0.0,0.0,0.0,-24.0,-68.0,-13.0,0,0
14493,-3.1416,-0.994,0.6934,0.2961,0.0,0.0,0.0,0.0,0.0,-21.0,-67.0,-13.0,0,0
14505,-3.1416,-0.994,0.6934,0.2961,0.0,0.0,0.0,0.0,0.0,-20.0,-67.0,-13.0,0,0
14518,-3.1416,-0.994,0.6934,0.2961,0.0,0.0,0.0,0.0,0.0,-20.0,-68.0,-13.0,0,0
14526,-3.1416,-0.994,0.6934,0.2945,0.0,0.0,0.0,0.0,0.0,-18.0,-62.0,-13.0,0,0
14538,-3.1416,-0.994,0.6934,0.2961,0.0,0.0,0.0,0.0,0.0,-23.0,-60.0,-13.0,0,0
14550,-3.1416,-0.994,0.6934,0.2961,0.0,0.0,0.0,0.0,0.0,-19.0,-63.0,-12.0,0,0
14563,-3.1416,-0.9925,0.6934,0.2961,0.0,0.0,0.0,0.0,0.0,-19.0,-61.0,-13.0,0,0
14575,-3.1416,-0.994,0.6934,0.2961,0.0,0.0,0.0,0.0,0.0,-31.0,-60.0,-13.0,0,0
14583,-3.1416,-0.994,0.6934,0.2961,0.0,0.0,0.0,0.0,0.0,-33.0,-61.0,-13.0,0,0
14596,-3.1416,-0.994,0.6934,0.2961,0.0,0.0,0.0,0.0,0.0,-33.0,-63.0,-13.0,0,0
14608,-3.1416,-0.994,0.6934,0.2961,0.0,0.0,0.0,0.0,0.0,-31.0,-63.0,-13.0,0,0
14620,-3.1416,-0.994,0.6934,0.2961,0.0,0.0,0.0,0.0,0.0,-31.0,-64.0,-12.0,0,0
14632,-3.1416,-0.994,0.6934,0.2961,0.0,0.0,0.0,0.0,0.0,-33.0,-62.0,-12.0,0,0
14641,-3.1416,-0.994,0.6934,0.2961,0.0,0.0,0.0,0.0,0.0,-32.0,-60.0,-14.0,0,0
14653,-3.1416,-0.994,0.6934,0.2961,0.0,0.0,0.0,0.0,0.0,-39.0,-62.0,-14.0,0,0
14665,-3.1416,-0.994,0.6934,0.2961,0.0,0.0,0.0,0.0,0.0,-40.0,-59.0,-13.0,0,0
14677,-3.1416,-0.994,0.6934,0.2961,0.0,0.0,0.0,0.0,0.0,-40.0,-59.0,-12.0,0,0
14690,-3.1416,-0.994,0.6934,0.2961,0.0,0.0,0.0,0.0,0.0,-40.0,-60.0,-13.0,0,0
14698,-3.1416,-0.994,0.6934,0.2961,0.0,0.0,0.0,0.0,0.0,-40.0,-61.0,-12.0,0,0
14710,-3.1416,-0.994,0.6934,0.2961,0.0,0.0,0.0,0.0,0.0,-40.0,-62.0,-13.0,0,0
14722,-3.1416,-0.994,0.6934,0.2961,0.0,0.0,0.0,0.0,0.0,-40.0,-62.0,-12.0,0,0
14735,-3.1416,-0.994,0.6934,0.2961,0.0,0.0,0.0,0.0,0.0,-40.0,-59.0,-13.0,0,0
14743,-3.1416,-0.9925,0.6934,0.2961,0.0,0.0,0.0,0.0,0.0,-40.0,-60.0,-14.0,0,0
14755,-3.1416,-0.994,0.6934,0.2961,0.0,0.0,0.0,0.0,0.0,-39.0,-59.0,-14.0,0,0
14768,-3.1416,-0.994,0.6934,0.2961,0.0,0.0,0.0,0.0,0.0,-38.0,-61.0,-13.0,0,0
14780,-3.1416,-0.994,0.6934,0.2961,0.0,0.0,0.0,0.0,0.0,-40.0,-56.0,-13.0,0,0
14792,-3.1416,-0.994,0.6934,0.2961,0.0,0.0,0.0,0.0,0.0,-39.0,-58.0,-13.0,0,0
14800,-3.1416,-0.994,0.6934,0.2961,0.0,0.0,0.0,0.0,0.0,-39.0,-55.0,-13.0,0,0
14813,-3.1416,-0.994,0.6934,0.2961,0.0,0.0,0.0,0.0,0.0,-39.0,-63.0,-13.0,0,0
14825,-3.1416,-0.994,0.6934,0.2961,0.0,0.0,0.0,0.0,0.0,-40.0,-62.0,-13.0,0,0
14837,-3.1416,-0.994,0.6934,0.2961,0.0,0.0,0.0,0.0,0.0,-40.0,-62.0,-13.0,0,0
14849,-3.1416,-0.994,0.6934,0.2961,0.0,0.0,0.0,0.0,0.0,-39.0,-61.0,-13.0,0,0
14858,-3.1416,-0.994,0.6934,0.2961,0.0,0.0,0.0,0.0,0.0,-38.0,-63.0,-14.0,0,0
14870,-3.1416,-0.994,0.6934,0.2961,0.0,0.0,0.0,0.0,0.0,-38.0,-58.0,-13.0,0,0
14882,-3.1416,-0.994,0.6934,0.2961,0.0,0.0,0.0,0.0,0.0,-39.0,-62.0,-13.0,0,0
14895,-3.1416,-0.994,0.6934,0.2961,0.0,0.0,0.0,0.0,0.0,-40.0,-55.0,-13.0,0,0
14907,-3.1416,-0.994,0.6934,0.2961,0.0,0.0,0.0,0.0,0.0,-40.0,-62.0,-13.0,0,0
14915,-3.1416,-0.994,0.6934,0.2961,0.0,0.0,0.0,0.0,0.0,-40.0,-62.0,-13.0,0,0
14927,-3.1416,-0.9925,0.6949,0.2961,0.0,0.0,0.0,-0.024,0.0,-38.0,-91.0,-11.0,0,0
14940,-3.1401,-0.994,0.6964,0.2961,0.0,0.0,0.0,0.0,0.0,-39.0,-117.0,-14.0,0,0
14952,-3.1431,-0.994,0.701,0.2961,0.0,0.0,0.024,0.0,0.0,-40.0,-149.0,-14.0,0,0
14964,-3.1431,-0.9925,0.7041,0.2961,0.0,0.0,0.0719,0.0,2.0,-39.0,-167.0,-14.0,0,0
14972,-3.1431,-0.994,0.7087,0.2961,0.0,0.0,0.1198,0.0,0.0,-42.0,-192.0,-13.0,0,0
14985,-3.1401,-0.9925,0.7118,0.2961,0.0,0.0,0.1678,0.0,0.0,-41.0,-200.0,-13.0,20,1
14997,-3.1385,-0.9925,0.7179,0.2961,0.0,0.0,0.2876,0.024,-1.0,-42.0,-244.0,-13.0,20,1
15013,-3.1401,-0.9925,0.724,0.2961,0.0,0.0,0.3116,0.0,1.0,-43.0,-258.0,-13.0,19,1
15026,-3.1401,-0.9925,0.7286,0.2961,0.024,0.0,0.3595,0.0,0.0,-46.0,-245.0,-13.0,20,1
15038,-3.1401,-0.9925,0.7302,0.2961,0.024,0.0,0.3595,0.0,0.0,-48.0,-240.0,-13.0,25,1
15050,-3.1401,-0.9925,0.7302,0.2961,0.0,0.0,0.3356,0.0,0.0,-63.0,-232.0,-14.0,33,1
15062,-3.1401,-0.991,0.7317,0.2961,0.0,0.0,0.2876,0.0,0.0,-74.0,-271.0,-13.0,38,1
15075,-3.1385,-0.9894,0.7317,0.2961,0.0,0.024,0.2397,0.0,-2.0,-83.0,-266.0,-13.0,37,1
15087,-3.1385,-0.9863,0.7317,0.2961,0.0,0.0479,0.1198,0.0,0.0,-85.0,-270.0,-13.0,41,1
15099,-3.1401,-0.9863,0.7302,0.2961,0.0,0.0719,0.0719,0.0,0.0,-81.0,-265.0,-13.0,40,1
15112,-3.1385,-0.9863,0.7302,0.2961,0.0,0.0719,0.0479,0.0,-4.0,-77.0,-265.0,-13.0,40,1
15124,-3.1401,-0.9863,0.7302,0.2961,0.0,0.0719,0.024,0.0,-3.0,-77.0,-266.0,-13.0,39,1
15136,-3.1401,-0.9863,0.7302,0.2961,0.0,0.0479,0.0,0.0,-1.0,-75.0,-248.0,-13.0,38,1
15148,-3.1385,-0.9879,0.7286,0.2961,0.0,0.024,0.0,0.0,-4.0,-73.0,-223.0,-13.0,33,1
15161,-3.1401,-0.9863,0.7286,0.2961,0.0,0.0,-0.024,0.0,0.0,-73.0,-218.0,-13.0,31,1
15173,-3.1385,-0.9879,0.7271,0.2961,0.0,0.0,-0.024,0.0,0.0,-71.0,-198.0,-14.0,26,1
15185,-3.1401,-0.9894,0.7256,0.2961,0.0,0.0,-0.024,0.0,-5.0,-56.0,-168.0,-14.0,22,1
15198,-3.1401,-0.991,0.7179,0.2961,0.0,-0.024,-0.0959,0.0,0.0,-35.0,-118.0,-13.0,18,1
15210,-3.1401,-0.9925,0.7133,0.2961,0.0,-0.0479,-0.1438,0.0,0.0,-28.0,-98.0,-13.0,13,1
15222,-3.1416,-0.994,0.7118,0.2961,0.0,-0.0719,-0.1918,0.0,0.0,-30.0,-83.0,-13.0,6,0
15234,-3.1431,-0.994,0.7072,0.2961,0.0,-0.0719,-0.2397,0.0,0.0,-35.0,-73.0,-13.0,2,0
15247,-3.1447,-0.9956,0.7026,0.2961,-0.0479,-0.0719,-0.3116,0.0,5.0,-27.0,-85.0,-13.0,0,0
15255,-3.1447,-0.9956,0.7026,0.2961,-0.0479,-0.0719,-0.3116,0.0,5.0,-27.0,-85.0,-13.0,1,0
15267,-3.1431,-0.9956,0.701,0.2945,-0.0479,-0.0719,-0.2876,0.0,0.0,-27.0,-106.0,-12.0,2,0
15280,-3.1431,-0.9956,0.701,0.2961,-0.0479,-0.0479,-0.2637,0.0,0.0,-28.0,-98.0,-13.0,0,0
15292,-3.1431,-0.9956,0.701,0.2961,-0.024,-0.0479,-0.2157,0.0,0.0,-30.0,-107.0,-13.0,0,0
15304,-3.1416,-0.9956,0.701,0.2961,0.0,-0.024,-0.1678,0.0,0.0,-30.0,-106.0,-13.0,0,0
15312,-3.1431,-0.9956,0.701,0.2961,0.0,-0.024,-0.0959,0.0,0.0,-30.0,-102.0,-13.0,0,0
15325,-3.1431,-0.9956,0.701,0.2961,0.0,0.0,-0.0719,0.0,0.0,-30.0,-111.0,-13.0,0,0
15337,-3.1416,-0.9956,0.7026,0.2961,0.0,0.0,-0.024,0.0,0.0,-30.0,-110.0,-13.0,0,0
15349,-3.1431,-0.9956,0.701,0.2961,0.0,0.0,0.0,0.0,0.0,-30.0,-101.0,-13.0,0,0
15361,-3.1431,-0.9956,0.701,0.2961,0.0,0.0,0.0,0.0,0.0,-30.0,-103.0,-13.0,0,0
15370,-3.1431,-0.9956,0.701,0.2961,0.0,0.0,0.0,0.0,0.0,-30.0,-101.0,-13.0,0,0
15382,-3.1431,-0.9956,0.701,0.2961,0.0,0.0,0.0,0.0,0.0,-30.0,-103.0,-13.0,0,0
15394,-3.1431,-0.9956,0.701,0.2961,0.0,0.0,0.0,0.0,0.0,-30.0,-105.0,-13.0,0,0
15406,-3.1431,-0.9956,0.701,0.2961,0.0,0.0,0.0,0.0,0.0,-30.0,-112.0,-13.0,0,0
15419,-3.1431,-0.9956,0.701,0.2961,0.0,0.0,0.0,0.0,0.0,-30.0,-101.0,-13.0,0,0
15427,-3.1431,-0.9956,0.701,0.2961,0.0,0.0,0.0,0.0,0.0,-30.0,-114.0,-13.0,0,0
15439,-3.1431,-0.9956,0.701,0.2961,0.0,0.0,0.0,0.0,0.0,-30.0,-111.0,-13.0,0,0
15452,-3.1431,-0.9956,0.701,0.2961,0.0,0.0,0.0,0.0,0.0,-30.0,-108.0,-13.0,0,0
15464,-3.1431,-0.9956,0.701,0.2961,0.0,0.0,0.0,0.0,0.0,-30.0,-113.0,-13.0,0,0
15476,-3.1431,-0.9956,0.701,0.2961,0.0,0.0,0.0,0.0,0.0,-30.0,-105.0,-13.0,0,0
15484,-3.1431,-0.9956,0.701,0.2961,0.0,0.0,0.0,0.0,0.0,-30.0,-105.0,-13.0,0,0
15497,-3.1431,-0.9956,0.701,0.2961,0.0,0.0,0.0,0.0,0.0,-30.0,-116.0,-13.0,0,0
15509,-3.1431,-0.9956,0.701,0.2961,0.0,0.0,0.0,0.0,0.0,-30.0,-116.0,-13.0,0,0
15521,-3.1431,-0.9956,0.701,0.2961,0.0,0.0,0.0,0.0,0.0,-30.0,-109.0,-13.0,0,0
15533,-3.1416,-0.9956,0.701,0.2961,0.0,0.0,0.0,0.0,0.0,-30.0,-105.0,-13.0,0,0
15542,-3.1431,-0.9956,0.701,0.2961,0.0,0.0,0.0,0.0,0.0,-30.0,-110.0,-13.0,0,0
15554,-3.1431,-0.9956,0.701,0.2961,0.0,0.0,0.0,0.0,0.0,-30.0,-113.0,-13.0,0,0
15566,-3.1416,-0.9956,0.701,0.2961,0.0,0.0,0.0,0.0,0.0,-30.0,-106.0,-13.0,0,0
15579,-3.1431,-0.9956,0.701,0.2961,0.0,0.0,0.0,0.0,0.0,-30.0,-105.0,-13.0,0,0
15591,-3.1431,-0.9956,0.701,0.2961,0.0,0.0,0.0,0.0,0.0,-30.0,-111.0,-13.0,0,0
15599,-3.1431,-0.9956,0.701,0.2961,0.0,0.0,0.0,0.0,0.0,-30.0,-104.0,-12.0,0,0
15611,-3.1431,-0.9956,0.701,0.2961,0.0,0.0,0.0,0.0,0.0,-30.0,-110.0,-13.0,0,0
15624,-3.1431,-0.9956,0.701,0.2961,0.0,0.0,0.0,0.0,0.0,-30.0,-106.0,-13.0,0,0
15636,-3.1416,-0.9956,0.701,0.2961,0.0,0.0,0.0,0.0,0.0,-30.0,-115.0,-13.0,0,0
15648,-3.1416,-0.9956,0.701,0.2961,0.0,0.0,0.0,0.0,0.0,-30.0,-114.0,-13.0,0,0
15656,-3.1416,-0.9956,0.701,0.2961,0.0,0.0,0.0,0.0,0.0,-30.0,-105.0,-13.0,0,0
15669,-3.1416,-0.9956,0.701,0.2961,0.0,0.0,0.0,0.0,0.0,-30.0,-108.0,-13.0,0,0
15681,-3.1416,-0.9956,0.701,0.2961,0.0,0.0,0.0,0.0,0.0,-30.0,-102.0,-13.0,0,0
15693,-3.1431,-0.9956,0.701,0.2961,0.0,0.0,0.0,0.0,0.0,-30.0,-104.0,-13.0,0,0
15701,-3.1431,-0.9956,0.701,0.2961,0.0,0.0,0.0,0.0,1.0,-30.0,-112.0,-13.0,0,0
15714,-3.1431,-0.9956,0.701,0.2961,0.0,0.0,0.0,0.0,4.0,-30.0,-103.0,-13.0,0,0
15726,-3.1416,-0.9956,0.701,0.2961,0.0,0.0,0.0,0.0,0.0,-30.0,-112.0,-13.0,0,0
15738,-3.1416,-0.9956,0.701,0.2961,0.0,0.0,0.0,0.0,0.0,-30.0,-104.0,-13.0,0,0
15751,-3.1431,-0.9956,0.701,0.2961,0.0,0.0,0.0,0.0,0.0,-30.0,-117.0,-13.0,0,0
15759,-3.1416,-0.9956,0.701,0.2961,0.0,0.0,0.0,0.0,0.0,-30.0,-106.0,-13.0,0,0
15771,-3.1416,-0.9956,0.701,0.2961,0.0,0.0,0.0,0.0,0.0,-31.0,-102.0,-13.0,0,0
15783,-3.1416,-0.9956,0.701,0.2961,0.0,0.0,0.0,0.0,1.0,-31.0,-103.0,-13.0,0,0
15796,-3.1431,-0.9956,0.701,0.2961,0.0,0.0,0.0,0.0,0.0,-32.0,-103.0,-11.0,0,0
15808,-3.1416,-0.9956,0.701,0.2961,0.0,0.0,0.0,0.0,0.0,-31.0,-106.0,-13.0,0,0
15816,-3.1416,-0.9956,0.701,0.2961,0.0,0.0,0.0,0.0,3.0,-31.0,-106.0,-13.0,0,0
15828,-3.1416,-0.9956,0.701,0.2961,0.0,0.0,0.0,0.0,0.0,-31.0,-107.0,-13.0,0,0
15841,-3.1416,-0.9956,0.701,0.2961,0.0,0.0,0.0,0.0,0.0,-31.0,-117.0,-13.0,0,0
15853,-3.1416,-0.9956,0.701,0.2961,0.0,0.0,0.0,0.0,0.0,-31.0,-109.0,-13.0,0,0
15865,-3.1416,-0.9956,0.701,0.2961,0.0,0.0,0.0,0.0,0.0,-31.0,-112.0,-13.0,0,0
15873,-3.1416,-0.9956,0.701,0.2961,0.0,0.0,0.0,0.0,0.0,-31.0,-108.0,-13.0,0,0
15886,-3.1416,-0.9956,0.701,0.2961,0.0,0.0,0.0,0.0,0.0,-31.0,-118.0,-13.0,0,0
15898,-3.1416,-0.9956,0.701,0.2961,0.0,0.0,0.0,0.0,0.0,-31.0,-118.0,-13.0,0,0
15910,-3.1416,-0.9956,0.701,0.2961,0.0,0.0,0.0,0.0,0.0,-31.0,-104.0,-13.0,0,0
15923,-3.1416,-0.9956,0.701,0.2961,0.0,0.0,0.0,0.0,0.0,-31.0,-111.0,-13.0,0,0
15931,-3.1416,-0.9956,0.701,0.2961,0.0,0.0,0.0,0.0,0.0,-31.0,-117.0,-13.0,0,0
15943,-3.1416,-0.9956,0.701,0.2961,0.0,0.0,0.0,0.0,0.0,-31.0,-112.0,-13.0,0,0
15955,-3.1416,-0.9956,0.701,0.2961,0.0,0.0,0.0,0.0,0.0,-31.0,-117.0,-13.0,0,0
15968,-3.1416,-0.9956,0.701,0.2961,0.0,0.0,0.0,0.0,0.0,-31.0,-112.0,-14.0,0,0
15980,-3.1431,-0.9956,0.701,0.2961,0.0,0.0,0.0,0.0,6.0,-31.0,-116.0,-14.0,0,0
15988,-3.1416,-0.9956,0.701,0.2961,0.0,0.0,0.0,0.0,7.0,-31.0,-106.0,-14.0,0,0
16000,-3.1416,-0.9956,0.701,0.2961,0.0,0.0,0.0,0.0,8.0,-31.0,-112.0,-14.0,0,0
16013,-3.1431,-0.9956,0.701,0.2961,0.0,0.0,0.0,0.0,4.0,-31.0,-108.0,-14.0,0,0
16025,-3.1431,-0.9956,0.701,0.2961,0.0,0.0,0.0,0.0,3.0,-31.0,-112.0,-14.0,0,0
16037,-3.1416,-0.9956,0.701,0.2961,0.0,0.0,0.0,0.0,9.0,-31.0,-106.0,-14.0,0,0
16045,-3.1416,-0.9956,0.701,0.2961,0.0,0.0,0.0,0.0,9.0,-31.0,-106.0,-14.0,0,0
16058,-3.1431,-0.9956,0.701,0.2961,0.0,0.0,0.0,0.0,7.0,-31.0,-106.0,-14.0,0,0
16070,-3.1416,-0.9956,0.701,0.2961,0.0,0.0,0.0,0.0,11.0,-31.0,-115.0,-14.0,0,0
16082,-3.1431,-0.9956,0.701,0.2961,0.0,0.0,0.0,0.0,10.0,-31.0,-107.0,-14.0,0,0
16095,-3.1416,-0.9956,0.701,0.2961,0.0,0.0,0.0,0.0,9.0,-31.0,-111.0,-14.0,0,0
16103,-3.1431,-0.9956,0.701,0.2961,0.0,0.0,0.0,0.0,5.0,-31.0,-106.0,-14.0,0,0
16115,-3.1431,-0.9956,0.701,0.2961,0.0,0.0,0.0,0.0,1.0,-31.0,-107.0,-14.0,0,0
16127,-3.1431,-0.9956,0.701,0.2961,0.0,0.0,0.0,0.0,8.0,-31.0,-109.0,-13.0,0,0
16140,-3.1431,-0.9956,0.701,0.2961,0.0,0.0,0.0,0.0,15.0,-31.0,-110.0,-13.0,0,0
16148,-3.1431,-0.9956,0.701,0.2961,0.0,0.0,0.0,0.0,15.0,-31.0,-116.0,-13.0,0,0
16160,-3.1431,-0.9956,0.701,0.2961,0.0,0.0,0.0,0.0,15.0,-31.0,-116.0,-13.0,0,0
16172,-3.1431,-0.9956,0.701,0.2961,0.0,0.0,0.0,0.0,14.0,-31.0,-116.0,-14.0,0,0
16185,-3.1431,-0.9956,0.701,0.2961,0.0,0.0,0.0,0.0,12.0,-31.0,-109.0,-14.0,0,0
16197,-3.1431,-0.9956,0.701,0.2961,0.0,0.0,0.0,0.0,13.0,-31.0,-116.0,-14.0,0,0
16205,-3.1431,-0.9956,0.701,0.2961,0.0,0.0,0.0,0.0,13.0,-31.0,-116.0,-14.0,0,0
16217,-3.1431,-0.9956,0.701,0.2961,0.0,0.0,0.0,0.0,13.0,-31.0,-108.0,-14.0,0,0
16230,-3.1431,-0.9956,0.701,0.2961,0.0,0.0,0.0,0.0,16.0,-31.0,-113.0,-14.0,0,0
16242,-3.1447,-0.9956,0.701,0.2961,0.0,0.0,0.0,0.0,23.0,-31.0,-114.0,-14.0,0,0
16254,-3.1462,-0.9956,0.701,0.2961,0.0,0.0,0.0,0.0,47.0,-31.0,-112.0,-14.0,0,0
16263,-3.1462,-0.9956,0.701,0.2961,-0.024,0.0,0.0,0.0,55.0,-31.0,-117.0,-14.0,0,0
16275,-3.1477,-0.9956,0.701,0.2961,-0.024,0.0,0.0,0.0,43.0,-31.0,-108.0,-14.0,13,1
16291,-3.1493,-0.9956,0.701,0.2961,-0.0479,0.0,0.0,0.0,60.0,-31.0,-112.0,-13.0,16,1
16303,-3.1508,-0.9956,0.701,0.2961,-0.0719,0.0,0.0,0.0,73.0,-31.0,-108.0,-13.0,25,1
16316,-3.1539,-0.9956,0.701,0.2961,-0.0959,0.0,0.0,0.0,93.0,-31.0,-111.0,-13.0,37,1
16328,-3.1554,-0.9956,0.701,0.2961,-0.0959,0.0,0.0,0.0,104.0,-31.0,-115.0,-13.0,41,1
16340,-3.1554,-0.9956,0.701,0.2961,-0.0959,0.0,0.0,0.0,101.0,-33.0,-113.0,-13.0,44,1
16353,-3.1569,-0.9956,0.701,0.2961,-0.1198,0.0,0.0,0.0,98.0,-30.0,-115.0,-13.0,51,1
16365,-3.1585,-0.9956,0.6995,0.2961,-0.1198,0.0,0.0,0.0,103.0,-28.0,-107.0,-13.0,54,1
16377,-3.16,-0.9956,0.6995,0.2961,-0.1198,0.0,0.0,0.0,117.0,-29.0,-101.0,-12.0,60,1
16390,-3.1615,-0.9956,0.701,0.2961,-0.0959,0.0,0.0,0.0,133.0,-31.0,-111.0,-13.0,67,1
16402,-3.1631,-0.9956,0.701,0.2961,-0.0959,0.0,0.0,0.0,124.0,-31.0,-115.0,-13.0,71,1
16414,-3.1646,-0.9956,0.701,0.2961,-0.0959,0.0,0.0,0.0,132.0,-31.0,-115.0,-13.0,70,1
16426,-3.1646,-0.9956,0.6995,0.2961,-0.0959,0.0,0.0,0.0,117.0,-31.0,-108.0,-13.0,75,1
16439,-3.1646,-0.9956,0.701,0.2961,-0.0719,0.0,0.0,0.0,118.0,-30.0,-107.0,-13.0,77,1
16451,-3.1646,-0.9956,0.6995,0.2961,-0.0719,0.0,0.0,0.0,118.0,-27.0,-111.0,-14.0,74,1
16463,-3.1646,-0.9956,0.6995,0.2961,-0.0479,0.0,0.0,0.0,119.0,-18.0,-101.0,-13.0,74,1
16476,-3.1646,-0.9971,0.701,0.2961,-0.024,0.0,0.0,0.0,118.0,-7.0,-105.0,-13.0,75,1
16488,-3.1631,-0.9986,0.701,0.2961,0.0,-0.024,0.0,0.0,115.0,-6.0,-110.0,-13.0,76,1
16500,-3.1631,-0.9986,0.701,0.2961,0.0,-0.024,0.0,0.0,114.0,-6.0,-114.0,-13.0,73,1
16512,-3.1631,-1.0002,0.701,0.2961,0.0,-0.024,0.0,0.0,110.0,-8.0,-114.0,-13.0,67,1
16525,-3.1615,-1.0002,0.701,0.2961,0.024,-0.024,0.0,0.0,101.0,-6.0,-110.0,-13.0,63,1
16541,-3.1569,-0.9986,0.701,0.2961,0.0479,-0.024,0.0,0.0,57.0,-11.0,-99.0,-13.0,56,1
16553,-3.1539,-0.9986,0.6995,0.2961,0.0719,0.0,0.0,0.0,28.0,-11.0,-114.0,-13.0,52,1
16566,-3.1493,-0.9986,0.701,0.2961,0.1438,0.0,0.0,0.0,5.0,-13.0,-113.0,-13.0,44,1
16578,-3.1462,-0.9986,0.6995,0.2961,0.1678,0.0,0.0,0.0,1.0,-12.0,-115.0,-13.0,32,1
16590,-3.1447,-0.9986,0.701,0.2961,0.1918,0.0,0.0,0.0,5.0,-6.0,-114.0,-13.0,22,1
16602,-3.1431,-0.9986,0.6995,0.2961,0.2157,0.0,0.0,0.0,6.0,-10.0,-110.0,-13.0,9,0
16611,-3.1416,-1.0002,0.701,0.2961,0.2157,0.0,0.0,0.0,1.0,-11.0,-110.0,-13.0,1,0
16623,-3.1401,-1.0002,0.701,0.2961,0.2157,0.0,0.0,0.0,1.0,-10.0,-107.0,-13.0,0,0
16635,-3.1401,-0.9986,0.6995,0.2961,0.1918,0.0,0.0,0.0,-2.0,-11.0,-109.0,-13.0,0,0
16648,-3.1401,-0.9986,0.6995,0.2961,0.1198,0.0,0.0,0.0,0.0,-8.0,-110.0,-13.0,0,0
16656,-3.1401,-0.9986,0.6995,0.2961,0.0959,0.0,0.0,0.0,5.0,-7.0,-115.0,-13.0,0,0
16668,-3.1401,-0.9986,0.6995,0.2961,0.0719,0.0,0.0,0.0,0.0,-6.0,-108.0,-13.0,0,0
16680,-3.1401,-0.9986,0.6995,0.2961,0.0479,0.0,0.0,0.0,0.0,-9.0,-112.0,-13.0,0,0
16693,-3.1401,-1.0002,0.701,0.2961,0.024,0.0,0.0,0.0,0.0,-8.0,-115.0,-13.0,0,0
16705,-3.1401,-0.9986,0.701,0.2961,0.0,0.0,0.0,0.0,0.0,-8.0,-106.0,-13.0,0,0
16713,-3.1401,-1.0002,0.701,0.2961,0.0,0.0,0.0,0.0,0.0,-6.0,-115.0,-14.0,0,0
16725,-3.1401,-0.9986,0.6995,0.2961,0.0,0.0,0.0,0.0,0.0,-8.0,-114.0,-14.0,0,0
16738,-3.1401,-0.9986,0.6995,0.2961,0.0,0.0,0.0,0.0,0.0,-9.0,-116.0,-14.0,0,0
16750,-3.1401,-0.9986,0.701,0.2961,0.0,0.0,0.0,0.0,0.0,-7.0,-114.0,-14.0,0,0
16762,-3.1401,-1.0002,0.701,0.2961,0.0,0.0,0.0,0.0,0.0,-9.0,-112.0,-14.0,0,0
16770,-3.1401,-0.9986,0.701,0.2961,0.0,0.0,0.0,0.0,0.0,-9.0,-114.0,-14.0,0,0
16783,-3.1416,-0.9986,0.701,0.2961,0.0,0.0,0.0,0.0,1.0,-9.0,-113.0,-14.0,0,0
16795,-3.1401,-0.9986,0.6995,0.2961,0.0,0.0,0.0,0.0,0.0,-8.0,-105.0,-14.0,0,0
16807,-3.1401,-0.9986,0.6995,0.2961,0.0,0.0,0.0,0.0,0.0,-8.0,-115.0,-14.0,0,0
16820,-3.1401,-0.9986,0.6995,0.2961,0.0,0.0,0.0,0.0,0.0,-7.0,-116.0,-14.0,0,0
16828,-3.1401,-0.9986,0.6995,0.2961,0.0,0.0,0.0,0.0,0.0,-6.0,-116.0,-13.0,0,0
16840,-3.1401,-0.9986,0.6995,0.2961,0.0,0.0,0.0,0.0,0.0,-6.0,-112.0,-13.0,0,0
16852,-3.1401,-0.9986,0.701,0.2961,0.0,0.0,0.0,0.0,0.0,-7.0,-110.0,-11.0,0,0
16865,-3.1401,-0.9986,0.701,0.2961,0.0,0.0,0.0,0.0,0.0,-9.0,-112.0,-13.0,0,0
16877,-3.1401,-0.9986,0.701,0.2961,0.0,0.0,0.0,0.0,0.0,-6.0,-112.0,-13.0,0,0
16885,-3.1401,-0.9986,0.701,0.2961,0.0,0.0,0.0,0.0,0.0,-6.0,-112.0,-13.0,0,0
16897,-3.1401,-0.9986,0.6995,0.2961,0.0,0.0,0.0,0.0,0.0,-7.0,-115.0,-13.0,0,0
16910,-3.1401,-0.9986,0.6995,0.2961,0.0,0.0,0.0,0.0,0.0,-8.0,-113.0,-13.0,0,0
16922,-3.1401,-0.9986,0.701,0.2961,0.0,0.0,0.0,0.0,0.0,-6.0,-113.0,-13.0,0,0
16934,-3.1401,-0.9986,0.701,0.2961,0.0,0.0,0.0,0.0,0.0,-8.0,-114.0,-12.0,0,0
16942,-3.1401,-1.0002,0.6995,0.2961,0.0,0.0,0.0,0.0,0.0,-8.0,-117.0,-13.0,0,0
16955,-3.1401,-0.9986,0.701,0.2961,0.0,0.0,0.0,0.0,0.0,-8.0,-116.0,-14.0,0,0
16967,-3.1401,-1.0002,0.6995,0.2961,0.0,0.0,0.0,0.0,0.0,-8.0,-113.0,-13.0,0,0
16979,-3.1401,-0.9986,0.6995,0.2961,0.0,0.0,0.0,0.0,0.0,-9.0,-112.0,-13.0,0,0
16992,-3.1401,-0.9986,0.6995,0.2961,0.0,0.0,0.0,0.0,0.0,-9.0,-115.0,-13.0,0,0
17000,-3.1401,-1.0002,0.701,0.2961,0.0,0.0,0.0,0.0,0.0,-8.0,-110.0,-13.0,0,0
17012,-3.1401,-0.9986,0.6995,0.2961,0.0,0.0,0.0,0.0,0.0,-9.0,-112.0,-13.0,0,0
17024,-3.1401,-0.9986,0.6995,0.2961,0.0,0.0,0.0,0.0,0.0,-8.0,-115.0,-13.0,0,0
17037,-3.1401,-0.9986,0.701,0.2961,0.0,0.0,0.0,0.0,0.0,-7.0,-115.0,-13.0,0,0
17049,-3.1401,-0.9986,0.6995,0.2961,0.0,0.0,0.0,0.0,0.0,-5.0,-110.0,-13.0,0,0
17057,-3.1401,-1.0002,0.701,0.2961,0.0,0.0,0.0,0.0,0.0,-7.0,-116.0,-13.0,0,0
17069,-3.1401,-0.9986,0.6995,0.2961,0.0,0.0,0.0,0.0,0.0,-7.0,-112.0,-12.0,0,0
17082,-3.1401,-1.0002,0.6995,0.2961,0.0,0.0,0.0,0.0,0.0,-6.0,-116.0,-13.0,0,0
17094,-3.1401,-0.9986,0.701,0.2961,0.0,0.0,0.0,0.0,0.0,-4.0,-116.0,-13.0,0,0
17102,-3.1401,-0.9986,0.701,0.2961,0.0,0.0,0.0,0.0,0.0,-4.0,-114.0,-14.0,0,0
17114,-3.1401,-0.9986,0.701,0.2961,0.0,0.0,0.0,0.0,0.0,-5.0,-114.0,-14.0,0,0
17127,-3.1401,-0.9986,0.701,0.2961,0.0,0.0,0.0,0.0,0.0,-4.0,-115.0,-14.0,0,0
17139,-3.1401,-0.9986,0.6995,0.2961,0.0,0.0,0.0,0.0,0.0,-5.0,-115.0,-14.0,0,0
17151,-3.1401,-0.9986,0.701,0.2961,0.0,0.0,0.0,0.0,0.0,-4.0,-119.0,-13.0,0,0
17160,-3.1401,-1.0002,0.701,0.2961,0.0,0.0,0.0,0.0,0.0,-4.0,-115.0,-13.0,0,0
17172,-3.1385,-0.9986,0.6995,0.2961,0.0,0.0,0.0,0.0,0.0,-7.0,-115.0,-13.0,0,0
17184,-3.137,-0.9986,0.6995,0.2961,0.0,0.0,0.0,0.0,-6.0,-7.0,-112.0,-13.0,0,0
17196,-3.1339,-0.9986,0.701,0.2961,0.0479,0.0,0.0,0.0,-15.0,-6.0,-115.0,-13.0,0,0
17209,-3.1339,-0.9986,0.701,0.2961,0.0479,0.0,0.0,0.0,-16.0,-3.0,-115.0,-13.0,0,0
17217,-3.1339,-0.9986,0.701,0.2961,0.0719,0.0,0.0,0.0,-22.0,-3.0,-115.0,-14.0,0,0
17229,-3.1339,-1.0002,0.6995,0.2961,0.0719,0.0,0.0,0.0,-36.0,-2.0,-116.0,-13.0,0,0
17241,-3.1324,-0.9986,0.701,0.2961,0.0719,0.0,0.0,0.0,-40.0,-1.0,-117.0,-12.0,0,0
17254,-3.1339,-0.9986,0.701,0.2961,0.0719,0.0,0.0,0.0,-35.0,-1.0,-119.0,-13.0,1,0
17266,-3.1324,-1.0002,0.701,0.2961,0.024,0.0,0.0,0.0,-47.0,0.0,-121.0,-13.0,2,0
17274,-3.1324,-1.0002,0.701,0.2961,0.024,0.0,0.0,0.0,-47.0,0.0,-121.0,-13.0,6,0
17286,-3.1324,-1.0032,0.701,0.2961,0.024,-0.024,0.0,0.0,-53.0,16.0,-120.0,-13.0,21,1
17303,-3.1309,-1.0048,0.701,0.2961,0.024,-0.0479,0.0,0.0,-64.0,25.0,-117.0,-12.0,23,1
17315,-3.1293,-1.0048,0.701,0.2961,0.024,-0.0719,0.0,0.0,-73.0,30.0,-118.0,-13.0,27,1
17327,-3.1263,-1.0063,0.701,0.2961,0.0479,-0.0719,0.0,0.0,-104.0,34.0,-115.0,-13.0,30,1
17340,-3.1247,-1.0048,0.701,0.2961,0.0719,-0.0719,0.0,0.0,-113.0,29.0,-116.0,-11.0,27,1
17352,-3.1247,-1.0063,0.701,0.2961,0.0959,-0.0719,0.0,0.0,-120.0,35.0,-119.0,-13.0,25,1
17364,-3.1232,-1.0063,0.701,0.2961,0.1198,-0.0479,0.0,0.0,-117.0,32.0,-119.0,-13.0,28,1
17377,-3.1201,-1.0063,0.701,0.2961,0.1438,-0.024,0.0,0.0,-115.0,31.0,-121.0,-14.0,27,1
17389,-3.1201,-1.0063,0.701,0.2961,0.1198,0.0,0.0,0.0,-115.0,32.0,-121.0,-14.0,29,1
17401,-3.1201,-1.0063,0.701,0.2961,0.1198,0.0,0.0,0.0,-123.0,32.0,-116.0,-14.0,34,1
17413,-3.1186,-1.0063,0.701,0.2961,0.0959,0.0,0.0,0.0,-130.0,33.0,-117.0,-14.0,37,1
17426,-3.117,-1.0063,0.701,0.2976,0.0719,0.0,0.0,0.0,-135.0,35.0,-117.0,-14.0,43,1
17438,-3.117,-1.0063,0.701,0.2961,0.0719,0.0,0.0,0.0,-123.0,36.0,-117.0,-14.0,46,1
17450,-3.117,-1.0063,0.701,0.2961,0.0719,0.0,0.0,0.0,-124.0,33.0,-122.0,-14.0,48,1
17463,-3.117,-1.0063,0.701,0.2961,0.0479,0.0,0.0,0.0,-125.0,37.0,-115.0,-14.0,46,1
17475,-3.117,-1.0063,0.701,0.2961,0.0479,0.0,0.0,0.0,-125.0,33.0,-119.0,-13.0,45,1
17487,-3.1186,-1.0048,0.701,0.2961,0.024,0.0,0.0,0.0,-123.0,35.0,-116.0,-13.0,42,1
17499,-3.1186,-1.0063,0.6995,0.2961,0.0,0.0,0.0,0.0,-114.0,35.0,-116.0,-13.0,40,1
17512,-3.1186,-1.0048,0.6995,0.2961,0.0,0.0,0.0,0.0,-98.0,36.0,-112.0,-13.0,33,1
17524,-3.1217,-1.0048,0.6995,0.2961,0.0,0.0,0.0,0.0,-65.0,32.0,-107.0,-13.0,30,1
17536,-3.1278,-1.0048,0.6995,0.2961,-0.0719,0.0,0.0,0.0,-12.0,30.0,-111.0,-13.0,25,1
17549,-3.1309,-1.0048,0.6995,0.2961,-0.1198,0.0,0.0,0.0,-3.0,16.0,-111.0,-13.0,20,1
17565,-3.1324,-1.0032,0.6995,0.2961,-0.1678,0.0,0.0,0.0,-5.0,10.0,-110.0,-13.0,13,1
17573,-3.1355,-1.0017,0.6995,0.2961,-0.2157,0.024,0.0,0.0,-13.0,2.0,-117.0,-13.0,8,0
17585,-3.1355,-1.0017,0.6995,0.2945,-0.2397,0.024,0.0,0.0,-1.0,-5.0,-111.0,-13.0,6,0
17598,-3.1416,-0.9986,0.6995,0.2961,-0.2397,0.0719,0.0,0.0,5.0,-1.0,-111.0,-13.0,3,0
17610,-3.1431,-0.9986,0.6995,0.2961,-0.2397,0.0719,0.0,0.0,1.0,-1.0,-116.0,-13.0,2,0
17622,-3.1462,-0.9986,0.6995,0.2961,-0.2157,0.0719,0.0,0.0,12.0,-1.0,-110.0,-13.0,0,0
17631,-3.1462,-0.9986,0.6995,0.2961,-0.2157,0.0719,0.0,0.0,12.0,-1.0,-116.0,-13.0,0,0
17643,-3.1447,-0.9986,0.6995,0.2961,-0.1918,0.0479,0.0,0.0,7.0,-1.0,-116.0,-13.0,0,0
17655,-3.1431,-0.9986,0.6995,0.2961,-0.1438,0.0479,0.0,0.0,-6.0,-1.0,-111.0,-13.0,0,0
17667,-3.1401,-0.9986,0.6995,0.2961,-0.0479,0.0,0.0,0.0,-6.0,-1.0,-113.0,-13.0,0,0
17676,-3.1401,-0.9986,0.6995,0.2961,0.0,0.0,0.0,0.0,0.0,0.0,-112.0,-13.0,0,0
17688,-3.1401,-0.9986,0.6995,0.2961,0.024,0.0,0.0,0.0,-1.0,0.0,-113.0,-13.0,0,0
17700,-3.1401,-0.9986,0.6995,0.2961,0.0479,0.0,0.0,0.0,0.0,0.0,-112.0,-13.0,0,0
17712,-3.1416,-0.9986,0.6995,0.2961,0.0479,0.0,0.0,0.0,2.0,0.0,-117.0,-13.0,0,0
17725,-3.1416,-0.9986,0.6995,0.2961,0.024,0.0,0.0,0.0,0.0,0.0,-113.0,-13.0,0,0
17733,-3.1431,-0.9986,0.6995,0.2961,0.024,0.0,0.0,0.0,0.0,0.0,-116.0,-13.0,0,0
17745,-3.1431,-0.9986,0.6995,0.2961,0.0,0.0,0.0,0.0,0.0,0.0,-112.0,-13.0,0,0
17758,-3.1447,-0.9986,0.6995,0.2961,-0.024,0.0,0.0,0.0,5.0,0.0,-111.0,-13.0,0,0
17770,-3.1447,-0.9986,0.6995,0.2961,-0.0479,0.0,0.0,0.0,3.0,0.0,-112.0,-13.0,0,0
17782,-3.1447,-0.9986,0.6995,0.2961,-0.0479,0.0,0.0,0.0,-2.0,0.0,-115.0,-13.0,0,0
17790,-3.1431,-0.9986,0.6995,0.2961,-0.024,0.0,0.0,0.0,0.0,0.0,-116.0,-13.0,0,0
17803,-3.1431,-0.9986,0.6995,0.2961,-0.024,0.0,0.0,0.0,0.0,0.0,-116.0,-13.0,0,0
17815,-3.1416,-0.9986,0.6995,0.2961,0.0,0.0,0.0,0.0,0.0,0.0,-115.0,-13.0,0,0
17827,-3.1416,-0.9986,0.6995,0.2961,0.024,0.0,0.0,0.0,0.0,0.0,-114.0,-14.0,0,0
17839,-3.1431,-0.9986,0.6995,0.2961,0.024,0.0,0.0,0.0,0.0,0.0,-116.0,-13.0,0,0
17848,-3.1416,-0.9986,0.6995,0.2961,0.024,0.0,0.0,0.0,0.0,0.0,-114.0,-13.0,0,0
17860,-3.1416,-0.9986,0.6995,0.2961,0.024,0.0,0.0,0.0,0.0,0.0,-116.0,-11.0,0,0
17872,-3.1431,-0.9986,0.6995,0.2961,0.024,0.0,0.0,0.0,0.0,0.0,-116.0,-13.0,0,0
17884,-3.1416,-0.9986,0.6995,0.2961,0.0,0.0,0.0,0.0,0.0,0.0,-113.0,-13.0,0,0
17897,-3.1416,-0.9986,0.6995,0.2961,0.0,0.0,0.0,0.0,0.0,0.0,-114.0,-13.0,0,0
17905,-3.1416,-0.9986,0.6995,0.2961,0.0,0.0,0.0,0.0,0.0,0.0,-114.0,-13.0,0,0
17917,-3.1416,-0.9986,0.6995,0.2961,0.0,0.0,0.0,0.0,0.0,0.0,-116.0,-13.0,0,0
17930,-3.1416,-0.9986,0.6995,0.2961,0.0,0.0,0.0,0.0,0.0,0.0,-114.0,-13.0,0,0
17942,-3.1416,-0.9986,0.6995,0.2961,0.0,0.0,0.0,0.0,0.0,0.0,-116.0,-13.0,0,0
17954,-3.1416,-0.9986,0.6995,0.2961,0.0,0.0,0.0,0.0,0.0,0.0,-116.0,-14.0,0,0
17962,-3.1416,-0.9986,0.6995,0.2961,0.0,0.0,0.0,0.0,0.0,0.0,-113.0,-14.0,0,0
17975,-3.1416,-0.9986,0.6995,0.2961,0.0,0.0,0.0,0.0,0.0,0.0,-113.0,-13.0,0,0
17987,-3.1416,-0.9986,0.6995,0.2961,0.0,0.0,0.0,0.0,0.0,0.0,-114.0,-13.0,0,0
17999,-3.1416,-0.9986,0.6995,0.2961,0.0,0.0,0.0,0.0,0.0,0.0,-113.0,-13.0,0,0
18011,-3.1431,-0.9986,0.6995,0.2961,0.0,0.0,0.0,0.0,0.0,0.0,-113.0,-13.0,0,0
18020,-3.1416,-0.9986,0.6995,0.2961,0.0,0.0,0.0,0.0,0.0,0.0,-116.0,-13.0,0,0
18032,-3.1431,-0.9986,0.6995,0.2961,0.0,0.0,0.0,0.0,0.0,0.0,-115.0,-13.0,0,0
18044,-3.1416,-0.9986,0.6995,0.2961,0.0,0.0,0.0,0.0,0.0,0.0,-115.0,-13.0,0,0
18057,-3.1416,-0.9986,0.6995,0.2961,0.0,0.0,0.0,0.0,0.0,0.0,-116.0,-13.0,0,0
18069,-3.1416,-0.9986,0.6995,0.2961,0.0,0.0,0.0,0.0,0.0,0.0,-116.0,-13.0,0,0
18077,-3.1431,-0.9986,0.6995,0.2961,0.0,0.0,0.0,0.0,0.0,0.0,-116.0,-13.0,0,0
18089,-3.1416,-0.9986,0.6995,0.2961,0.0,0.0,0.0,0.0,0.0,0.0,-116.0,-13.0,0,0
18102,-3.1416,-0.9986,0.6995,0.2961,0.0,0.0,0.0,0.0,0.0,0.0,-116.0,-13.0,0,0
18114,-3.1416,-0.9986,0.6995,0.2961,0.0,0.0,0.0,0.0,0.0,0.0,-116.0,-13.0,0,0
18122,-3.1416,-0.9986,0.6995,0.2961,0.0,0.0,0.0,0.0,0.0,0.0,-116.0,-14.0,0,0
18134,-3.1416,-0.9986,0.6995,0.2961,0.0,0.0,0.0,0.0,0.0,0.0,-116.0,-14.0,0,0
18147,-3.1416,-0.9986,0.6995,0.2961,0.0,0.0,0.0,0.0,0.0,0.0,-115.0,-14.0,0,0
18159,-3.1401,-0.9986,0.6995,0.2961,0.0,0.0,0.0,0.0,0.0,0.0,-116.0,-14.0,0,0
18171,-3.1401,-0.9986,0.6995,0.2961,0.0,0.0,0.0,0.0,0.0,0.0,-116.0,-14.0,0,0
18179,-3.1401,-0.9986,0.6995,0.2961,0.0,0.0,0.0,0.0,0.0,0.0,-116.0,-14.0,0,0
18192,-3.1416,-0.9986,0.6995,0.2961,0.0,0.0,0.0,0.0,5.0,0.0,-116.0,-14.0,0,0
18204,-3.1416,-0.9986,0.6995,0.2961,0.0,0.0,0.0,0.0,0.0,0.0,-116.0,-13.0,2,0
18216,-3.1416,-0.9986,0.6995,0.2961,0.0,0.0,0.0,0.0,-1.0,0.0,-116.0,-13.0,12,1
18229,-3.1416,-0.9986,0.6995,0.2961,0.0,0.0,0.0,0.0,-2.0,0.0,-115.0,-13.0,17,1
18241,-3.1416,-0.9986,0.6995,0.2961,0.0,0.0,0.0,0.0,0.0,0.0,-116.0,-13.0,17,1
18253,-3.1416,-0.9986,0.6995,0.2961,0.0,0.0,0.0,0.0,0.0,0.0,-115.0,-14.0,20,1
18265,-3.1401,-0.9986,0.6995,0.2961,0.0,0.0,0.0,0.0,-1.0,0.0,-115.0,-14.0,22,1
18278,-3.1416,-0.9986,0.6995,0.2961,0.0,0.0,0.0,0.0,0.0,0.0,-115.0,-14.0,23,1
18290,-3.1416,-0.9986,0.6995,0.2961,0.0,0.0,0.0,0.0,-2.0,0.0,-118.0,-11.0,26,1
18302,-3.1401,-0.9986,0.6995,0.2961,0.0,0.0,0.0,0.0,-7.0,0.0,-116.0,-13.0,28,1
18315,-3.1401,-0.9986,0.6995,0.2961,0.0,0.0,0.0,0.0,-3.0,0.0,-115.0,-13.0,35,1
18331,-3.1401,-0.9986,0.6995,0.2961,0.0,0.0,0.0,0.0,-3.0,0.0,-115.0,-13.0,38,1
18343,-3.1416,-0.9986,0.6995,0.2961,0.0,0.0,0.0,0.0,-3.0,0.0,-115.0,-11.0,46,1
18356,-3.1416,-0.9986,0.6995,0.2961,0.0,0.0,0.0,0.0,-1.0,0.0,-117.0,-13.0,46,1
18368,-3.1401,-0.9986,0.6995,0.2961,0.0,0.0,0.0,0.0,-4.0,0.0,-117.0,-13.0,40,1
18380,-3.1416,-0.9986,0.6995,0.2961,0.0,0.0,0.0,0.0,-6.0,0.0,-115.0,-13.0,29,1
18392,-3.1416,-0.9986,0.6995,0.2961,0.0,0.0,0.0,0.0,-2.0,0.0,-116.0,-13.0,24,1
18405,-3.1416,-0.9986,0.6995,0.2961,0.0,0.0,0.0,0.0,0.0,0.0,-115.0,-13.0,14,1
18417,-3.1416,-0.9986,0.6995,0.2961,0.0,0.0,0.0,0.0,-2.0,0.0,-115.0,-14.0,7,0
18425,-3.1416,-0.9986,0.6995,0.2961,0.0,0.0,0.0,0.0,-2.0,0.0,-115.0,-14.0,3,0
18437,-3.1416,-0.9986,0.6995,0.2961,0.0,0.0,0.0,0.0,0.0,0.0,-116.0,-14.0,3,0
18450,-3.1416,-0.9986,0.6995,0.2961,0.0,0.0,0.0,0.0,0.0,0.0,-116.0,-14.0,1,0
18462,-3.1431,-0.9986,0.6995,0.2961,0.0,0.0,0.0,0.0,0.0,0.0,-115.0,-14.0,1,0
18474,-3.1431,-0.9986,0.6995,0.2961,0.0,0.0,0.0,0.0,0.0,0.0,-116.0,-14.0,0,0
18482,-3.1447,-0.9986,0.6995,0.2961,-0.024,0.0,0.0,0.0,7.0,0.0,-117.0,-14.0,0,0
18495,-3.1447,-0.9986,0.6995,0.2961,-0.024,0.0,0.0,0.0,-1.0,0.0,-117.0,-13.0,0,0
18507,-3.1431,-0.9986,0.6995,0.2961,-0.024,0.0,0.0,0.0,-2.0,0.0,-117.0,-13.0,0,0
18519,-3.1431,-0.9986,0.6995,0.2961,0.0,0.0,0.0,0.0,0.0,0.0,-117.0,-13.0,0,0
18532,-3.1416,-0.9986,0.6995,0.2961,0.0,0.0,0.0,0.0,0.0,0.0,-116.0,-14.0,0,0
18540,-3.1401,-0.9986,0.6995,0.2961,0.0,0.0,0.0,0.0,0.0,0.0,-120.0,-14.0,0,0
18552,-3.1416,-0.9986,0.6995,0.2961,0.024,0.0,0.0,0.0,-4.0,0.0,-118.0,-14.0,0,0
18564,-3.1416,-0.9986,0.6995,0.2961,0.024,0.0,0.0,0.0,0.0,0.0,-117.0,-14.0,0,0
18577,-3.1416,-0.9986,0.6995,0.2961,0.024,0.0,0.0,0.0,0.0,0.0,-118.0,-14.0,0,0
18589,-3.1416,-0.9986,0.6995,0.2961,0.0,0.0,0.0,0.0,0.0,0.0,-116.0,-14.0,0,0
18597,-3.1416,-0.9986,0.6995,0.2961,0.0,0.0,0.0,0.0,0.0,0.0,-116.0,-14.0,0,0
18609,-3.1416,-0.9986,0.6995,0.2961,0.0,0.0,0.0,0.0,0.0,0.0,-118.0,-14.0,0,0
18622,-3.1416,-0.9986,0.6995,0.2961,0.0,0.0,0.0,0.0,0.0,0.0,-118.0,-14.0,0,0
18634,-3.1416,-0.9986,0.6995,0.2961,0.0,0.0,0.0,0.0,0.0,0.0,-116.0,-14.0,0,0
18646,-3.1416,-0.9986,0.6995,0.2961,0.0,0.0,0.0,0.0,0.0,0.0,-116.0,-14.0,0,0
18655,-3.1416,-0.9986,0.6995,0.2961,0.0,0.0,0.0,0.0,0.0,0.0,-116.0,-14.0,0,0
18667,-3.1416,-0.9986,0.6995,0.2961,0.0,0.0,0.0,0.0,0.0,0.0,-117.0,-14.0,0,0
18679,-3.1416,-0.9986,0.6995,0.2961,0.0,0.0,0.0,0.0,0.0,0.0,-117.0,-14.0,0,0
18691,-3.1416,-0.9986,0.6995,0.2961,0.0,0.0,0.0,0.0,-1.0,0.0,-118.0,-14.0,0,0
18700,-3.1416,-0.9986,0.6995,0.2961,0.0,0.0,0.0,0.0,0.0,0.0,-116.0,-14.0,0,0
18712,-3.1416,-0.9986,0.6995,0.2961,0.0,0.0,0.0,0.0,0.0,0.0,-115.0,-14.0,0,0
18724,-3.1416,-0.9986,0.6995,0.2961,0.0,0.0,0.0,0.0,0.0,0.0,-115.0,-14.0,0,0
18736,-3.1416,-0.9986,0.6995,0.2961,0.0,0.0,0.0,0.0,0.0,0.0,-116.0,-14.0,0,0
18749,-3.1416,-0.9986,0.6995,0.2961,0.0,0.0,0.0,0.0,0.0,0.0,-118.0,-14.0,0,0
18757,-3.1416,-0.9986,0.6995,0.2961,0.0,0.0,0.0,0.0,0.0,0.0,-116.0,-14.0,0,0
18769,-3.1416,-0.9986,0.6995,0.2961,0.0,0.0,0.0,0.0,0.0,0.0,-117.0,-14.0,0,0
18781,-3.1416,-0.9986,0.6995,0.2961,0.0,0.0,0.0,0.0,0.0,0.0,-117.0,-14.0,0,0
18794,-3.1416,-0.9986,0.6995,0.2961,0.0,0.0,0.0,0.0,0.0,0.0,-119.0,-14.0,0,0
18806,-3.1416,-0.9986,0.6995,0.2961,0.0,0.0,0.0,0.0,0.0,0.0,-119.0,-14.0,0,0
18814,-3.1416,-0.9986,0.6995,0.2961,0.0,0.0,0.0,0.0,0.0,0.0,-116.0,-14.0,0,0
18827,-3.1416,-0.9986,0.6995,0.2961,0.0,0.0,0.0,0.0,0.0,0.0,-119.0,-14.0,0,0
18839,-3.1416,-0.9986,0.6995,0.2961,0.0,0.0,0.0,0.0,0.0,0.0,-116.0,-14.0,0,0
18851,-3.1416,-0.9986,0.6995,0.2961,0.0,0.0,0.0,0.0,0.0,0.0,-116.0,-14.0,0,0
18863,-3.1416,-0.9986,0.6995,0.2961,0.0,0.0,0.0,0.0,0.0,0.0,-117.0,-14.0,0,0
18872,-3.1416,-0.9986,0.6995,0.2961,0.0,0.0,0.0,0.0,0.0,0.0,-118.0,-14.0,0,0
18884,-3.1416,-0.9986,0.6995,0.2961,0.0,0.0,0.0,0.0,0.0,0.0,-120.0,-13.0,0,0
18896,-3.1416,-0.9986,0.6995,0.2961,0.0,0.0,0.0,0.0,0.0,0.0,-116.0,-12.0,0,0
18908,-3.1416,-0.9986,0.6995,0.2961,0.0,0.0,0.0,0.0,0.0,0.0,-116.0,-13.0,0,0
18921,-3.1416,-0.9986,0.6995,0.2961,0.0,0.0,0.0,0.0,-1.0,0.0,-116.0,-13.0,0,0
18929,-3.1416,-0.9986,0.6995,0.2961,0.0,0.0,0.0,0.0,0.0,0.0,-116.0,-14.0,0,0
18941,-3.1416,-0.9986,0.6995,0.2961,0.0,0.0,0.0,0.0,0.0,0.0,-117.0,-14.0,0,0
18954,-3.1416,-0.9986,0.6995,0.2961,0.0,0.0,0.0,0.0,0.0,0.0,-121.0,-14.0,0,0
18966,-3.1416,-0.9986,0.6995,0.2961,0.0,0.0,0.0,0.0,0.0,0.0,-118.0,-14.0,0,0
18978,-3.1416,-0.9986,0.6995,0.2961,0.0,0.0,0.0,0.0,0.0,0.0,-120.0,-13.0,0,0
18986,-3.1416,-0.9986,0.6995,0.2961,0.0,0.0,0.0,0.0,0.0,0.0,-120.0,-13.0,0,0
18999,-3.1416,-0.9986,0.6995,0.2961,0.0,0.0,0.0,0.0,0.0,9.0,-116.0,-12.0,0,0
19011,-3.1416,-0.9986,0.6995,0.2961,0.0,0.0,0.0,0.0,0.0,11.0,-116.0,-13.0,0,0
19023,-3.1416,-0.9986,0.701,0.2961,0.0,0.0,0.0,0.0,0.0,15.0,-116.0,-11.0,0,0
19035,-3.1416,-0.9986,0.6995,0.2961,0.0,0.0,0.0,0.0,0.0,14.0,-119.0,-14.0,0,0
19044,-3.1416,-0.9986,0.6995,0.2961,0.0,0.0,0.0,0.0,0.0,6.0,-123.0,-14.0,0,0
19056,-3.1462,-0.9971,0.6995,0.2961,0.0,0.0,0.0,0.0,16.0,8.0,-117.0,-14.0,0,0
19068,-3.1477,-0.9956,0.6995,0.2961,-0.0479,0.0,0.0,0.0,37.0,-1.0,-117.0,-14.0,0,0
19080,-3.1477,-0.994,0.701,0.2961,-0.0719,0.024,0.0,0.0,33.0,-7.0,-124.0,-14.0,0,0
19093,-3.1493,-0.994,0.701,0.2961,-0.0719,0.0479,0.0,0.0,37.0,-12.0,-120.0,-14.0,0,0
19101,-3.1493,-0.9925,0.701,0.2961,-0.0959,0.0479,0.0,0.0,45.0,-28.0,-120.0,-14.0,0,0
19113,-3.1493,-0.9925,0.701,0.2961,-0.0959,0.0719,0.0,0.0,46.0,-29.0,-127.0,-14.0,0,0
19126,-3.1493,-0.991,0.701,0.2961,-0.0719,0.0719,0.0,0.0,45.0,-27.0,-120.0,-14.0,0,0
19138,-3.1493,-0.991,0.701,0.2961,-0.024,0.0479,0.0,0.0,46.0,-27.0,-118.0,-14.0,0,0
19146,-3.1493,-0.991,0.701,0.2961,-0.024,0.0479,0.0,0.0,46.0,-27.0,-118.0,-14.0,0,0
19158,-3.1493,-0.991,0.701,0.2961,0.0,0.024,0.0,0.0,48.0,-36.0,-131.0,-17.0,0,0
19171,-3.1493,-0.991,0.701,0.2961,0.0,0.024,0.0,0.0,47.0,-44.0,-127.0,-23.0,0,0
19183,-3.1493,-0.9894,0.7026,0.2961,0.0,0.024,0.0,0.0,47.0,-48.0,-130.0,-30.0,0,0
19195,-3.1493,-0.9894,0.7026,0.2961,0.0,0.024,0.0,0.0,46.0,-41.0,-131.0,-33.0,0,0
19203,-3.1493,-0.9894,0.7026,0.2976,0.0,0.024,0.0,0.0,47.0,-39.0,-134.0,-37.0,4,0
19216,-3.1493,-0.9894,0.7026,0.2976,0.0,0.024,0.0,0.0,47.0,-39.0,-130.0,-34.0,5,0
19228,-3.1493,-0.9894,0.7026,0.2976,0.0,0.024,0.0,0.0,50.0,-39.0,-129.0,-36.0,5,0
19240,-3.1493,-0.9894,0.701,0.2961,0.0,0.0,0.0,0.0,48.0,-40.0,-125.0,-36.0,4,0
19253,-3.1493,-0.9894,0.701,0.2976,0.0,0.0,0.0,0.0,47.0,-40.0,-124.0,-27.0,3,0
19261,-3.1508,-0.9894,0.701,0.2976,0.0,0.0,0.0,0.0,45.0,-40.0,-129.0,-25.0,3,0
19273,-3.1493,-0.9894,0.701,0.2961,0.0,0.0,0.0,0.0,47.0,-40.0,-129.0,-30.0,3,0
19285,-3.1493,-0.9894,0.701,0.2976,0.0,0.0,0.0,0.0,47.0,-40.0,-123.0,-27.0,3,0
19298,-3.1477,-0.9894,0.701,0.2976,0.0,0.0,0.0,0.0,42.0,-40.0,-124.0,-19.0,3,0
19310,-3.1477,-0.9894,0.6995,0.2976,0.0,0.0,0.0,0.0,29.0,-41.0,-126.0,-20.0,1,0
19318,-3.1462,-0.9894,0.701,0.2976,0.024,0.0,0.0,0.0,17.0,-31.0,-115.0,-18.0,2,0
19330,-3.1447,-0.991,0.701,0.2961,0.024,0.0,0.0,0.0,3.0,-27.0,-123.0,-18.0,2,0
19343,-3.1431,-0.991,0.6995,0.2961,0.0479,0.0,0.0,0.0,6.0,-28.0,-113.0,-18.0,0,0
19355,-3.1416,-0.991,0.6995,0.2961,0.0719,0.0,0.0,0.0,-6.0,-29.0,-121.0,-15.0,0,0
19367,-3.137,-0.991,0.6995,0.2961,0.1198,0.0,0.0,0.0,-4.0,-32.0,-115.0,-17.0,1,0
19375,-3.137,-0.991,0.6995,0.2961,0.1198,0.0,0.0,0.0,-4.0,-32.0,-115.0,-17.0,2,0
19388,-3.1385,-0.991,0.6995,0.2961,0.1198,0.0,0.0,0.0,-3.0,-32.0,-124.0,-17.0,3,0
19400,-3.1385,-0.991,0.6995,0.2961,0.0959,0.0,0.0,0.0,5.0,-32.0,-124.0,-16.0,0,0
19412,-3.1401,-0.991,0.6995,0.2961,0.0719,0.0,0.0,0.0,0.0,-32.0,-115.0,-18.0,0,0
19425,-3.1416,-0.991,0.6995,0.2961,0.024,0.0,0.0,0.0,0.0,-32.0,-117.0,-15.0,0,0
19433,-3.1447,-0.991,0.6995,0.2961,0.0,0.0,0.0,0.0,7.0,-33.0,-118.0,-18.0,0,0
19445,-3.1447,-0.991,0.6995,0.2961,-0.024,0.0,0.0,0.0,10.0,-33.0,-120.0,-15.0,0,0
19457,-3.1431,-0.9925,0.6995,0.2976,-0.0719,0.0,0.0,0.0,3.0,-33.0,-124.0,-15.0,0,0
19470,-3.1416,-0.991,0.6995,0.2961,-0.0479,0.0,0.0,0.0,-6.0,-32.0,-118.0,-15.0,0,0
19482,-3.1401,-0.991,0.6995,0.2961,-0.024,0.0,0.0,0.0,0.0,-32.0,-114.0,-22.0,0,0
19490,-3.1401,-0.991,0.6995,0.2961,0.0,0.0,0.0,0.0,-8.0,-32.0,-120.0,-16.0,0,0
19502,-3.1385,-0.991,0.6995,0.2961,0.024,0.0,0.0,0.0,0.0,-32.0,-126.0,-15.0,0,0
19515,-3.1385,-0.991,0.6995,0.2961,0.0479,0.0,0.0,0.0,0.0,-33.0,-122.0,-16.0,0,0
19527,-3.1385,-0.991,0.6995,0.2961,0.0479,0.0,0.0,0.0,1.0,-32.0,-115.0,-15.0,0,0
19539,-3.1401,-0.991,0.6995,0.2961,0.0479,0.0,0.0,0.0,0.0,-37.0,-114.0,-17.0,0,0
19547,-3.1416,-0.991,0.6995,0.2961,0.0,0.0,0.0,0.0,0.0,-37.0,-127.0,-15.0,0,0
19560,-3.1416,-0.991,0.6995,0.2961,0.0,0.0,0.0,0.0,0.0,-37.0,-115.0,-15.0,0,0
19572,-3.1431,-0.991,0.6995,0.2961,-0.024,0.0,0.0,0.0,4.0,-37.0,-119.0,-15.0,0,0
19584,-3.1431,-0.991,0.6995,0.2961,-0.0479,0.0,0.0,0.0,0.0,-37.0,-122.0,-15.0,0,0
19592,-3.1431,-0.991,0.6995,0.2961,-0.0479,0.0,0.0,0.0,2.0,-37.0,-121.0,-18.0,0,0
19605,-3.1431,-0.991,0.6995,0.2961,-0.0479,0.0,0.0,0.0,0.0,-36.0,-121.0,-15.0,0,0
19617,-3.1416,-0.991,0.6995,0.2961,0.0,0.0,0.0,0.0,0.0,-38.0,-121.0,-18.0,0,0
19629,-3.1416,-0.991,0.6995,0.2961,0.0,0.0,0.0,0.0,0.0,-33.0,-125.0,-17.0,0,0
19642,-3.1401,-0.991,0.6995,0.2961,0.0,0.0,0.0,0.0,0.0,-35.0,-124.0,-18.0,0,0
19650,-3.1416,-0.991,0.6995,0.2961,0.024,0.0,0.0,0.0,0.0,-38.0,-119.0,-16.0,0,0
19662,-3.1416,-0.991,0.6995,0.2961,0.024,0.0,0.0,0.0,0.0,-35.0,-117.0,-15.0,0,0
19674,-3.1401,-0.991,0.6995,0.2961,0.024,0.0,0.0,0.0,0.0,-38.0,-117.0,-21.0,0,0
19687,-3.1401,-0.991,0.6995,0.2961,0.0,0.0,0.0,0.0,0.0,-38.0,-124.0,-15.0,0,0
19699,-3.1416,-0.991,0.6995,0.2961,0.0,0.0,0.0,0.0,0.0,-38.0,-126.0,-17.0,0,0
19707,-3.1401,-0.991,0.6995,0.2976,0.0,0.0,0.0,0.0,0.0,-35.0,-125.0,-18.0,0,0
19719,-3.1416,-0.991,0.6995,0.2976,0.0,0.0,0.0,0.0,0.0,-37.0,-124.0,-16.0,0,0
19732,-3.1416,-0.991,0.6995,0.2961,0.0,0.0,0.0,0.0,0.0,-38.0,-116.0,-16.0,0,0
19744,-3.1416,-0.9925,0.6995,0.2961,0.0,0.0,0.0,0.0,0.0,-38.0,-125.0,-16.0,0,0
19756,-3.1416,-0.991,0.6995,0.2961,0.0,0.0,0.0,0.0,0.0,-36.0,-115.0,-18.0,0,0
19764,-3.1416,-0.991,0.6995,0.2961,0.0,0.0,0.0,0.0,0.0,-36.0,-115.0,-18.0,0,0
19777,-3.1416,-0.991,0.6995,0.2961,0.0,0.0,0.0,0.0,0.0,-39.0,-123.0,-18.0,0,0
19789,-3.1416,-0.991,0.6995,0.2961,0.0,0.0,0.0,0.0,0.0,-39.0,-119.0,-16.0,0,0
19801,-3.1416,-0.991,0.6995,0.2976,0.0,0.0,0.0,0.0,0.0,-36.0,-124.0,-15.0,0,0
19814,-3.1416,-0.991,0.6995,0.2961,0.0,0.0,0.0,0.0,0.0,-38.0,-125.0,-15.0,0,0
19822,-3.1416,-0.991,0.6995,0.2976,0.0,0.0,0.0,0.0,0.0,-33.0,-126.0,-18.0,0,0
19834,-3.1416,-0.991,0.6995,0.2961,0.0,0.0,0.0,0.0,0.0,-37.0,-120.0,-16.0,0,0
19846,-3.1416,-0.991,0.6995,0.2961,0.0,0.0,0.0,0.0,0.0,-36.0,-128.0,-17.0,0,0
19859,-3.1416,-0.991,0.6995,0.2961,0.0,0.0,0.0,0.0,0.0,-38.0,-115.0,-19.0,0,0
19871,-3.1416,-0.991,0.6995,0.2961,0.0,0.0,0.0,0.0,0.0,-37.0,-123.0,-16.0,0,0
19879,-3.1416,-0.991,0.6995,0.2961,0.0,0.0,0.0,0.0,0.0,-38.0,-128.0,-18.0,0,0
19891,-3.1416,-0.991,0.6995,0.2961,0.0,0.0,0.0,0.0,0.0,-38.0,-126.0,-20.0,0,0
19904,-3.1416,-0.9925,0.6995,0.2961,0.0,0.0,0.0,0.0,0.0,-33.0,-116.0,-14.0,0,0
19916,-3.1416,-0.991,0.6995,0.2961,0.0,0.0,0.0,0.0,0.0,-40.0,-125.0,-17.0,0,0
19928,-3.1416,-0.991,0.6995,0.2976,0.0,0.0,0.0,0.0,0.0,-39.0,-115.0,-19.0,0,0
19937,-3.1416,-0.991,0.6995,0.2961,0.0,0.0,0.0,0.0,0.0,-33.0,-116.0,-16.0,0,0
19949,-3.1416,-0.9925,0.6995,0.2976,0.0,0.0,0.0,0.0,0.0,-36.0,-115.0,-16.0,0,0
19961,-3.1416,-0.991,0.6995,0.2961,0.0,0.0,0.0,0.0,0.0,-35.0,-120.0,-15.0,0,0
19973,-3.1416,-0.9925,0.6995,0.2961,0.0,0.0,0.0,0.0,0.0,-41.0,-123.0,-18.0,0,0
19986,-3.1401,-0.9925,0.6995,0.2961,0.0,0.0,0.0,0.0,0.0,-36.0,-114.0,-15.0,0,0
19994,-3.1416,-0.991,0.6995,0.2961,0.0,0.0,0.0,0.0,0.0,-41.0,-128.0,-15.0,0,0
20006,-3.1431,-0.9925,0.6995,0.2961,0.0,0.0,0.0,0.0,10.0,-41.0,-124.0,-14.0,0,0
20018,-3.1462,-0.991,0.701,0.2976,-0.024,0.0,0.0,0.0,46.0,-39.0,-127.0,-17.0,0,0
20031,-3.1462,-0.991,0.701,0.2976,-0.0479,0.0,0.0,0.0,36.0,-44.0,-127.0,-21.0,0,0
20039,-3.1477,-0.991,0.701,0.2976,-0.0479,0.0,0.0,0.0,41.0,-45.0,-130.0,-26.0,0,0
20051,-3.1477,-0.991,0.701,0.2976,-0.0719,0.0,0.0,0.0,58.0,-52.0,-127.0,-27.0,1,0
20063,-3.1493,-0.991,0.701,0.2976,-0.0959,0.0,0.0,0.0,56.0,-51.0,-129.0,-28.0,16,1
20076,-3.1493,-0.991,0.701,0.2976,-0.0959,0.0,0.0,0.0,47.0,-47.0,-127.0,-28.0,22,1
20088,-3.1493,-0.9894,0.701,0.2976,-0.0479,0.0,0.0,0.0,48.0,-47.0,-132.0,-28.0,24,1
20100,-3.1493,-0.991,0.701,0.2976,-0.0479,0.0,0.0,0.0,47.0,-48.0,-128.0,-28.0,33,1
20117,-3.1508,-0.991,0.701,0.2976,-0.024,0.0,0.0,0.0,62.0,-48.0,-127.0,-25.0,33,1
20129,-3.1508,-0.991,0.7026,0.2976,-0.024,0.0,0.0,0.0,66.0,-48.0,-131.0,-29.0,22,1
20141,-3.1523,-0.991,0.7026,0.2976,-0.024,0.0,0.0,0.0,67.0,-48.0,-132.0,-28.0,23,1
20154,-3.1523,-0.991,0.7026,0.2976,-0.024,0.0,0.0,0.0,73.0,-47.0,-132.0,-29.0,20,1
20166,-3.1539,-0.9894,0.7026,0.2976,-0.024,0.0,0.0,0.0,74.0,-57.0,-133.0,-30.0,18,1
20178,-3.1539,-0.9894,0.7026,0.2976,-0.0479,0.0,0.0,0.0,68.0,-57.0,-142.0,-38.0,19,1
20190,-3.1539,-0.9894,0.7026,0.2976,-0.0479,0.0,0.0,0.0,70.0,-58.0,-132.0,-40.0,18,1
20203,-3.1539,-0.9894,0.7026,0.2991,-0.0479,0.0,0.0,0.0,68.0,-60.0,-145.0,-42.0,19,1
20215,-3.1539,-0.9879,0.7041,0.2991,-0.024,0.0,0.0,0.0,70.0,-57.0,-139.0,-44.0,20,1
20227,-3.1539,-0.9879,0.7056,0.3007,0.0,0.0,0.0,0.024,71.0,-58.0,-163.0,-53.0,20,1
20240,-3.1539,-0.9879,0.7056,0.3007,0.0,0.0,0.024,0.024,82.0,-60.0,-174.0,-50.0,20,1
20252,-3.1539,-0.9879,0.7072,0.3007,0.0,0.0,0.024,0.024,87.0,-60.0,-171.0,-48.0,20,1
20264,-3.1539,-0.9879,0.7072,0.3007,0.0,0.0,0.0479,0.024,87.0,-61.0,-158.0,-48.0,21,1
20276,-3.1539,-0.9879,0.7072,0.3007,0.0,0.0,0.0479,0.024,86.0,-62.0,-158.0,-49.0,22,1
20289,-3.1539,-0.9879,0.7072,0.3007,0.0,0.0,0.0479,0.0,88.0,-63.0,-157.0,-48.0,22,1
20301,-3.1539,-0.9879,0.7072,0.3007,0.0,0.0,0.024,0.0,87.0,-62.0,-156.0,-48.0,23,1
20313,-3.1539,-0.9879,0.7072,0.3007,0.0,0.0,0.024,0.0,88.0,-63.0,-156.0,-48.0,24,1
20326,-3.1539,-0.9879,0.7072,0.3007,0.0,0.0,0.0,0.0,86.0,-62.0,-156.0,-48.0,22,1
20338,-3.1523,-0.9879,0.7072,0.3007,0.0,0.0,0.0,0.0,71.0,-62.0,-153.0,-47.0,19,1
20350,-3.1508,-0.9879,0.7056,0.3007,0.0,0.0,0.0,0.0,52.0,-60.0,-145.0,-39.0,19,1
20367,-3.1477,-0.9894,0.7041,0.2991,0.0479,0.0,-0.024,0.0,14.0,-53.0,-122.0,-32.0,16,1
20379,-3.1447,-0.9894,0.7026,0.2991,0.0719,0.0,-0.024,0.0,11.0,-46.0,-115.0,-33.0,14,1
20391,-3.1431,-0.991,0.701,0.2991,0.0959,0.0,-0.0479,0.0,0.0,-33.0,-115.0,-38.0,14,1
20403,-3.1385,-0.991,0.6995,0.2991,0.1198,-0.024,-0.0719,0.0,-15.0,-38.0,-110.0,-33.0,12,1
20412,-3.137,-0.991,0.6995,0.2991,0.1678,-0.024,-0.0719,0.0,-10.0,-39.0,-114.0,-31.0,6,0
20424,-3.137,-0.9925,0.698,0.2991,0.1918,-0.024,-0.0959,0.0,-10.0,-41.0,-99.0,-27.0,4,0
20436,-3.1401,-0.9925,0.6964,0.2976,0.1438,-0.0479,-0.0959,0.0,1.0,-46.0,-102.0,-33.0,3,0
20449,-3.1416,-0.9925,0.6964,0.2991,0.1198,-0.0479,-0.0959,0.0,12.0,-46.0,-111.0,-31.0,0,0
20461,-3.1431,-0.9925,0.6964,0.2976,0.0719,-0.024,-0.0719,0.0,7.0,-46.0,-116.0,-31.0,0,0
20469,-3.1431,-0.9925,0.6964,0.2976,0.0,-0.024,-0.0719,0.0,9.0,-46.0,-114.0,-31.0,0,0
20481,-3.1416,-0.9925,0.6964,0.2976,-0.024,0.0,-0.0479,0.0,10.0,-47.0,-115.0,-31.0,0,0
20494,-3.1416,-0.9925,0.6964,0.2991,-0.0479,0.0,-0.024,0.0,4.0,-46.0,-117.0,-31.0,0,0
20506,-3.1401,-0.9925,0.6964,0.2991,-0.0479,0.0,-0.024,0.0,2.0,-46.0,-117.0,-31.0,0,0
20518,-3.1385,-0.9925,0.6964,0.2991,0.0,0.0,0.0,0.0,0.0,-45.0,-115.0,-32.0,0,0
20526,-3.1385,-0.9925,0.6964,0.2991,0.024,0.0,0.0,0.0,0.0,-46.0,-112.0,-31.0,0,0
20539,-3.137,-0.9925,0.6964,0.2976,0.0479,0.0,0.0,0.0,0.0,-46.0,-108.0,-32.0,0,0
20551,-3.137,-0.9925,0.6964,0.2976,0.0479,0.0,0.0,0.0,0.0,-46.0,-112.0,-33.0,0,0
20563,-3.137,-0.9925,0.6964,0.2976,0.0479,0.0,0.0,0.0,1.0,-46.0,-113.0,-34.0,0,0
20575,-3.1385,-0.9925,0.6964,0.2991,0.0479,0.0,0.0,0.0,4.0,-50.0,-111.0,-30.0,0,0
20584,-3.1401,-0.9925,0.6964,0.2991,0.024,0.0,0.0,0.0,2.0,-51.0,-112.0,-35.0,0,0
20596,-3.1401,-0.9925,0.6964,0.2976,0.0,0.0,0.0,0.0,0.0,-50.0,-118.0,-34.0,0,0
20608,-3.1416,-0.9925,0.6964,0.2976,-0.024,0.0,0.0,0.0,6.0,-50.0,-115.0,-34.0,0,0
20621,-3.1416,-0.9925,0.6964,0.2976,-0.0479,0.0,0.0,0.0,2.0,-50.0,-108.0,-36.0,0,0
20633,-3.1401,-0.9925,0.6964,0.2976,-0.0479,0.0,0.0,0.0,0.0,-50.0,-111.0,-34.0,0,0
20641,-3.1401,-0.9925,0.6964,0.2991,-0.024,0.0,0.0,0.0,0.0,-51.0,-108.0,-35.0,0,0
20653,-3.1401,-0.9925,0.6964,0.2976,-0.024,0.0,0.0,0.0,0.0,-51.0,-116.0,-35.0,0,0
20666,-3.1401,-0.9925,0.6964,0.2976,0.0,0.0,0.0,0.0,0.0,-51.0,-110.0,-34.0,0,0
20678,-3.1401,-0.9925,0.6964,0.2991,0.0,0.0,0.0,0.0,0.0,-51.0,-113.0,-36.0,0,0
20690,-3.1401,-0.9925,0.6964,0.2976,0.0,0.0,0.0,0.0,0.0,-51.0,-113.0,-32.0,0,0
20698,-3.1401,-0.9925,0.6964,0.2976,0.0,0.0,0.0,0.0,0.0,-51.0,-116.0,-31.0,0,0
20711,-3.1401,-0.9925,0.6964,0.2991,0.0,0.0,0.0,0.0,0.0,-51.0,-112.0,-32.0,0,0
20723,-3.1401,-0.9925,0.6964,0.2976,0.0,0.0,0.0,0.0,0.0,-51.0,-115.0,-33.0,0,0
20735,-3.1401,-0.9925,0.6964,0.2976,0.0,0.0,0.0,0.0,0.0,-49.0,-117.0,-32.0,0,0
20748,-3.1401,-0.9925,0.6964,0.2976,0.0,0.0,0.0,0.0,0.0,-48.0,-112.0,-32.0,0,0
20756,-3.1401,-0.9925,0.6964,0.2976,0.0,0.0,0.0,0.0,0.0,-48.0,-112.0,-32.0,0,0
20768,-3.1401,-0.9925,0.6964,0.2976,0.0,0.0,0.0,0.0,0.0,-48.0,-105.0,-33.0,0,0
20780,-3.1401,-0.9925,0.6964,0.2976,0.0,0.0,0.0,0.0,0.0,-48.0,-111.0,-35.0,0,0
20793,-3.1401,-0.9925,0.6964,0.2976,0.0,0.0,0.0,0.0,0.0,-48.0,-114.0,-31.0,0,0
20801,-3.1401,-0.9925,0.6964,0.2991,0.0,0.0,0.0,0.0,0.0,-48.0,-106.0,-36.0,0,0
20813,-3.1401,-0.9925,0.6964,0.2976,0.0,0.0,0.0,0.0,0.0,-48.0,-106.0,-31.0,0,0
20825,-3.1401,-0.9925,0.6964,0.2976,0.0,0.0,0.0,0.0,0.0,-48.0,-106.0,-32.0,0,0
20838,-3.1401,-0.9925,0.6964,0.2976,0.0,0.0,0.0,0.0,0.0,-48.0,-106.0,-30.0,0,0
20850,-3.1401,-0.9925,0.6964,0.2976,0.0,0.0,0.0,0.0,0.0,-48.0,-111.0,-34.0,0,0
20858,-3.1401,-0.9925,0.6964,0.2976,0.0,0.0,0.0,0.0,0.0,-48.0,-114.0,-30.0,0,0
20870,-3.1401,-0.9925,0.6964,0.2976,0.0,0.0,0.0,0.0,0.0,-48.0,-106.0,-32.0,0,0
20883,-3.1401,-0.9925,0.6964,0.2976,0.0,0.0,0.0,0.0,0.0,-48.0,-111.0,-33.0,0,0
20895,-3.1401,-0.9925,0.6964,0.2991,0.0,0.0,0.0,0.0,0.0,-48.0,-116.0,-32.0,0,0
20907,-3.1401,-0.9925,0.6964,0.2976,0.0,0.0,0.0,0.0,0.0,-48.0,-106.0,-32.0,0,0
20915,-3.1401,-0.9925,0.6964,0.2976,0.0,0.0,0.0,0.0,0.0,-48.0,-106.0,-32.0,0,0
20928,-3.1401,-0.9925,0.6964,0.2976,0.0,0.0,0.0,0.0,0.0,-48.0,-106.0,-31.0,0,0
20940,-3.1401,-0.9925,0.6964,0.2976,0.0,0.0,0.0,0.0,0.0,-48.0,-105.0,-32.0,0,0
20952,-3.1401,-0.9925,0.6964,0.2976,0.0,0.0,0.0,0.0,0.0,-48.0,-106.0,-31.0,0,0
20965,-3.1401,-0.9925,0.6964,0.2976,0.0,0.0,0.0,0.0,0.0,-48.0,-107.0,-31.0,0,0
20973,-3.1401,-0.9925,0.6964,0.2976,0.0,0.0,0.0,0.0,3.0,-48.0,-110.0,-30.0,0,0
20985,-3.1401,-0.9925,0.6964,0.2976,0.0,0.0,0.0,0.0,0.0,-48.0,-106.0,-32.0,0,0
20997,-3.1401,-0.9925,0.6964,0.2976,0.0,0.0,0.0,0.0,0.0,-48.0,-117.0,-32.0,0,0
21010,-3.1401,-0.9925,0.6964,0.2976,0.0,0.0,0.0,0.0,0.0,-48.0,-115.0,-31.0,0,0
21022,-3.1401,-0.9925,0.6964,0.2976,0.0,0.0,0.0,0.0,0.0,-48.0,-115.0,-32.0,0,0
21030,-3.1401,-0.9925,0.6964,0.2976,0.0,0.0,0.0,0.0,0.0,-48.0,-112.0,-32.0,0,0
21042,-3.1401,-0.9925,0.6964,0.2976,0.0,0.0,0.0,0.0,0.0,-48.0,-112.0,-30.0,0,0
21055,-3.1401,-0.9925,0.6964,0.2976,0.0,0.0,0.0,0.0,0.0,-48.0,-112.0,-31.0,0,0
21067,-3.1401,-0.9925,0.6964,0.2991,0.0,0.0,0.0,0.0,0.0,-48.0,-106.0,-32.0,0,0
21079,-3.1401,-0.9925,0.6964,0.2976,0.0,0.0,0.0,0.0,0.0,-48.0,-106.0,-30.0,0,0
21087,-3.1401,-0.9925,0.6964,0.2991,0.0,0.0,0.0,0.0,0.0,-48.0,-109.0,-32.0,0,0
21100,-3.1401,-0.9925,0.6964,0.2976,0.0,0.0,0.0,0.0,0.0,-48.0,-104.0,-31.0,0,0
21112,-3.1401,-0.9925,0.6964,0.2976,0.0,0.0,0.0,0.0,0.0,-48.0,-107.0,-33.0,0,0
21124,-3.1401,-0.9925,0.6964,0.2976,0.0,0.0,0.0,0.0,0.0,-48.0,-109.0,-32.0,0,0
21137,-3.1401,-0.9925,0.6964,0.2976,0.0,0.0,0.0,0.0,0.0,-48.0,-103.0,-31.0,0,0
21145,-3.1401,-0.9925,0.6964,0.2976,0.0,0.0,0.0,0.0,0.0,-48.0,-103.0,-31.0,0,0
21157,-3.1401,-0.9925,0.6964,0.2976,0.0,0.0,0.0,0.0,0.0,-48.0,-110.0,-31.0,0,0
21169,-3.1401,-0.9925,0.6964,0.2976,0.0,0.0,0.0,0.0,0.0,-47.0,-106.0,-33.0,0,0
21182,-3.1401,-0.9925,0.6964,0.2976,0.0,0.0,0.0,0.0,0.0,-47.0,-103.0,-31.0,0,0
21194,-3.1401,-0.9925,0.6964,0.2976,0.0,0.0,0.0,0.0,0.0,-47.0,-107.0,-32.0,0,0
21202,-3.1401,-0.9925,0.6964,0.2976,0.0,0.0,0.0,0.0,0.0,-47.0,-117.0,-32.0,0,0
21214,-3.1401,-0.9925,0.6964,0.2976,0.0,0.0,0.0,0.0,0.0,-47.0,-107.0,-32.0,0,0
21227,-3.1385,-0.9925,0.6964,0.2976,0.0,0.0,0.0,0.0,0.0,-48.0,-113.0,-35.0,0,0
21239,-3.1355,-0.9925,0.6964,0.2976,0.024,0.0,0.0,0.0,-20.0,-48.0,-106.0,-36.0,0,0
21247,-3.1339,-0.9925,0.6964,0.2976,0.0479,0.0,0.0,0.0,-33.0,-49.0,-115.0,-34.0,0,0
21259,-3.1339,-0.9925,0.698,0.2991,0.0719,0.0,0.0,0.0,-37.0,-50.0,-113.0,-33.0,0,0
21272,-3.1339,-0.9925,0.698,0.2991,0.0719,0.0,0.0,0.0,-40.0,-49.0,-115.0,-41.0,0,0
21284,-3.1339,-0.9925,0.6964,0.2991,0.0719,0.0,0.0,0.0,-41.0,-49.0,-117.0,-37.0,0,0
21296,-3.1324,-0.9925,0.698,0.2991,0.0719,0.0,0.0,0.0,-48.0,-51.0,-114.0,-39.0,0,0
21305,-3.1324,-0.9925,0.698,0.2991,0.0719,0.0,0.0,0.0,-48.0,-51.0,-114.0,-39.0,0,0
21317,-3.1324,-0.9925,0.698,0.2991,0.024,0.0,0.0,0.0,-47.0,-53.0,-113.0,-42.0,2,0
21329,-3.1324,-0.991,0.698,0.2991,0.024,0.0,0.0,0.0,-46.0,-52.0,-115.0,-38.0,12,1
21341,-3.1324,-0.991,0.698,0.2991,0.024,0.0,0.0,0.0,-46.0,-54.0,-114.0,-44.0,16,1
21354,-3.1324,-0.9925,0.698,0.2991,0.024,0.0,0.0,0.0,-45.0,-54.0,-115.0,-43.0,20,1
21366,-3.1324,-0.9925,0.698,0.2991,0.024,0.0,0.0,0.0,-46.0,-52.0,-115.0,-44.0,24,1
21378,-3.1324,-0.9925,0.6964,0.2976,0.0,0.0,0.0,0.0,-47.0,-55.0,-114.0,-44.0,27,1
21395,-3.1324,-0.9925,0.698,0.2991,0.0,0.0,0.0,0.0,-47.0,-55.0,-114.0,-43.0,28,1
21407,-3.1324,-0.9925,0.698,0.2991,0.0,0.0,0.0,0.0,-48.0,-54.0,-115.0,-46.0,30,1
21419,-3.1324,-0.991,0.698,0.2991,0.0,0.0,0.0,0.0,-48.0,-55.0,-115.0,-46.0,32,1
21432,-3.1324,-0.9925,0.698,0.2991,0.0,0.0,0.0,0.0,-49.0,-55.0,-115.0,-46.0,32,1
21444,-3.1324,-0.9925,0.698,0.2991,0.0,0.0,0.0,0.0,-49.0,-57.0,-115.0,-44.0,33,1
21456,-3.1324,-0.991,0.6964,0.2991,0.0,0.0,0.0,0.0,-48.0,-56.0,-115.0,-47.0,33,1
21468,-3.1324,-0.991,0.698,0.2976,0.0,0.0,0.0,0.0,-48.0,-53.0,-114.0,-42.0,33,1
21481,-3.1324,-0.9925,0.6964,0.2991,0.0,0.0,0.0,0.0,-49.0,-57.0,-116.0,-45.0,32,1
21493,-3.1324,-0.9925,0.698,0.2976,0.0,0.0,0.0,0.0,-49.0,-55.0,-109.0,-41.0,31,1
21505,-3.1324,-0.991,0.698,0.2976,0.0,0.0,0.0,0.0,-47.0,-55.0,-107.0,-34.0,31,1
21518,-3.1339,-0.9925,0.698,0.2976,0.0,0.0,0.0,0.0,-36.0,-48.0,-112.0,-30.0,31,1
21530,-3.1339,-0.9925,0.6964,0.2976,0.0,0.0,0.0,0.0,-26.0,-37.0,-106.0,-27.0,30,1
21542,-3.1355,-0.994,0.6964,0.2976,-0.024,-0.024,0.0,0.0,-10.0,-23.0,-91.0,-29.0,29,1
21554,-3.1385,-0.9956,0.6949,0.2976,-0.024,-0.024,0.0,-0.024,-1.0,-16.0,-89.0,-26.0,27,1
21567,-3.1431,-0.9956,0.6949,0.2961,-0.0959,-0.0479,-0.024,-0.024,1.0,-26.0,-97.0,-26.0,24,1
21579,-3.1462,-0.9956,0.6949,0.2961,-0.1198,-0.0479,-0.024,-0.024,18.0,-31.0,-101.0,-27.0,14,1
21591,-3.1447,-0.9971,0.6949,0.2961,-0.1438,-0.0479,-0.024,-0.024,18.0,-37.0,-103.0,-28.0,9,0
21604,-3.1447,-0.9971,0.6949,0.2961,-0.1438,-0.0479,-0.024,-0.024,5.0,-37.0,-103.0,-28.0,1,0
21616,-3.1431,-0.9971,0.6949,0.2961,-0.1198,-0.0479,-0.024,0.0,0.0,-37.0,-102.0,-28.0,0,0
21624,-3.1416,-0.9971,0.6949,0.2961,-0.0959,-0.024,0.0,0.0,-8.0,-37.0,-101.0,-28.0,0,0
21636,-3.1385,-0.9971,0.6949,0.2961,0.0,0.0,0.0,0.0,-1.0,-36.0,-100.0,-28.0,1,0
21649,-3.137,-0.9971,0.6934,0.2961,0.0479,0.0,0.0,0.0,-18.0,-37.0,-102.0,-28.0,1,0
21661,-3.137,-0.9971,0.6949,0.2961,0.0719,0.0,0.0,0.0,-13.0,-37.0,-98.0,-28.0,0,0
21673,-3.1401,-0.9971,0.6949,0.2961,0.0719,0.0,0.0,0.0,0.0,-37.0,-102.0,-29.0,0,0
21681,-3.1401,-0.9971,0.6949,0.2961,0.0719,0.0,0.0,0.0,0.0,-37.0,-103.0,-28.0,0,0
21694,-3.1431,-0.9971,0.6949,0.2961,0.024,0.0,0.0,0.0,0.0,-37.0,-104.0,-30.0,0,0
21706,-3.1431,-0.9971,0.6949,0.2961,0.0,0.0,0.0,0.0,0.0,-37.0,-102.0,-29.0,0,0
21718,-3.1447,-0.9971,0.6949,0.2961,-0.0719,0.0,0.0,0.0,11.0,-33.0,-103.0,-28.0,0,0
21731,-3.1447,-0.9971,0.6949,0.2961,-0.0719,0.0,0.0,0.0,4.0,-33.0,-102.0,-28.0,0,0
21739,-3.1431,-0.9971,0.6949,0.2976,-0.0719,0.0,0.0,0.0,0.0,-33.0,-102.0,-28.0,0,0
21751,-3.1416,-0.9971,0.6949,0.2961,-0.0479,0.0,0.0,0.0,-4.0,-33.0,-100.0,-29.0,0,0
21763,-3.1401,-0.9971,0.6949,0.2961,0.0,0.0,0.0,0.0,0.0,-32.0,-97.0,-28.0,0,0
21776,-3.1385,-0.9971,0.6949,0.2961,0.0,0.0,0.0,0.0,-6.0,-33.0,-101.0,-28.0,1,0
21788,-3.1385,-0.9971,0.6949,0.2961,0.0479,0.0,0.0,0.0,0.0,-34.0,-93.0,-28.0,0,0
21796,-3.1385,-0.9971,0.6949,0.2961,0.0479,0.0,0.0,0.0,0.0,-34.0,-93.0,-28.0,0,0
21808,-3.1401,-0.9956,0.6949,0.2961,0.0479,0.0,0.0,0.0,0.0,-34.0,-100.0,-28.0,0,0
21821,-3.1416,-0.9971,0.6934,0.2961,0.024,0.0,0.0,0.0,0.0,-33.0,-102.0,-28.0,1,0
21833,-3.1431,-0.9971,0.6949,0.2961,0.0,0.0,0.0,0.0,0.0,-33.0,-100.0,-29.0,0,0
21845,-3.1431,-0.9971,0.6949,0.2961,0.0,0.0,0.0,0.0,0.0,-33.0,-102.0,-28.0,0,0
21853,-3.1447,-0.9971,0.6949,0.2961,-0.024,0.0,0.0,0.0,7.0,-33.0,-102.0,-28.0,0,0
21866,-3.1447,-0.9971,0.6949,0.2961,-0.0479,0.0,0.0,0.0,2.0,-33.0,-102.0,-28.0,0,0
21878,-3.1431,-0.9971,0.6949,0.2961,-0.0479,0.0,0.0,0.0,0.0,-33.0,-102.0,-28.0,0,0
21890,-3.1431,-0.9971,0.6949,0.2961,-0.024,0.0,0.0,0.0,0.0,-33.0,-102.0,-28.0,0,0
21903,-3.1416,-0.9971,0.6934,0.2961,-0.024,0.0,0.0,0.0,0.0,-33.0,-101.0,-28.0,0,0
21911,-3.1416,-0.9971,0.6949,0.2961,0.0,0.0,0.0,0.0,0.0,-33.0,-98.0,-28.0,0,0
21923,-3.1416,-0.9971,0.6949,0.2961,0.0,0.0,0.0,0.0,0.0,-33.0,-102.0,-27.0,0,0
21935,-3.1416,-0.9971,0.6949,0.2961,0.0,0.0,0.0,0.0,0.0,-32.0,-102.0,-28.0,0,0
21948,-3.1416,-0.9956,0.6949,0.2961,0.0,0.0,0.0,0.0,0.0,-32.0,-102.0,-28.0,0,0
21960,-3.1416,-0.9956,0.6949,0.2961,0.0,0.0,0.0,0.0,0.0,-32.0,-102.0,-28.0,0,0
21968,-3.1416,-0.9971,0.6949,0.2961,0.0,0.0,0.0,0.0,0.0,-33.0,-102.0,-28.0,0,0
21980,-3.1416,-0.9971,0.6949,0.2961,0.0,0.0,0.0,0.0,0.0,-32.0,-101.0,-28.0,0,0
21993,-3.1416,-0.9971,0.6949,0.2961,0.0,0.0,0.0,0.0,0.0,-33.0,-100.0,-28.0,0,0
22005,-3.1416,-0.9971,0.6949,0.2961,0.0,0.0,0.0,0.0,0.0,-32.0,-101.0,-29.0,0,0
22013,-3.1416,-0.9971,0.6949,0.2961,0.0,0.0,0.0,0.0,0.0,-32.0,-103.0,-28.0,0,0
22025,-3.1416,-0.9971,0.6949,0.2961,0.0,0.0,0.0,0.0,0.0,-32.0,-103.0,-28.0,0,0
22038,-3.1416,-0.9971,0.6934,0.2961,0.0,0.0,0.0,0.0,0.0,-33.0,-98.0,-28.0,0,0
22050,-3.1416,-0.9971,0.6949,0.2961,0.0,0.0,0.0,0.0,0.0,-33.0,-96.0,-29.0,0,0
22062,-3.1416,-0.9971,0.6949,0.2961,0.0,0.0,0.0,0.0,0.0,-28.0,-96.0,-31.0,0,0
22070,-3.1416,-0.9971,0.6949,0.2961,0.0,0.0,0.0,0.0,0.0,-27.0,-94.0,-28.0,0,0
22083,-3.1416,-0.9956,0.6949,0.2961,0.0,0.0,0.0,0.0,0.0,-27.0,-95.0,-28.0,0,0
22095,-3.1416,-0.9971,0.6949,0.2961,0.0,0.0,0.0,0.0,0.0,-27.0,-96.0,-28.0,0,0
22107,-3.1416,-0.9971,0.6949,0.2961,0.0,0.0,0.0,0.0,0.0,-24.0,-101.0,-27.0,0,0
22120,-3.1416,-0.9971,0.6949,0.2961,0.0,0.0,0.0,0.0,0.0,-27.0,-96.0,-30.0,0,0
22128,-3.1416,-0.9956,0.6949,0.2961,0.0,0.0,0.0,0.0,0.0,-26.0,-103.0,-28.0,0,0
22140,-3.1416,-0.9971,0.6949,0.2961,0.0,0.0,0.0,0.0,0.0,-24.0,-103.0,-28.0,0,0
22152,-3.1416,-0.9971,0.6949,0.2961,0.0,0.0,0.0,0.0,0.0,-27.0,-103.0,-28.0,0,0
22165,-3.1416,-0.9971,0.6949,0.2961,0.0,0.0,0.0,0.0,0.0,-27.0,-102.0,-28.0,0,0
22177,-3.1416,-0.9971,0.6949,0.2961,0.0,0.0,0.0,0.0,0.0,-27.0,-99.0,-28.0,0,0
22185,-3.1416,-0.9971,0.6949,0.2961,0.0,0.0,0.0,0.0,0.0,-27.0,-99.0,-28.0,0,0
22197,-3.1416,-0.9971,0.6949,0.2961,0.0,0.0,0.0,0.0,0.0,-28.0,-104.0,-28.0,0,0
22210,-3.1416,-0.9971,0.6949,0.2961,0.0,0.0,0.0,0.0,0.0,-27.0,-104.0,-28.0,0,0
22222,-3.1416,-0.9971,0.6949,0.2961,0.0,0.0,0.0,0.0,0.0,-27.0,-94.0,-28.0,0,0
22234,-3.1416,-0.9971,0.6949,0.2961,0.0,0.0,0.0,0.0,0.0,-27.0,-92.0,-31.0,0,0
22242,-3.1416,-0.9971,0.6949,0.2961,0.0,0.0,0.0,0.0,0.0,-27.0,-102.0,-28.0,0,0
22255,-3.1416,-0.9971,0.6949,0.2961,0.0,0.0,0.0,0.0,0.0,-25.0,-101.0,-28.0,0,0
22267,-3.1416,-0.9971,0.6949,0.2976,0.0,0.0,0.0,0.0,0.0,-28.0,-101.0,-28.0,0,0
22279,-3.1416,-0.9971,0.6949,0.2961,0.0,0.0,0.0,0.0,0.0,-26.0,-99.0,-28.0,0,0
22292,-3.1416,-0.9971,0.6934,0.2961,0.0,0.0,0.0,0.0,0.0,-27.0,-96.0,-28.0,0,0
22300,-3.1416,-0.9971,0.6949,0.2961,0.0,0.0,0.0,0.0,0.0,-27.0,-103.0,-28.0,0,0
22312,-3.1416,-0.9956,0.6934,0.2961,0.0,0.0,0.0,0.0,0.0,-27.0,-101.0,-28.0,0,0
22324,-3.1416,-0.9971,0.6949,0.2961,0.0,0.0,0.0,0.0,0.0,-25.0,-103.0,-29.0,0,0
22337,-3.1385,-0.9971,0.6949,0.2961,0.0,0.0,0.0,0.0,-9.0,-25.0,-104.0,-28.0,0,0
22349,-3.137,-0.9971,0.6949,0.2961,0.024,0.0,0.0,0.0,-17.0,-25.0,-96.0,-30.0,0,0
22357,-3.1385,-0.9971,0.6949,0.2961,0.024,0.0,0.0,0.0,-5.0,-25.0,-94.0,-28.0,0,0
22369,-3.1401,-0.9971,0.6949,0.2961,0.024,0.0,0.0,0.0,3.0,-25.0,-95.0,-28.0,0,0
22382,-3.1416,-0.9971,0.6949,0.2961,0.024,0.0,0.0,0.0,0.0,-25.0,-103.0,-28.0,0,0
22394,-3.1416,-0.9971,0.6949,0.2961,0.0,0.0,0.0,0.0,0.0,-25.0,-102.0,-28.0,11,1
22406,-3.1431,-0.9956,0.6964,0.2961,-0.024,0.0,0.0,0.0,0.0,-18.0,-102.0,-28.0,16,1
22419,-3.1431,-0.9971,0.6949,0.2961,-0.0479,0.0,0.0,0.0,0.0,-16.0,-98.0,-29.0,20,1
22431,-3.1416,-0.9971,0.6949,0.2961,-0.0479,0.0,0.0,0.0,0.0,-17.0,-104.0,-28.0,28,1
22443,-3.1431,-0.9971,0.6964,0.2961,-0.024,0.0,0.0,0.0,0.0,-16.0,-104.0,-29.0,32,1
22455,-3.1431,-0.9971,0.6964,0.2961,-0.024,0.0,0.0,0.0,0.0,-16.0,-108.0,-29.0,33,1
22468,-3.1431,-0.9971,0.698,0.2961,0.0,0.0,0.0,0.0,0.0,-16.0,-107.0,-28.0,28,1
22480,-3.1431,-0.9971,0.698,0.2961,0.0,0.0,0.0,0.0,0.0,-20.0,-119.0,-31.0,26,1
22492,-3.1431,-0.9956,0.698,0.2961,0.0,0.0,0.024,0.0,0.0,-20.0,-118.0,-28.0,29,1
22505,-3.1431,-0.9956,0.698,0.2961,0.0,0.0,0.024,0.0,0.0,-21.0,-104.0,-28.0,30,1
22517,-3.1431,-0.9971,0.698,0.2961,0.0,0.0,0.024,0.0,1.0,-24.0,-108.0,-28.0,33,1
22533,-3.1431,-0.9956,0.698,0.2961,0.0,0.0,0.024,0.0,1.0,-27.0,-103.0,-28.0,35,1
22546,-3.1431,-0.9956,0.698,0.2961,0.0,0.0,0.024,0.0,0.0,-28.0,-117.0,-28.0,35,1
22558,-3.1431,-0.9956,0.698,0.2961,0.0,0.0,0.0,0.0,5.0,-23.0,-111.0,-29.0,35,1
22570,-3.1431,-0.9956,0.698,0.2961,0.0,0.0,0.0,0.0,4.0,-22.0,-115.0,-28.0,35,1
22582,-3.1431,-0.9956,0.698,0.2961,0.0,0.0,0.0,0.0,4.0,-22.0,-111.0,-28.0,34,1
22595,-3.1416,-0.9956,0.698,0.2961,0.0,0.0,0.0,0.0,1.0,-22.0,-105.0,-28.0,32,1
22607,-3.137,-0.9971,0.6964,0.2961,0.024,0.0,0.0,0.0,-11.0,-22.0,-103.0,-29.0,30,1
22619,-3.1355,-0.9971,0.6964,0.2961,0.0719,0.0,0.0,0.0,-11.0,-18.0,-105.0,-27.0,28,1
22632,-3.1355,-0.9971,0.6964,0.2961,0.0719,0.0,0.0,0.0,-15.0,-17.0,-100.0,-28.0,24,1
22644,-3.137,-0.9971,0.6964,0.2961,0.0959,0.0,0.0,0.0,-16.0,-17.0,-104.0,-28.0,19,1
22656,-3.1385,-0.9971,0.6964,0.2961,0.0479,0.0,0.0,0.0,4.0,-18.0,-104.0,-27.0,11,1
22668,-3.1385,-0.9971,0.6964,0.2961,0.024,0.0,0.0,0.0,-6.0,-19.0,-107.0,-27.0,5,0
22681,-3.1401,-0.9971,0.6964,0.2961,0.0,0.0,0.0,0.0,-1.0,-18.0,-105.0,-28.0,5,0
22689,-3.1401,-0.9971,0.6964,0.2961,-0.024,0.0,0.0,0.0,0.0,-20.0,-104.0,-30.0,1,0
22701,-3.1416,-0.9971,0.6964,0.2961,-0.0479,0.0,0.0,0.0,0.0,-18.0,-103.0,-28.0,0,0
22714,-3.1431,-0.9971,0.6964,0.2961,-0.0719,0.0,0.0,0.0,6.0,-19.0,-102.0,-28.0,0,0
22726,-3.1447,-0.9971,0.6964,0.2961,-0.0719,0.0,0.0,0.0,10.0,-18.0,-105.0,-27.0,0,0
22738,-3.1431,-0.9971,0.6964,0.2961,-0.0719,0.0,0.0,0.0,-3.0,-19.0,-101.0,-28.0,0,0
22746,-3.1416,-0.9971,0.6964,0.2961,-0.0479,0.0,0.0,0.0,0.0,-19.0,-101.0,-28.0,0,0
22759,-3.1401,-0.9971,0.6964,0.2961,-0.024,0.0,0.0,0.0,0.0,-20.0,-101.0,-28.0,0,0
22771,-3.1401,-0.9971,0.6964,0.2961,0.0,0.0,0.0,0.0,-2.0,-18.0,-104.0,-28.0,0,0
22783,-3.1385,-0.9971,0.6964,0.2976,0.024,0.0,0.0,0.0,-2.0,-16.0,-103.0,-28.0,0,0
22795,-3.1385,-0.9971,0.6964,0.2961,0.0479,0.0,0.0,0.0,0.0,-16.0,-104.0,-27.0,0,0
22804,-3.1401,-0.9971,0.6964,0.2961,0.0479,0.0,0.0,0.0,0.0,-17.0,-102.0,-28.0,0,0
22816,-3.1401,-0.9971,0.6964,0.2961,0.0479,0.0,0.0,0.0,0.0,-17.0,-103.0,-28.0,0,0
22828,-3.1416,-0.9971,0.6964,0.2961,0.0,0.0,0.0,0.0,0.0,-19.0,-103.0,-28.0,0,0
22840,-3.1416,-0.9971,0.6964,0.2961,0.0,0.0,0.0,0.0,0.0,-13.0,-104.0,-28.0,0,0
22853,-3.1416,-0.9971,0.6964,0.2961,0.0,0.0,0.0,0.0,0.0,-16.0,-103.0,-28.0,0,0
22861,-3.1416,-0.9971,0.6964,0.2961,-0.024,0.0,0.0,0.0,0.0,-15.0,-103.0,-29.0,0,0
22873,-3.1416,-0.9971,0.6964,0.2961,-0.024,0.0,0.0,0.0,0.0,-13.0,-103.0,-27.0,0,0
22886,-3.1416,-0.9971,0.6964,0.2961,-0.024,0.0,0.0,0.0,0.0,-14.0,-103.0,-27.0,0,0
22898,-3.1416,-0.9971,0.6964,0.2961,0.0,0.0,0.0,0.0,0.0,-14.0,-102.0,-28.0,0,0
22906,-3.1416,-0.9971,0.6964,0.2961,0.0,0.0,0.0,0.0,0.0,-14.0,-102.0,-28.0,0,0
22918,-3.1416,-0.9971,0.6964,0.2961,0.0,0.0,0.0,0.0,0.0,-14.0,-104.0,-28.0,0,0
22931,-3.1416,-0.9971,0.6964,0.2961,0.0,0.0,0.0,0.0,0.0,-14.0,-101.0,-29.0,0,0
22943,-3.1416,-0.9971,0.6964,0.2961,0.0,0.0,0.0,0.0,0.0,-16.0,-101.0,-28.0,0,0
22955,-3.1416,-0.9971,0.6964,0.2961,0.0,0.0,0.0,0.0,0.0,-14.0,-102.0,-28.0,0,0
22963,-3.1416,-0.9971,0.6964,0.2961,0.0,0.0,0.0,0.0,0.0,-14.0,-104.0,-28.0,0,0
22976,-3.1416,-0.9971,0.6964,0.2976,0.0,0.0,0.0,0.0,0.0,-14.0,-104.0,-28.0,0,0
22988,-3.1416,-0.9971,0.6964,0.2961,0.0,0.0,0.0,0.0,0.0,-14.0,-104.0,-28.0,0,0
23000,-3.1416,-0.9971,0.6964,0.2961,0.0,0.0,0.0,0.0,0.0,-14.0,-104.0,-28.0,0,0
23013,-3.1416,-0.9971,0.6964,0.2961,0.0,0.0,0.0,0.0,0.0,-14.0,-103.0,-28.0,0,0
23021,-3.1416,-0.9971,0.6964,0.2961,0.0,0.0,0.0,0.0,0.0,-14.0,-104.0,-28.0,0,0
23033,-3.1416,-0.9971,0.6964,0.2961,0.0,0.0,0.0,0.0,0.0,-14.0,-103.0,-28.0,0,0
23045,-3.1416,-0.9971,0.6964,0.2961,0.0,0.0,0.0,0.0,0.0,-14.0,-102.0,-28.0,0,0
23058,-3.1416,-0.9971,0.6964,0.2961,0.0,0.0,0.0,0.0,0.0,-14.0,-102.0,-28.0,0,0
23070,-3.1416,-0.9971,0.6964,0.2961,0.0,0.0,0.0,0.0,0.0,-15.0,-102.0,-28.0,0,0
23078,-3.1416,-0.9971,0.6964,0.2961,0.0,0.0,0.0,0.0,0.0,-15.0,-102.0,-27.0,0,0
23090,-3.1416,-0.9971,0.6964,0.2961,0.0,0.0,0.0,0.0,0.0,-14.0,-102.0,-27.0,0,0
23103,-3.1416,-0.9971,0.6964,0.2961,0.0,0.0,0.0,0.0,0.0,-14.0,-102.0,-28.0,0,0
23115,-3.1416,-0.9971,0.6964,0.2961,0.0,0.0,0.0,0.0,0.0,-14.0,-102.0,-28.0,0,0
23127,-3.1416,-0.9971,0.6964,0.2976,0.0,0.0,0.0,0.0,0.0,-14.0,-102.0,-28.0,0,0
23135,-3.1416,-0.9971,0.6964,0.2976,0.0,0.0,0.0,0.0,0.0,-14.0,-102.0,-28.0,0,0
23148,-3.1416,-0.9971,0.6964,0.2961,0.0,0.0,0.0,0.0,0.0,-15.0,-103.0,-28.0,0,0
23160,-3.1416,-0.9971,0.6964,0.2961,0.0,0.0,0.0,0.0,0.0,-15.0,-102.0,-28.0,0,0
23172,-3.1416,-0.9971,0.6964,0.2961,0.0,0.0,0.0,0.0,0.0,-14.0,-102.0,-28.0,0,0
23185,-3.1416,-0.9971,0.6964,0.2961,0.0,0.0,0.0,0.0,0.0,-14.0,-103.0,-28.0,0,0
23193,-3.1416,-0.9971,0.6964,0.2961,0.0,0.0,0.0,0.0,0.0,-15.0,-103.0,-28.0,0,0
23205,-3.1416,-0.9971,0.6964,0.2961,0.0,0.0,0.0,0.0,0.0,-15.0,-103.0,-28.0,0,0
23217,-3.1416,-0.9971,0.6964,0.2961,0.0,0.0,0.0,0.0,0.0,-16.0,-103.0,-28.0,0,0
23230,-3.1416,-0.9971,0.6964,0.2961,0.0,0.0,0.0,0.0,0.0,-15.0,-103.0,-28.0,0,0
23242,-3.1416,-0.9971,0.6964,0.2961,0.0,0.0,0.0,0.0,0.0,-16.0,-101.0,-29.0,0,0
23250,-3.1416,-0.9971,0.6964,0.2976,0.0,0.0,0.0,0.0,0.0,-19.0,-102.0,-28.0,0,0
23262,-3.1416,-0.9971,0.6964,0.2961,0.0,0.0,0.0,0.0,0.0,-15.0,-102.0,-28.0,0,0
23275,-3.1416,-0.9971,0.6964,0.2961,0.0,0.0,0.0,0.0,0.0,-14.0,-102.0,-28.0,0,0
23287,-3.1416,-0.9971,0.6964,0.2961,0.0,0.0,0.0,0.0,0.0,-15.0,-102.0,-28.0,0,0
23299,-3.1416,-0.9971,0.6964,0.2961,0.0,0.0,0.0,0.0,0.0,-15.0,-102.0,-28.0,0,0
23307,-3.1416,-0.9971,0.6964,0.2961,0.0,0.0,0.0,0.0,0.0,-14.0,-103.0,-28.0,0,0
23320,-3.1416,-0.9971,0.6964,0.2961,0.0,0.0,0.0,0.0,0.0,-14.0,-103.0,-31.0,0,0
23332,-3.1416,-0.9971,0.6964,0.2961,0.0,0.0,0.0,0.0,0.0,-15.0,-103.0,-28.0,0,0
23344,-3.1416,-0.9971,0.6964,0.2976,0.0,0.0,0.0,0.0,0.0,-16.0,-103.0,-28.0,0,0
23352,-3.1416,-0.9971,0.6964,0.2961,0.0,0.0,0.0,0.0,0.0,-14.0,-103.0,-28.0,0,0
23365,-3.1416,-0.9971,0.6964,0.2961,0.0,0.0,0.0,0.0,0.0,-14.0,-103.0,-28.0,0,0
23377,-3.1416,-0.9971,0.6964,0.2961,0.0,0.0,0.0,0.0,0.0,-15.0,-102.0,-27.0,0,0
23389,-3.1416,-0.9971,0.6964,0.2961,0.0,0.0,0.0,0.0,0.0,-15.0,-101.0,-27.0,0,0
23402,-3.1416,-0.9971,0.6964,0.2961,0.0,0.0,0.0,0.0,0.0,-15.0,-102.0,-28.0,0,0
23410,-3.1431,-0.9971,0.6964,0.2961,0.0,0.0,0.0,0.0,0.0,-14.0,-101.0,-27.0,0,0
23422,-3.1416,-0.9971,0.6964,0.2961,0.0,0.0,0.0,0.0,0.0,-14.0,-102.0,-27.0,0,0
23434,-3.1416,-0.9971,0.6964,0.2961,0.0,0.0,0.0,0.0,0.0,-14.0,-102.0,-28.0,0,0
23447,-3.1431,-0.9956,0.6949,0.2961,0.0,0.0,0.0,0.0,0.0,-23.0,-89.0,-27.0,0,0
23459,-3.1447,-0.9956,0.6934,0.2961,0.0,0.0,0.0,0.0,6.0,-48.0,-67.0,-22.0,0,0
23467,-3.1431,-0.994,0.6949,0.2961,-0.024,0.0,-0.024,0.0,0.0,-53.0,-90.0,-25.0,0,0
23479,-3.1431,-0.9925,0.6949,0.2961,-0.024,0.024,-0.024,0.0,0.0,-53.0,-95.0,-27.0,0,0
23492,-3.1416,-0.9925,0.6949,0.2961,-0.024,0.024,-0.024,0.0,0.0,-65.0,-97.0,-27.0,0,0
23504,-3.1416,-0.991,0.6949,0.2961,0.0,0.0479,-0.024,0.0,0.0,-73.0,-90.0,-27.0,19,1
23516,-3.1416,-0.9879,0.6934,0.2961,0.0,0.0719,-0.024,0.0,0.0,-93.0,-92.0,-27.0,15,1
23529,-3.1431,-0.9863,0.6934,0.2961,0.0,0.0959,0.0,0.0,0.0,-91.0,-90.0,-26.0,17,1
23541,-3.1431,-0.9863,0.6949,0.2961,0.0,0.0959,0.0,0.0,3.0,-84.0,-89.0,-25.0,4,0
23553,-3.1447,-0.9863,0.6949,0.2961,0.0,0.0959,0.0,0.0,13.0,-84.0,-95.0,-27.0,7,0
23565,-3.1462,-0.9863,0.6934,0.2945,0.0,0.0959,0.0,0.0,22.0,-98.0,-89.0,-25.0,9,0
23574,-3.1462,-0.9848,0.6934,0.2945,-0.024,0.0959,0.0,0.0,27.0,-99.0,-96.0,-24.0,9,0
23586,-3.1462,-0.9848,0.6949,0.2961,-0.0479,0.0719,0.0,0.0,33.0,-100.0,-87.0,-27.0,10,0
23598,-3.1462,-0.9848,0.6949,0.2961,-0.0479,0.0479,0.0,0.0,30.0,-90.0,-93.0,-27.0,12,1
23611,-3.1462,-0.9833,0.6949,0.2961,-0.024,0.024,0.0,0.0,28.0,-92.0,-93.0,-25.0,14,1
23627,-3.1447,-0.9833,0.6949,0.2961,0.0,0.024,0.0,0.0,23.0,-90.0,-94.0,-27.0,17,1
23639,-3.1447,-0.9833,0.6934,0.2961,0.0,0.024,0.0,0.0,19.0,-90.0,-95.0,-26.0,20,1
23651,-3.1447,-0.9833,0.6934,0.2961,0.0,0.024,0.0,0.0,13.0,-88.0,-88.0,-28.0,24,1
23664,-3.1431,-0.9848,0.6934,0.2961,0.0,0.024,0.0,0.0,2.0,-89.0,-89.0,-27.0,25,1
23676,-3.1431,-0.9833,0.6934,0.2961,0.024,0.0,0.0,0.0,2.0,-87.0,-90.0,-26.0,24,1
23688,-3.1416,-0.9848,0.6949,0.2961,0.024,0.0,0.0,0.0,2.0,-84.0,-95.0,-27.0,22,1
23701,-3.1416,-0.9848,0.6949,0.2961,0.024,0.0,0.0,0.0,2.0,-80.0,-86.0,-24.0,19,1
23713,-3.1416,-0.9863,0.6934,0.2961,0.024,0.0,0.0,0.0,0.0,-59.0,-87.0,-27.0,12,1
23725,-3.1416,-0.9879,0.6934,0.2961,0.024,-0.024,0.0,0.0,0.0,-41.0,-89.0,-23.0,2,0
23733,-3.1416,-0.9894,0.6949,0.2961,0.024,-0.0479,0.0,0.0,0.0,-32.0,-88.0,-24.0,1,0
23746,-3.1416,-0.991,0.6949,0.2961,0.024,-0.0479,0.0,0.0,0.0,-27.0,-89.0,-25.0,2,0
23758,-3.1416,-0.994,0.6934,0.2961,0.0,-0.0959,0.0,0.0,0.0,-26.0,-89.0,-23.0,4,0
23770,-3.1416,-0.994,0.6934,0.2961,0.0,-0.1198,0.0,0.0,0.0,-38.0,-88.0,-22.0,4,0
23783,-3.1416,-0.994,0.6934,0.2961,0.0,-0.1198,0.0,0.0,0.0,-42.0,-86.0,-26.0,2,0
23791,-3.1401,-0.994,0.6949,0.2961,0.0,-0.1198,0.0,0.0,0.0,-41.0,-91.0,-22.0,2,0
23803,-3.1401,-0.9956,0.6949,0.2961,0.0,-0.0959,0.0,0.0,0.0,-41.0,-91.0,-27.0,1,0
23815,-3.1416,-0.994,0.6934,0.2961,0.0,-0.0719,0.0,0.0,0.0,-43.0,-89.0,-26.0,0,0
23828,-3.1401,-0.994,0.6934,0.2961,0.0,-0.024,0.0,0.0,0.0,-41.0,-89.0,-26.0,0,0
23840,-3.1401,-0.994,0.6934,0.2961,0.0,0.0,0.0,0.0,0.0,-41.0,-88.0,-27.0,0,0
23848,-3.1416,-0.994,0.6949,0.2961,0.0,0.0,0.0,0.0,0.0,-41.0,-86.0,-25.0,0,0
23860,-3.1416,-0.994,0.6934,0.2961,0.0,0.0,0.0,0.0,0.0,-42.0,-87.0,-27.0,0,0
23873,-3.1401,-0.994,0.6934,0.2961,0.0,0.0,0.0,0.0,0.0,-41.0,-88.0,-23.0,0,0
23885,-3.1416,-0.9956,0.6934,0.2945,0.0,0.0,0.0,0.0,0.0,-39.0,-89.0,-23.0,0,0
23897,-3.1416,-0.994,0.6934,0.2961,0.0,0.0,0.0,0.0,0.0,-41.0,-90.0,-27.0,0,0
23905,-3.1416,-0.994,0.6934,0.2961,0.0,0.0,0.0,0.0,0.0,-41.0,-90.0,-27.0,0,0
23918,-3.1416,-0.994,0.6934,0.2961,0.0,0.0,0.0,0.0,0.0,-39.0,-88.0,-22.0,0,0
23930,-3.1416,-0.994,0.6949,0.2945,0.0,0.0,0.0,0.0,0.0,-37.0,-84.0,-24.0,0,0
23942,-3.1416,-0.9956,0.6949,0.2961,0.0,0.0,0.0,0.0,0.0,-41.0,-89.0,-25.0,0,0
23955,-3.1401,-0.9956,0.6934,0.2961,0.0,0.0,0.0,0.0,0.0,-40.0,-86.0,-27.0,0,0
23963,-3.1416,-0.994,0.6934,0.2961,0.0,0.0,0.0,0.0,0.0,-36.0,-89.0,-28.0,0,0
23975,-3.1416,-0.994,0.6934,0.2945,0.0,0.0,0.0,0.0,0.0,-37.0,-83.0,-21.0,0,0
23987,-3.1416,-0.9956,0.6934,0.2961,0.0,0.0,0.0,0.0,0.0,-34.0,-91.0,-26.0,0,0
24000,-3.1416,-0.994,0.6934,0.2961,0.0,0.0,0.0,0.0,0.0,-37.0,-84.0,-27.0,0,0
24012,-3.1416,-0.9956,0.6934,0.2961,0.0,0.0,0.0,0.0,0.0,-37.0,-85.0,-26.0,0,0
24020,-3.1416,-0.994,0.6949,0.2961,0.0,0.0,0.0,0.0,0.0,-37.0,-88.0,-25.0,0,0
24032,-3.1416,-0.9956,0.6934,0.2961,0.0,0.0,0.0,0.0,0.0,-36.0,-87.0,-28.0,0,0
24045,-3.1416,-0.994,0.6934,0.2961,0.0,0.0,0.0,0.0,0.0,-37.0,-89.0,-24.0,0,0
24057,-3.1416,-0.994,0.6949,0.2961,0.0,0.0,0.0,0.0,0.0,-36.0,-85.0,-27.0,0,0
24069,-3.1416,-0.9956,0.6934,0.2961,0.0,0.0,0.0,0.0,0.0,-36.0,-90.0,-26.0,0,0
24077,-3.1416,-0.9956,0.6949,0.2961,0.0,0.0,0.0,0.0,0.0,-39.0,-85.0,-35.0,0,0
24090,-3.1416,-0.9956,0.6934,0.2945,0.0,0.0,0.0,0.0,0.0,-35.0,-82.0,-31.0,0,0
24102,-3.1416,-0.9956,0.6934,0.2961,0.0,0.0,0.0,0.0,0.0,-36.0,-89.0,-30.0,0,0
24114,-3.1416,-0.9956,0.6934,0.2961,0.0,0.0,0.0,0.0,0.0,-35.0,-87.0,-32.0,0,0
24127,-3.1416,-0.9956,0.6934,0.2961,0.0,0.0,0.0,0.0,0.0,-36.0,-89.0,-29.0,0,0
24135,-3.1416,-0.9956,0.6934,0.2961,0.0,0.0,0.0,0.0,0.0,-36.0,-89.0,-29.0,0,0
24147,-3.1401,-0.994,0.6934,0.2961,0.0,0.0,0.0,0.0,0.0,-36.0,-86.0,-35.0,0,0
24159,-3.1416,-0.9956,0.6934,0.2961,0.0,0.0,0.0,0.0,0.0,-37.0,-89.0,-31.0,0,0
24172,-3.1416,-0.994,0.6949,0.2961,0.0,0.0,0.0,0.0,0.0,-35.0,-90.0,-32.0,0,0
24180,-3.1416,-0.9956,0.6949,0.2945,0.0,0.0,0.0,0.0,0.0,-36.0,-88.0,-27.0,0,0
24192,-3.1416,-0.9956,0.6949,0.2945,0.0,0.0,0.0,0.0,0.0,-40.0,-85.0,-28.0,0,0
24204,-3.1401,-0.9956,0.6949,0.2961,0.0,0.0,0.0,0.0,0.0,-35.0,-79.0,-31.0,0,0
24217,-3.1416,-0.994,0.6934,0.2961,0.0,0.0,0.0,0.0,0.0,-34.0,-82.0,-27.0,0,0
24229,-3.1416,-0.9956,0.6934,0.2961,0.0,0.0,0.0,0.0,0.0,-35.0,-87.0,-29.0,0,0
24237,-3.1416,-0.9956,0.6949,0.2961,0.0,0.0,0.0,0.0,0.0,-35.0,-84.0,-33.0,0,0
24249,-3.1401,-0.9956,0.6934,0.2961,0.0,0.0,0.0,0.0,0.0,-35.0,-82.0,-27.0,0,0
24262,-3.1416,-0.9956,0.6949,0.2961,0.0,0.0,0.0,0.0,0.0,-36.0,-87.0,-32.0,0,0
24274,-3.1416,-0.9956,0.6949,0.2961,0.0,0.0,0.0,0.0,0.0,-35.0,-84.0,-35.0,0,0
24286,-3.1416,-0.9956,0.6934,0.2945,0.0,0.0,0.0,0.0,0.0,-37.0,-89.0,-33.0,0,0
24295,-3.1416,-0.9956,0.6934,0.2945,0.0,0.0,0.0,0.0,0.0,-37.0,-89.0,-33.0,0,0
24307,-3.1416,-0.9956,0.6949,0.2945,0.0,0.0,0.0,0.0,0.0,-37.0,-87.0,-29.0,0,0
24319,-3.1416,-0.9956,0.6934,0.2961,0.0,0.0,0.0,0.0,0.0,-36.0,-85.0,-35.0,0,0
24331,-3.1431,-0.994,0.6934,0.2945,0.0,0.0,0.0,0.0,12.0,-37.0,-67.0,-29.0,0,0
24344,-3.1431,-0.994,0.6903,0.2945,0.0,0.0,0.0,0.0,16.0,-66.0,-33.0,-10.0,0,0
24352,-3.1431,-0.9894,0.6888,0.2945,0.0,0.024,-0.024,0.0,13.0,-121.0,-22.0,-2.0,0,0
24364,-3.1431,-0.9848,0.6888,0.293,0.0,0.0479,-0.0479,0.0,15.0,-150.0,-66.0,-11.0,0,0
24376,-3.1431,-0.9802,0.6918,0.2945,0.0,0.1438,-0.024,0.0,7.0,-163.0,-95.0,-21.0,0,0
24389,-3.1416,-0.9756,0.6934,0.2945,0.0,0.1918,-0.024,0.0,-1.0,-184.0,-96.0,-26.0,61,1
24401,-3.1401,-0.9741,0.6934,0.2945,0.0,0.2397,0.0,0.0,0.0,-184.0,-76.0,-19.0,49,1
24413,-3.1401,-0.971,0.6918,0.2961,0.0,0.2637,0.0,0.0,0.0,-187.0,-80.0,-20.0,46,1
24426,-3.1401,-0.971,0.6918,0.2945,0.024,0.2637,0.024,0.0,0.0,-166.0,-82.0,-15.0,41,1
24438,-3.1401,-0.971,0.6918,0.2945,0.024,0.2157,0.024,0.0,-1.0,-178.0,-74.0,-15.0,40,1
24450,-3.1401,-0.971,0.6918,0.2945,0.024,0.1678,0.0,0.0,0.0,-151.0,-75.0,-15.0,38,1
24462,-3.1416,-0.971,0.6918,0.2945,0.024,0.1198,0.0,0.0,0.0,-152.0,-71.0,-15.0,35,1
24475,-3.1431,-0.971,0.6918,0.2945,0.0,0.0719,0.0,0.0,5.0,-152.0,-71.0,-14.0,29,1
24487,-3.1431,-0.971,0.6918,0.2945,-0.024,0.024,0.0,0.0,16.0,-151.0,-73.0,-15.0,22,1
24499,-3.1431,-0.971,0.6918,0.2945,-0.024,0.0,0.0,0.0,13.0,-151.0,-77.0,-15.0,19,1
24516,-3.1431,-0.971,0.6934,0.2945,-0.024,0.0,0.0,0.0,13.0,-151.0,-82.0,-15.0,17,1
24528,-3.1431,-0.971,0.6934,0.2945,-0.024,0.0,0.0,0.0,14.0,-153.0,-73.0,-15.0,17,1
24540,-3.1431,-0.971,0.6934,0.2945,-0.024,0.0,0.0,0.0,15.0,-155.0,-75.0,-19.0,18,1
24553,-3.1431,-0.971,0.6918,0.2945,0.0,0.0,0.0,0.0,9.0,-151.0,-79.0,-16.0,15,1
24565,-3.1431,-0.9725,0.6934,0.2945,0.0,0.0,0.0,0.0,4.0,-140.0,-72.0,-18.0,14,1
24577,-3.1416,-0.9741,0.6934,0.2945,0.0,-0.024,0.0,0.0,3.0,-99.0,-78.0,-15.0,13,1
24589,-3.1416,-0.9771,0.6934,0.2945,0.0,-0.0479,0.0,0.0,0.0,-88.0,-78.0,-20.0,11,1
24602,-3.1431,-0.9817,0.6934,0.2945,0.0,-0.0719,0.0,0.0,0.0,-62.0,-75.0,-15.0,11,1
24614,-3.1416,-0.9833,0.6934,0.2945,0.0,-0.1198,0.0,0.0,0.0,-50.0,-73.0,-16.0,9,0
24622,-3.1416,-0.9863,0.6934,0.2945,0.0,-0.1438,0.0,0.0,0.0,-39.0,-77.0,-15.0,8,0
24634,-3.1416,-0.9894,0.6918,0.2945,0.0,-0.1918,0.0,0.0,0.0,-27.0,-74.0,-14.0,7,0
24647,-3.1416,-0.994,0.6918,0.2945,0.0,-0.2397,0.0,0.0,0.0,-24.0,-78.0,-14.0,4,0
24659,-3.1401,-0.9956,0.6918,0.2945,0.0,-0.2397,0.0,0.0,0.0,-20.0,-79.0,-14.0,1,0
24671,-3.1401,-0.9971,0.6918,0.2945,0.0,-0.2397,0.0,0.0,0.0,-21.0,-72.0,-17.0,0,0
24680,-3.1401,-0.9971,0.6918,0.2945,0.0,-0.2157,0.0,0.0,0.0,-24.0,-73.0,-14.0,0,0
24692,-3.1401,-0.9986,0.6934,0.2945,0.0,-0.1918,0.0,0.0,0.0,-31.0,-70.0,-14.0,0,0
24704,-3.1401,-0.9971,0.6934,0.2945,0.0,-0.1678,0.0,0.0,0.0,-37.0,-77.0,-17.0,0,0
24716,-3.1401,-0.9986,0.6934,0.2945,0.0,-0.0959,0.0,0.0,0.0,-34.0,-75.0,-14.0,0,0
24729,-3.1401,-0.9971,0.6934,0.2945,0.0,-0.0719,0.0,0.0,0.0,-43.0,-78.0,-14.0,0,0
24737,-3.1401,-0.9971,0.6934,0.2945,0.0,-0.0479,0.0,0.0,0.0,-37.0,-75.0,-14.0,0,0
24749,-3.1401,-0.9986,0.6918,0.2945,0.0,-0.024,0.0,0.0,0.0,-36.0,-73.0,-14.0,0,0
24761,-3.1401,-0.9986,0.6918,0.2945,0.0,0.0,0.0,0.0,0.0,-36.0,-75.0,-14.0,0,0
24774,-3.1401,-0.9986,0.6918,0.2945,0.0,0.0,0.0,0.0,0.0,-38.0,-74.0,-14.0,0,0
24786,-3.1401,-0.9971,0.6918,0.2945,0.0,0.0,0.0,0.0,0.0,-34.0,-65.0,-14.0,0,0
24794,-3.1401,-0.9986,0.6918,0.2945,0.0,0.0,0.0,0.0,0.0,-35.0,-78.0,-16.0,0,0
24807,-3.1416,-0.9971,0.6934,0.2945,0.0,0.0,0.0,0.0,0.0,-33.0,-78.0,-14.0,0,0
24819,-3.1401,-0.9986,0.6934,0.2945,0.0,0.0,0.0,0.0,0.0,-34.0,-73.0,-14.0,0,0
24831,-3.1401,-0.9986,0.6918,0.2945,0.0,0.0,0.0,0.0,0.0,-36.0,-76.0,-14.0,0,0
24843,-3.1416,-0.9986,0.6934,0.2945,0.0,0.0,0.0,0.0,0.0,-35.0,-77.0,-15.0,0,0
24852,-3.1416,-0.9986,0.6934,0.2945,0.0,0.0,0.0,0.0,0.0,-35.0,-75.0,-14.0,0,0
24864,-3.1401,-0.9986,0.6934,0.2945,0.0,0.0,0.0,0.0,0.0,-33.0,-76.0,-14.0,0,0
24876,-3.1401,-0.9971,0.6918,0.2945,0.0,0.0,0.0,0.0,0.0,-38.0,-67.0,-14.0,0,0
24888,-3.1416,-0.9986,0.6918,0.2945,0.0,0.0,0.0,0.0,0.0,-32.0,-68.0,-14.0,0,0
24901,-3.1416,-0.9986,0.6918,0.2945,0.0,0.0,0.0,0.0,0.0,-31.0,-76.0,-14.0,0,0
24909,-3.1416,-0.9986,0.6918,0.2945,0.0,0.0,0.0,0.0,0.0,-34.0,-75.0,-14.0,0,0
24921,-3.1401,-0.9986,0.6918,0.2945,0.0,0.0,0.0,0.0,0.0,-36.0,-71.0,-14.0,0,0
24933,-3.1416,-0.9986,0.6918,0.2945,0.0,0.0,0.0,0.0,0.0,-32.0,-76.0,-14.0,0,0
24946,-3.1401,-0.9971,0.6934,0.2945,0.0,0.0,0.0,0.0,0.0,-35.0,-69.0,-14.0,0,0
24958,-3.1416,-0.9986,0.6934,0.2945,0.0,0.0,0.0,0.0,0.0,-37.0,-70.0,-15.0,0,0
24966,-3.1416,-0.9986,0.6918,0.2945,0.0,0.0,0.0,0.0,0.0,-32.0,-63.0,-13.0,0,0
24979,-3.1401,-0.9986,0.6934,0.2945,0.0,0.0,0.0,0.0,0.0,-34.0,-72.0,-15.0,0,0
24991,-3.1401,-0.9986,0.6934,0.2945,0.0,0.0,0.0,0.0,0.0,-35.0,-76.0,-14.0,0,0
25003,-3.1416,-0.9986,0.6934,0.2945,0.0,0.0,0.0,0.0,0.0,-33.0,-67.0,-14.0,0,0
25011,-3.1416,-0.9971,0.6934,0.2945,0.0,0.0,0.0,0.0,0.0,-31.0,-76.0,-15.0,0,0
25024,-3.1416,-0.9986,0.6934,0.2945,0.0,0.0,0.0,0.0,0.0,-31.0,-74.0,-14.0,0,0
25036,-3.1416,-0.9971,0.6934,0.2945,0.0,0.0,0.0,0.0,0.0,-30.0,-69.0,-14.0,0,0
25048,-3.1416,-0.9986,0.6918,0.2945,0.0,0.0,0.0,0.0,0.0,-30.0,-70.0,-15.0,0,0
25060,-3.1401,-0.9986,0.6934,0.2945,0.0,0.0,0.0,0.0,0.0,-30.0,-76.0,-14.0,0,0
25069,-3.1416,-0.9986,0.6918,0.2945,0.0,0.0,0.0,0.0,0.0,-31.0,-64.0,-14.0,0,0
25081,-3.1401,-0.9986,0.6918,0.2961,0.0,0.0,0.0,0.0,0.0,-31.0,-75.0,-13.0,0,0
25093,-3.1401,-0.9986,0.6918,0.2945,0.0,0.0,0.0,0.0,0.0,-34.0,-66.0,-14.0,0,0
25106,-3.1401,-0.9986,0.6918,0.2945,0.0,0.0,0.0,0.0,0.0,-31.0,-72.0,-13.0,0,0
25118,-3.1416,-0.9986,0.6918,0.2945,0.0,0.0,0.0,0.0,0.0,-31.0,-64.0,-14.0,0,0
25126,-3.1416,-0.9986,0.6918,0.2945,0.0,0.0,0.0,0.0,0.0,-31.0,-64.0,-14.0,0,0
25138,-3.1401,-0.9986,0.6934,0.2945,0.0,0.0,0.0,0.0,0.0,-33.0,-74.0,-16.0,0,0
25151,-3.1401,-0.9986,0.6918,0.2945,0.0,0.0,0.0,0.0,0.0,-33.0,-74.0,-14.0,0,0
25163,-3.1416,-0.9986,0.6918,0.2945,0.0,0.0,0.0,0.0,0.0,-35.0,-75.0,-15.0,0,0
25175,-3.1416,-0.9986,0.6918,0.2945,0.0,0.0,0.0,0.0,0.0,-32.0,-64.0,-13.0,0,0
25183,-3.1416,-0.9986,0.6934,0.2945,0.0,0.0,0.0,0.0,0.0,-34.0,-72.0,-13.0,0,0
25196,-3.1416,-0.9971,0.6918,0.2945,0.0,0.0,0.0,0.0,0.0,-30.0,-68.0,-13.0,0,0
25208,-3.1401,-0.9971,0.6934,0.2945,0.0,0.0,0.0,0.0,0.0,-31.0,-66.0,-14.0,0,0
25220,-3.1401,-0.9986,0.6934,0.2945,0.0,0.0,0.0,0.0,0.0,-36.0,-69.0,-14.0,0,0
25232,-3.1416,-0.9986,0.6934,0.2945,0.0,0.0,0.0,0.0,0.0,-32.0,-69.0,-14.0,0,0
25241,-3.1401,-0.9986,0.6918,0.2945,0.0,0.0,0.0,0.0,0.0,-30.0,-72.0,-14.0,0,0
25253,-3.1401,-0.9986,0.6918,0.2945,0.0,0.0,0.0,0.0,0.0,-30.0,-75.0,-16.0,0,0
25265,-3.1401,-0.9971,0.6934,0.2945,0.0,0.0,0.0,0.0,0.0,-33.0,-73.0,-14.0,0,0
25278,-3.137,-0.9986,0.6934,0.2945,0.0,0.0,0.0,0.0,-5.0,-32.0,-76.0,-13.0,0,0
25290,-3.1355,-0.9986,0.6934,0.2945,0.024,0.0,0.0,0.0,-17.0,-22.0,-79.0,-13.0,0,0
25298,-3.137,-0.9986,0.6949,0.2945,0.0479,0.0,0.0,0.0,-13.0,-15.0,-91.0,-13.0,0,0
25310,-3.137,-0.9986,0.6964,0.2945,0.0479,0.0,0.0,0.0,-5.0,-14.0,-119.0,-14.0,0,0
25323,-3.1385,-1.0002,0.698,0.2945,0.024,0.0,0.024,0.0,4.0,-17.0,-123.0,-14.0,0,0
25335,-3.1401,-1.0002,0.6995,0.2945,0.024,0.0,0.0479,0.0,-4.0,-14.0,-123.0,-14.0,0,0
25347,-3.1385,-1.0002,0.701,0.2945,0.0,0.0,0.0959,0.0,-13.0,-18.0,-117.0,-14.0,27,1
25359,-3.1385,-1.0002,0.7026,0.2945,0.0,0.0,0.0959,0.0,-12.0,-16.0,-111.0,-14.0,21,1
25372,-3.1385,-0.9986,0.7026,0.2945,-0.024,0.0,0.0959,0.0,-11.0,-14.0,-118.0,-14.0,23,1
25384,-3.1385,-0.9986,0.7041,0.2945,0.0,0.0,0.0959,0.0,-12.0,-19.0,-128.0,-14.0,24,1
25396,-3.1385,-0.9986,0.7041,0.2961,0.0,0.0,0.0719,0.0,-11.0,-17.0,-123.0,-14.0,24,1
25409,-3.1385,-0.9986,0.7041,0.2945,0.0,0.0,0.0719,0.0,-9.0,-14.0,-121.0,-14.0,19,1
25421,-3.1401,-0.9986,0.7041,0.2945,0.0,0.0,0.0479,0.0,-11.0,-16.0,-138.0,-14.0,19,1
25433,-3.1385,-1.0002,0.7041,0.2945,0.0,0.0,0.024,0.0,-11.0,-20.0,-134.0,-14.0,19,1
25445,-3.1385,-1.0002,0.7041,0.2945,0.0,0.0,0.024,0.0,-9.0,-20.0,-138.0,-14.0,15,1
25458,-3.1401,-1.0002,0.7041,0.2961,0.0,0.0,0.0,0.0,-9.0,-23.0,-140.0,-15.0,15,1
25470,-3.1385,-0.9986,0.7041,0.2945,0.0,0.0,0.0,0.0,-7.0,-20.0,-140.0,-14.0,16,1
25482,-3.1401,-1.0002,0.7041,0.2945,0.0,0.0,0.0,0.0,-11.0,-22.0,-134.0,-14.0,14,1
25495,-3.1385,-1.0002,0.7041,0.2945,0.0,0.0,0.0,0.0,-10.0,-23.0,-116.0,-14.0,11,1
25507,-3.1385,-1.0002,0.7026,0.2945,0.0,0.0,0.0,0.0,-5.0,-15.0,-108.0,-14.0,9,0
25519,-3.1401,-1.0002,0.7026,0.2945,0.0,0.0,0.0,0.0,-4.0,-14.0,-99.0,-14.0,8,0
25531,-3.1401,-1.0002,0.7026,0.2945,0.0,0.0,0.0,0.0,0.0,-10.0,-108.0,-14.0,5,0
25544,-3.1401,-1.0002,0.7026,0.2945,0.0,0.0,0.0,0.0,0.0,-10.0,-115.0,-14.0,4,0
25552,-3.1416,-1.0002,0.7026,0.2945,0.0,0.0,0.0,0.0,0.0,-12.0,-108.0,-14.0,1,0
25564,-3.1416,-1.0002,0.7026,0.2945,-0.024,0.0,0.0,0.0,0.0,-9.0,-106.0,-14.0,0,0
25577,-3.1416,-1.0002,0.7026,0.2945,-0.024,0.0,0.0,0.0,0.0,-16.0,-110.0,-14.0,0,0
25589,-3.1431,-1.0002,0.7026,0.2945,-0.024,0.0,0.0,0.0,0.0,-14.0,-106.0,-14.0,0,0
25601,-3.1431,-1.0002,0.7026,0.2945,-0.024,0.0,0.0,0.0,0.0,-16.0,-108.0,-14.0,0,0
25609,-3.1431,-1.0002,0.7026,0.2945,-0.024,0.0,0.0,0.0,0.0,-16.0,-116.0,-14.0,0,0
25622,-3.1416,-1.0002,0.7026,0.2945,-0.024,0.0,0.0,0.0,0.0,-16.0,-110.0,-14.0,0,0
25634,-3.1416,-1.0002,0.7026,0.2945,-0.024,0.0,0.0,0.0,0.0,-16.0,-109.0,-14.0,0,0
25646,-3.1416,-1.0002,0.7026,0.2945,0.0,0.0,0.0,0.0,0.0,-16.0,-108.0,-9.0,0,0
25658,-3.1416,-1.0002,0.7026,0.2945,0.0,0.0,0.0,0.0,0.0,-16.0,-117.0,-9.0,0,0
25667,-3.1416,-1.0002,0.701,0.2945,0.0,0.0,0.0,0.0,0.0,-14.0,-116.0,-9.0,0,0
25679,-3.1416,-1.0002,0.7026,0.2945,0.0,0.0,0.0,0.0,0.0,-13.0,-106.0,-9.0,0,0
25691,-3.1416,-1.0002,0.7026,0.2945,0.0,0.0,0.0,0.0,0.0,-14.0,-108.0,-9.0,0,0
25704,-3.1416,-1.0002,0.7026,0.2945,0.0,0.0,0.0,0.0,0.0,-14.0,-111.0,-11.0,0,0
25712,-3.1416,-1.0002,0.7026,0.2945,0.0,0.0,0.0,0.0,0.0,-14.0,-116.0,-9.0,0,0
25724,-3.1416,-1.0002,0.7026,0.2945,0.0,0.0,0.0,0.0,0.0,-14.0,-116.0,-9.0,0,0
25736,-3.1416,-1.0002,0.7026,0.2945,0.0,0.0,0.0,0.0,0.0,-14.0,-115.0,-9.0,0,0
25749,-3.1416,-1.0002,0.7026,0.2945,0.0,0.0,0.0,0.0,0.0,-14.0,-113.0,-9.0,0,0
25761,-3.1416,-1.0002,0.7026,0.2945,0.0,0.0,0.0,0.0,0.0,-13.0,-115.0,-9.0,0,0
25769,-3.1416,-1.0002,0.7026,0.2945,0.0,0.0,0.0,0.0,0.0,-12.0,-107.0,-9.0,0,0
25781,-3.1416,-1.0002,0.701,0.2945,0.0,0.0,0.0,0.0,0.0,-14.0,-109.0,-9.0,0,0
25794,-3.1416,-1.0002,0.7026,0.2945,0.0,0.0,0.0,0.0,0.0,-11.0,-111.0,-9.0,0,0
25806,-3.1416,-1.0002,0.7026,0.2945,0.0,0.0,0.0,0.0,0.0,-11.0,-109.0,-10.0,0,0
25818,-3.1416,-1.0002,0.7026,0.2945,0.0,0.0,0.0,0.0,0.0,-11.0,-114.0,-10.0,0,0
25826,-3.1416,-1.0002,0.7026,0.2945,0.0,0.0,0.0,0.0,0.0,-10.0,-113.0,-9.0,0,0
25839,-3.1431,-1.0002,0.7026,0.2945,0.0,0.0,0.0,0.0,0.0,-12.0,-115.0,-11.0,0,0
25851,-3.1416,-1.0002,0.7026,0.2945,0.0,0.0,0.0,0.0,0.0,-10.0,-115.0,-9.0,0,0
25863,-3.1416,-1.0002,0.7026,0.2945,0.0,0.0,0.0,0.0,0.0,-10.0,-115.0,-9.0,0,0
25876,-3.1416,-1.0002,0.7026,0.2945,0.0,0.0,0.0,0.0,0.0,-11.0,-114.0,-10.0,0,0
25884,-3.1416,-1.0002,0.7026,0.2945,0.0,0.0,0.0,0.0,0.0,-11.0,-113.0,-9.0,0,0
25896,-3.1416,-1.0002,0.7026,0.2945,0.0,0.0,0.0,0.0,0.0,-11.0,-113.0,-10.0,0,0
25908,-3.1416,-1.0002,0.701,0.2945,0.0,0.0,0.0,0.0,0.0,-10.0,-116.0,-10.0,0,0
25921,-3.1416,-1.0002,0.7026,0.2945,0.0,0.0,0.0,0.0,0.0,-9.0,-115.0,-9.0,0,0
25933,-3.1416,-1.0002,0.7026,0.2945,0.0,0.0,0.0,0.0,0.0,-10.0,-113.0,-9.0,0,0
25941,-3.1416,-1.0002,0.7026,0.2945,0.0,0.0,0.0,0.0,0.0,-7.0,-114.0,-9.0,0,0
25953,-3.1416,-1.0002,0.7026,0.2945,0.0,0.0,0.0,0.0,0.0,-8.0,-115.0,-9.0,0,0
25966,-3.1416,-1.0002,0.7026,0.2945,0.0,0.0,0.0,0.0,0.0,-9.0,-115.0,-9.0,0,0
25978,-3.1416,-1.0002,0.7026,0.2945,0.0,0.0,0.0,0.0,0.0,-8.0,-113.0,-5.0,0,0
25990,-3.1431,-1.0002,0.7026,0.2945,0.0,0.0,0.0,0.0,0.0,-8.0,-116.0,-8.0,0,0
25998,-3.1416,-1.0002,0.7026,0.2945,0.0,0.0,0.0,0.0,0.0,-11.0,-116.0,-9.0,0,0
26011,-3.1416,-1.0002,0.7026,0.2961,0.0,0.0,0.0,0.0,0.0,-11.0,-115.0,-13.0,0,0
26023,-3.1416,-1.0002,0.701,0.2945,0.0,0.0,0.0,0.0,0.0,-12.0,-116.0,-12.0,0,0
26035,-3.1416,-1.0002,0.7026,0.2961,0.0,0.0,0.0,0.0,0.0,-12.0,-116.0,-11.0,0,0
26048,-3.1416,-1.0002,0.7026,0.2961,0.0,0.0,0.0,0.0,0.0,-12.0,-115.0,-13.0,0,0
26056,-3.1416,-1.0002,0.7026,0.2961,0.0,0.0,0.0,0.0,0.0,-12.0,-115.0,-13.0,0,0
26068,-3.1431,-1.0002,0.7026,0.2961,0.0,0.0,0.0,0.0,0.0,-12.0,-115.0,-12.0,0,0
26080,-3.1416,-1.0002,0.7026,0.2961,0.0,0.0,0.0,0.0,0.0,-12.0,-114.0,-7.0,0,0
26093,-3.1416,-1.0002,0.7026,0.2961,0.0,0.0,0.0,0.0,0.0,-9.0,-115.0,-14.0,0,0
26105,-3.1416,-1.0002,0.7026,0.2961,0.0,0.0,0.0,0.0,0.0,-12.0,-116.0,-14.0,0,0
26113,-3.1416,-1.0002,0.701,0.2961,0.0,0.0,0.0,0.0,0.0,-9.0,-115.0,-12.0,0,0
26125,-3.1416,-1.0002,0.7026,0.2961,0.0,0.0,0.0,0.0,0.0,-7.0,-116.0,-11.0,0,0
26138,-3.1416,-1.0002,0.7026,0.2945,0.0,0.0,0.0,0.0,0.0,-7.0,-116.0,-14.0,0,0
26150,-3.1416,-1.0002,0.7026,0.2961,0.0,0.0,0.0,0.0,0.0,-7.0,-113.0,-16.0,0,0
26158,-3.1431,-1.0002,0.7026,0.2961,0.0,0.0,0.0,0.0,0.0,-7.0,-113.0,-13.0,0,0
26170,-3.1416,-1.0002,0.7026,0.2961,0.0,0.0,0.0,0.0,0.0,-8.0,-116.0,-13.0,0,0
26183,-3.1416,-1.0002,0.7026,0.2961,0.0,0.0,0.0,0.0,0.0,-8.0,-118.0,-14.0,0,0
26195,-3.1416,-1.0002,0.7026,0.2961,0.0,0.0,0.0,0.0,0.0,-8.0,-115.0,-14.0,0,0
26207,-3.1431,-1.0002,0.7026,0.2961,0.0,0.0,0.0,0.0,0.0,-7.0,-116.0,-15.0,0,0
26215,-3.1431,-1.0002,0.7026,0.2961,0.0,0.0,0.0,0.0,0.0,-7.0,-116.0,-15.0,0,0
26228,-3.1416,-1.0002,0.701,0.2961,0.0,0.0,0.0,0.0,0.0,-3.0,-117.0,-16.0,0,0
26240,-3.1416,-1.0002,0.7026,0.2945,0.0,0.0,0.0,0.0,0.0,-4.0,-119.0,-14.0,0,0
26252,-3.1416,-1.0002,0.7026,0.2961,0.0,0.0,0.0,0.0,0.0,-2.0,-117.0,-15.0,0,0
26265,-3.1416,-1.0002,0.7026,0.2945,0.0,0.0,0.0,0.0,0.0,-1.0,-116.0,-14.0,0,0
26273,-3.1416,-1.0002,0.7026,0.2961,0.0,0.0,0.0,0.0,0.0,-1.0,-119.0,-15.0,0,0
26285,-3.1416,-1.0002,0.7026,0.2961,0.0,0.0,0.0,0.0,0.0,-1.0,-116.0,-14.0,0,0
26297,-3.1401,-0.9986,0.7026,0.2945,0.0,0.0,0.0,0.0,-6.0,-1.0,-121.0,-13.0,0,0
26310,-3.1416,-1.0002,0.7026,0.2945,0.0,0.0,0.0,0.0,0.0,-2.0,-123.0,-14.0,0,0
26322,-3.1431,-1.0002,0.7026,0.2961,0.0,0.0,0.0,0.0,0.0,-7.0,-124.0,-15.0,0,0
26330,-3.1431,-1.0002,0.7041,0.2961,0.0,0.0,0.0,0.0,0.0,-5.0,-131.0,-13.0,0,0
26342,-3.1431,-0.9986,0.7041,0.2961,0.0,0.0,0.0,0.0,0.0,-6.0,-135.0,-13.0,0,0
26355,-3.1431,-0.9986,0.7056,0.2961,0.0,0.0,0.024,0.0,0.0,-4.0,-162.0,-14.0,0,0
26367,-3.1447,-1.0002,0.7072,0.2961,-0.024,0.0,0.0479,0.0,0.0,-1.0,-154.0,-15.0,0,0
26379,-3.1431,-1.0017,0.7072,0.2961,-0.024,0.0,0.0479,0.0,2.0,-1.0,-166.0,-14.0,0,0
26388,-3.1447,-1.0017,0.7087,0.2961,-0.024,0.0,0.0479,0.0,-1.0,0.0,-169.0,-16.0,0,0
26400,-3.1431,-1.0017,0.7087,0.2961,0.0,0.0,0.0479,0.0,7.0,0.0,-169.0,-16.0,17,1
26412,-3.1447,-1.0032,0.7087,0.2961,0.0,-0.024,0.0479,0.0,7.0,2.0,-167.0,-13.0,22,1
26428,-3.1431,-1.0048,0.7087,0.2961,0.0,-0.0479,0.024,0.0,1.0,16.0,-169.0,-14.0,26,1
26441,-3.1431,-1.0048,0.7072,0.2945,0.0,-0.0479,0.024,0.0,1.0,17.0,-181.0,-16.0,28,1
26453,-3.1431,-1.0048,0.7087,0.2961,0.0,-0.0479,0.0,0.0,0.0,9.0,-168.0,-15.0,30,1
26465,-3.1416,-1.0048,0.7087,0.2961,0.0,-0.0479,0.0,0.0,0.0,12.0,-167.0,-16.0,33,1
26478,-3.1416,-1.0048,0.7087,0.2961,0.024,-0.024,0.0,0.0,0.0,19.0,-169.0,-16.0,35,1
26490,-3.1416,-1.0048,0.7072,0.2961,0.024,0.0,0.0,0.0,0.0,20.0,-176.0,-14.0,38,1
26502,-3.1416,-1.0048,0.7087,0.2961,0.024,0.0,0.0,0.0,0.0,19.0,-170.0,-16.0,38,1
26514,-3.1431,-1.0048,0.7072,0.2961,0.0,0.0,0.0,0.0,0.0,24.0,-170.0,-16.0,38,1
26527,-3.1431,-1.0048,0.7072,0.2961,0.0,0.0,0.0,0.0,0.0,20.0,-141.0,-14.0,34,1
26539,-3.1431,-1.0048,0.7056,0.2961,0.0,0.0,0.0,0.0,0.0,28.0,-128.0,-15.0,28,1
26551,-3.1431,-1.0032,0.7056,0.2945,0.0,0.0,-0.024,0.0,0.0,24.0,-120.0,-14.0,21,1
26564,-3.1431,-1.0048,0.7041,0.2961,0.0,0.0,-0.024,0.0,0.0,23.0,-113.0,-14.0,14,1
26576,-3.1431,-1.0032,0.7041,0.2945,0.0,0.0,-0.024,0.0,0.0,17.0,-124.0,-16.0,1,0
26588,-3.1431,-1.0032,0.7026,0.2961,0.0,0.0,-0.0479,0.0,0.0,8.0,-120.0,-15.0,0,0
26596,-3.1431,-1.0017,0.7026,0.2961,0.0,0.0,-0.0479,0.0,0.0,1.0,-119.0,-16.0,0,0
26609,-3.1431,-1.0017,0.7026,0.2961,0.0,0.0,-0.0479,0.0,0.0,0.0,-128.0,-12.0,1,0
26621,-3.1431,-1.0017,0.7026,0.2961,0.0,0.024,-0.0479,0.0,0.0,10.0,-127.0,-16.0,2,0
26633,-3.1431,-1.0032,0.7026,0.2961,0.0,0.024,-0.024,0.0,0.0,0.0,-128.0,-15.0,1,0
26646,-3.1431,-1.0017,0.7026,0.2961,0.0,0.024,0.0,0.0,0.0,0.0,-126.0,-16.0,1,0
26654,-3.1431,-1.0017,0.7026,0.2961,0.0,0.024,0.0,0.0,0.0,0.0,-126.0,-16.0,1,0
26666,-3.1416,-1.0017,0.7026,0.2961,0.0,0.0,0.0,0.0,0.0,1.0,-121.0,-13.0,0,0
26678,-3.1416,-1.0032,0.7026,0.2961,0.0,0.0,0.0,0.0,0.0,2.0,-127.0,-14.0,0,0
26691,-3.1416,-1.0032,0.7026,0.2961,0.0,0.0,0.0,0.0,0.0,0.0,-131.0,-15.0,0,0
26703,-3.1401,-1.0032,0.7026,0.2961,0.0,0.0,0.0,0.0,0.0,0.0,-119.0,-16.0,0,0
26711,-3.1416,-1.0017,0.7026,0.2961,0.0,0.0,0.0,0.0,0.0,2.0,-127.0,-15.0,0,0
26723,-3.1416,-1.0017,0.7026,0.2961,0.0,0.0,0.0,0.0,0.0,0.0,-123.0,-14.0,0,0
26736,-3.1416,-1.0017,0.701,0.2961,0.0,0.0,0.0,0.0,0.0,1.0,-118.0,-14.0,0,0
26748,-3.1416,-1.0017,0.7026,0.2961,0.0,0.0,0.0,0.0,0.0,1.0,-119.0,-13.0,0,0
26760,-3.1416,-1.0017,0.7026,0.2961,0.0,0.0,0.0,0.0,0.0,5.0,-129.0,-16.0,0,0
26768,-3.1416,-1.0017,0.701,0.2945,0.0,0.0,0.0,0.0,0.0,6.0,-119.0,-16.0,0,0
26781,-3.1416,-1.0032,0.7026,0.2961,0.0,0.0,0.0,0.0,0.0,2.0,-130.0,-16.0,0,0
26793,-3.1416,-1.0017,0.701,0.2961,0.0,0.0,0.0,0.0,0.0,1.0,-131.0,-16.0,0,0
26805,-3.1416,-1.0017,0.7026,0.2961,0.0,0.0,0.0,0.0,0.0,3.0,-128.0,-14.0,0,0
26818,-3.1416,-1.0017,0.701,0.2961,0.0,0.0,0.0,0.0,0.0,11.0,-129.0,-14.0,0,0
26826,-3.1416,-1.0017,0.701,0.2961,0.0,0.0,0.0,0.0,0.0,12.0,-121.0,-16.0,0,0
26838,-3.1416,-1.0017,0.7026,0.2961,0.0,0.0,0.0,0.0,0.0,16.0,-117.0,-16.0,0,0
26850,-3.1416,-1.0017,0.7026,0.2961,0.0,0.0,0.0,0.0,0.0,13.0,-123.0,-16.0,0,0
26863,-3.1416,-1.0017,0.701,0.2961,0.0,0.0,0.0,0.0,0.0,16.0,-127.0,-14.0,0,0
26875,-3.1416,-1.0017,0.7026,0.2961,0.0,0.0,0.0,0.0,0.0,15.0,-123.0,-16.0,0,0
26883,-3.1416,-1.0017,0.701,0.2945,0.0,0.0,0.0,0.0,0.0,17.0,-119.0,-13.0,0,0
26895,-3.1416,-1.0017,0.7026,0.2961,0.0,0.0,0.0,0.0,0.0,18.0,-118.0,-16.0,0,0
26908,-3.1416,-1.0017,0.7026,0.2945,0.0,0.0,0.0,0.0,0.0,19.0,-129.0,-16.0,0,0
26920,-3.1416,-1.0017,0.7026,0.2961,0.0,0.0,0.0,0.0,0.0,13.0,-118.0,-15.0,0,0
26928,-3.1416,-1.0017,0.7026,0.2961,0.0,0.0,0.0,0.0,0.0,5.0,-121.0,-16.0,0,0
26940,-3.1416,-1.0017,0.7026,0.2961,0.0,0.0,0.0,0.0,0.0,5.0,-131.0,-16.0,0,0
26953,-3.1416,-1.0017,0.7026,0.2961,0.0,0.0,0.0,0.0,0.0,8.0,-123.0,-13.0,0,0
26965,-3.1416,-1.0017,0.701,0.2961,0.0,0.0,0.0,0.0,0.0,8.0,-127.0,-15.0,0,0
26977,-3.1416,-1.0017,0.7026,0.2961,0.0,0.0,0.0,0.0,0.0,3.0,-120.0,-15.0,0,0
26986,-3.1416,-1.0017,0.7026,0.2961,0.0,0.0,0.0,0.0,0.0,2.0,-130.0,-15.0,0,0
26998,-3.1416,-1.0017,0.701,0.2945,0.0,0.0,0.0,0.0,0.0,6.0,-123.0,-15.0,0,0
27010,-3.1416,-1.0002,0.7026,0.2961,0.0,0.0,0.0,0.0,0.0,6.0,-129.0,-16.0,0,0
27022,-3.1416,-1.0017,0.7026,0.2961,0.0,0.0,0.0,0.0,0.0,7.0,-128.0,-14.0,0,0
27035,-3.1416,-1.0002,0.7026,0.2945,0.0,0.0,0.0,0.0,0.0,6.0,-122.0,-15.0,0,0
27043,-3.1416,-1.0002,0.701,0.2961,0.0,0.0,0.0,0.0,0.0,0.0,-123.0,-15.0,0,0
27055,-3.1416,-1.0002,0.701,0.2961,0.0,0.0,0.0,0.0,0.0,4.0,-129.0,-16.0,0,0
27067,-3.1416,-1.0002,0.7026,0.2961,0.0,0.0,0.0,0.0,0.0,2.0,-125.0,-14.0,0,0
27080,-3.1416,-1.0017,0.7026,0.2961,0.0,0.0,0.0,0.0,0.0,9.0,-130.0,-14.0,0,0
27092,-3.1416,-1.0002,0.7026,0.2961,0.0,0.0,0.0,0.0,0.0,2.0,-130.0,-15.0,0,0
27100,-3.1416,-1.0017,0.7026,0.2961,0.0,0.0,0.0,0.0,0.0,3.0,-122.0,-16.0,0,0
27112,-3.1416,-1.0002,0.7026,0.2961,0.0,0.0,0.0,0.0,0.0,8.0,-125.0,-16.0,0,0
27125,-3.1416,-1.0002,0.701,0.2961,0.0,0.0,0.0,0.0,0.0,0.0,-129.0,-16.0,0,0
27137,-3.1416,-1.0017,0.7026,0.2961,0.0,0.0,0.0,0.0,0.0,6.0,-122.0,-14.0,0,0
27149,-3.1416,-1.0002,0.7026,0.2961,0.0,0.0,0.0,0.0,0.0,1.0,-122.0,-16.0,0,0
27158,-3.1416,-1.0017,0.7026,0.2961,0.0,0.0,0.0,0.0,0.0,2.0,-124.0,-14.0,0,0
27170,-3.1416,-1.0002,0.7026,0.2961,0.0,0.0,0.0,0.0,0.0,4.0,-122.0,-16.0,0,0
27182,-3.1416,-1.0002,0.7026,0.2961,0.0,0.0,0.0,0.0,0.0,0.0,-126.0,-16.0,0,0
27194,-3.1416,-1.0017,0.7026,0.2961,0.0,0.0,0.0,0.0,0.0,6.0,-129.0,-16.0,0,0
27207,-3.1416,-1.0002,0.701,0.2961,0.0,0.0,0.0,0.0,0.0,0.0,-119.0,-12.0,0,0
27215,-3.1416,-1.0002,0.701,0.2961,0.0,0.0,0.0,0.0,0.0,0.0,-119.0,-12.0,0,0
27227,-3.1416,-0.9956,0.6995,0.2961,0.0,0.024,0.0,0.0,0.0,-22.0,-91.0,-13.0,0,0
27239,-3.1431,-0.994,0.698,0.2961,0.0,0.0479,-0.024,0.0,2.0,-43.0,-86.0,-13.0,0,0
27252,-3.1447,-0.9925,0.6964,0.2961,-0.024,0.0719,-0.0479,0.0,17.0,-56.0,-86.0,-16.0,3,0
27264,-3.1447,-0.991,0.6964,0.2961,-0.024,0.0959,-0.0479,0.0,16.0,-86.0,-95.0,-13.0,5,0
27272,-3.1447,-0.9879,0.6964,0.2945,-0.024,0.1198,-0.0719,0.0,13.0,-102.0,-103.0,-13.0,9,0
27285,-3.1447,-0.9848,0.6964,0.2961,-0.024,0.1678,-0.0719,0.0,14.0,-116.0,-104.0,-16.0,12,1
27297,-3.1447,-0.9817,0.6964,0.2961,-0.024,0.1918,-0.0479,0.0,10.0,-118.0,-104.0,-16.0,15,1
27309,-3.1431,-0.9802,0.6964,0.2961,0.0,0.1918,-0.024,0.0,0.0,-123.0,-106.0,-16.0,19,1
27325,-3.1416,-0.9787,0.6964,0.2961,0.0,0.1918,0.0,0.0,0.0,-128.0,-105.0,-16.0,23,1
27338,-3.1385,-0.9756,0.6964,0.2961,0.0479,0.1678,0.0,0.0,-5.0,-132.0,-100.0,-16.0,29,1
27350,-3.1385,-0.9756,0.6964,0.2961,0.0719,0.1438,0.0,0.0,-11.0,-129.0,-100.0,-14.0,33,1
27362,-3.137,-0.9756,0.6964,0.2945,0.0719,0.1438,0.0,0.0,-13.0,-128.0,-101.0,-16.0,35,1
27375,-3.1385,-0.9741,0.6964,0.2961,0.0719,0.1198,0.0,0.0,-10.0,-137.0,-103.0,-16.0,42,1
27387,-3.137,-0.971,0.6964,0.2961,0.0479,0.0959,0.0,0.0,-12.0,-162.0,-104.0,-16.0,49,1
27399,-3.1385,-0.971,0.6964,0.2961,0.024,0.0959,0.0,0.0,-9.0,-160.0,-102.0,-14.0,55,1
27411,-3.1385,-0.971,0.6964,0.2961,0.024,0.0719,0.0,0.0,-11.0,-154.0,-102.0,-16.0,58,1
27424,-3.1385,-0.9695,0.6964,0.2961,0.0,0.0719,0.0,0.0,-14.0,-144.0,-104.0,-16.0,59,1
27436,-3.1385,-0.971,0.6964,0.2961,0.0,0.0479,0.0,0.0,-9.0,-140.0,-102.0,-13.0,59,1
27448,-3.1385,-0.971,0.6964,0.2961,0.0,0.0479,0.0,0.0,-5.0,-137.0,-102.0,-15.0,58,1
27461,-3.1401,-0.9725,0.6964,0.2961,0.0,0.024,0.0,0.0,-2.0,-113.0,-102.0,-16.0,55,1
27473,-3.1401,-0.9741,0.6964,0.2961,0.0,0.0,0.0,0.0,0.0,-90.0,-98.0,-16.0,49,1
27485,-3.1416,-0.9771,0.6949,0.2961,0.0,-0.024,0.0,0.0,0.0,-62.0,-91.0,-15.0,37,1
27497,-3.1431,-0.9833,0.6964,0.2961,-0.024,-0.1198,0.0,0.0,0.0,-35.0,-93.0,-16.0,22,1
27510,-3.1431,-0.9863,0.6949,0.2961,-0.0479,-0.1438,0.0,0.0,1.0,-24.0,-92.0,-15.0,17,1
27522,-3.1447,-0.9894,0.6949,0.2961,-0.0719,-0.1918,0.0,0.0,9.0,-17.0,-91.0,-16.0,14,1
27534,-3.1447,-0.991,0.6949,0.2961,-0.0719,-0.2157,0.0,0.0,7.0,-24.0,-99.0,-16.0,12,1
27547,-3.1431,-0.9925,0.6949,0.2945,-0.0479,-0.2397,0.0,0.0,0.0,-37.0,-102.0,-16.0,10,0
27559,-3.1416,-0.9925,0.6949,0.2961,-0.024,-0.2157,0.0,0.0,0.0,-33.0,-101.0,-12.0,5,0
27571,-3.1416,-0.994,0.6949,0.2961,0.0,-0.1678,0.0,0.0,0.0,-35.0,-89.0,-15.0,3,0
27584,-3.1401,-0.994,0.6949,0.2961,0.0,-0.1438,0.0,0.0,-1.0,-37.0,-97.0,-16.0,3,0
27596,-3.1401,-0.994,0.6949,0.2961,0.0479,-0.0719,0.0,0.0,0.0,-39.0,-93.0,-16.0,1,0
27604,-3.1401,-0.994,0.6949,0.2961,0.0479,-0.0719,0.0,0.0,0.0,-39.0,-93.0,-16.0,1,0
27616,-3.1401,-0.994,0.6949,0.2961,0.0479,-0.024,0.0,0.0,0.0,-39.0,-100.0,-16.0,1,0
27629,-3.1401,-0.994,0.6964,0.2961,0.024,-0.024,0.0,0.0,0.0,-41.0,-100.0,-16.0,1,0
27641,-3.1416,-0.994,0.6949,0.2961,0.0,0.0,0.0,0.0,0.0,-41.0,-101.0,-16.0,1,0
27653,-3.1401,-0.994,0.6964,0.2961,0.0,0.0,0.0,0.0,0.0,-41.0,-98.0,-15.0,1,0
27661,-3.1416,-0.994,0.6964,0.2961,0.0,0.0,0.0,0.0,-1.0,-41.0,-100.0,-15.0,1,0
27674,-3.1416,-0.994,0.6964,0.2961,0.0,0.0,0.0,0.0,0.0,-41.0,-97.0,-15.0,1,0
27686,-3.1416,-0.994,0.6964,0.2961,0.0,0.0,0.0,0.0,0.0,-41.0,-101.0,-16.0,1,0
27698,-3.1416,-0.994,0.6949,0.2961,0.0,0.0,0.0,0.0,0.0,-41.0,-101.0,-16.0,1,0
27710,-3.1416,-0.994,0.6949,0.2961,0.0,0.0,0.0,0.0,0.0,-41.0,-98.0,-15.0,1,0
27719,-3.1416,-0.994,0.6949,0.2961,0.0,0.0,0.0,0.0,0.0,-41.0,-87.0,-16.0,1,0
27731,-3.1416,-0.994,0.6949,0.2961,0.0,0.0,0.0,0.0,0.0,-41.0,-101.0,-16.0,1,0
27743,-3.1416,-0.9925,0.6949,0.2961,0.0,0.0,0.0,0.0,0.0,-41.0,-97.0,-16.0,1,0
27756,-3.1416,-0.994,0.6949,0.2961,0.0,0.0,0.0,0.0,0.0,-41.0,-101.0,-16.0,1,0
27768,-3.1416,-0.994,0.6949,0.2961,0.0,0.0,0.0,0.0,0.0,-41.0,-98.0,-15.0,1,0
27776,-3.1416,-0.994,0.6949,0.2945,0.0,0.0,0.0,0.0,0.0,-41.0,-94.0,-16.0,1,0
27788,-3.1416,-0.994,0.6949,0.2961,0.0,0.0,0.0,0.0,0.0,-41.0,-91.0,-16.0,1,0
27801,-3.1416,-0.994,0.6964,0.2961,0.0,0.0,0.0,0.0,0.0,-41.0,-91.0,-16.0,0,0
27813,-3.1416,-0.994,0.6949,0.2961,0.0,0.0,0.0,0.0,0.0,-41.0,-97.0,-14.0,1,0
27821,-3.1416,-0.994,0.6949,0.2961,0.0,0.0,0.0,0.0,0.0,-41.0,-100.0,-16.0,1,0
27834,-3.1416,-0.994,0.6949,0.2961,0.0,0.0,0.0,0.0,0.0,-42.0,-95.0,-14.0,1,0
27846,-3.1416,-0.994,0.6949,0.2961,0.0,0.0,0.0,0.0,0.0,-41.0,-94.0,-16.0,0,0
27858,-3.1416,-0.994,0.6949,0.2961,0.0,0.0,0.0,0.0,0.0,-41.0,-98.0,-16.0,0,0
27870,-3.1416,-0.994,0.6949,0.2961,0.0,0.0,0.0,0.0,0.0,-41.0,-99.0,-16.0,0,0
27878,-3.1416,-0.994,0.6949,0.2961,0.0,0.0,0.0,0.0,0.0,-41.0,-89.0,-16.0,0,0
27891,-3.1416,-0.994,0.6949,0.2961,0.0,0.0,0.0,0.0,0.0,-41.0,-95.0,-14.0,0,0
27903,-3.1416,-0.994,0.6964,0.2961,0.0,0.0,0.0,0.0,0.0,-41.0,-89.0,-12.0,0,0
27915,-3.1416,-0.994,0.6949,0.2961,0.0,0.0,0.0,0.0,0.0,-41.0,-101.0,-16.0,0,0
27928,-3.1416,-0.994,0.6949,0.2961,0.0,0.0,0.0,0.0,0.0,-41.0,-89.0,-16.0,0,0
27936,-3.1416,-0.994,0.6949,0.2961,0.0,0.0,0.0,0.0,0.0,-41.0,-91.0,-16.0,0,0
27948,-3.1416,-0.994,0.6949,0.2961,0.0,0.0,0.0,0.0,0.0,-41.0,-99.0,-16.0,0,0
27960,-3.1416,-0.994,0.6949,0.2961,0.0,0.0,0.0,0.0,0.0,-41.0,-99.0,-16.0,1,0
27973,-3.1416,-0.994,0.6949,0.2961,0.0,0.0,0.0,0.0,0.0,-41.0,-100.0,-14.0,1,0
27985,-3.1416,-0.994,0.6949,0.2961,0.0,0.0,0.0,0.0,0.0,-42.0,-93.0,-16.0,1,0
27993,-3.1416,-0.994,0.6949,0.2961,0.0,0.0,0.0,0.0,0.0,-44.0,-95.0,-16.0,1,0
28005,-3.1416,-0.994,0.6949,0.2961,0.0,0.0,0.0,0.0,0.0,-44.0,-93.0,-16.0,1,0
28018,-3.1416,-0.994,0.6949,0.2945,0.0,0.0,0.0,0.0,0.0,-44.0,-100.0,-16.0,1,0
28030,-3.1416,-0.994,0.6949,0.2961,0.0,0.0,0.0,0.0,0.0,-44.0,-97.0,-15.0,1,0
28042,-3.1416,-0.994,0.6949,0.2961,0.0,0.0,0.0,0.0,-1.0,-44.0,-98.0,-16.0,1,0
28050,-3.1416,-0.9925,0.6949,0.2961,0.0,0.0,0.0,0.0,-1.0,-44.0,-88.0,-14.0,0,0
28063,-3.1416,-0.994,0.6949,0.2961,0.0,0.0,0.0,0.0,0.0,-44.0,-98.0,-14.0,0,0
28075,-3.1416,-0.994,0.6964,0.2961,0.0,0.0,0.0,0.0,0.0,-44.0,-91.0,-16.0,0,0
28087,-3.1416,-0.994,0.6964,0.2945,0.0,0.0,0.0,0.0,0.0,-45.0,-96.0,-13.0,0,0
28100,-3.1416,-0.994,0.6949,0.2961,0.0,0.0,0.0,0.0,0.0,-44.0,-95.0,-15.0,0,0
28108,-3.1416,-0.994,0.6949,0.2961,0.0,0.0,0.0,0.0,0.0,-44.0,-95.0,-16.0,0,0
28120,-3.1416,-0.994,0.6949,0.2961,0.0,0.0,0.0,0.0,0.0,-44.0,-91.0,-16.0,1,0
28132,-3.1416,-0.994,0.6949,0.2945,0.0,0.0,0.0,0.0,-2.0,-43.0,-91.0,-16.0,1,0
28145,-3.1385,-0.9956,0.6964,0.2961,0.0,0.0,0.0,0.0,-16.0,-16.0,-98.0,-16.0,1,0
28157,-3.137,-1.0032,0.6964,0.2961,0.0479,-0.0479,0.0,0.0,-17.0,15.0,-98.0,-16.0,1,0
28165,-3.137,-1.0032,0.6964,0.2961,0.0479,-0.0479,0.0,0.0,-17.0,15.0,-98.0,-16.0,0,0
28177,-3.1401,-1.0063,0.6964,0.2961,0.024,-0.1198,0.0,0.0,0.0,50.0,-100.0,-16.0,0,0
28190,-3.1385,-1.0078,0.6949,0.2961,0.024,-0.1438,0.0,0.0,-8.0,62.0,-95.0,-13.0,17,1
28202,-3.1401,-1.0094,0.6949,0.2961,0.024,-0.1918,0.0,0.0,-12.0,81.0,-86.0,-14.0,40,1
28214,-3.1385,-1.0124,0.6964,0.2961,0.0,-0.1918,0.0,0.0,-13.0,94.0,-92.0,-16.0,38,1
28227,-3.1385,-1.0155,0.6949,0.2961,0.0,-0.1918,0.0,0.0,-10.0,98.0,-87.0,-14.0,34,1
28239,-3.1401,-1.017,0.6949,0.2961,0.0,-0.1918,0.0,0.0,-6.0,90.0,-88.0,-16.0,33,1
28251,-3.1401,-1.017,0.6949,0.2961,0.0,-0.1678,0.0,0.0,-5.0,94.0,-96.0,-14.0,34,1
28263,-3.1401,-1.017,0.6964,0.2961,0.0,-0.1438,0.0,0.0,0.0,75.0,-92.0,-13.0,32,1
28280,-3.1416,-1.017,0.6964,0.2961,0.0,-0.0959,0.0,0.0,-2.0,77.0,-103.0,-15.0,32,1
28292,-3.1416,-1.017,0.6949,0.2961,-0.024,-0.0719,0.0,0.0,-1.0,77.0,-93.0,-15.0,33,1
28304,-3.1416,-1.017,0.6949,0.2961,-0.024,-0.0479,0.0,0.0,0.0,79.0,-92.0,-16.0,32,1
28317,-3.1416,-1.017,0.6949,0.2961,-0.024,0.0,0.0,0.0,0.0,76.0,-91.0,-16.0,31,1
28329,-3.1416,-1.0155,0.6949,0.2961,-0.024,0.0,0.0,0.0,0.0,73.0,-91.0,-15.0,30,1
28342,-3.1416,-1.0155,0.6949,0.2961,0.0,0.0,0.0,0.0,0.0,74.0,-92.0,-16.0,30,1
28354,-3.1416,-1.0155,0.6949,0.2961,0.0,0.0,0.0,0.0,0.0,63.0,-89.0,-14.0,29,1
28366,-3.1431,-1.0124,0.6949,0.2961,0.0,0.024,0.0,0.0,0.0,34.0,-95.0,-16.0,26,1
28379,-3.1447,-1.0094,0.6949,0.2961,-0.024,0.0479,0.0,0.0,13.0,21.0,-89.0,-15.0,23,1
28391,-3.1447,-1.0094,0.6949,0.2961,-0.024,0.0719,0.0,0.0,5.0,10.0,-91.0,-16.0,20,1
28403,-3.1447,-1.0063,0.6949,0.2961,-0.024,0.0959,0.0,0.0,4.0,0.0,-90.0,-15.0,14,1
28415,-3.1431,-1.0032,0.6964,0.2961,-0.024,0.1198,0.0,0.0,-6.0,-5.0,-92.0,-16.0,8,0
28427,-3.1401,-0.9986,0.6949,0.2961,0.0,0.1678,0.0,0.0,-10.0,-12.0,-94.0,-15.0,3,0
28436,-3.1401,-0.9986,0.6949,0.2961,0.0,0.1678,0.0,0.0,-10.0,-12.0,-94.0,-15.0,0,0
28448,-3.1401,-0.9971,0.6964,0.2961,0.0479,0.1918,0.0,0.0,0.0,-6.0,-90.0,-16.0,2,0
28460,-3.1401,-0.9971,0.6949,0.2961,0.0479,0.1678,0.0,0.0,0.0,-5.0,-89.0,-16.0,2,0
28472,-3.1416,-0.9971,0.6949,0.2961,0.0479,0.1438,0.0,0.0,0.0,-5.0,-94.0,-16.0,1,0
28485,-3.1431,-0.9971,0.6949,0.2961,0.024,0.1198,0.0,0.0,0.0,-4.0,-89.0,-16.0,1,0
28493,-3.1431,-0.9986,0.6949,0.2961,0.0,0.0719,0.0,0.0,0.0,-4.0,-90.0,-16.0,1,0
28505,-3.1431,-0.9986,0.6949,0.2961,0.0,0.0479,0.0,0.0,3.0,-6.0,-90.0,-16.0,0,0
28517,-3.1431,-0.9986,0.6949,0.2961,-0.0479,0.0,0.0,0.0,0.0,-3.0,-92.0,-15.0,0,0
28530,-3.1431,-0.9971,0.6949,0.2961,-0.0479,0.0,0.0,0.0,2.0,-4.0,-92.0,-16.0,0,0
28542,-3.1431,-0.9971,0.6949,0.2961,-0.024,0.0,0.0,0.0,0.0,-7.0,-89.0,-16.0,0,0
28551,-3.1431,-0.9986,0.6949,0.2961,0.0,0.0,0.0,0.0,0.0,-5.0,-92.0,-16.0,0,0
28562,-3.1431,-0.9971,0.6964,0.2961,0.0,0.0,0.0,0.0,0.0,-7.0,-96.0,-16.0,0,0
28575,-3.1431,-0.9971,0.6949,0.2961,0.0,0.0,0.0,0.0,0.0,-7.0,-93.0,-16.0,0,0
28587,-3.1416,-0.9971,0.6949,0.2961,0.0,0.0,0.0,0.0,0.0,-4.0,-91.0,-16.0,0,0
28599,-3.1416,-0.9986,0.6949,0.2961,0.0,0.0,0.0,0.0,0.0,-6.0,-89.0,-16.0,0,0
28608,-3.1416,-0.9971,0.6964,0.2961,0.0,0.0,0.0,0.0,0.0,-7.0,-90.0,-13.0,0,0
28620,-3.1416,-0.9971,0.6949,0.2961,0.0,0.0,0.0,0.0,0.0,-6.0,-90.0,-15.0,0,0
28632,-3.1416,-0.9986,0.6949,0.2961,0.0,0.0,0.0,0.0,0.0,-7.0,-90.0,-13.0,0,0
28644,-3.1416,-0.9971,0.6949,0.2961,0.0,0.0,0.0,0.0,0.0,-6.0,-90.0,-16.0,0,0
28657,-3.1431,-0.9986,0.6949,0.2961,0.0,0.0,0.0,0.0,0.0,-4.0,-90.0,-16.0,0,0
28665,-3.1431,-0.9986,0.6949,0.2961,0.0,0.0,0.0,0.0,0.0,-4.0,-90.0,-16.0,0,0
28677,-3.1431,-0.9986,0.6949,0.2961,0.0,0.0,0.0,0.0,0.0,-4.0,-90.0,-13.0,0,0
28689,-3.1431,-0.9971,0.6949,0.2961,0.0,0.0,0.0,0.0,0.0,-5.0,-93.0,-16.0,0,0
28702,-3.1431,-0.9971,0.6949,0.2961,0.0,0.0,0.0,0.0,0.0,-5.0,-89.0,-16.0,0,0
28710,-3.1416,-0.9971,0.6949,0.2961,0.0,0.0,0.0,0.0,0.0,-5.0,-91.0,-14.0,0,0
28722,-3.1416,-0.9971,0.6949,0.2961,0.0,0.0,0.0,0.0,0.0,-3.0,-90.0,-16.0,0,0
28734,-3.1416,-0.9971,0.6949,0.2961,0.0,0.0,0.0,0.0,0.0,-5.0,-91.0,-16.0,0,0
28747,-3.1431,-0.9971,0.6949,0.2961,0.0,0.0,0.0,0.0,0.0,-6.0,-89.0,-16.0,0,0
28759,-3.1431,-0.9971,0.6949,0.2961,0.0,0.0,0.0,0.0,0.0,-4.0,-92.0,-16.0,0,0
28768,-3.1431,-0.9986,0.6949,0.2961,0.0,0.0,0.0,0.0,0.0,-5.0,-90.0,-16.0,0,0
28780,-3.1431,-0.9986,0.6964,0.2961,0.0,0.0,0.0,0.0,0.0,-4.0,-89.0,-16.0,0,0
28792,-3.1431,-0.9986,0.6949,0.2961,0.0,0.0,0.0,0.0,0.0,-4.0,-90.0,-16.0,0,0
28804,-3.1431,-0.9971,0.6949,0.2961,0.0,0.0,0.0,0.0,0.0,-3.0,-91.0,-16.0,0,0
28816,-3.1431,-0.9971,0.6949,0.2961,0.0,0.0,0.0,0.0,0.0,-6.0,-89.0,-16.0,0,0
28825,-3.1431,-0.9971,0.6949,0.2961,0.0,0.0,0.0,0.0,0.0,-6.0,-89.0,-16.0,0,0
28837,-3.1431,-0.9971,0.6949,0.2961,0.0,0.0,0.0,0.0,0.0,-3.0,-89.0,-16.0,0,0
28850,-3.1431,-0.9986,0.6949,0.2961,0.0,0.0,0.0,0.0,0.0,-4.0,-93.0,-16.0,0,0
28861,-3.1431,-0.9971,0.6949,0.2961,0.0,0.0,0.0,0.0,0.0,-4.0,-89.0,-16.0,0,0
28874,-3.1431,-0.9986,0.6949,0.2961,0.0,0.0,0.0,0.0,0.0,-4.0,-89.0,-15.0,0,0
28882,-3.1431,-0.9971,0.6949,0.2961,0.0,0.0,0.0,0.0,0.0,-6.0,-91.0,-12.0,0,0
28894,-3.1431,-0.9986,0.6949,0.2961,0.0,0.0,0.0,0.0,0.0,-6.0,-93.0,-15.0,0,0
28906,-3.1416,-0.9986,0.6949,0.2961,0.0,0.0,0.0,0.0,0.0,-3.0,-88.0,-16.0,0,0
28919,-3.1431,-0.9971,0.6949,0.2961,0.0,0.0,0.0,0.0,0.0,-4.0,-89.0,-14.0,0,0
28931,-3.1431,-0.9971,0.6949,0.2961,0.0,0.0,0.0,0.0,0.0,-2.0,-88.0,-16.0,0,0
28940,-3.1431,-0.9986,0.6964,0.2961,0.0,0.0,0.0,0.0,0.0,-3.0,-89.0,-16.0,0,0
28952,-3.1431,-0.9971,0.6949,0.2961,0.0,0.0,0.0,0.0,0.0,-3.0,-90.0,-16.0,0,0
28964,-3.1431,-0.9971,0.6949,0.2961,0.0,0.0,0.0,0.0,0.0,-3.0,-88.0,-15.0,0,0
28977,-3.1416,-0.9986,0.6949,0.2961,0.0,0.0,0.0,0.0,0.0,-4.0,-91.0,-15.0,0,0
28989,-3.1431,-0.9986,0.6949,0.2961,0.0,0.0,0.0,0.0,0.0,-3.0,-88.0,-16.0,0,0
28997,-3.1431,-0.9986,0.6949,0.2961,0.0,0.0,0.0,0.0,0.0,-2.0,-88.0,-15.0,0,0
29009,-3.1431,-0.9971,0.6949,0.2961,0.0,0.0,0.0,0.0,0.0,-1.0,-89.0,-16.0,0,0
29022,-3.1431,-0.9971,0.6949,0.2961,0.0,0.0,0.0,0.0,0.0,-1.0,-88.0,-16.0,0,0
29033,-3.1431,-0.9971,0.6964,0.2961,0.0,0.0,0.0,0.0,0.0,-1.0,-91.0,-16.0,0,0
29046,-3.1431,-0.9971,0.6949,0.2961,0.0,0.0,0.0,0.0,0.0,0.0,-88.0,-16.0,0,0
29054,-3.1431,-0.9971,0.6949,0.2961,0.0,0.0,0.0,0.0,0.0,0.0,-88.0,-16.0,0,0
29067,-3.1431,-0.9971,0.6949,0.2961,0.0,0.0,0.0,0.0,0.0,0.0,-87.0,-16.0,0,0
29079,-3.1416,-0.9971,0.6949,0.2945,0.0,0.0,0.0,0.0,0.0,0.0,-85.0,-16.0,0,0
29091,-3.1401,-0.9971,0.6949,0.2961,0.0,0.0,0.0,0.0,0.0,-4.0,-85.0,-16.0,0,0
29103,-3.1385,-0.9956,0.6949,0.2961,0.024,0.0,0.0,0.0,-6.0,-39.0,-72.0,-15.0,0,0
29112,-3.1385,-0.994,0.6934,0.2961,0.0479,0.0,0.0,0.0,-3.0,-55.0,-65.0,-14.0,0,0
29124,-3.1385,-0.991,0.6934,0.2961,0.0479,0.024,0.0,0.0,0.0,-81.0,-68.0,-15.0,0,0
29136,-3.1385,-0.9848,0.6934,0.2961,0.0479,0.0959,0.0,0.0,-14.0,-138.0,-83.0,-16.0,0,0
29149,-3.1385,-0.9817,0.6934,0.2961,0.0479,0.1438,0.0,0.0,-15.0,-141.0,-83.0,-16.0,0,0
29161,-3.1385,-0.9787,0.6934,0.2961,0.024,0.1918,0.0,0.0,-15.0,-155.0,-86.0,-16.0,12,1
29173,-3.1385,-0.9756,0.6934,0.2961,0.0,0.2397,0.0,0.0,-15.0,-166.0,-84.0,-16.0,19,1
29185,-3.1385,-0.9741,0.6934,0.2961,0.0,0.2397,0.0,0.0,-14.0,-154.0,-84.0,-16.0,23,1
29198,-3.1401,-0.9725,0.6934,0.2961,0.0,0.2397,0.0,0.0,-16.0,-123.0,-81.0,-16.0,28,1
29210,-3.1385,-0.9741,0.6934,0.2961,0.0,0.2157,0.0,0.0,-15.0,-123.0,-81.0,-16.0,30,1
29222,-3.1385,-0.9741,0.6934,0.2961,0.0,0.1678,0.0,0.0,-15.0,-123.0,-81.0,-16.0,33,1
29235,-3.1385,-0.9741,0.6934,0.2961,0.0,0.1198,0.0,0.0,-10.0,-123.0,-82.0,-16.0,30,1
29247,-3.1416,-0.9741,0.6934,0.2961,0.0,0.024,0.0,0.0,0.0,-122.0,-76.0,-12.0,26,1
29259,-3.1447,-0.9756,0.6934,0.2961,-0.024,0.0,0.0,0.0,0.0,-113.0,-77.0,-15.0,19,1
29271,-3.1447,-0.9756,0.6934,0.2961,-0.0479,0.0,0.0,0.0,12.0,-111.0,-84.0,-16.0,14,1
29284,-3.1447,-0.9756,0.6934,0.2961,-0.0719,0.0,0.0,0.0,10.0,-112.0,-78.0,-16.0,10,0
29296,-3.1431,-0.9771,0.6934,0.2961,-0.0719,-0.024,0.0,0.0,-2.0,-97.0,-82.0,-16.0,6,0
29308,-3.1431,-0.9787,0.6934,0.2961,-0.0479,-0.024,0.0,0.0,4.0,-78.0,-74.0,-16.0,2,0
29321,-3.1431,-0.9802,0.6934,0.2961,-0.0479,-0.0479,0.0,0.0,6.0,-63.0,-83.0,-16.0,1,0
29329,-3.1431,-0.9833,0.6934,0.2945,-0.024,-0.0719,0.0,0.0,0.0,-55.0,-77.0,-15.0,1,0
29341,-3.1431,-0.9848,0.6934,0.2961,0.0,-0.0959,0.0,0.0,0.0,-49.0,-79.0,-16.0,0,0
29353,-3.1431,-0.9848,0.6934,0.2961,0.0,-0.1198,0.0,0.0,0.0,-48.0,-76.0,-14.0,0,0
29366,-3.1431,-0.9879,0.6934,0.2961,0.0,-0.1198,0.0,0.0,0.0,-37.0,-77.0,-16.0,0,0
29377,-3.1431,-0.991,0.6934,0.2961,0.0,-0.1438,0.0,0.0,0.0,-34.0,-75.0,-16.0,0,0
29386,-3.1431,-0.991,0.6934,0.2945,0.0,-0.1438,0.0,0.0,0.0,-34.0,-82.0,-16.0,0,0
29398,-3.1416,-0.9925,0.6934,0.2961,0.0,-0.1438,0.0,0.0,0.0,-37.0,-81.0,-16.0,0,0
29411,-3.1431,-0.9925,0.6934,0.2961,0.0,-0.1198,0.0,0.0,0.0,-41.0,-77.0,-14.0,0,0
29423,-3.1431,-0.9925,0.6934,0.2961,0.0,-0.1198,0.0,0.0,0.0,-43.0,-80.0,-16.0,0,0
29435,-3.1431,-0.9925,0.6934,0.2961,0.0,-0.0959,0.0,0.0,0.0,-43.0,-81.0,-16.0,0,0
29443,-3.1431,-0.9925,0.6934,0.2961,0.0,-0.0719,0.0,0.0,0.0,-43.0,-76.0,-16.0,1,0
29456,-3.1431,-0.994,0.6934,0.2961,0.0,-0.0479,0.0,0.0,0.0,-46.0,-82.0,-16.0,0,0
29468,-3.1416,-0.9925,0.6934,0.2961,0.0,-0.024,0.0,0.0,0.0,-43.0,-79.0,-16.0,0,0
29480,-3.1431,-0.994,0.6934,0.2961,0.0,0.0,0.0,0.0,0.0,-45.0,-77.0,-15.0,0,0
29493,-3.1431,-0.994,0.6934,0.2961,0.0,0.0,0.0,0.0,0.0,-43.0,-82.0,-14.0,0,0
29501,-3.1416,-0.9925,0.6934,0.2961,0.0,0.0,0.0,0.0,0.0,-43.0,-77.0,-16.0,0,0
29513,-3.1431,-0.994,0.6934,0.2961,0.0,0.0,0.0,0.0,0.0,-44.0,-78.0,-16.0,0,0
29525,-3.1416,-0.9925,0.6934,0.2961,0.0,0.0,0.0,0.0,0.0,-45.0,-77.0,-14.0,0,0
29538,-3.1431,-0.994,0.6934,0.2961,0.0,0.0,0.0,0.0,0.0,-45.0,-77.0,-14.0,0,0
29550,-3.1431,-0.994,0.6934,0.2961,0.0,0.0,0.0,0.0,0.0,-41.0,-79.0,-16.0,0,0
29558,-3.1431,-0.994,0.6934,0.2961,0.0,0.0,0.0,0.0,0.0,-41.0,-76.0,-14.0,0,0
29570,-3.1416,-0.994,0.6934,0.2961,0.0,0.0,0.0,0.0,0.0,-42.0,-78.0,-13.0,0,0
29583,-3.1416,-0.994,0.6934,0.2961,0.0,0.0,0.0,0.0,0.0,-41.0,-77.0,-14.0,0,0
29595,-3.1431,-0.994,0.6934,0.2961,0.0,0.0,0.0,0.0,0.0,-46.0,-76.0,-16.0,0,0
29603,-3.1416,-0.9925,0.6934,0.2961,0.0,0.0,0.0,0.0,0.0,-44.0,-77.0,-16.0,0,0
29615,-3.1431,-0.994,0.6934,0.2961,0.0,0.0,0.0,0.0,0.0,-46.0,-76.0,-16.0,0,0
29628,-3.1416,-0.994,0.6934,0.2961,0.0,0.0,0.0,0.0,0.0,-44.0,-79.0,-14.0,0,0
29640,-3.1416,-0.994,0.6934,0.2961,0.0,0.0,0.0,0.0,0.0,-43.0,-76.0,-16.0,0,0
29652,-3.1416,-0.9925,0.6934,0.2961,0.0,0.0,0.0,0.0,0.0,-42.0,-77.0,-16.0,0,0
29661,-3.1431,-0.994,0.6934,0.2961,0.0,0.0,0.0,0.0,0.0,-40.0,-77.0,-16.0,0,0
29673,-3.1416,-0.9925,0.6934,0.2961,0.0,0.0,0.0,0.0,0.0,-43.0,-76.0,-16.0,0,0
29685,-3.1416,-0.994,0.6934,0.2961,0.0,0.0,0.0,0.0,0.0,-45.0,-77.0,-16.0,0,0
29697,-3.1431,-0.9925,0.6934,0.2961,0.0,0.0,0.0,0.0,0.0,-44.0,-77.0,-15.0,0,0
29710,-3.1416,-0.9925,0.6934,0.2961,0.0,0.0,0.0,0.0,0.0,-46.0,-77.0,-15.0,0,0
29718,-3.1416,-0.994,0.6934,0.2961,0.0,0.0,0.0,0.0,0.0,-46.0,-77.0,-15.0,0,0
29730,-3.1431,-0.994,0.6934,0.2961,0.0,0.0,0.0,0.0,0.0,-40.0,-77.0,-14.0,0,0
29742,-3.1431,-0.994,0.6934,0.2961,0.0,0.0,0.0,0.0,0.0,-39.0,-77.0,-15.0,0,0
29755,-3.1416,-0.994,0.6934,0.2961,0.0,0.0,0.0,0.0,0.0,-45.0,-75.0,-15.0,0,0
29767,-3.1431,-0.9925,0.6934,0.2961,0.0,0.0,0.0,0.0,0.0,-39.0,-75.0,-15.0,0,0
29775,-3.1431,-0.9925,0.6934,0.2961,0.0,0.0,0.0,0.0,0.0,-39.0,-75.0,-15.0,0,0
29787,-3.1416,-0.9925,0.6934,0.2961,0.0,0.0,0.0,0.0,0.0,-43.0,-75.0,-16.0,0,0
29800,-3.1416,-0.994,0.6934,0.2961,0.0,0.0,0.0,0.0,0.0,-43.0,-75.0,-16.0,0,0
29812,-3.1416,-0.994,0.6934,0.2961,0.0,0.0,0.0,0.0,0.0,-49.0,-75.0,-16.0,0,0
29824,-3.1416,-0.994,0.6934,0.2961,0.0,0.0,0.0,0.0,0.0,-43.0,-75.0,-16.0,0,0
29833,-3.1431,-0.994,0.6934,0.2961,0.0,0.0,0.0,0.0,0.0,-44.0,-75.0,-14.0,1,0
29845,-3.1431,-0.994,0.6934,0.2961,0.0,0.0,0.0,0.0,0.0,-43.0,-75.0,-15.0,1,0
29857,-3.1431,-0.994,0.6934,0.2961,0.0,0.0,0.0,0.0,0.0,-45.0,-72.0,-16.0,1,0
29869,-3.1431,-0.994,0.6934,0.2961,0.0,0.0,0.0,0.0,5.0,-44.0,-75.0,-16.0,0,0
29882,-3.1416,-0.994,0.6934,0.2961,0.0,0.0,0.0,0.0,0.0,-46.0,-73.0,-16.0,0,0
29890,-3.1416,-0.9925,0.6934,0.2961,0.0,0.0,0.0,0.0,0.0,-42.0,-75.0,-16.0,1,0
29902,-3.1431,-0.994,0.6934,0.2961,0.0,0.0,0.0,0.0,0.0,-47.0,-75.0,-16.0,1,0
29914,-3.1416,-0.9925,0.6934,0.2961,0.0,0.0,0.0,0.0,4.0,-42.0,-76.0,-16.0,1,0
29927,-3.1416,-0.994,0.6934,0.2961,0.0,0.0,0.0,0.0,0.0,-43.0,-75.0,-13.0,1,0
29939,-3.1416,-0.994,0.6934,0.2961,0.0,0.0,0.0,0.0,0.0,-46.0,-72.0,-16.0,1,0
29947,-3.1416,-0.994,0.6934,0.2961,0.0,0.0,0.0,0.0,0.0,-43.0,-75.0,-16.0,1,0
29960,-3.1416,-0.9925,0.6934,0.2961,0.0,0.0,0.0,0.0,0.0,-45.0,-71.0,-12.0,1,0
29972,-3.1401,-0.9925,0.6934,0.2961,0.0,0.0,0.0,0.0,0.0,-42.0,-75.0,-13.0,1,0
29984,-3.1401,-0.994,0.6934,0.2961,0.0,0.0,0.0,0.0,-1.0,-42.0,-70.0,-16.0,1,0
29996,-3.1401,-0.994,0.6934,0.2961,0.024,0.0,0.0,0.0,0.0,-44.0,-70.0,-14.0,0,0
30005,-3.1401,-0.994,0.6934,0.2961,0.024,0.0,0.0,0.0,0.0,-44.0,-70.0,-14.0,4,0
30017,-3.1401,-0.9925,0.6934,0.2961,0.024,0.0,0.0,0.0,0.0,-43.0,-71.0,-16.0,5,0
30029,-3.1401,-0.994,0.6934,0.2961,0.0,0.0,0.0,0.0,0.0,-45.0,-75.0,-12.0,18,1
30041,-3.1401,-0.994,0.6934,0.2961,0.0,0.0,0.0,0.0,0.0,-45.0,-70.0,-16.0,26,1
30054,-3.1401,-0.9925,0.6934,0.2961,0.0,0.0,0.0,0.0,0.0,-45.0,-75.0,-16.0,28,1
30066,-3.1416,-0.9925,0.6934,0.2961,0.0,0.0,0.0,0.0,0.0,-45.0,-73.0,-16.0,24,1
30078,-3.1416,-0.994,0.6934,0.2961,0.0,0.0,0.0,0.0,0.0,-44.0,-71.0,-16.0,25,1
30091,-3.1431,-0.994,0.6934,0.2961,-0.024,0.0,0.0,0.0,0.0,-48.0,-70.0,-16.0,31,1
30103,-3.1431,-0.9925,0.6934,0.2961,-0.024,0.0,0.0,0.0,0.0,-46.0,-74.0,-16.0,35,1
30115,-3.1431,-0.994,0.6934,0.2961,-0.024,0.0,0.0,0.0,0.0,-46.0,-69.0,-16.0,35,1
30132,-3.1431,-0.994,0.6934,0.2961,-0.024,0.0,0.0,0.0,1.0,-49.0,-68.0,-16.0,43,1
30144,-3.1447,-0.994,0.6934,0.2961,-0.024,0.0,0.0,0.0,2.0,-45.0,-75.0,-16.0,43,1
30156,-3.1431,-0.994,0.6934,0.2961,0.0,0.0,0.0,0.0,0.0,-49.0,-69.0,-16.0,40,1
30168,-3.1431,-0.994,0.6934,0.2961,0.0,0.0,0.0,0.0,4.0,-45.0,-72.0,-16.0,37,1
30181,-3.1431,-0.994,0.6934,0.2961,0.0,0.0,0.0,0.0,8.0,-46.0,-72.0,-16.0,36,1
30193,-3.1431,-0.994,0.6934,0.2961,0.0,0.0,0.0,0.0,2.0,-49.0,-74.0,-15.0,32,1
30205,-3.1416,-0.994,0.6934,0.2961,0.0,0.0,0.0,0.0,-1.0,-49.0,-66.0,-12.0,32,1
30218,-3.1401,-0.994,0.6934,0.2961,0.024,0.0,0.0,0.0,0.0,-49.0,-74.0,-16.0,27,1
30230,-3.1385,-0.994,0.6934,0.2961,0.024,0.0,0.0,0.0,-1.0,-45.0,-71.0,-16.0,22,1
30242,-3.1385,-0.994,0.6934,0.2961,0.0479,0.0,0.0,0.0,0.0,-49.0,-68.0,-16.0,19,1
30254,-3.1385,-0.9925,0.6934,0.2961,0.0479,0.0,0.0,0.0,-1.0,-44.0,-65.0,-16.0,13,1
30267,-3.1385,-0.994,0.6934,0.2961,0.0479,0.0,0.0,0.0,2.0,-48.0,-72.0,-16.0,7,0
30279,-3.1401,-0.9925,0.6934,0.2961,0.024,0.0,0.0,0.0,0.0,-49.0,-68.0,-13.0,4,0
30287,-3.1401,-0.9925,0.6934,0.2961,0.024,0.0,0.0,0.0,0.0,-49.0,-74.0,-15.0,1,0
30299,-3.1401,-0.994,0.6934,0.2961,0.0,0.0,0.0,0.0,0.0,-47.0,-65.0,-16.0,0,0
30312,-3.1401,-0.9925,0.6934,0.2961,0.0,0.0,0.0,0.0,0.0,-45.0,-72.0,-16.0,0,0
30324,-3.1401,-0.994,0.6934,0.2961,0.0,0.0,0.0,0.0,0.0,-46.0,-74.0,-15.0,0,0
30336,-3.1431,-0.9925,0.6934,0.2961,-0.024,0.0,0.0,0.0,0.0,-48.0,-72.0,-15.0,0,0
30345,-3.1431,-0.9925,0.6934,0.2961,-0.024,0.0,0.0,0.0,0.0,-48.0,-72.0,-15.0,0,0
30357,-3.1431,-0.9925,0.6934,0.2961,-0.024,0.0,0.0,0.0,0.0,-44.0,-68.0,-16.0,0,0
30369,-3.1431,-0.994,0.6934,0.2961,-0.024,0.0,0.0,0.0,0.0,-48.0,-68.0,-16.0,0,0
30381,-3.1431,-0.994,0.6934,0.2961,-0.024,0.0,0.0,0.0,0.0,-45.0,-65.0,-16.0,0,0
30394,-3.1416,-0.994,0.6934,0.2961,-0.024,0.0,0.0,0.0,0.0,-44.0,-68.0,-16.0,0,0
30402,-3.1416,-0.994,0.6934,0.2961,0.0,0.0,0.0,0.0,0.0,-46.0,-63.0,-16.0,0,0
30414,-3.1416,-0.994,0.6934,0.2961,0.0,0.0,0.0,0.0,0.0,-47.0,-74.0,-16.0,0,0
30426,-3.1416,-0.994,0.6934,0.2961,0.0,0.0,0.0,0.0,0.0,-44.0,-61.0,-16.0,0,0
30439,-3.1416,-0.994,0.6934,0.2961,0.0,0.0,0.0,0.0,0.0,-47.0,-68.0,-16.0,0,0
30451,-3.1416,-0.9925,0.6934,0.2961,0.0,0.0,0.0,0.0,0.0,-46.0,-76.0,-16.0,0,0
30459,-3.1416,-0.994,0.6934,0.2961,0.0,0.0,0.0,0.0,0.0,-46.0,-67.0,-13.0,0,0
30472,-3.1416,-0.994,0.6934,0.2961,0.0,0.0,0.0,0.0,0.0,-48.0,-69.0,-16.0,0,0
30484,-3.1416,-0.9925,0.6934,0.2961,0.0,0.0,0.0,0.0,0.0,-48.0,-72.0,-14.0,0,0
30496,-3.1416,-0.994,0.6934,0.2961,0.0,0.0,0.0,0.0,0.0,-47.0,-66.0,-14.0,0,0
30508,-3.1416,-0.994,0.6934,0.2961,0.0,0.0,0.0,0.0,0.0,-47.0,-70.0,-16.0,0,0
30517,-3.1416,-0.994,0.6934,0.2961,0.0,0.0,0.0,0.0,0.0,-46.0,-68.0,-16.0,0,0
30529,-3.1416,-0.994,0.6934,0.2961,0.0,0.0,0.0,0.0,0.0,-47.0,-62.0,-16.0,0,0
30541,-3.1416,-0.994,0.6934,0.2961,0.0,0.0,0.0,0.0,0.0,-48.0,-66.0,-16.0,0,0
30553,-3.1416,-0.994,0.6934,0.2961,0.0,0.0,0.0,0.0,0.0,-48.0,-66.0,-16.0,0,0
30562,-3.1416,-0.9925,0.6934,0.2961,0.0,0.0,0.0,0.0,0.0,-45.0,-66.0,-16.0,0,0
30574,-3.1416,-0.994,0.6934,0.2961,0.0,0.0,0.0,0.0,0.0,-47.0,-70.0,-16.0,0,0
30586,-3.1416,-0.994,0.6934,0.2961,0.0,0.0,0.0,0.0,0.0,-46.0,-69.0,-16.0,0,0
30598,-3.1416,-0.9925,0.6934,0.2961,0.0,0.0,0.0,0.0,0.0,-47.0,-69.0,-16.0,0,0
30611,-3.1416,-0.994,0.6934,0.2961,0.0,0.0,0.0,0.0,0.0,-48.0,-72.0,-16.0,0,0
30619,-3.1416,-0.994,0.6934,0.2961,0.0,0.0,0.0,0.0,0.0,-45.0,-68.0,-13.0,0,0
30631,-3.1416,-0.994,0.6934,0.2961,0.0,0.0,0.0,0.0,0.0,-45.0,-64.0,-15.0,0,0
30644,-3.1416,-0.994,0.6934,0.2961,0.0,0.0,0.0,0.0,0.0,-46.0,-74.0,-16.0,0,0
30656,-3.1416,-0.994,0.6934,0.2961,0.0,0.0,0.0,0.0,0.0,-46.0,-61.0,-16.0,0,0
30668,-3.1431,-0.994,0.6934,0.2961,0.0,0.0,0.0,0.0,0.0,-47.0,-73.0,-16.0,0,0
30676,-3.1416,-0.994,0.6934,0.2961,0.0,0.0,0.0,0.0,0.0,-47.0,-72.0,-16.0,0,0
30689,-3.1416,-0.994,0.6934,0.2961,0.0,0.0,0.0,0.0,0.0,-45.0,-61.0,-13.0,0,0
30701,-3.1416,-0.994,0.6934,0.2961,0.0,0.0,0.0,0.0,0.0,-46.0,-61.0,-15.0,0,0
30713,-3.1416,-0.994,0.6934,0.2961,0.0,0.0,0.0,0.0,0.0,-45.0,-68.0,-16.0,0,0
30725,-3.1416,-0.994,0.6934,0.2961,0.0,0.0,0.0,0.0,0.0,-45.0,-72.0,-14.0,0,0
30734,-3.1416,-0.994,0.6934,0.2961,0.0,0.0,0.0,0.0,0.0,-47.0,-69.0,-16.0,0,0
30746,-3.1416,-0.994,0.6934,0.2961,0.0,0.0,0.0,0.0,0.0,-46.0,-71.0,-16.0,0,0
30758,-3.1416,-0.994,0.6934,0.2961,0.0,0.0,0.0,0.0,0.0,-45.0,-64.0,-15.0,0,0
30770,-3.1416,-0.994,0.6934,0.2961,0.0,0.0,0.0,0.0,0.0,-45.0,-62.0,-16.0,0,0
30783,-3.1416,-0.994,0.6934,0.2961,0.0,0.0,0.0,0.0,0.0,-45.0,-71.0,-16.0,0,0
30791,-3.1416,-0.9925,0.6934,0.2961,0.0,0.0,0.0,0.0,0.0,-46.0,-70.0,-16.0,0,0
30803,-3.1416,-0.994,0.6934,0.2961,0.0,0.0,0.0,0.0,0.0,-45.0,-72.0,-13.0,0,0
30816,-3.1416,-0.994,0.6934,0.2961,0.0,0.0,0.0,0.0,0.0,-45.0,-66.0,-15.0,0,0
30828,-3.1416,-0.994,0.6934,0.2961,0.0,0.0,0.0,0.0,0.0,-45.0,-62.0,-15.0,0,0
30840,-3.1416,-0.994,0.6934,0.2945,0.0,0.0,0.0,0.0,0.0,-47.0,-66.0,-13.0,0,0
30848,-3.1416,-0.994,0.6934,0.2961,0.0,0.0,0.0,0.0,0.0,-45.0,-66.0,-13.0,0,0
30861,-3.1416,-0.994,0.6934,0.2961,0.0,0.0,0.0,0.0,0.0,-45.0,-62.0,-16.0,0,0
30873,-3.1416,-0.994,0.6934,0.2961,0.0,0.0,0.0,0.0,0.0,-47.0,-67.0,-15.0,0,0
30885,-3.1416,-0.994,0.6934,0.2961,0.0,0.0,0.0,0.0,0.0,-46.0,-67.0,-15.0,0,0
30897,-3.1416,-0.994,0.6934,0.2961,0.0,0.0,0.0,0.0,0.0,-47.0,-64.0,-16.0,0,0
30906,-3.1416,-0.994,0.6934,0.2961,0.0,0.0,0.0,0.0,0.0,-47.0,-64.0,-16.0,0,0
30918,-3.1416,-0.994,0.6934,0.2961,0.0,0.0,0.0,0.0,0.0,-48.0,-63.0,-15.0,0,0
30930,-3.1416,-0.9925,0.6934,0.2961,0.0,0.0,0.0,0.0,0.0,-46.0,-67.0,-15.0,0,0
30943,-3.1416,-0.994,0.6934,0.2961,0.0,0.0,0.0,0.0,0.0,-46.0,-66.0,-16.0,0,0
30955,-3.1416,-0.994,0.6934,0.2961,0.0,0.0,0.0,0.0,0.0,-46.0,-63.0,-14.0,0,0
30963,-3.1431,-0.994,0.6934,0.2961,0.0,0.0,0.0,0.0,0.0,-46.0,-63.0,-14.0,0,0
30975,-3.1416,-0.994,0.6934,0.2961,0.0,0.0,0.0,0.0,0.0,-47.0,-64.0,-15.0,0,0
30988,-3.1416,-0.994,0.6934,0.2961,0.0,0.0,0.0,0.0,0.0,-46.0,-62.0,-16.0,0,0
31000,-3.1416,-0.994,0.6934,0.2961,0.0,0.0,0.0,0.0,0.0,-48.0,-63.0,-15.0,0,0
31008,-3.1416,-0.994,0.6934,0.2961,0.0,0.0,0.0,0.0,0.0,-47.0,-62.0,-16.0,0,0
31020,-3.1416,-0.994,0.6934,0.2961,0.0,0.0,0.0,0.0,0.0,-48.0,-62.0,-16.0,0,0
31033,-3.1416,-0.994,0.6934,0.2961,0.0,0.0,0.0,0.0,0.0,-48.0,-63.0,-16.0,0,0
31045,-3.1416,-0.994,0.6934,0.2961,0.0,0.0,0.0,0.0,0.0,-48.0,-64.0,-16.0,0,0
31057,-3.1416,-0.994,0.6934,0.2961,0.0,0.0,0.0,0.0,0.0,-47.0,-63.0,-16.0,0,0
31065,-3.1416,-0.994,0.6934,0.2961,0.0,0.0,0.0,0.0,0.0,-47.0,-63.0,-16.0,0,0
31078,-3.1431,-0.994,0.6934,0.2961,0.0,0.0,0.0,0.0,0.0,-46.0,-63.0,-13.0,0,0
31090,-3.1416,-0.994,0.6934,0.2961,0.0,0.0,0.0,0.0,0.0,-46.0,-63.0,-15.0,0,0
31102,-3.1416,-0.9925,0.6934,0.2961,0.0,0.0,0.0,0.0,0.0,-46.0,-62.0,-16.0,0,0
31115,-3.1416,-0.9925,0.6934,0.2961,0.0,0.0,0.0,0.0,0.0,-46.0,-61.0,-16.0,0,0
31123,-3.1416,-0.994,0.6934,0.2961,0.0,0.0,0.0,0.0,0.0,-49.0,-63.0,-16.0,0,0
31135,-3.1416,-0.994,0.6934,0.2961,0.0,0.0,0.0,0.0,0.0,-49.0,-62.0,-16.0,0,0
31147,-3.1416,-0.994,0.6934,0.2961,0.0,0.0,0.0,0.0,0.0,-46.0,-62.0,-16.0,0,0
31160,-3.1416,-0.994,0.6934,0.2961,0.0,0.0,0.0,0.0,0.0,-48.0,-63.0,-15.0,0,0
31172,-3.1416,-0.994,0.6934,0.2961,0.0,0.0,0.0,0.0,0.0,-50.0,-60.0,-13.0,0,0
31180,-3.1416,-0.994,0.6934,0.2961,0.0,0.0,0.0,0.0,0.0,-48.0,-61.0,-15.0,0,0
31192,-3.1416,-0.994,0.6934,0.2961,0.0,0.0,0.0,0.0,0.0,-49.0,-60.0,-16.0,0,0
31205,-3.1416,-0.9925,0.6934,0.2961,0.0,0.0,0.0,0.0,0.0,-50.0,-60.0,-16.0,0,0
31217,-3.1416,-0.994,0.6934,0.2961,0.0,0.0,0.0,0.0,0.0,-48.0,-59.0,-14.0,0,0
31229,-3.1416,-0.994,0.6934,0.2961,0.0,0.0,0.0,0.0,0.0,-49.0,-59.0,-15.0,0,0
31237,-3.1416,-0.994,0.6934,0.2961,0.0,0.0,0.0,0.0,0.0,-49.0,-59.0,-16.0,0,0
31250,-3.1416,-0.994,0.6934,0.2961,0.0,0.0,0.0,0.0,0.0,-48.0,-61.0,-16.0,0,0
31262,-3.1416,-0.994,0.6934,0.2961,0.0,0.0,0.0,0.0,0.0,-50.0,-61.0,-16.0,0,0
31274,-3.1416,-0.994,0.6934,0.2961,0.0,0.0,0.0,0.0,0.0,-50.0,-62.0,-16.0,0,0
31287,-3.1431,-0.9925,0.6934,0.2961,0.0,0.0,0.0,0.0,0.0,-49.0,-57.0,-16.0,0,0
31295,-3.1431,-0.9925,0.6934,0.2961,0.0,0.0,0.0,0.0,0.0,-49.0,-57.0,-16.0,0,0
31307,-3.1447,-0.994,0.6934,0.2961,-0.024,0.0,0.0,0.0,19.0,-48.0,-60.0,-15.0,0,0
31319,-3.1447,-0.994,0.6934,0.2961,-0.024,0.0,0.0,0.0,14.0,-48.0,-57.0,-16.0,0,0
31332,-3.1447,-0.9925,0.6934,0.2961,-0.024,0.0,0.0,0.0,15.0,-49.0,-58.0,-15.0,1,0
31344,-3.1447,-0.994,0.6934,0.2961,-0.024,0.0,0.0,0.0,22.0,-50.0,-57.0,-15.0,8,0
31356,-3.1447,-0.994,0.6934,0.2961,-0.024,0.0,0.0,0.0,28.0,-49.0,-62.0,-15.0,17,1
31368,-3.1462,-0.994,0.6934,0.2961,0.0,0.0,0.0,0.0,27.0,-49.0,-56.0,-12.0,25,1
31381,-3.1462,-0.9925,0.6934,0.2961,0.0,0.0,0.0,0.0,32.0,-49.0,-60.0,-16.0,30,1
31393,-3.1447,-0.994,0.6934,0.2961,0.0,0.0,0.0,0.0,31.0,-49.0,-55.0,-16.0,36,1
31405,-3.1462,-0.994,0.6934,0.2961,0.0,0.0,0.0,0.0,33.0,-49.0,-60.0,-16.0,41,1
31418,-3.1462,-0.994,0.6934,0.2961,0.0,0.0,0.0,0.0,33.0,-50.0,-53.0,-16.0,51,1
31430,-3.1462,-0.994,0.6934,0.2961,0.0,0.0,0.0,0.0,33.0,-48.0,-54.0,-13.0,61,1
31442,-3.1462,-0.9925,0.6934,0.2961,0.0,0.0,0.0,0.0,34.0,-48.0,-62.0,-15.0,69,1
31455,-3.1462,-0.994,0.6934,0.2961,0.0,0.0,0.0,0.0,33.0,-49.0,-54.0,-16.0,72,1
31467,-3.1462,-0.994,0.6934,0.2961,0.0,0.0,0.0,0.0,35.0,-52.0,-62.0,-16.0,78,1
31479,-3.1462,-0.994,0.6934,0.2961,0.0,0.0,0.0,0.0,34.0,-51.0,-56.0,-14.0,83,1
31491,-3.1462,-0.994,0.6934,0.2945,0.0,0.0,0.0,0.0,35.0,-53.0,-56.0,-15.0,89,1
31504,-3.1462,-0.994,0.6934,0.2961,0.0,0.0,0.0,0.0,36.0,-52.0,-52.0,-16.0,97,1
31516,-3.1462,-0.994,0.6934,0.2961,0.0,0.0,0.0,0.0,34.0,-52.0,-64.0,-12.0,101,1
31532,-3.1462,-0.9925,0.6934,0.2961,0.0,0.0,0.0,0.0,34.0,-52.0,-61.0,-16.0,103,1
31545,-3.1462,-0.9925,0.6934,0.2961,0.0,0.0,0.0,0.0,34.0,-54.0,-63.0,-13.0,104,1
31557,-3.1462,-0.994,0.6934,0.2961,0.0,0.0,0.0,0.0,26.0,-52.0,-62.0,-14.0,101,1
31569,-3.1447,-0.994,0.6934,0.2961,0.0,0.0,0.0,0.0,14.0,-52.0,-64.0,-15.0,99,1
31581,-3.1447,-0.994,0.6934,0.2961,0.0,0.0,0.0,0.0,9.0,-51.0,-64.0,-16.0,97,1
31598,-3.1431,-0.994,0.6934,0.2961,0.024,0.0,0.0,0.0,6.0,-51.0,-59.0,-16.0,85,1
31610,-3.1416,-0.9925,0.6934,0.2961,0.024,0.0,0.0,0.0,10.0,-51.0,-62.0,-15.0,72,1
31622,-3.1416,-0.994,0.6934,0.2961,0.0479,0.0,0.0,0.0,0.0,-50.0,-64.0,-15.0,50,1
31635,-3.1416,-0.994,0.6934,0.2961,0.0479,0.0,0.0,0.0,0.0,-51.0,-53.0,-15.0,35,1
31647,-3.1416,-0.994,0.6934,0.2945,0.024,0.0,0.0,0.0,5.0,-52.0,-56.0,-16.0,22,1
31659,-3.1416,-0.994,0.6934,0.2961,0.024,0.0,0.0,0.0,0.0,-50.0,-56.0,-15.0,14,1
31672,-3.1416,-0.994,0.6934,0.2961,0.024,0.0,0.0,0.0,0.0,-51.0,-65.0,-15.0,6,0
31680,-3.1416,-0.994,0.6934,0.2961,0.0,0.0,0.0,0.0,0.0,-52.0,-55.0,-16.0,1,0
31692,-3.1416,-0.9925,0.6934,0.2961,0.0,0.0,0.0,0.0,0.0,-51.0,-65.0,-16.0,1,0
31704,-3.1416,-0.994,0.6934,0.2961,0.0,0.0,0.0,0.0,0.0,-50.0,-64.0,-14.0,0,0
31717,-3.1416,-0.994,0.6934,0.2961,0.0,0.0,0.0,0.0,0.0,-51.0,-66.0,-16.0,0,0
31729,-3.1416,-0.994,0.6934,0.2961,0.0,0.0,0.0,0.0,0.0,-51.0,-59.0,-13.0,0,0
31737,-3.1416,-0.994,0.6934,0.2961,0.0,0.0,0.0,0.0,0.0,-52.0,-63.0,-15.0,0,0
31749,-3.1416,-0.994,0.6934,0.2961,0.0,0.0,0.0,0.0,0.0,-52.0,-50.0,-16.0,0,0
31762,-3.1416,-0.994,0.6934,0.2961,0.0,0.0,0.0,0.0,0.0,-47.0,-60.0,-16.0,0,0
31774,-3.1416,-0.994,0.6934,0.2961,0.0,0.0,0.0,0.0,0.0,-48.0,-65.0,-16.0,0,0
31786,-3.1416,-0.994,0.6934,0.2961,0.0,0.0,0.0,0.0,0.0,-48.0,-62.0,-16.0,0,0
31794,-3.1416,-0.994,0.6934,0.2961,0.0,0.0,0.0,0.0,0.0,-48.0,-62.0,-16.0,0,0
31807,-3.1416,-0.994,0.6934,0.2961,0.0,0.0,0.0,0.0,0.0,-47.0,-64.0,-16.0,0,0
31819,-3.1416,-0.994,0.6934,0.2961,0.0,0.0,0.0,0.0,0.0,-46.0,-51.0,-16.0,0,0
31831,-3.1416,-0.994,0.6934,0.2961,0.0,0.0,0.0,0.0,0.0,-47.0,-54.0,-16.0,0,0
31840,-3.1416,-0.994,0.6934,0.2961,0.0,0.0,0.0,0.0,0.0,-46.0,-60.0,-16.0,0,0
31852,-3.1416,-0.994,0.6934,0.2961,0.0,0.0,0.0,0.0,0.0,-46.0,-50.0,-16.0,0,0
31864,-3.1416,-0.994,0.6934,0.2961,0.0,0.0,0.0,0.0,0.0,-47.0,-59.0,-16.0,0,0
31876,-3.1416,-0.994,0.6934,0.2961,0.0,0.0,0.0,0.0,0.0,-46.0,-54.0,-16.0,0,0
31889,-3.1416,-0.994,0.6934,0.2961,0.0,0.0,0.0,0.0,0.0,-46.0,-55.0,-16.0,0,0
31897,-3.1416,-0.994,0.6934,0.2961,0.0,0.0,0.0,0.0,0.0,-49.0,-48.0,-16.0,0,0
31909,-3.1416,-0.994,0.6934,0.2961,0.0,0.0,0.0,0.0,0.0,-47.0,-49.0,-14.0,0,0
31921,-3.1416,-0.994,0.6934,0.2961,0.0,0.0,0.0,0.0,0.0,-47.0,-62.0,-16.0,0,0
31934,-3.1416,-0.994,0.6934,0.2961,0.0,0.0,0.0,0.0,0.0,-49.0,-59.0,-15.0,0,0
31946,-3.1416,-0.9925,0.6934,0.2945,0.0,0.0,0.0,0.0,0.0,-48.0,-57.0,-16.0,0,0
31954,-3.1416,-0.9925,0.6934,0.2945,0.0,0.0,0.0,0.0,0.0,-48.0,-57.0,-16.0,0,0
31966,-3.1416,-0.994,0.6934,0.2961,0.0,0.0,0.0,0.0,0.0,-48.0,-48.0,-16.0,0,0
31979,-3.1416,-0.994,0.6934,0.2961,0.0,0.0,0.0,0.0,0.0,-46.0,-64.0,-16.0,0,0
31991,-3.1416,-0.994,0.6934,0.2961,0.0,0.0,0.0,0.0,0.0,-47.0,-59.0,-16.0,0,0
32003,-3.1416,-0.994,0.6934,0.2961,0.0,0.0,0.0,0.0,0.0,-46.0,-57.0,-13.0,0,0
32012,-3.1416,-0.994,0.6934,0.2961,0.0,0.0,0.0,0.0,0.0,-47.0,-48.0,-15.0,0,0
32024,-3.1416,-0.994,0.6934,0.2961,0.0,0.0,0.0,0.0,0.0,-51.0,-63.0,-15.0,0,0
32036,-3.1416,-0.994,0.6934,0.2961,0.0,0.0,0.0,0.0,0.0,-46.0,-64.0,-15.0,0,0
32048,-3.1416,-0.994,0.6934,0.2961,0.0,0.0,0.0,0.0,0.0,-47.0,-59.0,-15.0,0,0
32061,-3.1416,-0.994,0.6934,0.2961,0.0,0.0,0.0,0.0,0.0,-46.0,-54.0,-16.0,0,0
32069,-3.1416,-0.994,0.6934,0.2961,0.0,0.0,0.0,0.0,0.0,-49.0,-49.0,-14.0,0,0
32081,-3.1416,-0.994,0.6934,0.2961,0.0,0.0,0.0,0.0,0.0,-49.0,-58.0,-16.0,0,0
32093,-3.1416,-0.994,0.6934,0.2961,0.0,0.0,0.0,0.0,0.0,-49.0,-63.0,-15.0,0,0
32106,-3.1416,-0.994,0.6934,0.2961,0.0,0.0,0.0,0.0,0.0,-48.0,-47.0,-16.0,0,0
32118,-3.1416,-0.994,0.6934,0.2961,0.0,0.0,0.0,0.0,0.0,-49.0,-55.0,-16.0,0,0
32126,-3.1416,-0.994,0.6934,0.2961,0.0,0.0,0.0,0.0,0.0,-48.0,-59.0,-16.0,0,0
32139,-3.1416,-0.994,0.6934,0.2961,0.0,0.0,0.0,0.0,0.0,-48.0,-57.0,-15.0,0,0
32151,-3.1416,-0.994,0.6934,0.2961,0.0,0.0,0.0,0.0,0.0,-48.0,-55.0,-16.0,0,0
32163,-3.1416,-0.994,0.6934,0.2961,0.0,0.0,0.0,0.0,0.0,-48.0,-48.0,-16.0,0,0
32175,-3.1416,-0.994,0.6934,0.2961,0.0,0.0,0.0,0.0,0.0,-48.0,-57.0,-16.0,0,0
32184,-3.1416,-0.994,0.6934,0.2961,0.0,0.0,0.0,0.0,0.0,-48.0,-53.0,-16.0,0,0
32196,-3.1416,-0.994,0.6934,0.2961,0.0,0.0,0.0,0.0,0.0,-49.0,-50.0,-15.0,0,0
32208,-3.1416,-0.994,0.6934,0.2961,0.0,0.0,0.0,0.0,0.0,-50.0,-54.0,-16.0,0,0
32220,-3.1416,-0.994,0.6934,0.2961,0.0,0.0,0.0,0.0,0.0,-57.0,-48.0,-16.0,0,0
32233,-3.1416,-0.9925,0.6934,0.2961,0.0,0.0,0.0,0.0,0.0,-59.0,-56.0,-15.0,0,0
32241,-3.1431,-0.9925,0.6934,0.2961,0.0,0.0,0.0,0.0,10.0,-60.0,-52.0,-16.0,0,0
32253,-3.1416,-0.9925,0.6949,0.2961,0.0,0.0,0.0,0.0,7.0,-63.0,-65.0,-16.0,0,0
32265,-3.1431,-0.9925,0.6949,0.2961,0.0,0.0,0.0,0.0,0.0,-78.0,-69.0,-16.0,0,0
32278,-3.1416,-0.9879,0.6949,0.2961,0.0,0.0479,0.0,0.0,0.0,-115.0,-56.0,-16.0,18,1
32290,-3.1416,-0.9863,0.6949,0.2961,0.0,0.0719,0.0,0.0,0.0,-120.0,-62.0,-16.0,19,1
32302,-3.1401,-0.9848,0.6949,0.2961,0.0,0.0719,0.0,0.0,0.0,-120.0,-54.0,-16.0,24,1
32315,-3.1385,-0.9833,0.6964,0.2961,0.0,0.0959,0.0,0.0,-2.0,-112.0,-56.0,-16.0,21,1
32327,-3.137,-0.9817,0.6964,0.2961,0.0479,0.1198,0.0,0.0,-3.0,-118.0,-53.0,-16.0,29,1
32339,-3.137,-0.9817,0.6949,0.2961,0.0479,0.1198,0.0,0.0,-9.0,-123.0,-61.0,-16.0,40,1
32351,-3.137,-0.9802,0.6949,0.2961,0.0479,0.0959,0.0,0.0,-20.0,-127.0,-58.0,-16.0,44,1
32364,-3.1355,-0.9802,0.6964,0.2961,0.0719,0.0959,0.0,0.0,-22.0,-126.0,-54.0,-16.0,45,1
32376,-3.137,-0.9802,0.6949,0.2961,0.0479,0.0479,0.0,0.0,-15.0,-117.0,-54.0,-13.0,44,1
32388,-3.137,-0.9802,0.6949,0.2961,0.024,0.0479,0.0,0.0,-14.0,-117.0,-57.0,-16.0,42,1
32401,-3.1385,-0.9802,0.6949,0.2961,0.0,0.024,0.0,0.0,-3.0,-119.0,-58.0,-16.0,41,1
32413,-3.1385,-0.9802,0.6949,0.2961,0.0,0.024,0.0,0.0,0.0,-113.0,-61.0,-16.0,39,1
32429,-3.1385,-0.9817,0.6949,0.2961,-0.024,0.0,0.0,0.0,0.0,-114.0,-60.0,-16.0,38,1
32442,-3.1401,-0.9817,0.6949,0.2961,-0.024,0.0,0.0,0.0,0.0,-110.0,-52.0,-16.0,34,1
32454,-3.1401,-0.9817,0.6949,0.2961,-0.024,0.0,0.0,0.0,0.0,-102.0,-58.0,-16.0,31,1
32466,-3.1401,-0.9848,0.6949,0.2961,-0.024,-0.024,0.0,0.0,0.0,-69.0,-58.0,-15.0,25,1
32478,-3.1401,-0.9848,0.6949,0.2961,-0.024,-0.0479,0.0,0.0,0.0,-63.0,-58.0,-16.0,19,1
32491,-3.1401,-0.9879,0.6964,0.2961,-0.024,-0.0479,0.0,0.0,0.0,-52.0,-52.0,-16.0,12,1
32503,-3.1401,-0.9894,0.6949,0.2961,0.0,-0.0719,0.0,0.0,0.0,-44.0,-56.0,-15.0,7,0
32511,-3.1401,-0.9925,0.6949,0.2961,0.0,-0.0959,0.0,0.0,0.0,-45.0,-61.0,-16.0,7,0
32524,-3.1401,-0.9925,0.6949,0.2961,0.0,-0.1198,0.0,0.0,0.0,-41.0,-53.0,-16.0,6,0
32536,-3.1401,-0.994,0.6949,0.2961,0.0,-0.1438,0.0,0.0,0.0,-37.0,-59.0,-16.0,1,0
32548,-3.1401,-0.9956,0.6949,0.2961,0.0,-0.1438,0.0,0.0,0.0,-29.0,-54.0,-16.0,0,0
32560,-3.1401,-0.9971,0.6949,0.2961,0.0,-0.1198,0.0,0.0,0.0,-32.0,-54.0,-16.0,1,0
32569,-3.1401,-0.9971,0.6949,0.2961,0.0,-0.1198,0.0,0.0,0.0,-41.0,-57.0,-15.0,0,0
32581,-3.1401,-0.9971,0.6949,0.2961,0.0,-0.0959,0.0,0.0,0.0,-44.0,-58.0,-16.0,0,0
32593,-3.1401,-0.9971,0.6949,0.2961,0.0,-0.0719,0.0,0.0,0.0,-47.0,-57.0,-16.0,0,0
32605,-3.1401,-0.9971,0.6949,0.2961,0.0,-0.0719,0.0,0.0,0.0,-49.0,-53.0,-16.0,0,0
32618,-3.1401,-0.9971,0.6949,0.2961,0.0,-0.024,0.0,0.0,0.0,-43.0,-53.0,-16.0,0,0
32626,-3.1401,-0.9971,0.6949,0.2961,0.0,0.0,0.0,0.0,0.0,-41.0,-53.0,-16.0,0,0
32638,-3.1401,-0.9971,0.6949,0.2961,0.0,0.0,0.0,0.0,0.0,-43.0,-60.0,-16.0,0,0
32651,-3.1401,-0.9971,0.6949,0.2961,0.0,0.0,0.0,0.0,0.0,-43.0,-53.0,-16.0,0,0
32663,-3.1401,-0.9971,0.6949,0.2961,0.0,0.0,0.0,0.0,0.0,-40.0,-56.0,-16.0,0,0
32675,-3.1401,-0.9971,0.6949,0.2961,0.0,0.0,0.0,0.0,0.0,-41.0,-59.0,-16.0,0,0
32683,-3.1401,-0.9971,0.6949,0.2961,0.0,0.0,0.0,0.0,0.0,-42.0,-61.0,-14.0,0,0
32696,-3.1401,-0.9971,0.6949,0.2961,0.0,0.0,0.0,0.0,0.0,-39.0,-57.0,-15.0,0,0
32708,-3.1401,-0.9971,0.6949,0.2961,0.0,0.0,0.0,0.0,0.0,-39.0,-58.0,-15.0,0,0
32720,-3.1401,-0.9971,0.6949,0.2976,0.0,0.0,0.0,0.0,0.0,-47.0,-63.0,-16.0,0,0
32728,-3.1401,-0.9971,0.6949,0.2961,0.0,0.0,0.0,0.0,0.0,-43.0,-56.0,-16.0,0,0
32741,-3.1401,-0.9971,0.6949,0.2961,0.0,0.0,0.0,0.0,0.0,-39.0,-51.0,-16.0,0,0
32753,-3.1401,-0.9971,0.6949,0.2961,0.0,0.0,0.0,0.0,0.0,-38.0,-51.0,-16.0,0,0
32765,-3.1401,-0.9971,0.6949,0.2961,0.0,0.0,0.0,0.0,0.0,-41.0,-58.0,-16.0,0,0
32777,-3.1401,-0.9971,0.6949,0.2961,0.0,0.0,0.0,0.0,0.0,-36.0,-50.0,-14.0,0,0
32786,-3.1401,-0.9971,0.6949,0.2961,0.0,0.0,0.0,0.0,0.0,-36.0,-50.0,-14.0,0,0
32798,-3.1401,-0.9971,0.6949,0.2961,0.0,0.0,0.0,0.0,0.0,-39.0,-61.0,-16.0,0,0
32810,-3.1401,-0.9986,0.6949,0.2961,0.0,0.0,0.0,0.0,0.0,-37.0,-62.0,-16.0,0,0
32823,-3.1401,-0.9971,0.6964,0.2961,0.0,0.0,0.0,0.0,0.0,-36.0,-54.0,-16.0,0,0
32835,-3.1401,-0.9971,0.6949,0.2961,0.0,0.0,0.0,0.0,0.0,-35.0,-60.0,-16.0,0,0
32843,-3.1401,-0.9971,0.6949,0.2961,0.0,0.0,0.0,0.0,0.0,-39.0,-61.0,-15.0,0,0
32855,-3.1401,-0.9986,0.6949,0.2961,0.0,0.0,0.0,0.0,0.0,-37.0,-53.0,-15.0,0,0
32868,-3.1401,-0.9971,0.6949,0.2945,0.0,0.0,0.0,0.0,0.0,-39.0,-53.0,-15.0,0,0
32880,-3.1401,-0.9971,0.6949,0.2961,0.0,0.0,0.0,0.0,0.0,-38.0,-60.0,-16.0,0,0
32892,-3.1401,-0.9971,0.6949,0.2961,0.0,0.0,0.0,0.0,0.0,-38.0,-50.0,-16.0,0,0
32900,-3.1401,-0.9986,0.6949,0.2961,0.0,0.0,0.0,0.0,0.0,-38.0,-57.0,-16.0,0,0
32913,-3.1401,-0.9971,0.6949,0.2961,0.0,0.0,0.0,0.0,0.0,-37.0,-55.0,-16.0,0,0
32925,-3.1401,-0.9986,0.6949,0.2945,0.0,0.0,0.0,0.0,0.0,-40.0,-56.0,-16.0,0,0
32937,-3.1401,-0.9986,0.6949,0.2961,0.0,0.0,0.0,0.0,0.0,-41.0,-62.0,-16.0,0,0
32950,-3.1401,-0.9971,0.6949,0.2961,0.0,0.0,0.0,0.0,0.0,-43.0,-52.0,-16.0,0,0
32958,-3.1401,-0.9986,0.6949,0.2961,0.0,0.0,0.0,0.0,0.0,-34.0,-50.0,-16.0,0,0
32970,-3.1401,-0.9971,0.6949,0.2961,0.0,0.0,0.0,0.0,0.0,-40.0,-51.0,-16.0,0,0
32982,-3.1401,-0.9986,0.6949,0.2961,0.0,0.0,0.0,0.0,0.0,-36.0,-59.0,-16.0,0,0
32995,-3.1401,-0.9986,0.6949,0.2961,0.0,0.0,0.0,0.0,0.0,-37.0,-59.0,-14.0,0,0
33007,-3.1401,-0.9986,0.6949,0.2961,0.0,0.0,0.0,0.0,0.0,-36.0,-52.0,-16.0,0,0
33015,-3.1401,-0.9986,0.6949,0.2961,0.0,0.0,0.0,0.0,0.0,-36.0,-52.0,-16.0,0,0
33027,-3.1401,-0.9971,0.6949,0.2961,0.0,0.0,0.0,0.0,0.0,-35.0,-57.0,-14.0,0,0
33040,-3.1401,-0.9971,0.6949,0.2961,0.0,0.0,0.0,0.0,0.0,-35.0,-54.0,-14.0,0,0
33052,-3.1401,-0.9986,0.6949,0.2961,0.0,0.0,0.0,0.0,0.0,-34.0,-52.0,-15.0,0,0
33064,-3.1401,-0.9971,0.6949,0.2961,0.0,0.0,0.0,0.0,0.0,-33.0,-60.0,-16.0,0,0
33072,-3.1401,-0.9971,0.6949,0.2961,0.0,0.0,0.0,0.0,0.0,-36.0,-58.0,-16.0,0,0
33085,-3.1401,-0.9986,0.6949,0.2961,0.0,0.0,0.0,0.0,0.0,-34.0,-59.0,-16.0,0,0
33097,-3.1385,-1.0017,0.6964,0.2961,0.0,0.0,0.0,0.0,-14.0,3.0,-69.0,-16.0,0,0
33109,-3.1385,-1.0048,0.6964,0.2961,0.0,-0.024,0.0,0.0,-10.0,11.0,-80.0,-16.0,0,0
33122,-3.1416,-1.0063,0.698,0.2961,0.0,-0.0719,0.024,0.0,1.0,13.0,-82.0,-16.0,0,0
33130,-3.1431,-1.0078,0.698,0.2961,0.0,-0.0959,0.024,0.0,0.0,35.0,-69.0,-16.0,0,0
33142,-3.1447,-1.0094,0.698,0.2961,-0.024,-0.1198,0.024,0.0,8.0,44.0,-72.0,-16.0,15,1
33154,-3.1447,-1.0109,0.698,0.2961,-0.0479,-0.1438,0.024,0.0,0.0,53.0,-69.0,-16.0,24,1
33167,-3.1431,-1.0124,0.698,0.2961,-0.0479,-0.1678,0.024,0.0,0.0,67.0,-70.0,-15.0,24,1
33179,-3.1431,-1.014,0.698,0.2961,-0.0479,-0.1438,0.0,0.0,0.0,70.0,-67.0,-14.0,26,1
33195,-3.1431,-1.0155,0.698,0.2961,-0.024,-0.1198,0.0,0.0,0.0,67.0,-71.0,-15.0,33,1
33208,-3.1431,-1.014,0.698,0.2961,0.0,-0.0959,0.0,0.0,5.0,68.0,-66.0,-16.0,35,1
33220,-3.1431,-1.0155,0.6995,0.2961,0.0,-0.0719,0.0,0.0,9.0,72.0,-72.0,-14.0,39,1
33232,-3.1431,-1.0155,0.6995,0.2961,0.0,-0.0719,0.0,0.0,3.0,72.0,-74.0,-16.0,49,1
33244,-3.1431,-1.0155,0.6995,0.2961,0.0,-0.0479,0.0,0.0,6.0,70.0,-72.0,-16.0,50,1
33257,-3.1431,-1.0155,0.698,0.2961,0.0,0.0,0.0,0.0,2.0,69.0,-69.0,-15.0,53,1
33269,-3.1431,-1.017,0.698,0.2961,0.0,0.0,0.0,0.0,0.0,81.0,-68.0,-15.0,57,1
33281,-3.1431,-1.017,0.698,0.2961,0.0,0.0,0.0,0.0,2.0,86.0,-63.0,-15.0,61,1
33294,-3.1431,-1.017,0.698,0.2961,0.0,0.0,0.0,0.0,7.0,76.0,-66.0,-15.0,63,1
33306,-3.1431,-1.017,0.698,0.2961,0.0,0.0,0.0,0.0,4.0,71.0,-65.0,-16.0,66,1
33318,-3.1431,-1.017,0.6995,0.2961,0.0,0.0,0.0,0.0,6.0,69.0,-65.0,-15.0,67,1
33330,-3.1431,-1.017,0.698,0.2961,0.0,0.0,0.0,0.0,1.0,68.0,-70.0,-15.0,67,1
33343,-3.1431,-1.017,0.6995,0.2961,0.0,0.0,0.0,0.0,1.0,65.0,-70.0,-15.0,66,1
33355,-3.1431,-1.0155,0.698,0.2961,0.0,0.0,0.0,0.0,0.0,49.0,-70.0,-16.0,64,1
33367,-3.1401,-1.0124,0.698,0.2961,0.0,0.024,0.0,0.0,0.0,22.0,-69.0,-16.0,57,1
33380,-3.1401,-1.0094,0.698,0.2961,0.024,0.0479,0.0,0.0,-3.0,14.0,-67.0,-16.0,45,1
33392,-3.1385,-1.0078,0.698,0.2961,0.0479,0.0719,0.0,0.0,0.0,3.0,-71.0,-16.0,29,1
33404,-3.1401,-1.0063,0.6995,0.2961,0.0479,0.0959,0.0,0.0,2.0,-1.0,-65.0,-16.0,18,1
33416,-3.1401,-1.0032,0.698,0.2961,0.0479,0.1438,0.0,0.0,0.0,-10.0,-68.0,-15.0,11,1
33429,-3.1401,-1.0017,0.698,0.2961,0.024,0.1438,0.0,0.0,0.0,-1.0,-67.0,-15.0,8,0
33441,-3.1401,-1.0017,0.698,0.2961,0.0,0.1438,0.0,0.0,0.0,-1.0,-67.0,-16.0,2,0
33453,-3.1416,-1.0017,0.698,0.2961,0.0,0.1438,0.0,0.0,0.0,-1.0,-68.0,-16.0,2,0
33466,-3.1416,-1.0017,0.6995,0.2961,0.0,0.1198,0.0,0.0,0.0,0.0,-64.0,-16.0,2,0
33474,-3.1416,-1.0017,0.6995,0.2961,0.0,0.0959,0.0,0.0,0.0,0.0,-73.0,-16.0,2,0
33486,-3.1416,-1.0017,0.698,0.2961,0.0,0.0479,0.0,0.0,0.0,0.0,-68.0,-16.0,1,0
33498,-3.1416,-1.0017,0.698,0.2961,0.0,0.024,0.0,0.0,0.0,0.0,-65.0,-16.0,1,0
33511,-3.1416,-1.0017,0.698,0.2961,0.0,0.0,0.0,0.0,0.0,0.0,-65.0,-16.0,1,0
33523,-3.1416,-1.0017,0.6995,0.2961,0.0,0.0,0.0,0.0,0.0,0.0,-67.0,-16.0,0,0
33531,-3.1401,-1.0017,0.698,0.2961,0.0,0.0,0.0,0.0,0.0,0.0,-71.0,-16.0,0,0
33543,-3.1401,-1.0017,0.698,0.2961,0.0,0.0,0.0,0.0,0.0,0.0,-69.0,-16.0,0,0
33556,-3.1401,-1.0017,0.698,0.2961,0.0,0.0,0.0,0.0,0.0,0.0,-66.0,-16.0,0,0
33568,-3.1401,-1.0017,0.6995,0.2961,0.0,0.0,0.0,0.0,0.0,0.0,-63.0,-15.0,0,0
33580,-3.1416,-1.0017,0.698,0.2961,0.0,0.0,0.0,0.0,0.0,0.0,-66.0,-16.0,0,0
33588,-3.1401,-1.0017,0.698,0.2961,0.0,0.0,0.0,0.0,0.0,0.0,-68.0,-16.0,0,0
33601,-3.1416,-1.0017,0.698,0.2945,0.0,0.0,0.0,0.0,0.0,0.0,-71.0,-13.0,0,0
33613,-3.1401,-1.0017,0.698,0.2961,0.0,0.0,0.0,0.0,0.0,0.0,-70.0,-15.0,0,0
33625,-3.1416,-1.0017,0.6995,0.2961,0.0,0.0,0.0,0.0,0.0,0.0,-70.0,-16.0,0,0
33638,-3.1416,-1.0017,0.6995,0.2961,0.0,0.0,0.0,0.0,0.0,0.0,-65.0,-16.0,1,0
33646,-3.1416,-1.0017,0.6995,0.2961,0.0,0.0,0.0,0.0,0.0,0.0,-65.0,-16.0,1,0
33658,-3.1416,-1.0017,0.698,0.2961,0.0,0.0,0.0,0.0,0.0,0.0,-67.0,-16.0,1,0
33670,-3.1416,-1.0017,0.698,0.2961,0.0,0.0,0.0,0.0,0.0,0.0,-63.0,-16.0,1,0
33683,-3.1416,-1.0017,0.698,0.2961,0.0,0.0,0.0,0.0,0.0,0.0,-67.0,-16.0,1,0
33691,-3.1416,-1.0017,0.698,0.2961,0.0,0.0,0.0,0.0,0.0,0.0,-71.0,-16.0,1,0
33703,-3.1401,-1.0017,0.698,0.2961,0.0,0.0,0.0,0.0,0.0,0.0,-68.0,-16.0,0,0
33715,-3.1416,-1.0017,0.698,0.2961,0.0,0.0,0.0,0.0,0.0,0.0,-66.0,-16.0,0,0
33728,-3.1416,-1.0017,0.698,0.2961,0.0,0.0,0.0,0.0,0.0,0.0,-65.0,-16.0,0,0
33740,-3.1416,-1.0017,0.698,0.2961,0.0,0.0,0.0,0.0,0.0,0.0,-67.0,-16.0,0,0
33748,-3.1416,-1.0017,0.6995,0.2961,0.0,0.0,0.0,0.0,0.0,0.0,-70.0,-15.0,0,0
33760,-3.1416,-1.0017,0.698,0.2961,0.0,0.0,0.0,0.0,0.0,0.0,-69.0,-14.0,0,0
33773,-3.1416,-1.0017,0.698,0.2961,0.0,0.0,0.0,0.0,0.0,0.0,-63.0,-15.0,0,0
33785,-3.1416,-1.0017,0.698,0.2961,0.0,0.0,0.0,0.0,0.0,0.0,-66.0,-15.0,0,0
33797,-3.1416,-1.0017,0.698,0.2961,0.0,0.0,0.0,0.0,0.0,0.0,-67.0,-16.0,0,0
33806,-3.1416,-1.0017,0.698,0.2961,0.0,0.0,0.0,0.0,0.0,0.0,-67.0,-16.0,0,0
33818,-3.1416,-1.0017,0.6995,0.2961,0.0,0.0,0.0,0.0,0.0,0.0,-66.0,-15.0,0,0
33830,-3.1416,-1.0017,0.698,0.2961,0.0,0.0,0.0,0.0,0.0,0.0,-69.0,-16.0,0,0
33842,-3.1416,-1.0017,0.698,0.2961,0.0,0.0,0.0,0.0,0.0,0.0,-62.0,-16.0,0,0
33855,-3.1401,-1.0017,0.698,0.2961,0.0,0.0,0.0,0.0,0.0,0.0,-72.0,-16.0,0,0
33863,-3.1416,-1.0017,0.698,0.2961,0.0,0.0,0.0,0.0,0.0,0.0,-65.0,-16.0,0,0
33875,-3.1416,-1.0017,0.698,0.2961,0.0,0.0,0.0,0.0,0.0,0.0,-71.0,-13.0,0,0
33887,-3.1416,-1.0017,0.698,0.2961,0.0,0.0,0.0,0.0,0.0,0.0,-68.0,-13.0,0,0
33900,-3.1416,-1.0017,0.6995,0.2961,0.0,0.0,0.0,0.0,0.0,0.0,-67.0,-15.0,0,0
33912,-3.1416,-1.0017,0.698,0.2961,0.0,0.0,0.0,0.0,0.0,0.0,-71.0,-16.0,0,0
33920,-3.1416,-1.0017,0.698,0.2961,0.0,0.0,0.0,0.0,0.0,0.0,-72.0,-16.0,0,0
33933,-3.1416,-1.0017,0.6995,0.2961,0.0,0.0,0.0,0.0,0.0,0.0,-65.0,-16.0,0,0
33945,-3.1416,-1.0017,0.698,0.2961,0.0,0.0,0.0,0.0,0.0,0.0,-72.0,-16.0,0,0
33957,-3.1416,-1.0017,0.6995,0.2961,0.0,0.0,0.0,0.0,0.0,0.0,-64.0,-16.0,0,0
33969,-3.1416,-1.0017,0.6995,0.2961,0.0,0.0,0.0,0.0,0.0,0.0,-66.0,-16.0,0,0
33978,-3.1401,-1.0017,0.698,0.2961,0.0,0.0,0.0,0.0,0.0,0.0,-72.0,-16.0,0,0
33990,-3.1416,-1.0017,0.698,0.2961,0.0,0.0,0.0,0.0,0.0,0.0,-69.0,-16.0,0,0
34002,-3.1401,-1.0017,0.698,0.2961,0.0,0.0,0.0,0.0,0.0,0.0,-69.0,-16.0,0,0
34014,-3.1401,-1.0017,0.698,0.2961,0.0,0.0,0.0,0.0,0.0,0.0,-70.0,-16.0,0,0
34027,-3.1416,-1.0017,0.698,0.2961,0.0,0.0,0.0,0.0,0.0,0.0,-67.0,-16.0,0,0
34035,-3.1416,-1.0017,0.698,0.2961,0.0,0.0,0.0,0.0,0.0,0.0,-67.0,-16.0,0,0
34047,-3.1401,-1.0017,0.6995,0.2945,0.0,0.0,0.0,0.0,-4.0,0.0,-72.0,-14.0,0,0
34059,-3.1385,-1.0017,0.6995,0.2961,0.0,0.0,0.0,0.0,-5.0,1.0,-79.0,-16.0,0,0
34072,-3.1385,-1.0017,0.701,0.2961,0.024,0.0,0.0,0.0,-5.0,3.0,-112.0,-16.0,0,0
34084,-3.1401,-1.0017,0.7041,0.2961,0.024,0.0,0.024,0.0,4.0,10.0,-129.0,-16.0,0,0
34092,-3.1416,-1.0002,0.7056,0.2961,0.0,0.0,0.0479,0.0,0.0,10.0,-144.0,-16.0,0,0
34105,-3.1416,-1.0017,0.7087,0.2961,0.0,0.0,0.0959,0.0,0.0,9.0,-158.0,-16.0,11,1
34117,-3.1401,-1.0017,0.7118,0.2961,0.0,0.0,0.1438,0.0,0.0,13.0,-169.0,-13.0,15,1
34129,-3.1401,-1.0002,0.7148,0.2961,0.0,0.0,0.1918,0.0,0.0,9.0,-192.0,-16.0,17,1
34145,-3.1416,-0.9986,0.7179,0.2961,0.0,0.0,0.2157,0.0,0.0,0.0,-200.0,-13.0,27,1
34158,-3.1447,-0.9956,0.7225,0.2961,0.0,0.024,0.2397,0.0,10.0,-14.0,-210.0,-16.0,40,1
34170,-3.1447,-0.9956,0.7225,0.2961,-0.024,0.0479,0.2397,0.0,11.0,-21.0,-211.0,-16.0,53,1
34182,-3.1447,-0.9956,0.724,0.2961,-0.0479,0.0719,0.2157,0.0,8.0,-29.0,-213.0,-15.0,61,1
34195,-3.1431,-0.994,0.724,0.2961,-0.0479,0.0719,0.2157,0.0,1.0,-32.0,-189.0,-15.0,68,1
34207,-3.1431,-0.994,0.7256,0.2961,-0.024,0.0719,0.1438,0.0,0.0,-29.0,-193.0,-16.0,72,1
34219,-3.1431,-0.994,0.724,0.2961,0.0,0.0719,0.1198,0.0,0.0,-27.0,-194.0,-16.0,74,1
34232,-3.1431,-0.994,0.724,0.2961,0.0,0.0479,0.0719,0.0,0.0,-29.0,-187.0,-16.0,74,1
34244,-3.1431,-0.994,0.724,0.2961,0.0,0.024,0.0479,0.0,0.0,-29.0,-187.0,-15.0,74,1
34256,-3.1431,-0.994,0.724,0.2961,0.0,0.0,0.0,0.0,1.0,-29.0,-182.0,-15.0,74,1
34268,-3.1431,-0.994,0.7225,0.2961,0.0,0.0,0.0,0.0,2.0,-28.0,-187.0,-15.0,73,1
34281,-3.1431,-0.994,0.7194,0.2961,0.0,0.0,-0.024,0.0,2.0,-26.0,-141.0,-16.0,68,1
34293,-3.1431,-0.994,0.7179,0.2961,0.0,0.0,-0.0479,0.0,1.0,-23.0,-124.0,-16.0,58,1
34305,-3.1431,-0.994,0.7148,0.2961,0.0,0.0,-0.0719,0.0,0.0,-25.0,-101.0,-16.0,47,1
34318,-3.1401,-0.9956,0.7118,0.2961,0.024,0.0,-0.1438,0.0,-7.0,-27.0,-89.0,-16.0,29,1
34330,-3.137,-0.9956,0.7102,0.2961,0.024,0.0,-0.1678,0.0,-8.0,-27.0,-91.0,-16.0,12,1
34342,-3.1385,-0.9956,0.7072,0.2961,0.0479,0.0,-0.1918,0.0,-11.0,-27.0,-100.0,-16.0,13,1
34354,-3.1385,-0.9956,0.7072,0.2961,0.0479,0.0,-0.2157,0.0,0.0,-27.0,-103.0,-16.0,8,0
34367,-3.1416,-0.9956,0.7072,0.2961,0.0479,0.0,-0.1678,0.0,0.0,-28.0,-111.0,-16.0,1,0
34379,-3.1431,-0.9956,0.7056,0.2961,0.0,0.0,-0.1438,0.0,0.0,-28.0,-110.0,-19.0,0,0
34387,-3.1447,-0.9956,0.7072,0.2961,0.0,0.0,-0.0959,0.0,12.0,-27.0,-115.0,-16.0,0,0
34399,-3.1447,-0.994,0.7056,0.2961,-0.0479,0.0,-0.0719,0.0,17.0,-28.0,-114.0,-16.0,0,0
34412,-3.1447,-0.9956,0.7056,0.2961,-0.0719,0.0,-0.0479,0.0,7.0,-27.0,-116.0,-16.0,0,0
34424,-3.1431,-0.9956,0.7072,0.2961,-0.0719,0.0,-0.024,0.0,-2.0,-27.0,-116.0,-15.0,0,0
34436,-3.1401,-0.9956,0.7056,0.2961,-0.024,0.0,0.0,0.0,0.0,-27.0,-113.0,-16.0,0,0
34444,-3.1401,-0.9956,0.7056,0.2961,-0.024,0.0,0.0,0.0,0.0,-27.0,-113.0,-16.0,0,0
34457,-3.1385,-0.9956,0.7072,0.2961,0.024,0.0,0.0,0.0,-3.0,-28.0,-109.0,-15.0,0,0
34469,-3.1385,-0.994,0.7072,0.2961,0.0479,0.0,0.0,0.0,0.0,-27.0,-114.0,-15.0,0,0
34481,-3.1401,-0.9956,0.7056,0.2961,0.0719,0.0,0.0,0.0,1.0,-27.0,-117.0,-16.0,0,0
34494,-3.1401,-0.9956,0.7056,0.2961,0.0479,0.0,0.0,0.0,0.0,-28.0,-115.0,-16.0,0,0
34502,-3.1401,-0.994,0.7072,0.2961,0.024,0.0,0.0,0.0,0.0,-28.0,-114.0,-16.0,0,0
34514,-3.1416,-0.9956,0.7056,0.2961,0.0,0.0,0.0,0.0,0.0,-27.0,-117.0,-16.0,0,0
34526,-3.1431,-0.9956,0.7056,0.2961,-0.024,0.0,0.0,0.0,0.0,-27.0,-119.0,-16.0,0,0
34539,-3.1431,-0.9956,0.7056,0.2961,-0.0479,0.0,0.0,0.0,0.0,-27.0,-117.0,-16.0,0,0
34551,-3.1431,-0.9956,0.7056,0.2961,-0.0479,0.0,0.0,0.0,0.0,-27.0,-116.0,-16.0,0,0
34559,-3.1431,-0.994,0.7056,0.2961,-0.0479,0.0,0.0,0.0,0.0,-27.0,-119.0,-16.0,0,0
34571,-3.1431,-0.9956,0.7056,0.2961,-0.024,0.0,0.0,0.0,0.0,-27.0,-112.0,-16.0,0,0
34584,-3.1431,-0.994,0.7056,0.2961,-0.024,0.0,0.0,0.0,0.0,-27.0,-117.0,-16.0,0,0
34596,-3.1431,-0.9956,0.7056,0.2961,0.0,0.0,0.0,0.0,0.0,-27.0,-116.0,-16.0,0,0
34608,-3.1431,-0.9956,0.7056,0.2961,0.0,0.0,0.0,0.0,0.0,-27.0,-119.0,-16.0,0,0
34617,-3.1431,-0.9956,0.7056,0.2961,0.0,0.0,0.0,0.0,0.0,-27.0,-118.0,-16.0,0,0
34629,-3.1431,-0.9956,0.7072,0.2961,0.0,0.0,0.0,0.0,0.0,-27.0,-120.0,-15.0,0,0
34641,-3.1431,-0.9956,0.7056,0.2961,0.0,0.0,0.0,0.0,0.0,-28.0,-117.0,-15.0,0,0
34653,-3.1431,-0.9956,0.7072,0.2961,0.0,0.0,0.0,0.0,0.0,-28.0,-121.0,-16.0,0,0
34666,-3.1431,-0.9956,0.7056,0.2961,0.0,0.0,0.0,0.0,0.0,-27.0,-117.0,-16.0,0,0
34674,-3.1431,-0.9956,0.7072,0.2961,0.0,0.0,0.0,0.0,0.0,-27.0,-119.0,-16.0,0,0
34686,-3.1431,-0.9956,0.7056,0.2961,0.0,0.0,0.0,0.0,0.0,-27.0,-123.0,-16.0,0,0
34698,-3.1431,-0.9956,0.7072,0.2961,0.0,0.0,0.0,0.0,0.0,-27.0,-124.0,-13.0,0,0
34711,-3.1431,-0.9956,0.7072,0.2961,0.0,0.0,0.0,0.0,0.0,-27.0,-119.0,-16.0,0,0
34723,-3.1431,-0.9956,0.7072,0.2961,0.0,0.0,0.0,0.0,0.0,-27.0,-121.0,-16.0,0,0
34731,-3.1431,-0.9956,0.7072,0.2961,0.0,0.0,0.0,0.0,0.0,-27.0,-121.0,-16.0,0,0
34743,-3.1431,-0.9956,0.7056,0.2961,0.0,0.0,0.0,0.0,0.0,-27.0,-116.0,-16.0,0,0
34756,-3.1431,-0.9956,0.7072,0.2961,0.0,0.0,0.0,0.0,5.0,-28.0,-121.0,-16.0,0,0
34768,-3.1416,-0.9956,0.7056,0.2961,0.0,0.0,0.0,0.0,0.0,-28.0,-118.0,-16.0,0,0
34780,-3.1416,-0.9956,0.7072,0.2961,0.0,0.0,0.0,0.0,0.0,-28.0,-120.0,-16.0,0,0
34789,-3.1416,-0.9956,0.7072,0.2961,0.0,0.0,0.0,0.0,0.0,-27.0,-117.0,-16.0,0,0
34801,-3.1416,-0.9956,0.7072,0.2961,0.0,0.0,0.0,0.0,0.0,-27.0,-117.0,-16.0,0,0
34813,-3.1416,-0.994,0.7072,0.2961,0.0,0.0,0.0,0.0,0.0,-27.0,-124.0,-16.0,0,0
34825,-3.1416,-0.9956,0.7056,0.2961,0.0,0.0,0.0,0.0,0.0,-27.0,-119.0,-16.0,0,0
34834,-3.1416,-0.9956,0.7056,0.2961,0.0,0.0,0.0,0.0,0.0,-27.0,-122.0,-16.0,0,0
34846,-3.1416,-0.9956,0.7056,0.2961,0.0,0.0,0.0,0.0,0.0,-27.0,-119.0,-16.0,0,0
34858,-3.1416,-0.9956,0.7072,0.2961,0.0,0.0,0.0,0.0,0.0,-28.0,-118.0,-16.0,0,0
34870,-3.1416,-0.994,0.7072,0.2961,0.0,0.0,0.0,0.0,0.0,-27.0,-116.0,-16.0,0,0
34883,-3.1416,-0.9956,0.7056,0.2961,0.0,0.0,0.0,0.0,0.0,-27.0,-116.0,-16.0,0,0
34891,-3.1416,-0.9956,0.7056,0.2961,0.0,0.0,0.0,0.0,0.0,-27.0,-116.0,-16.0,0,0
34903,-3.1416,-0.9956,0.7056,0.2961,0.0,0.0,0.0,0.0,0.0,-27.0,-125.0,-16.0,0,0
34916,-3.1416,-0.9956,0.7072,0.2961,0.0,0.0,0.0,0.0,0.0,-28.0,-117.0,-16.0,0,0
34928,-3.1416,-0.9956,0.7056,0.2961,0.0,0.0,0.0,0.0,0.0,-27.0,-119.0,-16.0,0,0
34940,-3.1416,-0.9956,0.7056,0.2961,0.0,0.0,0.0,0.0,0.0,-27.0,-124.0,-16.0,0,0
34948,-3.1416,-0.9956,0.7056,0.2961,0.0,0.0,0.0,0.0,0.0,-27.0,-121.0,-16.0,0,0
34961,-3.1416,-0.9956,0.7056,0.2961,0.0,0.0,0.0,0.0,0.0,-28.0,-118.0,-16.0,0,0
34973,-3.1416,-0.9956,0.7056,0.2961,0.0,0.0,0.0,0.0,0.0,-28.0,-118.0,-16.0,0,0
34985,-3.1416,-0.9956,0.7072,0.2961,0.0,0.0,0.0,0.0,0.0,-27.0,-120.0,-16.0,0,0
34997,-3.1416,-0.9956,0.7072,0.2961,0.0,0.0,0.0,0.0,0.0,-27.0,-126.0,-16.0,0,0
35006,-3.1416,-0.9956,0.7072,0.2961,0.0,0.0,0.0,0.0,0.0,-27.0,-126.0,-16.0,0,0
35018,-3.1401,-0.9956,0.7056,0.2961,0.0,0.0,0.0,0.0,0.0,-27.0,-123.0,-16.0,0,0
35030,-3.1401,-0.9956,0.7056,0.2961,0.0,0.0,0.0,0.0,0.0,-28.0,-126.0,-16.0,0,0
35042,-3.1401,-0.9956,0.7072,0.2961,0.0,0.0,0.0,0.0,0.0,-28.0,-129.0,-16.0,0,0
35055,-3.1401,-0.9956,0.7072,0.2961,0.0,0.0,0.0,0.0,0.0,-27.0,-128.0,-16.0,0,0
35063,-3.1401,-0.9956,0.7072,0.2961,0.0,0.0,0.0,0.0,0.0,-28.0,-123.0,-16.0,0,0
35075,-3.1401,-0.9956,0.7056,0.2961,0.0,0.0,0.0,0.0,0.0,-27.0,-125.0,-16.0,0,0
35088,-3.1401,-0.9956,0.7056,0.2961,0.0,0.0,0.0,0.0,0.0,-27.0,-126.0,-16.0,0,0
35100,-3.1401,-0.9956,0.7056,0.2961,0.0,0.0,0.0,0.0,0.0,-27.0,-131.0,-16.0,0,0
35112,-3.1401,-0.9956,0.7072,0.2961,0.0,0.0,0.0,0.0,0.0,-27.0,-127.0,-16.0,0,0
35120,-3.1401,-0.994,0.7056,0.2961,0.0,0.0,0.0,0.0,0.0,-27.0,-116.0,-14.0,0,0
35133,-3.1401,-0.9956,0.7041,0.2961,0.0,0.0,0.0,0.0,0.0,-27.0,-86.0,-16.0,0,0
35145,-3.1401,-0.9956,0.7026,0.2961,0.0,0.0,0.0,0.0,0.0,-28.0,-60.0,-16.0,0,0
35157,-3.1401,-0.994,0.6964,0.2961,0.0,0.0,-0.0719,0.0,0.0,-28.0,-39.0,-16.0,0,0
35169,-3.1385,-0.9956,0.6934,0.2961,0.0,0.0,-0.1198,0.0,-3.0,-28.0,-29.0,-16.0,0,0
35178,-3.1385,-0.9956,0.6888,0.2961,0.0,0.0,-0.1438,0.0,0.0,-28.0,-9.0,-16.0,6,0
35190,-3.1385,-0.9956,0.6842,0.2961,0.0,0.0,-0.2157,0.0,0.0,-28.0,15.0,-16.0,10,0
35202,-3.1385,-0.994,0.6796,0.2961,0.0,0.0,-0.2637,0.0,0.0,-29.0,28.0,-16.0,13,1
35215,-3.1401,-0.9956,0.6765,0.2961,0.0,0.0,-0.3116,0.0,0.0,-28.0,38.0,-16.0,14,1
35231,-3.1416,-0.9956,0.6734,0.2961,0.0,0.0,-0.3356,0.0,0.0,-29.0,54.0,-16.0,16,1
35243,-3.1431,-0.994,0.6719,0.2961,-0.024,0.0,-0.3356,0.0,0.0,-28.0,61.0,-16.0,18,1
35255,-3.1431,-0.9956,0.6703,0.2961,-0.0479,0.0,-0.2876,0.0,0.0,-28.0,47.0,-16.0,19,1
35268,-3.1431,-0.9956,0.6703,0.2961,-0.0479,0.0,-0.1918,0.0,0.0,-28.0,53.0,-16.0,19,1
35280,-3.1431,-0.994,0.6703,0.2961,-0.024,0.0,-0.1438,0.0,0.0,-28.0,55.0,-16.0,27,1
35292,-3.1431,-0.9956,0.6703,0.2961,-0.024,0.0,-0.1198,0.0,0.0,-28.0,57.0,-16.0,37,1
35305,-3.1431,-0.994,0.6719,0.2961,-0.024,0.0,-0.0719,0.0,0.0,-28.0,49.0,-14.0,43,1
35317,-3.1431,-0.9956,0.6719,0.2961,0.0,0.0,0.0,0.0,0.0,-28.0,61.0,-16.0,45,1
35329,-3.1431,-0.9956,0.6719,0.2961,0.0,0.0,0.0,0.0,0.0,-28.0,33.0,-16.0,45,1
35341,-3.1431,-0.9956,0.6734,0.2961,0.0,0.0,0.0,0.0,0.0,-28.0,19.0,-16.0,45,1
35354,-3.1431,-0.9956,0.675,0.2961,0.0,0.0,0.024,0.0,6.0,-28.0,9.0,-14.0,43,1
35366,-3.1447,-0.9956,0.6811,0.2961,0.0,0.0,0.0959,0.0,10.0,-27.0,-19.0,-16.0,39,1
35378,-3.1431,-0.9956,0.6842,0.2961,0.0,0.0,0.1198,0.0,0.0,-21.0,-31.0,-16.0,34,1
35391,-3.1416,-0.9956,0.6857,0.2961,0.0,0.0,0.1438,0.0,0.0,-18.0,-41.0,-13.0,30,1
35403,-3.1416,-0.9956,0.6872,0.2961,0.0,0.0,0.1678,0.0,0.0,-23.0,-52.0,-16.0,26,1
35415,-3.1416,-0.9956,0.6888,0.2961,0.0,0.0,0.1918,0.0,0.0,-27.0,-52.0,-16.0,26,1
35427,-3.1416,-0.9956,0.6903,0.2961,0.024,0.0,0.1918,0.0,0.0,-27.0,-69.0,-14.0,16,1
35440,-3.1431,-0.9956,0.6918,0.2961,0.024,0.0,0.1678,0.0,0.0,-27.0,-67.0,-13.0,12,1
35452,-3.1431,-0.9956,0.6918,0.2961,0.0,0.0,0.1438,0.0,0.0,-27.0,-69.0,-15.0,9,0
35464,-3.1431,-0.9956,0.6918,0.2961,0.0,0.0,0.1198,0.0,8.0,-27.0,-59.0,-16.0,2,0
35477,-3.1416,-0.9956,0.6918,0.2961,0.0,0.0,0.0719,0.0,0.0,-26.0,-59.0,-16.0,1,0
35489,-3.1401,-0.9956,0.6918,0.2961,0.0,0.0,0.0479,0.0,0.0,-26.0,-59.0,-16.0,1,0
35497,-3.1401,-0.9956,0.6918,0.2961,0.0,0.0,0.024,0.0,0.0,-22.0,-62.0,-16.0,1,0
35509,-3.1401,-0.9956,0.6918,0.2961,0.0,0.0,0.0,0.0,0.0,-24.0,-44.0,-16.0,0,0
35522,-3.1385,-0.9956,0.6918,0.2961,0.024,0.0,0.0,0.0,-1.0,-22.0,-44.0,-16.0,0,0
35534,-3.1401,-0.9971,0.6918,0.2961,0.024,0.0,0.0,0.0,0.0,-24.0,-47.0,-16.0,0,0
35546,-3.1401,-0.9971,0.6918,0.2961,0.024,0.0,0.0,0.0,0.0,-25.0,-54.0,-16.0,0,0
35554,-3.1401,-0.9971,0.6918,0.2961,0.024,0.0,0.0,0.0,0.0,-25.0,-54.0,-16.0,0,0
35567,-3.1401,-0.9956,0.6918,0.2961,0.0,0.0,0.0,0.0,0.0,-26.0,-48.0,-16.0,0,0
35579,-3.1401,-0.9956,0.6918,0.2961,0.0,0.0,0.0,0.0,0.0,-24.0,-53.0,-15.0,0,0
35591,-3.1401,-0.9956,0.6918,0.2961,0.0,0.0,0.0,0.0,0.0,-21.0,-57.0,-15.0,0,0
35600,-3.1401,-0.9956,0.6918,0.2961,0.0,0.0,0.0,0.0,0.0,-22.0,-46.0,-15.0,0,0
35612,-3.1401,-0.9971,0.6918,0.2961,0.0,0.0,0.0,0.0,0.0,-21.0,-46.0,-16.0,0,0
35624,-3.1401,-0.9956,0.6918,0.2961,0.0,0.0,0.0,0.0,0.0,-25.0,-52.0,-16.0,0,0
35636,-3.1401,-0.9956,0.6918,0.2961,0.0,0.0,0.0,0.0,0.0,-26.0,-52.0,-16.0,0,0
35649,-3.1401,-0.9971,0.6918,0.2961,0.0,0.0,0.0,0.0,0.0,-26.0,-48.0,-16.0,0,0
35657,-3.1401,-0.9956,0.6918,0.2961,0.0,0.0,0.0,0.0,0.0,-27.0,-55.0,-16.0,0,0
35669,-3.1416,-0.9956,0.6918,0.2961,0.0,0.0,0.0,0.0,0.0,-24.0,-46.0,-16.0,0,0
35681,-3.1416,-0.9971,0.6918,0.2961,0.0,0.0,0.0,0.0,0.0,-24.0,-53.0,-16.0,0,0
35694,-3.1416,-0.9956,0.6918,0.2961,0.0,0.0,0.0,0.0,0.0,-27.0,-56.0,-16.0,0,0
35706,-3.1416,-0.9956,0.6918,0.2961,0.0,0.0,0.0,0.0,0.0,-25.0,-44.0,-15.0,0,0
35714,-3.1416,-0.9956,0.6918,0.2961,0.0,0.0,0.0,0.0,0.0,-25.0,-44.0,-15.0,0,0
35726,-3.1416,-0.9956,0.6918,0.2961,0.0,0.0,0.0,0.0,0.0,-29.0,-45.0,-16.0,0,0
35739,-3.1416,-0.9956,0.6918,0.2961,0.0,0.0,0.0,0.0,0.0,-24.0,-52.0,-14.0,0,0
35751,-3.1416,-0.9956,0.6918,0.2961,0.0,0.0,0.0,0.0,0.0,-24.0,-48.0,-14.0,0,0
35763,-3.1416,-0.9956,0.6918,0.2961,0.0,0.0,0.0,0.0,0.0,-22.0,-48.0,-16.0,0,0
35772,-3.1416,-0.9956,0.6918,0.2961,0.0,0.0,0.0,0.0,0.0,-29.0,-44.0,-16.0,0,0
35784,-3.1416,-0.9971,0.6918,0.2961,0.0,0.0,0.0,0.0,0.0,-24.0,-45.0,-16.0,0,0
35796,-3.1416,-0.9956,0.6918,0.2961,0.0,0.0,0.0,0.0,0.0,-28.0,-47.0,-15.0,0,0
35808,-3.1416,-0.9956,0.6918,0.2961,0.0,0.0,0.0,0.0,0.0,-27.0,-43.0,-16.0,0,0
35821,-3.1416,-0.9956,0.6918,0.2961,0.0,0.0,0.0,0.0,0.0,-23.0,-49.0,-16.0,0,0
35829,-3.1416,-0.9956,0.6918,0.2961,0.0,0.0,0.0,0.0,0.0,-22.0,-44.0,-16.0,0,0
35841,-3.1416,-0.9971,0.6918,0.2961,0.0,0.0,0.0,0.0,0.0,-29.0,-46.0,-16.0,0,0
35853,-3.1416,-0.9971,0.6918,0.2961,0.0,0.0,0.0,0.0,0.0,-23.0,-48.0,-16.0,0,0
35866,-3.1416,-0.9956,0.6918,0.2961,0.0,0.0,0.0,0.0,0.0,-22.0,-46.0,-16.0,0,0
35878,-3.1416,-0.9956,0.6918,0.2961,0.0,0.0,0.0,0.0,0.0,-24.0,-46.0,-16.0,0,0
35886,-3.1416,-0.9956,0.6918,0.2961,0.0,0.0,0.0,0.0,0.0,-26.0,-42.0,-16.0,0,0
35899,-3.1416,-0.9956,0.6918,0.2961,0.0,0.0,0.0,0.0,0.0,-20.0,-41.0,-16.0,0,0
35911,-3.1416,-0.9956,0.6918,0.2961,0.0,0.0,0.0,0.0,0.0,-23.0,-40.0,-16.0,0,0
35923,-3.1416,-0.9956,0.6918,0.2961,0.0,0.0,0.0,0.0,0.0,-23.0,-41.0,-16.0,0,0
35935,-3.1416,-0.9956,0.6918,0.2961,0.0,0.0,0.0,0.0,0.0,-19.0,-43.0,-13.0,0,0
35944,-3.1416,-0.9956,0.6918,0.2961,0.0,0.0,0.0,0.0,0.0,-25.0,-47.0,-16.0,0,0
35956,-3.1416,-0.9971,0.6918,0.2961,0.0,0.0,0.0,0.0,0.0,-23.0,-43.0,-15.0,0,0
35968,-3.1416,-0.9956,0.6918,0.2961,0.0,0.0,0.0,0.0,0.0,-29.0,-48.0,-15.0,0,0
35980,-3.1416,-0.9971,0.6918,0.2961,0.0,0.0,0.0,0.0,0.0,-18.0,-42.0,-16.0,0,0
35993,-3.1416,-0.9971,0.6918,0.2961,0.0,0.0,0.0,0.0,0.0,-22.0,-44.0,-16.0,0,0
36001,-3.1416,-0.9971,0.6918,0.2961,0.0,0.0,0.0,0.0,0.0,-25.0,-47.0,-16.0,0,0
36013,-3.1416,-0.9956,0.6918,0.2961,0.0,0.0,0.0,0.0,0.0,-27.0,-49.0,-16.0,0,0
36025,-3.1416,-0.9956,0.6918,0.2961,0.0,0.0,0.0,0.0,0.0,-26.0,-42.0,-16.0,0,0
36038,-3.1416,-0.9956,0.6918,0.2961,0.0,0.0,0.0,0.0,0.0,-26.0,-47.0,-15.0,0,0
36046,-3.1416,-0.9971,0.6918,0.2961,0.0,0.0,0.0,0.0,0.0,-28.0,-40.0,-16.0,0,0
36058,-3.1416,-0.9956,0.6918,0.2961,0.0,0.0,0.0,0.0,0.0,-21.0,-45.0,-14.0,0,0
36071,-3.1416,-0.9956,0.6918,0.2961,0.0,0.0,0.0,0.0,0.0,-25.0,-40.0,-16.0,0,0
36083,-3.1416,-0.9956,0.6918,0.2961,0.0,0.0,0.0,0.0,0.0,-26.0,-40.0,-16.0,0,0
36095,-3.1416,-0.9971,0.6918,0.2961,0.0,0.0,0.0,0.0,0.0,-16.0,-44.0,-16.0,0,0
36103,-3.1416,-0.9971,0.6918,0.2961,0.0,0.0,0.0,0.0,0.0,-26.0,-41.0,-16.0,0,0
36116,-3.1416,-0.9971,0.6918,0.2961,0.0,0.0,0.0,0.0,0.0,-26.0,-49.0,-16.0,0,0
36128,-3.1416,-0.9971,0.6918,0.2961,0.0,0.0,0.0,0.0,0.0,-24.0,-49.0,-16.0,0,0
36140,-3.1416,-0.9971,0.6918,0.2961,0.0,0.0,0.0,0.0,0.0,-25.0,-38.0,-16.0,0,0
36152,-3.1416,-0.9956,0.6918,0.2961,0.0,0.0,0.0,0.0,0.0,-25.0,-35.0,-16.0,0,0
36161,-3.1416,-0.9956,0.6918,0.2961,0.0,0.0,0.0,0.0,0.0,-25.0,-37.0,-15.0,0,0
36173,-3.1401,-0.9971,0.6918,0.2961,0.0,0.0,0.0,0.0,0.0,-27.0,-47.0,-16.0,0,0
36185,-3.1385,-0.9956,0.6934,0.2945,0.0,0.0,0.0,0.0,-7.0,-19.0,-72.0,-12.0,0,0
36198,-3.1416,-0.9971,0.698,0.2961,0.024,0.0,0.024,0.0,2.0,-25.0,-122.0,-12.0,0,0
36210,-3.1447,-0.9956,0.7026,0.2961,0.0,0.0,0.0719,0.0,5.0,-23.0,-150.0,-16.0,0,0
36218,-3.1447,-0.9956,0.7056,0.2961,0.0,0.0,0.1198,0.0,13.0,-30.0,-174.0,-15.0,9,0
36230,-3.1447,-0.9956,0.7102,0.2961,-0.024,0.0,0.1678,0.0,8.0,-33.0,-195.0,-16.0,24,1
36247,-3.1416,-0.994,0.7164,0.2961,-0.024,0.0,0.2637,0.0,0.0,-34.0,-211.0,-16.0,26,1
36259,-3.1401,-0.994,0.7179,0.2961,-0.024,0.0,0.3116,0.0,0.0,-31.0,-215.0,-16.0,26,1
36271,-3.1385,-0.994,0.721,0.2961,0.0,0.0,0.3356,0.0,-6.0,-29.0,-223.0,-15.0,27,1
36284,-3.1385,-0.9956,0.724,0.2961,0.024,0.0,0.3116,0.0,0.0,-30.0,-219.0,-15.0,27,1
36296,-3.1416,-0.994,0.724,0.2961,0.0479,0.0,0.2637,0.0,0.0,-30.0,-187.0,-15.0,29,1
36308,-3.1431,-0.994,0.724,0.2961,0.024,0.0,0.2157,0.0,0.0,-29.0,-187.0,-14.0,28,1
36320,-3.1431,-0.994,0.724,0.2961,0.0,0.0,0.1918,0.0,9.0,-28.0,-190.0,-15.0,32,1
36333,-3.1447,-0.9956,0.724,0.2961,-0.024,0.0,0.1198,0.0,8.0,-29.0,-196.0,-15.0,35,1
36345,-3.1431,-0.994,0.724,0.2961,-0.0479,0.0,0.0959,0.0,2.0,-29.0,-189.0,-15.0,35,1
36357,-3.1431,-0.994,0.724,0.2961,-0.0479,0.0,0.024,0.0,0.0,-30.0,-189.0,-16.0,32,1
36370,-3.1431,-0.9956,0.724,0.2961,-0.024,0.0,0.0,0.0,0.0,-30.0,-196.0,-16.0,30,1
36382,-3.1431,-0.994,0.7225,0.2961,-0.024,0.0,0.0,0.0,0.0,-29.0,-178.0,-16.0,26,1
36394,-3.1431,-0.9956,0.721,0.2961,0.0,0.0,0.0,0.0,0.0,-26.0,-158.0,-16.0,23,1
36406,-3.1431,-0.9956,0.7164,0.2961,0.0,0.0,-0.0479,0.0,0.0,-26.0,-119.0,-16.0,16,1
36419,-3.1416,-0.9956,0.7133,0.2961,0.0,0.0,-0.0959,0.0,0.0,-23.0,-100.0,-16.0,14,1
36431,-3.1401,-0.9956,0.7118,0.2961,0.0,0.0,-0.1198,0.0,0.0,-17.0,-86.0,-16.0,13,1
36443,-3.1385,-0.9956,0.7087,0.2961,0.024,0.0,-0.1678,0.0,-2.0,-16.0,-75.0,-16.0,7,0
36456,-3.1401,-0.9956,0.7041,0.2961,0.0479,0.0,-0.2157,0.0,0.0,-23.0,-81.0,-16.0,2,0
36468,-3.1431,-0.9956,0.7041,0.2961,0.024,0.0,-0.2397,0.0,0.0,-24.0,-95.0,-16.0,3,0
36476,-3.1431,-0.9956,0.7041,0.2961,0.0,0.0,-0.2157,0.0,5.0,-24.0,-104.0,-16.0,0,0
36488,-3.1447,-0.9971,0.7041,0.2961,0.0,0.0,-0.1918,0.0,3.0,-23.0,-108.0,-16.0,0,0
36501,-3.1416,-0.9971,0.7026,0.2961,0.0,0.0,-0.1438,0.0,0.0,-23.0,-110.0,-16.0,0,0
36513,-3.1416,-0.9971,0.7041,0.2961,-0.024,0.0,-0.1198,0.0,0.0,-24.0,-101.0,-16.0,0,0
36525,-3.1401,-0.9956,0.7026,0.2961,-0.024,0.0,-0.0719,0.0,0.0,-24.0,-112.0,-14.0,0,0
36533,-3.1401,-0.9956,0.7041,0.2961,0.0,0.0,-0.0479,0.0,0.0,-24.0,-104.0,-15.0,0,0
36546,-3.1401,-0.9956,0.7041,0.2961,0.024,0.0,0.0,0.0,0.0,-21.0,-108.0,-16.0,0,0
36558,-3.1401,-0.9956,0.7026,0.2961,0.024,0.0,0.0,0.0,0.0,-21.0,-106.0,-12.0,0,0
36570,-3.1401,-0.9956,0.7041,0.2961,0.024,0.0,0.0,0.0,0.0,-24.0,-103.0,-16.0,0,0
36583,-3.1401,-0.9956,0.7026,0.2961,0.024,0.0,0.0,0.0,0.0,-24.0,-112.0,-16.0,0,0
36591,-3.1401,-0.9956,0.7041,0.2961,0.0,0.0,0.0,0.0,0.0,-21.0,-107.0,-16.0,0,0
36603,-3.1416,-0.9956,0.7041,0.2961,0.0,0.0,0.0,0.0,0.0,-22.0,-107.0,-16.0,0,0
36615,-3.1416,-0.9956,0.7041,0.2961,0.0,0.0,0.0,0.0,0.0,-24.0,-108.0,-16.0,0,0
36628,-3.1416,-0.9956,0.7041,0.2961,0.0,0.0,0.0,0.0,0.0,-24.0,-103.0,-16.0,0,0
36640,-3.1416,-0.9956,0.7041,0.2961,0.0,0.0,0.0,0.0,0.0,-22.0,-109.0,-16.0,0,0
36648,-3.1416,-0.9956,0.7041,0.2961,0.0,0.0,0.0,0.0,0.0,-24.0,-110.0,-16.0,0,0
36660,-3.1416,-0.9956,0.7041,0.2961,0.0,0.0,0.0,0.0,0.0,-23.0,-107.0,-16.0,0,0
36673,-3.1416,-0.9971,0.7041,0.2961,0.0,0.0,0.0,0.0,0.0,-23.0,-106.0,-16.0,0,0
36685,-3.1416,-0.9956,0.7041,0.2961,0.0,0.0,0.0,0.0,0.0,-19.0,-108.0,-16.0,0,0
36697,-3.1416,-0.9956,0.7041,0.2961,0.0,0.0,0.0,0.0,0.0,-21.0,-110.0,-14.0,0,0
36705,-3.1416,-0.9956,0.7041,0.2961,0.0,0.0,0.0,0.0,0.0,-21.0,-110.0,-14.0,0,0
36718,-3.1416,-0.9956,0.7041,0.2961,0.0,0.0,0.0,0.0,0.0,-24.0,-105.0,-16.0,0,0
36730,-3.1416,-0.9956,0.7041,0.2961,0.0,0.0,0.0,0.0,0.0,-21.0,-109.0,-16.0,0,0
36742,-3.1416,-0.9956,0.7026,0.2961,0.0,0.0,0.0,0.0,0.0,-24.0,-107.0,-16.0,0,0
36750,-3.1416,-0.9956,0.7041,0.2961,0.0,0.0,0.0,0.0,0.0,-21.0,-111.0,-16.0,0,0
36763,-3.1416,-0.9956,0.7041,0.2961,0.0,0.0,0.0,0.0,0.0,-20.0,-108.0,-16.0,0,0
36775,-3.1416,-0.9956,0.7041,0.2961,0.0,0.0,0.0,0.0,0.0,-23.0,-113.0,-16.0,0,0
36787,-3.1416,-0.9956,0.7026,0.2961,0.0,0.0,0.0,0.0,0.0,-24.0,-113.0,-16.0,0,0
36800,-3.1416,-0.9956,0.7026,0.2961,0.0,0.0,0.0,0.0,0.0,-24.0,-105.0,-14.0,0,0
36808,-3.1416,-0.9956,0.7041,0.2961,0.0,0.0,0.0,0.0,0.0,-24.0,-105.0,-15.0,0,0
36820,-3.1416,-0.9956,0.7041,0.2961,0.0,0.0,0.0,0.0,0.0,-24.0,-106.0,-15.0,0,0
36832,-3.1416,-0.9956,0.7026,0.2961,0.0,0.0,0.0,0.0,0.0,-22.0,-115.0,-16.0,0,0
36845,-3.1416,-0.9956,0.7026,0.2961,0.0,0.0,0.0,0.0,0.0,-24.0,-112.0,-16.0,0,0
36857,-3.1416,-0.9956,0.7041,0.2961,0.0,0.0,0.0,0.0,0.0,-21.0,-114.0,-16.0,0,0
36865,-3.1416,-0.9956,0.7041,0.2961,0.0,0.0,0.0,0.0,0.0,-21.0,-114.0,-16.0,0,0
36877,-3.1416,-0.9956,0.7041,0.2961,0.0,0.0,0.0,0.0,0.0,-21.0,-112.0,-16.0,0,0
36890,-3.1416,-0.9971,0.7041,0.2961,0.0,0.0,0.0,0.0,0.0,-23.0,-116.0,-15.0,0,0
36902,-3.1416,-0.9956,0.7041,0.2961,0.0,0.0,0.0,0.0,0.0,-23.0,-114.0,-15.0,0,0
36914,-3.1416,-0.9956,0.7041,0.2961,0.0,0.0,0.0,0.0,0.0,-24.0,-115.0,-15.0,0,0
36922,-3.1416,-0.9956,0.7041,0.2961,0.0,0.0,0.0,0.0,0.0,-24.0,-108.0,-15.0,0,0
36935,-3.1416,-0.9956,0.7041,0.2961,0.0,0.0,0.0,0.0,0.0,-23.0,-109.0,-15.0,0,0
36947,-3.1416,-0.9956,0.7026,0.2961,0.0,0.0,0.0,0.0,0.0,-19.0,-114.0,-16.0,0,0
36959,-3.1416,-0.9971,0.7041,0.2961,0.0,0.0,0.0,0.0,0.0,-23.0,-107.0,-16.0,0,0
36972,-3.1416,-0.9956,0.7041,0.2961,0.0,0.0,0.0,0.0,0.0,-22.0,-110.0,-16.0,0,0
36980,-3.1416,-0.9956,0.7041,0.2961,0.0,0.0,0.0,0.0,0.0,-23.0,-107.0,-16.0,0,0
36992,-3.1416,-0.9956,0.7041,0.2961,0.0,0.0,0.0,0.0,0.0,-24.0,-111.0,-15.0,0,0
37004,-3.1416,-0.9956,0.7026,0.2961,0.0,0.0,0.0,0.0,0.0,-23.0,-117.0,-16.0,0,0
37017,-3.1416,-0.9956,0.7026,0.2961,0.0,0.0,0.0,0.0,0.0,-23.0,-109.0,-16.0,0,0
37029,-3.1416,-0.9956,0.7041,0.2961,0.0,0.0,0.0,0.0,0.0,-24.0,-108.0,-15.0,0,0
37037,-3.1416,-0.9956,0.7041,0.2961,0.0,0.0,0.0,0.0,0.0,-21.0,-108.0,-15.0,0,0
37049,-3.1416,-0.9956,0.7041,0.2961,0.0,0.0,0.0,0.0,0.0,-23.0,-110.0,-16.0,0,0
37062,-3.1416,-0.9956,0.7041,0.2961,0.0,0.0,0.0,0.0,0.0,-18.0,-104.0,-16.0,0,0
37074,-3.1416,-0.9956,0.7026,0.2961,0.0,0.0,0.0,0.0,0.0,-21.0,-113.0,-16.0,0,0
37086,-3.1416,-0.9956,0.7026,0.2961,0.0,0.0,0.0,0.0,0.0,-21.0,-116.0,-15.0,0,0
37095,-3.1416,-0.9956,0.7026,0.2961,0.0,0.0,0.0,0.0,0.0,-21.0,-116.0,-15.0,0,0
37107,-3.1416,-0.9956,0.7041,0.2961,0.0,0.0,0.0,0.0,0.0,-23.0,-110.0,-16.0,0,0
37119,-3.1416,-0.9971,0.7026,0.2961,0.0,0.0,0.0,0.0,0.0,-24.0,-111.0,-16.0,0,0
37131,-3.1416,-0.9956,0.7041,0.2961,0.0,0.0,0.0,0.0,0.0,-24.0,-115.0,-16.0,0,0
37144,-3.1416,-0.9956,0.7041,0.2961,0.0,0.0,0.0,0.0,0.0,-22.0,-116.0,-16.0,0,0
37152,-3.1416,-0.9956,0.7041,0.2961,0.0,0.0,0.0,0.0,0.0,-21.0,-113.0,-16.0,0,0
37164,-3.1416,-0.9956,0.7041,0.2961,0.0,0.0,0.0,0.0,0.0,-21.0,-115.0,-16.0,0,0
37176,-3.1416,-0.9971,0.7041,0.2961,0.0,0.0,0.0,0.0,0.0,-24.0,-113.0,-16.0,0,0
37189,-3.1416,-0.9956,0.7041,0.2961,0.0,0.0,0.0,0.0,0.0,-22.0,-115.0,-16.0,0,0
37197,-3.1416,-0.9956,0.7041,0.2961,0.0,0.0,0.0,0.0,0.0,-22.0,-115.0,-16.0,0,0
37209,-3.1416,-0.9956,0.7041,0.2961,0.0,0.0,0.0,0.0,0.0,-24.0,-112.0,-16.0,0,0
37221,-3.1401,-0.9956,0.7026,0.2961,0.0,0.0,0.0,0.0,0.0,-23.0,-115.0,-16.0,0,0
37234,-3.1385,-0.9956,0.7041,0.2961,0.0,0.0,0.0,0.0,-14.0,-21.0,-114.0,-16.0,0,0
37246,-3.137,-0.9956,0.7026,0.2961,0.0479,0.0,0.0,0.0,-29.0,-23.0,-116.0,-16.0,0,0
37254,-3.137,-0.9956,0.7026,0.2961,0.0479,0.0,0.0,0.0,-29.0,-23.0,-116.0,-16.0,0,0
37267,-3.1355,-0.9956,0.7041,0.2961,0.0479,0.0,0.0,0.0,-32.0,-24.0,-115.0,-16.0,1,0
37279,-3.1355,-0.9971,0.7041,0.2961,0.0719,0.0,0.0,0.0,-38.0,-25.0,-116.0,-16.0,2,0
37291,-3.1355,-0.9956,0.7041,0.2961,0.0479,0.0,0.0,0.0,-49.0,-24.0,-116.0,-16.0,4,0
37303,-3.1355,-0.9956,0.7041,0.2961,0.0479,0.0,0.0,0.0,-43.0,-24.0,-116.0,-15.0,5,0
37312,-3.1339,-0.9956,0.7041,0.2961,0.024,0.0,0.0,0.0,-40.0,-24.0,-113.0,-15.0,5,0
37324,-3.1339,-0.9956,0.7041,0.2961,0.024,0.0,0.0,0.0,-48.0,-23.0,-113.0,-16.0,9,0
37336,-3.1339,-0.9956,0.7026,0.2961,0.024,0.0,0.0,0.0,-62.0,-24.0,-116.0,-16.0,12,1
37348,-3.1324,-0.9956,0.7041,0.2961,0.024,0.0,0.0,0.0,-57.0,-24.0,-117.0,-16.0,20,1
37361,-3.1324,-0.9956,0.7041,0.2961,0.024,0.0,0.0,0.0,-65.0,-24.0,-117.0,-16.0,21,1
37373,-3.1309,-0.9956,0.7041,0.2961,0.024,0.0,0.0,0.0,-78.0,-25.0,-118.0,-13.0,6,0
37385,-3.1309,-0.9956,0.7041,0.2961,0.024,0.0,0.0,0.0,-84.0,-25.0,-116.0,-14.0,7,0
37398,-3.1263,-0.9956,0.7026,0.2961,0.0719,0.0,0.0,0.0,-121.0,-23.0,-117.0,-14.0,4,0
37410,-3.1247,-0.9956,0.7041,0.2961,0.0959,0.0,0.0,0.0,-128.0,-24.0,-118.0,-13.0,3,0
37418,-3.1232,-0.9956,0.7041,0.2961,0.0959,0.0,0.0,0.0,-133.0,-23.0,-117.0,-14.0,4,0
37430,-3.1232,-0.9971,0.7041,0.2961,0.1198,0.0,0.0,0.0,-128.0,-24.0,-114.0,-14.0,5,0
37443,-3.1217,-0.9956,0.7026,0.2961,0.1438,0.0,0.0,0.0,-118.0,-24.0,-119.0,-14.0,6,0
37455,-3.1217,-0.9956,0.7041,0.2961,0.1438,0.0,0.0,0.0,-110.0,-23.0,-118.0,-14.0,3,0
37467,-3.1232,-0.9956,0.7041,0.2961,0.0959,0.0,0.0,0.0,-106.0,-24.0,-117.0,-14.0,9,0
37480,-3.1232,-0.9956,0.7041,0.2961,0.0719,0.0,0.0,0.0,-109.0,-25.0,-115.0,-14.0,10,0
37488,-3.1232,-0.9956,0.7041,0.2961,0.0479,0.0,0.0,0.0,-107.0,-24.0,-117.0,-14.0,9,0
37500,-3.1232,-0.9956,0.7041,0.2961,0.024,0.0,0.0,0.0,-106.0,-24.0,-121.0,-14.0,7,0
37512,-3.1232,-0.9956,0.7026,0.2961,0.0,0.0,0.0,0.0,-101.0,-24.0,-119.0,-14.0,6,0
37525,-3.1232,-0.9956,0.7041,0.2961,0.0,0.0,0.0,0.0,-84.0,-24.0,-117.0,-14.0,6,0
37537,-3.1263,-0.9956,0.7026,0.2961,-0.024,0.0,0.0,0.0,-43.0,-21.0,-107.0,-14.0,5,0
37545,-3.1263,-0.9956,0.7026,0.2961,-0.024,0.0,0.0,0.0,-43.0,-21.0,-107.0,-14.0,2,0
37557,-3.1324,-0.9956,0.7026,0.2961,-0.0959,0.0,0.0,0.0,-22.0,-23.0,-105.0,-15.0,2,0
37570,-3.1324,-0.9956,0.7026,0.2961,-0.1198,0.0,0.0,0.0,-28.0,-23.0,-110.0,-15.0,1,0
37582,-3.1339,-0.9971,0.7026,0.2961,-0.1438,0.0,0.0,0.0,-23.0,-21.0,-112.0,-15.0,0,0
37594,-3.1355,-0.9971,0.7026,0.2961,-0.1678,0.0,0.0,0.0,-16.0,-21.0,-109.0,-14.0,1,0
37602,-3.137,-0.9956,0.7026,0.2961,-0.1678,0.0,0.0,0.0,0.0,-22.0,-112.0,-14.0,2,0
37615,-3.1401,-0.9956,0.7026,0.2961,-0.1678,0.0,0.0,0.0,0.0,-21.0,-117.0,-14.0,1,0
37627,-3.1416,-0.9956,0.7026,0.2961,-0.1438,0.0,0.0,0.0,0.0,-21.0,-113.0,-14.0,1,0
37639,-3.1431,-0.9956,0.7026,0.2961,-0.1438,0.0,0.0,0.0,4.0,-23.0,-114.0,-14.0,3,0
37652,-3.1431,-0.9956,0.701,0.2961,-0.1438,0.0,0.0,0.0,0.0,-21.0,-114.0,-14.0,1,0
37660,-3.1431,-0.9956,0.7026,0.2961,-0.1198,0.0,0.0,0.0,0.0,-24.0,-113.0,-14.0,2,0
37672,-3.1431,-0.9956,0.701,0.2961,-0.0959,0.0,0.0,0.0,0.0,-22.0,-114.0,-14.0,4,0
37684,-3.1431,-0.9956,0.7026,0.2961,-0.0719,0.0,0.0,0.0,-2.0,-22.0,-113.0,-14.0,1,0
37697,-3.1431,-0.9956,0.701,0.2961,-0.024,0.0,0.0,0.0,0.0,-19.0,-116.0,-14.0,0,0
37705,-3.1431,-0.9956,0.701,0.2961,-0.024,0.0,0.0,0.0,0.0,-19.0,-116.0,-14.0,0,0
37717,-3.1431,-0.9971,0.7026,0.2961,0.0,0.0,0.0,0.0,0.0,-23.0,-113.0,-14.0,0,0
37729,-3.1431,-0.9956,0.7026,0.2961,0.0,0.0,0.0,0.0,0.0,-24.0,-110.0,-13.0,0,0
37742,-3.1447,-0.9956,0.701,0.2961,0.0,0.0,0.0,0.0,0.0,-24.0,-114.0,-14.0,0,0
37754,-3.1431,-0.9956,0.7026,0.2961,0.0,0.0,0.0,0.0,0.0,-24.0,-115.0,-14.0,0,0
37762,-3.1431,-0.9956,0.7026,0.2961,0.0,0.0,0.0,0.0,0.0,-20.0,-113.0,-14.0,0,0
37774,-3.1431,-0.9956,0.7026,0.2961,0.0,0.0,0.0,0.0,0.0,-23.0,-115.0,-14.0,0,0
37787,-3.1431,-0.9956,0.7026,0.2961,0.0,0.0,0.0,0.0,0.0,-22.0,-107.0,-14.0,0,0
37799,-3.1431,-0.9971,0.7026,0.2961,0.0,0.0,0.0,0.0,-2.0,-22.0,-115.0,-14.0,0,0
37811,-3.1431,-0.9956,0.7026,0.2961,0.0,0.0,0.0,0.0,0.0,-24.0,-110.0,-14.0,0,0
37819,-3.1431,-0.9971,0.7026,0.2961,0.0,0.0,0.0,0.0,0.0,-21.0,-114.0,-14.0,0,0
37832,-3.1431,-0.9956,0.7026,0.2961,0.0,0.0,0.0,0.0,0.0,-24.0,-116.0,-14.0,0,0
37844,-3.1431,-0.9956,0.7026,0.2961,0.0,0.0,0.0,0.0,0.0,-20.0,-116.0,-14.0,0,0
37856,-3.1431,-0.9956,0.7026,0.2961,0.0,0.0,0.0,0.0,0.0,-19.0,-114.0,-14.0,0,0
37869,-3.1431,-0.9956,0.7026,0.2961,0.0,0.0,0.0,0.0,0.0,-24.0,-117.0,-14.0,0,0
37877,-3.1431,-0.9956,0.7026,0.2961,0.0,0.0,0.0,0.0,0.0,-19.0,-117.0,-14.0,0,0
37889,-3.1431,-0.9956,0.701,0.2961,0.0,0.0,0.0,0.0,0.0,-20.0,-112.0,-14.0,0,0
37901,-3.1431,-0.9956,0.7026,0.2961,0.0,0.0,0.0,0.0,0.0,-23.0,-113.0,-14.0,0,0
37914,-3.1431,-0.9956,0.7026,0.2961,0.0,0.0,0.0,0.0,0.0,-24.0,-116.0,-14.0,0,0
37926,-3.1431,-0.9956,0.7026,0.2961,0.0,0.0,0.0,0.0,0.0,-16.0,-114.0,-12.0,0,0
37934,-3.1431,-0.9956,0.7026,0.2961,0.0,0.0,0.0,0.0,0.0,-16.0,-114.0,-12.0,0,0
37946,-3.1431,-0.9956,0.7026,0.2961,0.0,0.0,0.0,0.0,0.0,-15.0,-115.0,-14.0,0,0
37959,-3.1431,-0.9956,0.7026,0.2961,0.0,0.0,0.0,0.0,0.0,-14.0,-119.0,-14.0,0,0
37971,-3.1431,-0.9956,0.7026,0.2961,0.0,0.0,0.0,0.0,0.0,-15.0,-117.0,-14.0,0,0
37983,-3.1431,-0.9956,0.7026,0.2961,0.0,0.0,0.0,0.0,0.0,-15.0,-116.0,-14.0,0,0
37992,-3.1431,-0.9956,0.7026,0.2961,0.0,0.0,0.0,0.0,0.0,-15.0,-115.0,-14.0,0,0
38004,-3.1431,-0.9956,0.7026,0.2961,0.0,0.0,0.0,0.0,0.0,-16.0,-117.0,-14.0,0,0
38016,-3.1431,-0.9956,0.7026,0.2961,0.0,0.0,0.0,0.0,0.0,-16.0,-117.0,-14.0,0,0
38028,-3.1431,-0.9956,0.7026,0.2961,0.0,0.0,0.0,0.0,0.0,-15.0,-116.0,-13.0,0,0
38041,-3.1431,-0.9956,0.701,0.2961,0.0,0.0,0.0,0.0,0.0,-16.0,-115.0,-14.0,0,0
38049,-3.1431,-0.9971,0.7026,0.2961,0.0,0.0,0.0,0.0,0.0,-14.0,-116.0,-14.0,0,0
38061,-3.1431,-0.9956,0.7026,0.2961,0.0,0.0,0.0,0.0,0.0,-16.0,-116.0,-14.0,0,0
38073,-3.1431,-0.9956,0.701,0.2961,0.0,0.0,0.0,0.0,0.0,-18.0,-116.0,-14.0,0,0
38086,-3.1431,-0.9956,0.7026,0.2961,0.0,0.0,0.0,0.0,0.0,-15.0,-118.0,-14.0,0,0
38098,-3.1431,-0.9956,0.701,0.2961,0.0,0.0,0.0,0.0,0.0,-17.0,-117.0,-14.0,0,0
38106,-3.1431,-0.9956,0.7026,0.2961,0.0,0.0,0.0,0.0,0.0,-16.0,-117.0,-14.0,0,0
38118,-3.1431,-0.9971,0.7026,0.2961,0.0,0.0,0.0,0.0,0.0,-16.0,-116.0,-14.0,0,0
38131,-3.1431,-0.9956,0.7026,0.2961,0.0,0.0,0.0,0.0,0.0,-15.0,-116.0,-14.0,0,0
38143,-3.1431,-0.9971,0.7026,0.2961,0.0,0.0,0.0,0.0,0.0,-16.0,-114.0,-14.0,0,0
38151,-3.1431,-0.9956,0.7026,0.2961,0.0,0.0,0.0,0.0,0.0,-16.0,-120.0,-14.0,0,0
38164,-3.1431,-0.9956,0.7026,0.2961,0.0,0.0,0.0,0.0,0.0,-16.0,-116.0,-14.0,0,0
38176,-3.1431,-0.9956,0.7026,0.2961,0.0,0.0,0.0,0.0,0.0,-13.0,-115.0,-14.0,0,0
38188,-3.1431,-0.9971,0.7026,0.2961,0.0,0.0,0.0,0.0,0.0,-15.0,-118.0,-16.0,0,0
38200,-3.1431,-0.9956,0.701,0.2961,0.0,0.0,0.0,0.0,0.0,-14.0,-120.0,-15.0,0,0
38209,-3.1431,-0.9956,0.7026,0.2961,0.0,0.0,0.0,0.0,0.0,-14.0,-117.0,-14.0,0,0
38221,-3.1431,-0.9956,0.701,0.2961,0.0,0.0,0.0,0.0,0.0,-16.0,-117.0,-14.0,0,0
38233,-3.1431,-0.9956,0.7026,0.2961,0.0,0.0,0.0,0.0,0.0,-17.0,-117.0,-14.0,0,0
38245,-3.1462,-0.9956,0.7026,0.2961,0.0,0.0,0.0,0.0,18.0,-14.0,-118.0,-14.0,0,0
38258,-3.1477,-0.9956,0.701,0.2961,-0.024,0.0,0.0,0.0,15.0,-14.0,-118.0,-14.0,0,0
38266,-3.1477,-0.9956,0.701,0.2961,-0.0479,0.0,0.0,0.0,20.0,-15.0,-120.0,-14.0,0,0
38278,-3.1462,-0.9971,0.7026,0.2961,-0.0479,0.0,0.0,0.0,8.0,-16.0,-118.0,-14.0,0,0
38291,-3.1462,-0.9956,0.7026,0.2961,-0.0479,0.0,0.0,0.0,18.0,-16.0,-121.0,-14.0,0,0
38303,-3.1462,-0.9956,0.7026,0.2961,-0.024,0.0,0.0,0.0,20.0,-18.0,-114.0,-14.0,1,0
38315,-3.1477,-0.9956,0.7026,0.2961,-0.024,0.0,0.0,0.0,25.0,-18.0,-119.0,-14.0,1,0
38323,-3.1462,-0.9956,0.701,0.2961,0.0,0.0,0.0,0.0,21.0,-15.0,-122.0,-14.0,6,0
38336,-3.1477,-0.9956,0.7026,0.2961,0.0,0.0,0.0,0.0,32.0,-15.0,-119.0,-14.0,8,0
38348,-3.1493,-0.9956,0.7026,0.2961,0.0,0.0,0.0,0.0,48.0,-16.0,-114.0,-14.0,13,1
38360,-3.1493,-0.9956,0.701,0.2961,-0.024,0.0,0.0,0.0,56.0,-16.0,-110.0,-14.0,16,1
38372,-3.1508,-0.9956,0.701,0.2961,-0.024,0.0,0.0,0.0,55.0,-16.0,-107.0,-14.0,16,1
38385,-3.1508,-0.9956,0.701,0.2961,-0.0479,0.0,0.0,0.0,52.0,-16.0,-112.0,-14.0,11,1
38397,-3.1508,-0.9956,0.701,0.2961,-0.0479,0.0,0.0,0.0,48.0,-14.0,-115.0,-14.0,11,1
38409,-3.1523,-0.9956,0.701,0.2961,-0.0479,0.0,0.0,0.0,52.0,-14.0,-116.0,-14.0,9,0
38422,-3.1523,-0.9956,0.701,0.2961,-0.0479,0.0,0.0,0.0,60.0,-14.0,-113.0,-14.0,9,0
38434,-3.1539,-0.9956,0.6995,0.2961,-0.0479,0.0,0.0,0.0,72.0,-14.0,-101.0,-14.0,13,1
38446,-3.1554,-0.9956,0.6995,0.2961,-0.0479,0.0,0.0,0.0,96.0,-15.0,-115.0,-14.0,13,1
38458,-3.1585,-0.9956,0.6995,0.2961,-0.0719,0.0,0.0,0.0,111.0,-16.0,-115.0,-14.0,13,1
38471,-3.16,-0.9956,0.6995,0.2961,-0.0959,0.0,0.0,0.0,125.0,-16.0,-110.0,-14.0,13,1
38483,-3.1631,-0.9956,0.701,0.2961,-0.0959,0.0,0.0,0.0,132.0,-16.0,-111.0,-14.0,12,1
38495,-3.1646,-0.9956,0.6995,0.2961,-0.1198,0.0,0.0,0.0,138.0,-17.0,-115.0,-14.0,16,1
38508,-3.1677,-0.994,0.6995,0.2961,-0.1438,0.0,0.0,0.0,148.0,-24.0,-103.0,-14.0,26,1
38520,-3.1692,-0.994,0.6995,0.2961,-0.1678,0.0,0.0,0.0,154.0,-29.0,-111.0,-14.0,26,1
38532,-3.1707,-0.994,0.6995,0.2961,-0.1678,0.0,0.0,0.0,162.0,-21.0,-115.0,-14.0,29,1
38549,-3.1707,-0.9956,0.6995,0.2961,-0.1438,0.0,0.0,0.0,145.0,-29.0,-108.0,-14.0,32,1
38561,-3.1707,-0.994,0.6995,0.2961,-0.1198,0.0,0.0,0.0,143.0,-29.0,-105.0,-14.0,36,1
38573,-3.1723,-0.994,0.6995,0.2961,-0.0959,0.0,0.0,0.0,142.0,-27.0,-107.0,-14.0,41,1
38585,-3.1723,-0.994,0.701,0.2961,-0.0959,0.0,0.0,0.0,144.0,-29.0,-108.0,-14.0,43,1
38598,-3.1723,-0.994,0.6995,0.2961,-0.0479,0.0,0.0,0.0,147.0,-28.0,-114.0,-14.0,46,1
38610,-3.1723,-0.994,0.6995,0.2961,-0.024,0.0,0.0,0.0,148.0,-28.0,-113.0,-14.0,46,1
38622,-3.1723,-0.994,0.6995,0.2961,-0.024,0.0,0.0,0.0,147.0,-29.0,-105.0,-14.0,48,1
38635,-3.1723,-0.994,0.6995,0.2961,0.0,0.0,0.0,0.0,145.0,-27.0,-115.0,-14.0,49,1
38647,-3.1707,-0.9956,0.6995,0.2961,0.0,0.0,0.0,0.0,145.0,-28.0,-115.0,-14.0,48,1
38659,-3.1707,-0.994,0.6995,0.2961,0.0,0.0,0.0,0.0,144.0,-27.0,-109.0,-14.0,45,1
38671,-3.1692,-0.994,0.6995,0.2961,0.024,0.0,0.0,0.0,135.0,-26.0,-115.0,-14.0,42,1
38684,-3.1677,-0.9956,0.701,0.2961,0.024,0.0,0.0,0.0,130.0,-25.0,-111.0,-14.0,37,1
38696,-3.1631,-0.9956,0.6995,0.2961,0.0719,0.0,0.0,0.0,59.0,-25.0,-116.0,-14.0,31,1
38708,-3.16,-0.9956,0.6995,0.2961,0.0959,0.0,0.0,0.0,44.0,-26.0,-107.0,-14.0,22,1
38721,-3.1569,-0.9956,0.6995,0.2961,0.1438,0.0,0.0,0.0,32.0,-25.0,-116.0,-14.0,12,1
38733,-3.1539,-0.994,0.6995,0.2961,0.1678,0.0,0.0,0.0,27.0,-25.0,-107.0,-14.0,2,0
38745,-3.1508,-0.9956,0.6995,0.2961,0.1918,0.0,0.0,0.0,26.0,-25.0,-108.0,-14.0,0,0
38757,-3.1477,-0.9956,0.6995,0.2961,0.2397,0.0,0.0,0.0,10.0,-24.0,-104.0,-14.0,0,0
38766,-3.1447,-0.9956,0.6995,0.2961,0.2397,0.0,0.0,0.0,0.0,-26.0,-105.0,-14.0,1,0
38778,-3.1416,-0.9956,0.701,0.2961,0.2397,0.0,0.0,0.0,-3.0,-25.0,-104.0,-14.0,0,0
38790,-3.1401,-0.9956,0.6995,0.2961,0.2397,0.0,0.0,0.0,-8.0,-25.0,-103.0,-14.0,0,0
38802,-3.1385,-0.9956,0.6995,0.2961,0.2157,0.0,0.0,0.0,-2.0,-25.0,-103.0,-14.0,0,0
38815,-3.1385,-0.9956,0.6995,0.2961,0.2157,0.0,0.0,0.0,0.0,-25.0,-114.0,-14.0,0,0
38823,-3.1385,-0.9956,0.6995,0.2961,0.1918,0.0,0.0,0.0,0.0,-24.0,-117.0,-14.0,0,0
38835,-3.1401,-0.9956,0.701,0.2961,0.1438,0.0,0.0,0.0,0.0,-24.0,-118.0,-14.0,0,0
38848,-3.1385,-0.9956,0.6995,0.2961,0.0959,0.0,0.0,0.0,0.0,-25.0,-116.0,-14.0,0,0
38860,-3.1401,-0.9956,0.6995,0.2961,0.0479,0.0,0.0,0.0,0.0,-25.0,-106.0,-13.0,0,0
38872,-3.1385,-0.9956,0.6995,0.2961,0.024,0.0,0.0,0.0,0.0,-26.0,-112.0,-12.0,0,0
38880,-3.1401,-0.9956,0.6995,0.2961,0.0,0.0,0.0,0.0,0.0,-25.0,-115.0,-14.0,0,0
38893,-3.1401,-0.9956,0.6995,0.2961,0.0,0.0,0.0,0.0,0.0,-25.0,-115.0,-14.0,0,0
38905,-3.1385,-0.9956,0.701,0.2961,0.0,0.0,0.0,0.0,0.0,-25.0,-117.0,-14.0,0,0
38917,-3.1385,-0.9956,0.6995,0.2961,0.0,0.0,0.0,0.0,0.0,-24.0,-105.0,-14.0,0,0
38929,-3.1385,-0.9956,0.6995,0.2961,0.0,0.0,0.0,0.0,0.0,-25.0,-109.0,-14.0,0,0
38938,-3.1385,-0.9956,0.701,0.2961,0.0,0.0,0.0,0.0,0.0,-24.0,-112.0,-14.0,0,0
38950,-3.1401,-0.9956,0.6995,0.2961,0.0,0.0,0.0,0.0,0.0,-26.0,-116.0,-14.0,0,0
38962,-3.1385,-0.9956,0.6995,0.2961,0.0,0.0,0.0,0.0,0.0,-25.0,-108.0,-14.0,0,0
38975,-3.1385,-0.9956,0.6995,0.2961,0.0,0.0,0.0,0.0,0.0,-24.0,-105.0,-14.0,0,0
38983,-3.1385,-0.9956,0.6995,0.2961,0.0,0.0,0.0,0.0,0.0,-24.0,-116.0,-14.0,0,0
38995,-3.1401,-0.9956,0.6995,0.2961,0.0,0.0,0.0,0.0,0.0,-25.0,-105.0,-14.0,0,0
39007,-3.1385,-0.9956,0.6995,0.2961,0.0,0.0,0.0,0.0,0.0,-25.0,-115.0,-14.0,0,0
39020,-3.1385,-0.9956,0.6995,0.2961,0.0,0.0,0.0,0.0,0.0,-25.0,-116.0,-14.0,0,0
39032,-3.1385,-0.9956,0.6995,0.2961,0.0,0.0,0.0,0.0,0.0,-24.0,-116.0,-14.0,0,0
39040,-3.1401,-0.9956,0.701,0.2961,0.0,0.0,0.0,0.0,0.0,-26.0,-112.0,-14.0,0,0
39052,-3.1385,-0.9956,0.6995,0.2961,0.0,0.0,0.0,0.0,0.0,-25.0,-117.0,-14.0,0,0
39065,-3.1401,-0.9956,0.6995,0.2961,0.0,0.0,0.0,0.0,0.0,-24.0,-114.0,-14.0,0,0
39077,-3.1401,-0.9956,0.6995,0.2961,0.0,0.0,0.0,0.0,0.0,-24.0,-108.0,-14.0,0,0
39089,-3.1401,-0.9956,0.6995,0.2961,0.0,0.0,0.0,0.0,0.0,-25.0,-111.0,-14.0,0,0
39097,-3.1385,-0.9956,0.6995,0.2945,0.0,0.0,0.0,0.0,0.0,-25.0,-118.0,-14.0,0,0
39110,-3.1385,-0.9956,0.6995,0.2961,0.0,0.0,0.0,0.0,0.0,-26.0,-118.0,-12.0,0,0
39122,-3.1401,-0.9956,0.6995,0.2961,0.0,0.0,0.0,0.0,0.0,-26.0,-115.0,-14.0,0,0
39134,-3.1401,-0.9956,0.6995,0.2961,0.0,0.0,0.0,0.0,0.0,-25.0,-118.0,-14.0,0,0
39147,-3.1385,-0.9956,0.6995,0.2961,0.0,0.0,0.0,0.0,0.0,-26.0,-109.0,-14.0,0,0
39155,-3.1385,-0.9956,0.6995,0.2961,0.0,0.0,0.0,0.0,0.0,-26.0,-109.0,-14.0,0,0
39167,-3.1401,-0.9956,0.6995,0.2961,0.0,0.0,0.0,0.0,0.0,-25.0,-106.0,-14.0,0,0
39179,-3.1385,-0.9956,0.6995,0.2961,0.0,0.0,0.0,0.0,0.0,-26.0,-118.0,-14.0,0,0
39192,-3.1401,-0.994,0.6995,0.2961,0.0,0.0,0.0,0.0,0.0,-25.0,-115.0,-14.0,0,0
39204,-3.1385,-0.9956,0.701,0.2961,0.0,0.0,0.0,0.0,0.0,-25.0,-106.0,-14.0,0,0
39212,-3.1401,-0.9956,0.701,0.2961,0.0,0.0,0.0,0.0,0.0,-24.0,-106.0,-14.0,0,0
39224,-3.1385,-0.9956,0.6995,0.2961,0.0,0.0,0.0,0.0,0.0,-26.0,-116.0,-14.0,0,0
39237,-3.1401,-0.9956,0.6995,0.2961,0.0,0.0,0.0,0.0,0.0,-27.0,-117.0,-15.0,0,0
39249,-3.1385,-0.9956,0.6995,0.2961,0.0,0.0,0.0,0.0,0.0,-25.0,-108.0,-14.0,0,0
39261,-3.1385,-0.9956,0.6995,0.2961,0.0,0.0,0.0,0.0,0.0,-26.0,-106.0,-14.0,0,0
39269,-3.1385,-0.9956,0.6995,0.2961,0.0,0.0,0.0,0.0,0.0,-24.0,-114.0,-14.0,0,0
39282,-3.1401,-0.9956,0.6995,0.2961,0.0,0.0,0.0,0.0,0.0,-24.0,-117.0,-13.0,0,0
39294,-3.1385,-0.994,0.6995,0.2961,0.0,0.0,0.0,0.0,0.0,-25.0,-110.0,-14.0,0,0
39306,-3.1385,-0.9956,0.6995,0.2961,0.0,0.0,0.0,0.0,0.0,-25.0,-114.0,-14.0,0,0
39319,-3.1385,-0.9956,0.6995,0.2961,0.0,0.0,0.0,0.0,0.0,-25.0,-110.0,-14.0,0,0
39327,-3.1385,-0.9956,0.6995,0.2961,0.0,0.0,0.0,0.0,0.0,-26.0,-108.0,-14.0,0,0
39339,-3.1385,-0.9956,0.6995,0.2961,0.0,0.0,0.0,0.0,0.0,-25.0,-106.0,-14.0,0,0
39351,-3.1401,-0.9956,0.6995,0.2961,0.0,0.0,0.0,0.0,0.0,-25.0,-111.0,-14.0,0,0
39364,-3.1385,-0.9956,0.701,0.2961,0.0,0.0,0.0,0.0,0.0,-27.0,-113.0,-14.0,0,0
39376,-3.1385,-0.9956,0.6995,0.2961,0.0,0.0,0.0,0.0,0.0,-26.0,-118.0,-14.0,0,0
39384,-3.1385,-0.9956,0.6995,0.2961,0.0,0.0,0.0,0.0,0.0,-26.0,-118.0,-14.0,0,0
39396,-3.1385,-0.9956,0.6995,0.2961,0.0,0.0,0.0,0.0,0.0,-25.0,-117.0,-14.0,0,0
39409,-3.1401,-0.9956,0.6995,0.2961,0.0,0.0,0.0,0.0,0.0,-25.0,-118.0,-14.0,0,0
39421,-3.1401,-0.9956,0.6995,0.2961,0.0,0.0,0.0,0.0,0.0,-25.0,-115.0,-14.0,0,0
39429,-3.1385,-0.9956,0.6995,0.2961,0.0,0.0,0.0,0.0,0.0,-25.0,-111.0,-14.0,0,0
39441,-3.1401,-0.9956,0.6995,0.2961,0.0,0.0,0.0,0.0,0.0,-24.0,-111.0,-15.0,0,0
39454,-3.1385,-0.9956,0.6995,0.2961,0.0,0.0,0.0,0.0,0.0,-25.0,-115.0,-14.0,0,0
39466,-3.1401,-0.9956,0.6995,0.2961,0.0,0.0,0.0,0.0,0.0,-25.0,-113.0,-14.0,0,0
39478,-3.1385,-0.9956,0.6995,0.2961,0.0,0.0,0.0,0.0,0.0,-25.0,-110.0,-14.0,0,0
39487,-3.1385,-0.9956,0.6995,0.2961,0.0,0.0,0.0,0.0,0.0,-25.0,-111.0,-14.0,0,0
39499,-3.1385,-0.9956,0.6995,0.2961,0.0,0.0,0.0,0.0,0.0,-26.0,-115.0,-14.0,0,0
39511,-3.1401,-0.9956,0.701,0.2961,0.0,0.0,0.0,0.0,0.0,-25.0,-110.0,-14.0,0,0
39523,-3.1401,-0.9956,0.6995,0.2961,0.0,0.0,0.0,0.0,0.0,-26.0,-112.0,-14.0,0,0
39536,-3.1385,-0.9956,0.6995,0.2961,0.0,0.0,0.0,0.0,0.0,-25.0,-114.0,-14.0,0,0
39544,-3.1385,-0.9956,0.6995,0.2961,0.0,0.0,0.0,0.0,0.0,-25.0,-114.0,-14.0,0,0
39556,-3.1401,-0.9956,0.6995,0.2961,0.0,0.0,0.0,0.0,0.0,-25.0,-114.0,-14.0,0,0
39568,-3.1401,-0.9956,0.6995,0.2961,0.0,0.0,0.0,0.0,0.0,-25.0,-113.0,-14.0,0,0
39581,-3.1385,-0.9956,0.6995,0.2961,0.0,0.0,0.0,0.0,0.0,-24.0,-114.0,-14.0,0,0
39593,-3.1401,-0.9956,0.6995,0.2961,0.0,0.0,0.0,0.0,0.0,-25.0,-115.0,-14.0,0,0
39601,-3.1385,-0.9956,0.6995,0.2961,0.0,0.0,0.0,0.0,0.0,-25.0,-116.0,-14.0,0,0
39613,-3.1385,-0.9956,0.6995,0.2961,0.0,0.0,0.0,0.0,-10.0,-25.0,-112.0,-14.0,0,0
39626,-3.137,-0.9956,0.701,0.2961,0.024,0.0,0.0,0.0,-3.0,-25.0,-114.0,-14.0,0,0
39638,-3.1401,-0.9956,0.701,0.2961,0.0,0.0,0.0,0.0,5.0,-26.0,-119.0,-14.0,0,0
39650,-3.1431,-0.9956,0.701,0.2961,0.0,0.0,0.0,0.0,15.0,-25.0,-119.0,-14.0,2,0
39659,-3.1447,-0.9956,0.7026,0.2961,-0.024,0.0,0.0,0.0,22.0,-26.0,-117.0,-14.0,1,0
39671,-3.1431,-0.9956,0.7026,0.2961,-0.0479,0.0,0.0,0.0,16.0,-26.0,-115.0,-14.0,15,1
39683,-3.1431,-0.9956,0.7026,0.2961,-0.0719,0.0,0.0,0.0,9.0,-26.0,-122.0,-14.0,18,1
39699,-3.1431,-0.9956,0.701,0.2961,-0.0719,0.0,0.0,0.0,14.0,-26.0,-126.0,-14.0,23,1
39712,-3.1431,-0.9956,0.701,0.2961,-0.0719,0.0,0.0,0.0,19.0,-25.0,-120.0,-11.0,29,1
39724,-3.1431,-0.9956,0.701,0.2961,-0.024,0.0,0.0,0.0,20.0,-25.0,-122.0,-14.0,44,1
39736,-3.1431,-0.9956,0.701,0.2961,0.0,0.0,0.0,0.0,21.0,-25.0,-127.0,-14.0,48,1
39749,-3.1431,-0.9956,0.7026,0.2961,0.0,0.0,0.0,0.0,21.0,-25.0,-115.0,-14.0,54,1
39761,-3.1431,-0.9956,0.701,0.2961,0.0,0.0,0.0,0.0,21.0,-25.0,-118.0,-14.0,55,1
39773,-3.1431,-0.9956,0.701,0.2961,0.0,0.0,0.0,0.0,19.0,-26.0,-130.0,-14.0,57,1
39786,-3.1431,-0.9956,0.7026,0.2961,0.0,0.0,0.0,0.0,20.0,-25.0,-119.0,-14.0,60,1
39798,-3.1431,-0.9956,0.7026,0.2961,0.0,0.0,0.0,0.0,20.0,-25.0,-119.0,-14.0,63,1
39810,-3.1431,-0.9956,0.7026,0.2961,0.0,0.0,0.0,0.0,19.0,-26.0,-122.0,-14.0,64,1
39822,-3.1431,-0.994,0.7026,0.2961,0.0,0.0,0.0,0.0,19.0,-26.0,-124.0,-14.0,66,1
39835,-3.1431,-0.9956,0.701,0.2961,0.0,0.0,0.0,0.0,18.0,-25.0,-123.0,-14.0,67,1
39847,-3.1431,-0.9956,0.701,0.2961,0.0,0.0,0.0,0.0,20.0,-25.0,-115.0,-14.0,68,1
39859,-3.1431,-0.9956,0.701,0.2961,0.0,0.0,0.0,0.0,20.0,-25.0,-118.0,-14.0,65,1
39872,-3.1416,-0.9956,0.6995,0.2961,0.0,0.0,0.0,0.0,9.0,-25.0,-113.0,-14.0,64,1
39884,-3.1401,-0.9956,0.6995,0.2961,0.0,0.0,-0.024,0.0,-4.0,-24.0,-113.0,-14.0,58,1
39896,-3.1355,-0.9956,0.6995,0.2961,0.0479,0.0,-0.024,0.0,-7.0,-18.0,-115.0,-14.0,52,1
39908,-3.1339,-0.9956,0.6995,0.2961,0.0719,0.0,-0.024,0.0,-14.0,-20.0,-116.0,-14.0,40,1
39921,-3.1355,-0.9956,0.6995,0.2961,0.0959,0.0,-0.024,0.0,-15.0,-24.0,-113.0,-14.0,30,1
39933,-3.1355,-0.9956,0.6995,0.2961,0.0959,0.0,0.0,0.0,-8.0,-23.0,-115.0,-14.0,17,1
39949,-3.1385,-0.9971,0.6995,0.2961,0.0479,0.0,0.0,0.0,-1.0,-25.0,-114.0,-14.0,12,1
39962,-3.1385,-0.9956,0.6995,0.2961,0.024,0.0,0.0,0.0,-2.0,-25.0,-115.0,-14.0,11,1
39970,-3.1385,-0.9956,0.6995,0.2961,0.0,0.0,0.0,0.0,0.0,-24.0,-115.0,-14.0,4,0
39982,-3.1401,-0.9956,0.6995,0.2961,0.0,0.0,0.0,0.0,0.0,-25.0,-113.0,-12.0,1,0
39994,-3.1416,-0.9956,0.6995,0.2961,-0.0479,0.0,0.0,0.0,0.0,-25.0,-116.0,-14.0,0,0
40007,-3.1431,-0.9956,0.6995,0.2961,-0.0719,0.0,0.0,0.0,9.0,-25.0,-102.0,-14.0,0,0
40019,-3.1431,-0.9956,0.698,0.2961,-0.0719,0.0,0.0,0.0,8.0,-25.0,-104.0,-14.0,0,0
40027,-3.1416,-0.9956,0.6995,0.2961,-0.0719,0.0,0.0,0.0,-2.0,-22.0,-104.0,-14.0,0,0
40039,-3.1401,-0.9956,0.698,0.2961,-0.0479,0.0,0.0,0.0,-1.0,-24.0,-111.0,-13.0,0,0
40052,-3.1385,-0.9956,0.698,0.2961,-0.024,0.0,0.0,0.0,0.0,-24.0,-114.0,-14.0,0,0
40064,-3.1385,-0.9971,0.698,0.2961,0.0,0.0,0.0,0.0,0.0,-22.0,-112.0,-13.0,0,0
40076,-3.1385,-0.9971,0.6995,0.2961,0.0479,0.0,0.0,0.0,0.0,-25.0,-114.0,-14.0,0,0
40084,-3.1385,-0.9971,0.6995,0.2961,0.0479,0.0,0.0,0.0,0.0,-25.0,-114.0,-14.0,0,0
40097,-3.1385,-0.9971,0.6995,0.2961,0.0479,0.0,0.0,0.0,-1.0,-20.0,-111.0,-14.0,0,0
40109,-3.1385,-0.9956,0.6995,0.2961,0.024,0.0,0.0,0.0,-1.0,-22.0,-113.0,-13.0,0,0
40121,-3.1385,-0.9956,0.698,0.2961,0.024,0.0,0.0,0.0,0.0,-19.0,-114.0,-14.0,0,0
40130,-3.1385,-0.9956,0.6995,0.2961,0.0,0.0,0.0,0.0,0.0,-23.0,-114.0,-14.0,0,0
40142,-3.1401,-0.9956,0.6995,0.2961,0.0,0.0,0.0,0.0,0.0,-22.0,-111.0,-14.0,0,0
40154,-3.1401,-0.9956,0.6995,0.2961,0.0,0.0,0.0,0.0,0.0,-20.0,-112.0,-12.0,0,0
40166,-3.1416,-0.9956,0.698,0.2961,0.0,0.0,0.0,0.0,0.0,-22.0,-112.0,-14.0,0,0
40179,-3.1401,-0.9956,0.6995,0.2961,-0.024,0.0,0.0,0.0,0.0,-19.0,-112.0,-14.0,0,0
40187,-3.1416,-0.9956,0.698,0.2961,-0.024,0.0,0.0,0.0,0.0,-23.0,-115.0,-14.0,0,0
40199,-3.1416,-0.9956,0.698,0.2961,0.0,0.0,0.0,0.0,0.0,-18.0,-113.0,-14.0,0,0
40211,-3.1401,-0.9956,0.698,0.2961,0.0,0.0,0.0,0.0,0.0,-23.0,-113.0,-14.0,0,0
40224,-3.1401,-0.9956,0.6995,0.2961,0.0,0.0,0.0,0.0,0.0,-24.0,-111.0,-10.0,0,0
40236,-3.1416,-0.9956,0.698,0.2961,0.0,0.0,0.0,0.0,0.0,-24.0,-106.0,-14.0,0,0
40244,-3.1416,-0.9956,0.698,0.2961,0.0,0.0,0.0,0.0,0.0,-24.0,-106.0,-14.0,0,0
40257,-3.1416,-0.9956,0.698,0.2961,0.0,0.0,0.0,0.0,0.0,-22.0,-115.0,-14.0,0,0
40269,-3.1401,-0.9956,0.698,0.2945,0.0,0.0,0.0,0.0,0.0,-22.0,-112.0,-14.0,0,0
40281,-3.1416,-0.9956,0.6995,0.2961,0.0,0.0,0.0,0.0,0.0,-25.0,-113.0,-14.0,0,0
40293,-3.1416,-0.9956,0.6995,0.2945,0.0,0.0,0.0,0.0,0.0,-22.0,-113.0,-13.0,0,0
40302,-3.1401,-0.9971,0.6995,0.2961,0.0,0.0,0.0,0.0,0.0,-23.0,-110.0,-14.0,0,0
40314,-3.1401,-0.9956,0.698,0.2961,0.0,0.0,0.0,0.0,0.0,-25.0,-107.0,-12.0,0,0
40326,-3.1401,-0.9956,0.6995,0.2961,0.0,0.0,0.0,0.0,0.0,-22.0,-115.0,-14.0,0,0
40338,-3.1416,-0.9956,0.6995,0.2961,0.0,0.0,0.0,0.0,0.0,-25.0,-114.0,-14.0,0,0
40351,-3.1401,-0.9971,0.698,0.2961,0.0,0.0,0.0,0.0,0.0,-22.0,-114.0,-14.0,0,0
40359,-3.1416,-0.9956,0.6995,0.2961,0.0,0.0,0.0,0.0,0.0,-20.0,-113.0,-14.0,0,0
40371,-3.1416,-0.9956,0.698,0.2961,0.0,0.0,0.0,0.0,0.0,-21.0,-112.0,-14.0,0,0
40383,-3.1416,-0.9956,0.698,0.2961,0.0,0.0,0.0,0.0,0.0,-22.0,-109.0,-14.0,0,0
40396,-3.1416,-0.9956,0.6995,0.2961,0.0,0.0,0.0,0.0,0.0,-24.0,-107.0,-14.0,0,0
40408,-3.1416,-0.9956,0.6995,0.2961,0.0,0.0,0.0,0.0,0.0,-25.0,-115.0,-14.0,0,0
40416,-3.1401,-0.9956,0.6995,0.2961,0.0,0.0,0.0,0.0,0.0,-25.0,-107.0,-14.0,0,0
40429,-3.1401,-0.9956,0.698,0.2961,0.0,0.0,0.0,0.0,0.0,-25.0,-113.0,-14.0,0,0
40441,-3.1401,-0.9956,0.6995,0.2961,0.0,0.0,0.0,0.0,0.0,-23.0,-112.0,-14.0,0,0
40453,-3.1401,-0.9956,0.698,0.2961,0.0,0.0,0.0,0.0,0.0,-25.0,-113.0,-14.0,0,0
40465,-3.1416,-0.9956,0.698,0.2961,0.0,0.0,0.0,0.0,0.0,-21.0,-109.0,-14.0,0,0
40474,-3.1416,-0.9956,0.698,0.2961,0.0,0.0,0.0,0.0,0.0,-23.0,-114.0,-14.0,0,0
40486,-3.1401,-0.9956,0.6995,0.2961,0.0,0.0,0.0,0.0,0.0,-25.0,-114.0,-14.0,0,0
40498,-3.1401,-0.9956,0.698,0.2961,0.0,0.0,0.0,0.0,0.0,-20.0,-115.0,-14.0,0,0
40510,-3.1401,-0.9956,0.698,0.2961,0.0,0.0,0.0,0.0,0.0,-22.0,-115.0,-14.0,0,0
40523,-3.1416,-0.9971,0.6995,0.2961,0.0,0.0,0.0,0.0,0.0,-21.0,-113.0,-14.0,0,0
40531,-3.1401,-0.9971,0.698,0.2961,0.0,0.0,0.0,0.0,0.0,-24.0,-115.0,-13.0,0,0
40543,-3.1416,-0.9956,0.6995,0.2961,0.0,0.0,0.0,0.0,0.0,-22.0,-113.0,-14.0,0,0
40556,-3.1416,-0.9956,0.6995,0.2961,0.0,0.0,0.0,0.0,0.0,-25.0,-111.0,-13.0,0,0
40568,-3.1416,-0.9956,0.698,0.2961,0.0,0.0,0.0,0.0,0.0,-19.0,-114.0,-14.0,0,0
40576,-3.1416,-0.9956,0.6995,0.2961,0.0,0.0,0.0,0.0,0.0,-24.0,-112.0,-14.0,0,0
40588,-3.1416,-0.9956,0.6995,0.2961,0.0,0.0,0.0,0.0,0.0,-25.0,-110.0,-14.0,0,0
40601,-3.1416,-0.9956,0.6995,0.2961,0.0,0.0,0.0,0.0,0.0,-21.0,-112.0,-14.0,0,0
40613,-3.1416,-0.9971,0.6995,0.2961,0.0,0.0,0.0,0.0,0.0,-25.0,-113.0,-14.0,0,0
40625,-3.1401,-0.9956,0.6995,0.2961,0.0,0.0,0.0,0.0,0.0,-25.0,-110.0,-14.0,0,0
40633,-3.1401,-0.9956,0.6995,0.2961,0.0,0.0,0.0,0.0,0.0,-24.0,-111.0,-14.0,0,0
40646,-3.1416,-0.9956,0.6995,0.2961,0.0,0.0,0.0,0.0,0.0,-23.0,-107.0,-14.0,0,0
40658,-3.1416,-0.9956,0.6995,0.2961,0.0,0.0,0.0,0.0,0.0,-25.0,-116.0,-14.0,0,0
40670,-3.1416,-0.9956,0.698,0.2961,0.0,0.0,0.0,0.0,0.0,-15.0,-113.0,-14.0,0,0
40682,-3.1416,-0.9956,0.698,0.2961,0.0,0.0,0.0,0.0,0.0,-18.0,-111.0,-15.0,0,0
40691,-3.1416,-0.9971,0.6995,0.2961,0.0,0.0,0.0,0.0,0.0,-17.0,-114.0,-15.0,0,0
40703,-3.1416,-0.9956,0.6995,0.2961,0.0,0.0,0.0,0.0,0.0,-18.0,-112.0,-15.0,0,0
40715,-3.1416,-0.9956,0.698,0.2961,0.0,0.0,0.0,0.0,0.0,-18.0,-111.0,-13.0,0,0
40728,-3.1355,-0.9956,0.6995,0.2961,0.024,0.0,0.0,0.0,-15.0,-14.0,-107.0,-14.0,0,0
40740,-3.1355,-0.9956,0.698,0.2961,0.0479,0.0,0.0,0.0,-28.0,-15.0,-115.0,-14.0,0,0
40748,-3.1355,-0.9971,0.6995,0.2961,0.0719,0.0,0.0,0.0,-24.0,-13.0,-112.0,-14.0,0,0
40760,-3.1355,-0.9956,0.6995,0.2961,0.0719,0.0,0.0,0.0,-15.0,-13.0,-114.0,-14.0,0,0
40773,-3.1355,-0.9971,0.698,0.2961,0.0719,0.0,0.0,0.0,-30.0,-9.0,-115.0,-14.0,8,0
40785,-3.1355,-0.9986,0.698,0.2961,0.0719,0.0,0.0,0.0,-33.0,3.0,-111.0,-14.0,7,0
40797,-3.1355,-1.0017,0.6995,0.2961,0.024,-0.0479,0.0,0.0,-37.0,15.0,-115.0,-14.0,2,0
40809,-3.1355,-1.0032,0.698,0.2961,0.024,-0.0719,0.0,0.0,-34.0,27.0,-116.0,-12.0,11,1
40822,-3.1355,-1.0048,0.6995,0.2961,0.024,-0.0959,0.0,0.0,-33.0,32.0,-115.0,-14.0,22,1
40834,-3.1339,-1.0048,0.698,0.2961,0.024,-0.0959,0.0,0.0,-34.0,26.0,-104.0,-14.0,22,1
40846,-3.1339,-1.0048,0.6964,0.2961,0.0,-0.0959,0.0,0.0,-36.0,32.0,-89.0,-14.0,31,1
40859,-3.1339,-1.0048,0.6964,0.2961,0.0,-0.0719,-0.024,0.0,-38.0,29.0,-101.0,-14.0,40,1
40871,-3.1355,-1.0048,0.6964,0.2961,0.0,-0.0479,-0.024,0.0,-37.0,32.0,-103.0,-13.0,43,1
40883,-3.1339,-1.0048,0.6964,0.2961,0.0,-0.024,-0.024,0.0,-37.0,30.0,-103.0,-14.0,43,1
40895,-3.1339,-1.0048,0.6964,0.2961,0.0,-0.024,-0.024,0.0,-38.0,32.0,-103.0,-14.0,45,1
40908,-3.1339,-1.0048,0.6964,0.2961,0.0,0.0,-0.024,0.0,-37.0,32.0,-103.0,-14.0,47,1
40920,-3.1339,-1.0048,0.6964,0.2961,0.0,0.0,0.0,0.0,-39.0,32.0,-102.0,-14.0,50,1
40932,-3.1339,-1.0048,0.6964,0.2961,0.0,0.0,0.0,0.0,-37.0,32.0,-103.0,-14.0,51,1
40945,-3.1355,-1.0048,0.6964,0.2961,0.0,0.0,0.0,0.0,-36.0,31.0,-102.0,-14.0,50,1
40957,-3.1355,-1.0048,0.6964,0.2961,0.0,0.0,0.0,0.0,-34.0,31.0,-102.0,-14.0,53,1
40969,-3.1355,-1.0048,0.6964,0.2961,0.0,0.0,0.0,0.0,-32.0,32.0,-102.0,-14.0,56,1
40981,-3.1355,-1.0048,0.6964,0.2961,0.0,0.0,0.0,0.0,-33.0,32.0,-102.0,-13.0,59,1
40994,-3.1355,-1.0048,0.6964,0.2961,0.0,0.0,0.0,0.0,-26.0,31.0,-102.0,-14.0,62,1
41006,-3.1355,-1.0048,0.6964,0.2961,0.0,0.0,0.0,0.0,-14.0,28.0,-102.0,-14.0,59,1
41018,-3.137,-1.0032,0.6964,0.2961,-0.024,0.0,0.0,0.0,-12.0,29.0,-102.0,-14.0,55,1
41035,-3.1385,-1.0032,0.6964,0.2961,-0.024,0.0,0.0,0.0,0.0,23.0,-102.0,-13.0,52,1
41047,-3.1401,-1.0017,0.6964,0.2961,-0.0479,0.024,0.0,0.0,0.0,6.0,-103.0,-14.0,41,1
41059,-3.1401,-1.0017,0.6964,0.2961,-0.0479,0.024,0.0,0.0,0.0,4.0,-103.0,-14.0,33,1
41072,-3.1385,-1.0002,0.6964,0.2961,-0.0479,0.024,0.0,0.0,0.0,-2.0,-103.0,-14.0,21,1
41080,-3.1385,-0.9986,0.6964,0.2961,-0.0479,0.0479,0.0,0.0,0.0,-1.0,-103.0,-14.0,8,0
41092,-3.1401,-0.9986,0.6964,0.2961,-0.0479,0.0479,0.0,0.0,0.0,-1.0,-103.0,-14.0,0,0
41104,-3.1416,-0.9986,0.6964,0.2961,-0.024,0.0479,0.0,0.0,0.0,-1.0,-103.0,-14.0,0,0
41117,-3.1416,-0.9986,0.6964,0.2961,-0.024,0.0479,0.0,0.0,0.0,-1.0,-102.0,-14.0,0,0
41129,-3.1416,-0.9986,0.6964,0.2961,-0.024,0.024,0.0,0.0,0.0,-1.0,-103.0,-14.0,0,0
41137,-3.1416,-0.9986,0.6964,0.2961,-0.024,0.024,0.0,0.0,0.0,-1.0,-103.0,-14.0,0,0
41149,-3.1416,-0.9986,0.6964,0.2961,-0.024,0.0,0.0,0.0,0.0,-1.0,-103.0,-14.0,0,0
41162,-3.1416,-0.9986,0.6964,0.2961,-0.024,0.0,0.0,0.0,0.0,-1.0,-102.0,-14.0,0,0
41174,-3.1416,-0.9986,0.6964,0.2961,0.0,0.0,0.0,0.0,0.0,-1.0,-103.0,-14.0,0,0
41186,-3.1401,-0.9986,0.6964,0.2961,0.0,0.0,0.0,0.0,0.0,-1.0,-103.0,-14.0,0,0
41194,-3.1401,-0.9986,0.6964,0.2961,0.0,0.0,0.0,0.0,0.0,-1.0,-103.0,-14.0,0,0
41207,-3.1401,-0.9986,0.6964,0.2961,0.0,0.0,0.0,0.0,0.0,-1.0,-103.0,-14.0,0,0
41219,-3.1416,-0.9986,0.6964,0.2961,0.0,0.0,0.0,0.0,0.0,-1.0,-103.0,-14.0,0,0
41231,-3.1416,-0.9986,0.6964,0.2961,0.0,0.0,0.0,0.0,0.0,-1.0,-103.0,-14.0,0,0
41244,-3.1416,-0.9986,0.6964,0.2961,0.0,0.0,0.0,0.0,0.0,-1.0,-103.0,-14.0,0,0
41252,-3.1401,-0.9986,0.6964,0.2961,0.0,0.0,0.0,0.0,0.0,-1.0,-103.0,-14.0,0,0
41264,-3.1416,-0.9986,0.6964,0.2961,0.0,0.0,0.0,0.0,0.0,-1.0,-103.0,-14.0,0,0
41276,-3.1416,-0.9986,0.6964,0.2961,0.0,0.0,0.0,0.0,0.0,-1.0,-102.0,-14.0,0,0
41289,-3.1401,-0.9986,0.6964,0.2961,0.0,0.0,0.0,0.0,0.0,-1.0,-100.0,-14.0,0,0
41301,-3.1401,-0.9986,0.6964,0.2961,0.0,0.0,0.0,0.0,0.0,-1.0,-100.0,-14.0,0,0
41309,-3.1401,-0.9986,0.6964,0.2961,0.0,0.0,0.0,0.0,0.0,-1.0,-103.0,-14.0,0,0
41321,-3.1401,-1.0002,0.6964,0.2961,0.0,0.0,0.0,0.0,0.0,-1.0,-101.0,-14.0,0,0
41334,-3.1401,-0.9986,0.6964,0.2961,0.0,0.0,0.0,0.0,0.0,0.0,-103.0,-14.0,0,0
41346,-3.1416,-0.9986,0.6964,0.2961,0.0,0.0,0.0,0.0,0.0,0.0,-101.0,-14.0,0,0
41358,-3.1401,-0.9986,0.6964,0.2961,0.0,0.0,0.0,0.0,0.0,0.0,-102.0,-13.0,0,0
41366,-3.1401,-0.9986,0.6964,0.2961,0.0,0.0,0.0,0.0,0.0,0.0,-103.0,-14.0,0,0
41379,-3.1416,-0.9986,0.6964,0.2961,0.0,0.0,0.0,0.0,0.0,0.0,-101.0,-14.0,0,0
41391,-3.1401,-0.9986,0.6964,0.2961,0.0,0.0,0.0,0.0,0.0,0.0,-101.0,-14.0,0,0
41403,-3.1401,-0.9986,0.6964,0.2961,0.0,0.0,0.0,0.0,0.0,0.0,-103.0,-14.0,0,0
41416,-3.1416,-0.9986,0.6964,0.2961,0.0,0.0,0.0,0.0,0.0,0.0,-100.0,-15.0,0,0
41424,-3.1416,-0.9986,0.6964,0.2961,0.0,0.0,0.0,0.0,0.0,0.0,-100.0,-15.0,0,0
41436,-3.1416,-0.9986,0.6964,0.2961,0.0,0.0,0.0,0.0,0.0,0.0,-103.0,-15.0,0,0
41448,-3.1416,-0.9986,0.6964,0.2961,0.0,0.0,0.0,0.0,0.0,0.0,-102.0,-14.0,0,0
41461,-3.1401,-0.9986,0.6964,0.2961,0.0,0.0,0.0,0.0,0.0,0.0,-103.0,-12.0,0,0
41469,-3.1401,-0.9986,0.6964,0.2961,0.0,0.0,0.0,0.0,0.0,0.0,-101.0,-14.0,0,0
41481,-3.1416,-0.9986,0.6964,0.2961,0.0,0.0,0.0,0.0,0.0,0.0,-103.0,-14.0,0,0
41493,-3.1416,-0.9986,0.6964,0.2961,0.0,0.0,0.0,0.0,0.0,0.0,-101.0,-14.0,0,0
41506,-3.1416,-0.9986,0.6964,0.2961,0.0,0.0,0.0,0.0,0.0,0.0,-101.0,-14.0,0,0
41518,-3.1401,-0.9986,0.6964,0.2961,0.0,0.0,0.0,0.0,0.0,0.0,-101.0,-14.0,0,0
41526,-3.1401,-0.9986,0.6964,0.2961,0.0,0.0,0.0,0.0,0.0,0.0,-101.0,-14.0,0,0
41539,-3.1401,-0.9986,0.6964,0.2961,0.0,0.0,0.0,0.0,0.0,0.0,-101.0,-14.0,0,0
41551,-3.1401,-0.9986,0.6964,0.2961,0.0,0.0,0.0,0.0,0.0,0.0,-102.0,-12.0,0,0
41563,-3.1401,-0.9986,0.6964,0.2961,0.0,0.0,0.0,0.0,0.0,0.0,-104.0,-14.0,0,0
41575,-3.1416,-0.9986,0.6964,0.2961,0.0,0.0,0.0,0.0,0.0,0.0,-104.0,-14.0,0,0
41584,-3.1401,-0.9986,0.6964,0.2961,0.0,0.0,0.0,0.0,0.0,0.0,-101.0,-14.0,0,0
41596,-3.1416,-0.9986,0.6964,0.2961,0.0,0.0,0.0,0.0,0.0,0.0,-102.0,-14.0,0,0
41608,-3.1401,-0.9986,0.6964,0.2961,0.0,0.0,0.0,0.0,0.0,0.0,-102.0,-14.0,0,0
41620,-3.1401,-0.9986,0.6964,0.2961,0.0,0.0,0.0,0.0,0.0,0.0,-99.0,-13.0,0,0
41633,-3.1416,-0.9986,0.6964,0.2961,0.0,0.0,0.0,0.0,0.0,0.0,-101.0,-14.0,0,0
41641,-3.1401,-0.9986,0.6964,0.2961,0.0,0.0,0.0,0.0,0.0,0.0,-99.0,-11.0,0,0
41653,-3.1416,-0.9986,0.6964,0.2961,0.0,0.0,0.0,0.0,0.0,0.0,-98.0,-14.0,0,0
41666,-3.1416,-0.9986,0.6964,0.2961,0.0,0.0,0.0,0.0,0.0,0.0,-98.0,-14.0,0,0
41678,-3.1401,-0.9986,0.6964,0.2961,0.0,0.0,0.0,0.0,0.0,0.0,-98.0,-14.0,0,0
41690,-3.1416,-0.9986,0.6964,0.2961,0.0,0.0,0.0,0.0,0.0,0.0,-103.0,-14.0,0,0
41698,-3.1401,-0.9986,0.6964,0.2961,0.0,0.0,0.0,0.0,0.0,0.0,-102.0,-15.0,0,0
41711,-3.1416,-0.9986,0.6964,0.2961,0.0,0.0,0.0,0.0,0.0,0.0,-99.0,-14.0,0,0
41723,-3.1416,-0.9986,0.6964,0.2961,0.0,0.0,0.0,0.0,0.0,0.0,-102.0,-14.0,0,0
41736,-3.1416,-0.9986,0.6964,0.2961,0.0,0.0,0.0,0.0,0.0,0.0,-102.0,-14.0,0,0
41747,-3.1401,-0.9986,0.6964,0.2961,0.0,0.0,0.0,0.0,-1.0,0.0,-98.0,-14.0,0,0
41756,-3.1416,-0.9986,0.6964,0.2961,0.0,0.0,0.0,0.0,0.0,0.0,-102.0,-14.0,0,0
41768,-3.1416,-0.9986,0.6964,0.2961,0.0,0.0,0.0,0.0,0.0,0.0,-102.0,-14.0,0,0
41781,-3.1401,-0.9986,0.6964,0.2961,0.0,0.0,0.0,0.0,0.0,0.0,-100.0,-14.0,0,0
41792,-3.1401,-0.9986,0.6964,0.2961,0.0,0.0,0.0,0.0,0.0,0.0,-101.0,-14.0,0,0
41805,-3.1416,-0.9986,0.6964,0.2961,0.0,0.0,0.0,0.0,0.0,0.0,-99.0,-15.0,0,0
41813,-3.1416,-0.9986,0.6964,0.2961,0.0,0.0,0.0,0.0,0.0,0.0,-99.0,-15.0,0,0
41826,-3.1401,-0.9986,0.6964,0.2961,0.0,0.0,0.0,0.0,0.0,0.0,-103.0,-14.0,0,0
41838,-3.1401,-0.9986,0.6964,0.2961,0.0,0.0,0.0,0.0,0.0,0.0,-99.0,-14.0,0,0
41850,-3.1416,-0.9986,0.6964,0.2961,0.0,0.0,0.0,0.0,0.0,0.0,-102.0,-14.0,0,0
41862,-3.1416,-0.9986,0.6964,0.2961,0.0,0.0,0.0,0.0,-1.0,0.0,-103.0,-14.0,0,0
41870,-3.1416,-0.9986,0.6964,0.2961,0.0,0.0,0.0,0.0,0.0,0.0,-103.0,-14.0,0,0
41883,-3.1416,-0.9986,0.6964,0.2961,0.0,0.0,0.0,0.0,0.0,0.0,-103.0,-14.0,0,0
41895,-3.1416,-0.9986,0.6964,0.2961,0.0,0.0,0.0,0.0,0.0,0.0,-100.0,-14.0,0,0
41907,-3.1416,-0.9986,0.6964,0.2961,0.0,0.0,0.0,0.0,0.0,0.0,-99.0,-14.0,0,0
41916,-3.1416,-0.9986,0.6964,0.2961,0.0,0.0,0.0,0.0,0.0,0.0,-96.0,-14.0,0,0
41928,-3.1416,-0.9986,0.6964,0.2961,0.0,0.0,0.0,0.0,0.0,0.0,-95.0,-13.0,0,0
41940,-3.1416,-0.9986,0.6964,0.2961,0.0,0.0,0.0,0.0,0.0,0.0,-104.0,-14.0,0,0
41952,-3.1416,-0.9986,0.6964,0.2961,0.0,0.0,0.0,0.0,0.0,0.0,-96.0,-14.0,0,0
41964,-3.1401,-0.9986,0.6964,0.2961,0.0,0.0,0.0,0.0,0.0,0.0,-101.0,-14.0,0,0
41973,-3.1401,-0.9986,0.6964,0.2961,0.0,0.0,0.0,0.0,-1.0,0.0,-98.0,-14.0,0,0
41985,-3.1416,-0.9986,0.6964,0.2961,0.0,0.0,0.0,0.0,0.0,0.0,-96.0,-14.0,0,0
41997,-3.1416,-0.9986,0.6964,0.2961,0.0,0.0,0.0,0.0,0.0,0.0,-101.0,-14.0,0,0
42010,-3.1416,-0.9986,0.6964,0.2961,0.0,0.0,0.0,0.0,0.0,0.0,-102.0,-14.0,0,0
42022,-3.1416,-0.9986,0.6964,0.2961,0.0,0.0,0.0,0.0,0.0,0.0,-98.0,-14.0,0,0
42030,-3.1401,-0.9986,0.6964,0.2961,0.0,0.0,0.0,0.0,0.0,0.0,-96.0,-14.0,0,0
42042,-3.1416,-0.9986,0.6964,0.2961,0.0,0.0,0.0,0.0,0.0,0.0,-104.0,-14.0,0,0
42055,-3.1416,-0.9986,0.6964,0.2961,0.0,0.0,0.0,0.0,0.0,0.0,-99.0,-11.0,0,0
42067,-3.1401,-0.9986,0.6964,0.2961,0.0,0.0,0.0,0.0,0.0,0.0,-100.0,-14.0,0,0
42079,-3.1416,-0.9986,0.6964,0.2961,0.0,0.0,0.0,0.0,0.0,0.0,-99.0,-14.0,0,0
42087,-3.1416,-0.9986,0.6964,0.2961,0.0,0.0,0.0,0.0,0.0,0.0,-103.0,-14.0,0,0
42100,-3.1416,-0.9971,0.6964,0.2961,0.0,0.0,0.0,0.0,0.0,0.0,-102.0,-14.0,0,0
42112,-3.1401,-0.9971,0.6964,0.2961,0.0,0.0,0.0,0.0,0.0,-4.0,-103.0,-14.0,0,0
42124,-3.1401,-0.9956,0.6964,0.2961,0.0,0.024,0.0,0.0,-2.0,-12.0,-94.0,-13.0,0,0
42137,-3.1401,-0.9925,0.6964,0.2961,0.0,0.0479,0.0,0.0,-1.0,-42.0,-100.0,-14.0,0,0
42145,-3.1401,-0.9925,0.6964,0.2961,0.0,0.0479,0.0,0.0,-1.0,-42.0,-100.0,-14.0,9,0
42157,-3.1416,-0.9894,0.6964,0.2961,0.0,0.0959,0.0,0.0,-2.0,-72.0,-104.0,-14.0,27,1
42169,-3.1401,-0.9879,0.6964,0.2961,0.0,0.0959,0.0,0.0,-2.0,-81.0,-95.0,-14.0,36,1
42186,-3.1401,-0.9833,0.6964,0.2961,0.0,0.1438,0.0,0.0,-1.0,-94.0,-100.0,-14.0,41,1
42198,-3.1416,-0.9833,0.6964,0.2961,0.0,0.1438,0.0,0.0,-1.0,-98.0,-103.0,-14.0,51,1
42210,-3.1416,-0.9817,0.6964,0.2961,0.0,0.1438,0.0,0.0,0.0,-96.0,-98.0,-14.0,56,1
42223,-3.1416,-0.9817,0.6964,0.2961,0.0,0.1438,0.0,0.0,-1.0,-95.0,-102.0,-14.0,63,1
42235,-3.1416,-0.9802,0.6964,0.2961,0.0,0.1438,0.0,0.0,0.0,-100.0,-96.0,-14.0,67,1
42247,-3.1431,-0.9787,0.6964,0.2961,0.0,0.0959,0.0,0.0,0.0,-107.0,-94.0,-14.0,69,1
42259,-3.1447,-0.9771,0.6964,0.2961,-0.024,0.0959,0.0,0.0,11.0,-113.0,-100.0,-14.0,64,1
42272,-3.1462,-0.9756,0.6964,0.2961,-0.024,0.0959,0.0,0.0,14.0,-120.0,-92.0,-14.0,68,1
42284,-3.1462,-0.9756,0.6964,0.2961,-0.0479,0.0959,0.0,0.0,18.0,-131.0,-102.0,-14.0,72,1
42296,-3.1462,-0.9741,0.6964,0.2961,-0.0719,0.0719,0.0,0.0,35.0,-119.0,-101.0,-14.0,79,1
42309,-3.1477,-0.9741,0.6964,0.2961,-0.0719,0.0719,0.0,0.0,34.0,-127.0,-101.0,-14.0,84,1
42321,-3.1477,-0.9741,0.6964,0.2961,-0.0719,0.0719,0.0,0.0,36.0,-128.0,-96.0,-14.0,87,1
42333,-3.1477,-0.9725,0.6964,0.2961,-0.0479,0.0479,0.0,0.0,36.0,-119.0,-96.0,-14.0,87,1
42346,-3.1477,-0.9741,0.6964,0.2961,-0.024,0.024,0.0,0.0,35.0,-119.0,-92.0,-14.0,88,1
42358,-3.1477,-0.9741,0.6964,0.2961,-0.024,0.024,0.0,0.0,41.0,-118.0,-101.0,-14.0,89,1
42370,-3.1477,-0.9741,0.6964,0.2961,0.0,0.0,0.0,0.0,41.0,-118.0,-94.0,-14.0,90,1
42382,-3.1477,-0.9741,0.6964,0.2961,0.0,0.0,0.0,0.0,42.0,-121.0,-93.0,-14.0,89,1
42395,-3.1477,-0.9741,0.6964,0.2961,0.0,0.0,0.0,0.0,35.0,-122.0,-93.0,-14.0,88,1
42407,-3.1477,-0.9741,0.6964,0.2961,0.0,0.0,0.0,0.0,30.0,-121.0,-103.0,-14.0,88,1
42419,-3.1462,-0.9741,0.6964,0.2961,0.0,0.0,0.0,0.0,23.0,-121.0,-93.0,-14.0,87,1
42436,-3.1447,-0.9741,0.6964,0.2961,0.024,0.0,0.0,0.0,12.0,-121.0,-94.0,-13.0,86,1
42448,-3.1431,-0.9741,0.6964,0.2961,0.024,0.0,0.0,0.0,9.0,-116.0,-98.0,-14.0,84,1
42460,-3.1431,-0.9756,0.6964,0.2961,0.0479,0.0,0.0,0.0,4.0,-95.0,-95.0,-14.0,81,1
42472,-3.1431,-0.9787,0.6964,0.2961,0.0479,0.0,0.0,0.0,3.0,-69.0,-89.0,-14.0,68,1
42485,-3.1431,-0.9817,0.6949,0.2961,0.0479,-0.0479,0.0,0.0,0.0,-45.0,-95.0,-14.0,47,1
42497,-3.1416,-0.9863,0.6964,0.2961,0.0479,-0.1198,0.0,0.0,0.0,-20.0,-97.0,-14.0,27,1
42509,-3.1416,-0.9894,0.6964,0.2961,0.0479,-0.1438,0.0,0.0,0.0,-12.0,-93.0,-14.0,11,1
42522,-3.1416,-0.991,0.6949,0.2961,0.024,-0.1918,0.0,0.0,0.0,-19.0,-93.0,-14.0,12,1
42534,-3.1416,-0.9925,0.6964,0.2961,0.024,-0.2157,0.0,0.0,0.0,-29.0,-96.0,-14.0,9,0
42542,-3.1401,-0.9925,0.6949,0.2961,0.024,-0.2157,0.0,0.0,0.0,-37.0,-91.0,-14.0,4,0
42554,-3.1401,-0.9925,0.6964,0.2961,0.024,-0.1918,0.0,0.0,0.0,-45.0,-93.0,-14.0,4,0
42567,-3.1385,-0.9925,0.6964,0.2961,0.024,-0.1198,0.0,0.0,0.0,-41.0,-96.0,-14.0,3,0
42579,-3.1385,-0.9925,0.6964,0.2961,0.024,-0.0959,0.0,0.0,0.0,-46.0,-91.0,-14.0,4,0
42591,-3.1401,-0.9925,0.6964,0.2961,0.024,-0.0479,0.0,0.0,0.0,-39.0,-104.0,-14.0,3,0
42599,-3.1401,-0.9925,0.6964,0.2961,0.024,-0.024,0.0,0.0,0.0,-40.0,-97.0,-14.0,3,0
42612,-3.1401,-0.994,0.6964,0.2961,0.0,0.0,0.0,0.0,0.0,-41.0,-92.0,-12.0,3,0
42624,-3.1401,-0.9925,0.6964,0.2961,0.0,0.0,0.0,0.0,0.0,-41.0,-90.0,-14.0,3,0
42636,-3.1401,-0.9925,0.6949,0.2961,0.0,0.0,0.0,0.0,0.0,-39.0,-104.0,-15.0,3,0
42649,-3.1401,-0.9925,0.6949,0.2961,0.0,0.0,0.0,0.0,0.0,-38.0,-101.0,-14.0,2,0
42657,-3.1401,-0.9925,0.6964,0.2961,0.0,0.0,0.0,0.0,0.0,-35.0,-94.0,-14.0,2,0
42669,-3.1401,-0.9925,0.6964,0.2945,0.0,0.0,0.0,0.0,0.0,-38.0,-91.0,-14.0,1,0
42681,-3.1401,-0.994,0.6964,0.2961,0.0,0.0,0.0,0.0,0.0,-38.0,-95.0,-12.0,1,0
42694,-3.1401,-0.994,0.6964,0.2961,0.0,0.0,0.0,0.0,0.0,-36.0,-100.0,-14.0,1,0
42706,-3.1401,-0.9925,0.6964,0.2961,0.0,0.0,0.0,0.0,0.0,-34.0,-99.0,-14.0,1,0
42714,-3.1401,-0.9925,0.6964,0.2961,0.0,0.0,0.0,0.0,0.0,-34.0,-99.0,-14.0,1,0
42726,-3.1401,-0.994,0.6964,0.2961,0.0,0.0,0.0,0.0,0.0,-31.0,-97.0,-11.0,1,0
42739,-3.1401,-0.994,0.6964,0.2961,0.0,0.0,0.0,0.0,0.0,-36.0,-95.0,-14.0,1,0
42751,-3.1401,-0.994,0.6949,0.2961,0.0,0.0,0.0,0.0,0.0,-41.0,-98.0,-14.0,1,0
42763,-3.1401,-0.994,0.6964,0.2961,0.0,0.0,0.0,0.0,0.0,-36.0,-89.0,-14.0,1,0
42771,-3.1401,-0.9925,0.6964,0.2961,0.0,0.0,0.0,0.0,0.0,-35.0,-102.0,-14.0,1,0
42784,-3.1401,-0.994,0.6964,0.2961,0.0,0.0,0.0,0.0,0.0,-38.0,-103.0,-14.0,1,0
42796,-3.1401,-0.994,0.6964,0.2961,0.0,0.0,0.0,0.0,0.0,-32.0,-97.0,-14.0,1,0
42808,-3.1401,-0.9925,0.6964,0.2961,0.0,0.0,0.0,0.0,0.0,-36.0,-93.0,-14.0,1,0
42821,-3.1401,-0.994,0.6964,0.2961,0.0,0.0,0.0,0.0,0.0,-35.0,-98.0,-14.0,0,0
42829,-3.1401,-0.994,0.6964,0.2961,0.0,0.0,0.0,0.0,0.0,-36.0,-90.0,-14.0,0,0
42841,-3.1401,-0.994,0.6964,0.2961,0.0,0.0,0.0,0.0,0.0,-32.0,-91.0,-14.0,0,0
42853,-3.1401,-0.994,0.6964,0.2961,0.0,0.0,0.0,0.0,0.0,-34.0,-90.0,-14.0,0,0
42866,-3.1401,-0.9925,0.6949,0.2961,0.0,0.0,0.0,0.0,0.0,-33.0,-94.0,-14.0,0,0
42874,-3.1401,-0.9925,0.6949,0.2961,0.0,0.0,0.0,0.0,0.0,-33.0,-94.0,-14.0,0,0
42886,-3.1401,-0.9925,0.6964,0.2961,0.0,0.0,0.0,0.0,0.0,-34.0,-90.0,-14.0,0,0
42898,-3.1401,-0.994,0.6964,0.2961,0.0,0.0,0.0,0.0,0.0,-35.0,-89.0,-14.0,0,0
42911,-3.1401,-0.994,0.6964,0.2961,0.0,0.0,0.0,0.0,0.0,-32.0,-96.0,-14.0,0,0
42923,-3.1401,-0.994,0.6964,0.2961,0.0,0.0,0.0,0.0,0.0,-36.0,-90.0,-14.0,0,0
42931,-3.1401,-0.994,0.6964,0.2961,0.0,0.0,0.0,0.0,0.0,-35.0,-91.0,-14.0,0,0
42943,-3.1401,-0.994,0.6964,0.2961,0.0,0.0,0.0,0.0,0.0,-34.0,-92.0,-14.0,0,0
42956,-3.1401,-0.994,0.6964,0.2961,0.0,0.0,0.0,0.0,0.0,-34.0,-91.0,-14.0,0,0
42968,-3.1401,-0.994,0.6949,0.2961,0.0,0.0,0.0,0.0,0.0,-33.0,-90.0,-14.0,0,0
42980,-3.1401,-0.994,0.6964,0.2961,0.0,0.0,0.0,0.0,0.0,-35.0,-90.0,-14.0,0,0
42988,-3.1401,-0.994,0.6964,0.2961,0.0,0.0,0.0,0.0,0.0,-34.0,-90.0,-14.0,0,0
43001,-3.1401,-0.994,0.6964,0.2961,0.0,0.0,0.0,0.0,0.0,-33.0,-90.0,-14.0,0,0
43013,-3.1401,-0.9925,0.6949,0.2961,0.0,0.0,0.0,0.0,0.0,-35.0,-89.0,-14.0,0,0
43026,-3.1401,-0.994,0.6964,0.2961,0.0,0.0,0.0,0.0,0.0,-34.0,-101.0,-14.0,0,0
43038,-3.1401,-0.994,0.6964,0.2961,0.0,0.0,0.0,0.0,0.0,-38.0,-100.0,-14.0,0,0
43046,-3.1401,-0.994,0.6964,0.2961,0.0,0.0,0.0,0.0,0.0,-37.0,-94.0,-14.0,0,0
43058,-3.1401,-0.994,0.6949,0.2961,0.0,0.0,0.0,0.0,0.0,-33.0,-93.0,-14.0,0,0
43070,-3.1401,-0.994,0.6949,0.2961,0.0,0.0,0.0,0.0,0.0,-36.0,-101.0,-14.0,0,0
43083,-3.1416,-0.994,0.6949,0.2961,0.0,0.0,0.0,0.0,0.0,-36.0,-97.0,-14.0,0,0
43096,-3.1401,-0.994,0.6949,0.2961,0.0,0.0,0.0,0.0,0.0,-39.0,-101.0,-13.0,0,0
43103,-3.1401,-0.994,0.6949,0.2961,0.0,0.0,0.0,0.0,0.0,-39.0,-101.0,-13.0,0,0
43115,-3.1401,-0.994,0.6964,0.2961,0.0,0.0,0.0,0.0,0.0,-39.0,-93.0,-14.0,0,0
43128,-3.1416,-0.994,0.6964,0.2961,0.0,0.0,0.0,0.0,-1.0,-42.0,-92.0,-14.0,0,0
43140,-3.1401,-0.994,0.6964,0.2961,0.0,0.0,0.0,0.0,0.0,-41.0,-91.0,-14.0,0,0
43152,-3.1416,-0.994,0.6964,0.2961,0.0,0.0,0.0,0.0,-1.0,-40.0,-96.0,-14.0,0,0
43160,-3.1416,-0.994,0.6964,0.2961,0.0,0.0,0.0,0.0,0.0,-41.0,-91.0,-14.0,0,0
43173,-3.1401,-0.994,0.6964,0.2961,0.0,0.0,0.0,0.0,-1.0,-40.0,-93.0,-14.0,0,0
43185,-3.1401,-0.9925,0.6964,0.2961,0.0,0.0,0.0,0.0,0.0,-41.0,-91.0,-14.0,0,0
43197,-3.1416,-0.994,0.6964,0.2961,0.0,0.0,0.0,0.0,0.0,-40.0,-100.0,-14.0,0,0
43210,-3.1401,-0.9925,0.6949,0.2961,0.0,0.0,0.0,0.0,0.0,-40.0,-98.0,-14.0,0,0
43218,-3.1401,-0.994,0.6964,0.2961,0.0,0.0,0.0,0.0,0.0,-41.0,-92.0,-14.0,0,0
43230,-3.1416,-0.9925,0.6964,0.2961,0.0,0.0,0.0,0.0,0.0,-40.0,-89.0,-14.0,0,0
43242,-3.1401,-0.994,0.6964,0.2961,0.0,0.0,0.0,0.0,-1.0,-40.0,-94.0,-14.0,0,0
43255,-3.1416,-0.994,0.6949,0.2961,0.0,0.0,0.0,0.0,0.0,-43.0,-94.0,-14.0,0,0
43267,-3.1416,-0.9894,0.6918,0.2961,0.0,0.0,0.0,0.0,0.0,-90.0,-29.0,-6.0,0,0
43276,-3.1416,-0.9863,0.6903,0.2961,0.0,0.024,-0.024,0.0,0.0,-147.0,-29.0,-2.0,0,0
43287,-3.1401,-0.9817,0.6903,0.2961,0.0,0.0719,-0.0479,0.0,-1.0,-168.0,-77.0,-10.0,0,0
43300,-3.1385,-0.9771,0.6918,0.2961,0.0,0.1198,-0.0719,0.0,-10.0,-187.0,-83.0,-15.0,0,0
43312,-3.137,-0.9741,0.6918,0.2961,0.024,0.1918,-0.0719,0.0,-27.0,-209.0,-93.0,-18.0,19,1
43324,-3.137,-0.9695,0.6934,0.2961,0.0479,0.2637,-0.0479,0.0,-31.0,-229.0,-103.0,-18.0,71,1
43337,-3.137,-0.9633,0.6934,0.2961,0.0479,0.3356,0.0,0.0,-31.0,-200.0,-84.0,-15.0,79,1
43349,-3.137,-0.9649,0.6934,0.2961,0.0479,0.3356,0.0,0.0,-33.0,-176.0,-78.0,-15.0,82,1
43361,-3.137,-0.9649,0.6934,0.2961,0.0479,0.3116,0.024,0.0,-29.0,-174.0,-88.0,-15.0,88,1
43373,-3.137,-0.9649,0.6918,0.2961,0.0479,0.2397,0.024,0.0,-28.0,-172.0,-75.0,-15.0,89,1
43386,-3.137,-0.9664,0.6918,0.2961,0.024,0.1918,0.0,0.0,-28.0,-164.0,-73.0,-14.0,89,1
43398,-3.1385,-0.9695,0.6918,0.2961,0.0,0.0479,0.0,0.0,0.0,-101.0,-75.0,-14.0,80,1
43410,-3.1401,-0.9725,0.6918,0.2961,0.0,0.0,0.0,0.0,1.0,-74.0,-73.0,-14.0,73,1
43423,-3.1416,-0.9771,0.6918,0.2961,-0.024,-0.0719,0.0,0.0,8.0,-65.0,-74.0,-14.0,64,1
43435,-3.1431,-0.9802,0.6918,0.2961,-0.0479,-0.1198,0.0,0.0,0.0,-53.0,-77.0,-14.0,55,1
43447,-3.1431,-0.9848,0.6918,0.2961,-0.0719,-0.2157,0.0,0.0,8.0,-51.0,-72.0,-14.0,43,1
43464,-3.1431,-0.9863,0.6918,0.2961,-0.0959,-0.2397,0.0,0.0,0.0,-49.0,-72.0,-14.0,23,1
43472,-3.1431,-0.9894,0.6918,0.2961,-0.0719,-0.2637,0.0,0.0,0.0,-40.0,-69.0,-14.0,6,0
43484,-3.1431,-0.991,0.6918,0.2961,-0.0479,-0.2397,0.0,0.0,0.0,-34.0,-74.0,-14.0,3,0
43497,-3.1416,-0.994,0.6918,0.2961,0.0,-0.2157,0.0,0.0,0.0,-26.0,-76.0,-14.0,4,0
43509,-3.1431,-0.994,0.6918,0.2961,0.0,-0.1918,0.0,0.0,0.0,-36.0,-75.0,-15.0,3,0
43521,-3.1431,-0.9956,0.6918,0.2961,0.0,-0.1678,0.0,0.0,0.0,-36.0,-73.0,-15.0,3,0
43529,-3.1431,-0.9956,0.6918,0.2961,0.0,-0.1438,0.0,0.0,0.0,-38.0,-75.0,-15.0,3,0
43541,-3.1431,-0.9956,0.6918,0.2961,0.0,-0.1198,0.0,0.0,0.0,-40.0,-74.0,-14.0,3,0
43554,-3.1431,-0.9956,0.6918,0.2961,0.0,-0.0959,0.0,0.0,0.0,-40.0,-69.0,-14.0,3,0
43566,-3.1431,-0.9956,0.6918,0.2961,0.0,-0.0479,0.0,0.0,0.0,-44.0,-71.0,-14.0,2,0
43574,-3.1431,-0.9956,0.6918,0.2961,0.0,-0.0479,0.0,0.0,0.0,-44.0,-71.0,-14.0,2,0
43587,-3.1431,-0.9956,0.6918,0.2961,0.0,0.0,0.0,0.0,0.0,-44.0,-71.0,-14.0,2,0
43599,-3.1431,-0.9956,0.6918,0.2961,0.0,0.0,0.0,0.0,0.0,-44.0,-72.0,-14.0,2,0
43611,-3.1431,-0.9956,0.6918,0.2961,0.0,0.0,0.0,0.0,0.0,-44.0,-67.0,-14.0,2,0
43623,-3.1431,-0.9956,0.6918,0.2961,0.0,0.0,0.0,0.0,0.0,-44.0,-70.0,-14.0,2,0
43632,-3.1431,-0.9956,0.6918,0.2961,0.0,0.0,0.0,0.0,0.0,-43.0,-72.0,-14.0,2,0
43644,-3.1431,-0.9956,0.6918,0.2961,0.0,0.0,0.0,0.0,0.0,-51.0,-74.0,-14.0,2,0
43657,-3.1431,-0.9956,0.6918,0.2961,0.0,0.0,0.0,0.0,0.0,-41.0,-71.0,-14.0,1,0
43668,-3.1431,-0.9956,0.6918,0.2961,0.0,0.0,0.0,0.0,0.0,-45.0,-67.0,-14.0,1,0
43681,-3.1431,-0.9971,0.6918,0.2961,0.0,0.0,0.0,0.0,0.0,-37.0,-77.0,-14.0,1,0
43689,-3.1431,-0.9971,0.6918,0.2961,0.0,0.0,0.0,0.0,0.0,-42.0,-76.0,-14.0,1,0
43701,-3.1416,-0.9956,0.6918,0.2961,0.0,0.0,0.0,0.0,0.0,-39.0,-76.0,-14.0,1,0
43713,-3.1431,-0.9971,0.6918,0.2961,0.0,0.0,0.0,0.0,0.0,-43.0,-76.0,-14.0,1,0
43726,-3.1431,-0.9956,0.6918,0.2961,0.0,0.0,0.0,0.0,0.0,-43.0,-64.0,-14.0,1,0
43738,-3.1431,-0.9971,0.6918,0.2961,0.0,0.0,0.0,0.0,0.0,-40.0,-61.0,-14.0,1,0
43747,-3.1431,-0.9956,0.6918,0.2961,0.0,0.0,0.0,0.0,0.0,-39.0,-76.0,-14.0,0,0
43758,-3.1431,-0.9956,0.6918,0.2961,0.0,0.0,0.0,0.0,0.0,-41.0,-68.0,-14.0,1,0
43771,-3.1431,-0.9956,0.6918,0.2961,0.0,0.0,0.0,0.0,0.0,-42.0,-71.0,-14.0,1,0
43783,-3.1431,-0.9956,0.6934,0.2961,0.0,0.0,0.0,0.0,0.0,-44.0,-76.0,-14.0,0,0
43795,-3.1431,-0.9956,0.6918,0.2961,0.0,0.0,0.0,0.0,0.0,-43.0,-74.0,-14.0,0,0
43804,-3.1431,-0.9956,0.6934,0.2961,0.0,0.0,0.0,0.0,0.0,-33.0,-69.0,-14.0,0,0
43816,-3.1431,-0.9971,0.6918,0.2961,0.0,0.0,0.0,0.0,0.0,-41.0,-78.0,-14.0,0,0
43828,-3.1431,-0.9956,0.6918,0.2961,0.0,0.0,0.0,0.0,0.0,-41.0,-67.0,-14.0,0,0
43840,-3.1431,-0.9971,0.6918,0.2961,0.0,0.0,0.0,0.0,0.0,-40.0,-67.0,-14.0,0,0
43853,-3.1431,-0.9971,0.6918,0.2961,0.0,0.0,0.0,0.0,0.0,-43.0,-66.0,-14.0,0,0
43861,-3.1431,-0.9956,0.6918,0.2961,0.0,0.0,0.0,0.0,0.0,-43.0,-76.0,-14.0,0,0
43873,-3.1431,-0.9956,0.6918,0.2961,0.0,0.0,0.0,0.0,0.0,-40.0,-68.0,-14.0,0,0
43885,-3.1431,-0.9956,0.6918,0.2961,0.0,0.0,0.0,0.0,0.0,-38.0,-74.0,-14.0,0,0
43898,-3.1431,-0.9956,0.6918,0.2961,0.0,0.0,0.0,0.0,0.0,-38.0,-74.0,-14.0,0,0
43911,-3.1431,-0.9956,0.6918,0.2961,0.0,0.0,0.0,0.0,0.0,-41.0,-70.0,-14.0,0,0
43918,-3.1431,-0.9956,0.6918,0.2961,0.0,0.0,0.0,0.0,0.0,-38.0,-74.0,-14.0,0,0
43931,-3.1431,-0.9971,0.6918,0.2961,0.0,0.0,0.0,0.0,0.0,-40.0,-60.0,-14.0,0,0
43943,-3.1431,-0.9956,0.6918,0.2961,0.0,0.0,0.0,0.0,0.0,-44.0,-69.0,-14.0,0,0
43955,-3.1431,-0.9956,0.6918,0.2961,0.0,0.0,0.0,0.0,0.0,-40.0,-77.0,-14.0,0,0
43967,-3.1431,-0.9971,0.6918,0.2961,0.0,0.0,0.0,0.0,0.0,-42.0,-74.0,-14.0,0,0
43976,-3.1431,-0.9971,0.6918,0.2961,0.0,0.0,0.0,0.0,0.0,-42.0,-74.0,-14.0,0,0
43988,-3.1431,-0.9956,0.6918,0.2961,0.0,0.0,0.0,0.0,0.0,-41.0,-73.0,-14.0,0,0
44000,-3.1431,-0.9956,0.6918,0.2961,0.0,0.0,0.0,0.0,0.0,-38.0,-67.0,-14.0,0,0
44012,-3.1431,-0.9971,0.6918,0.2961,0.0,0.0,0.0,0.0,0.0,-39.0,-61.0,-14.0,0,0
44021,-3.1431,-0.9956,0.6918,0.2961,0.0,0.0,0.0,0.0,0.0,-40.0,-70.0,-14.0,0,0
44033,-3.1431,-0.9971,0.6918,0.2961,0.0,0.0,0.0,0.0,0.0,-40.0,-72.0,-16.0,0,0
44045,-3.1431,-0.9956,0.6918,0.2961,0.0,0.0,0.0,0.0,0.0,-34.0,-73.0,-14.0,0,0
44057,-3.1431,-0.9956,0.6918,0.2961,0.0,0.0,0.0,0.0,0.0,-34.0,-63.0,-14.0,0,0
44070,-3.1431,-0.9956,0.6918,0.2961,0.0,0.0,0.0,0.0,0.0,-34.0,-61.0,-14.0,0,0
44078,-3.1431,-0.9956,0.6918,0.2961,0.0,0.0,0.0,0.0,0.0,-36.0,-64.0,-14.0,0,0
44090,-3.1431,-0.9971,0.6918,0.2961,0.0,0.0,0.0,0.0,0.0,-42.0,-72.0,-14.0,0,0
44103,-3.1431,-0.9971,0.6918,0.2961,0.0,0.0,0.0,0.0,0.0,-44.0,-71.0,-14.0,0,0
44115,-3.1431,-0.9956,0.6918,0.2961,0.0,0.0,0.0,0.0,0.0,-36.0,-70.0,-14.0,0,0
44127,-3.1431,-0.9956,0.6918,0.2961,0.0,0.0,0.0,0.0,0.0,-37.0,-63.0,-14.0,0,0
44135,-3.1431,-0.9956,0.6918,0.2961,0.0,0.0,0.0,0.0,0.0,-37.0,-63.0,-14.0,0,0
44148,-3.1431,-0.9956,0.6918,0.2961,0.0,0.0,0.0,0.0,0.0,-37.0,-68.0,-14.0,0,0
44160,-3.1431,-0.9956,0.6918,0.2961,0.0,0.0,0.0,0.0,0.0,-32.0,-63.0,-14.0,0,0
44172,-3.1431,-0.9971,0.6918,0.2961,0.0,0.0,0.0,0.0,0.0,-34.0,-64.0,-17.0,0,0
44184,-3.1431,-0.9956,0.6918,0.2961,0.0,0.0,0.0,0.0,0.0,-34.0,-69.0,-14.0,0,0
44193,-3.1431,-0.9956,0.6918,0.2961,0.0,0.0,0.0,0.0,0.0,-36.0,-70.0,-14.0,0,0
44205,-3.1431,-0.9971,0.6918,0.2961,0.0,0.0,0.0,0.0,0.0,-35.0,-63.0,-14.0,0,0
44217,-3.1431,-0.9956,0.6918,0.2961,0.0,0.0,0.0,0.0,0.0,-38.0,-64.0,-14.0,0,0
44230,-3.1431,-0.9956,0.6918,0.2961,0.0,0.0,0.0,0.0,0.0,-35.0,-67.0,-14.0,0,0
44242,-3.1431,-0.9956,0.6918,0.2961,0.0,0.0,0.0,0.0,0.0,-33.0,-66.0,-14.0,0,0
44250,-3.1431,-0.9971,0.6918,0.2961,0.0,0.0,0.0,0.0,0.0,-35.0,-63.0,-14.0,0,0
44262,-3.1431,-0.9971,0.6918,0.2961,0.0,0.0,0.0,0.0,0.0,-35.0,-67.0,-14.0,0,0
44275,-3.1431,-0.9956,0.6918,0.2961,0.0,0.0,0.0,0.0,0.0,-32.0,-66.0,-14.0,0,0
44287,-3.1416,-0.9956,0.6918,0.2961,0.0,0.0,0.0,0.0,2.0,-32.0,-65.0,-14.0,0,0
44299,-3.1416,-0.9971,0.6934,0.2961,0.0,0.0,0.0,0.0,0.0,-31.0,-62.0,-14.0,0,0
44307,-3.1416,-0.9956,0.6918,0.2961,0.0,0.0,0.0,0.0,0.0,-38.0,-61.0,-14.0,0,0
44320,-3.1416,-0.9956,0.6918,0.2961,0.0,0.0,0.0,0.0,0.0,-38.0,-63.0,-14.0,0,0
44332,-3.1416,-0.9956,0.6918,0.2961,0.0,0.0,0.0,0.0,0.0,-36.0,-62.0,-14.0,0,0
44344,-3.1416,-0.9956,0.6918,0.2961,0.0,0.0,0.0,0.0,0.0,-32.0,-62.0,-14.0,0,0
44356,-3.1416,-0.9956,0.6918,0.2961,0.0,0.0,0.0,0.0,0.0,-35.0,-61.0,-14.0,1,0
44365,-3.1416,-0.9956,0.6918,0.2961,0.0,0.0,0.0,0.0,0.0,-35.0,-61.0,-14.0,0,0
44377,-3.1416,-0.9956,0.6918,0.2961,0.0,0.0,0.0,0.0,0.0,-34.0,-61.0,-14.0,0,0
44389,-3.1416,-0.9956,0.6918,0.2961,0.0,0.0,0.0,0.0,0.0,-36.0,-61.0,-14.0,0,0
44402,-3.1416,-0.9956,0.6918,0.2961,0.0,0.0,0.0,0.0,0.0,-35.0,-63.0,-13.0,0,0
44414,-3.1385,-0.9956,0.6934,0.2945,0.0,0.0,0.0,0.0,-9.0,-36.0,-67.0,-7.0,0,0
44422,-3.137,-0.9971,0.6934,0.2961,0.024,0.0,0.0,0.0,-13.0,-34.0,-103.0,-14.0,0,0
44435,-3.1401,-0.9971,0.6964,0.2961,0.024,0.0,0.024,0.0,6.0,-35.0,-128.0,-14.0,0,0
44447,-3.1462,-0.9956,0.7041,0.2961,0.0,0.0,0.0959,0.0,25.0,-36.0,-155.0,-14.0,0,0
44459,-3.1447,-0.9956,0.7056,0.2961,-0.024,0.0,0.1198,0.0,15.0,-39.0,-164.0,-14.0,21,1
44471,-3.1431,-0.9956,0.7072,0.2961,-0.024,0.0,0.1678,0.0,0.0,-38.0,-173.0,-14.0,31,1
44483,-3.1431,-0.9956,0.7102,0.2961,-0.0479,0.0,0.1918,0.0,0.0,-38.0,-168.0,-12.0,31,1
44496,-3.1431,-0.9956,0.7118,0.2961,-0.0479,0.0,0.2157,0.0,8.0,-38.0,-158.0,-14.0,40,1
44508,-3.1431,-0.9956,0.7118,0.2961,0.0,0.0,0.1918,0.0,7.0,-39.0,-183.0,-14.0,46,1
44521,-3.1431,-0.9956,0.7118,0.2961,0.0,0.0,0.1678,0.0,9.0,-39.0,-179.0,-14.0,49,1
44533,-3.1416,-0.9956,0.7118,0.2961,0.0,0.0,0.1438,0.0,5.0,-39.0,-183.0,-14.0,49,1
44545,-3.1431,-0.9956,0.7118,0.2961,0.0,0.0,0.0959,0.0,11.0,-42.0,-175.0,-14.0,51,1
44557,-3.1431,-0.9956,0.7118,0.2961,0.0,0.0,0.0479,0.0,7.0,-41.0,-174.0,-14.0,56,1
44569,-3.1416,-0.9956,0.7118,0.2961,0.0,0.0,0.024,0.0,0.0,-41.0,-178.0,-14.0,60,1
44582,-3.1416,-0.9956,0.7118,0.2961,0.0,0.0,0.0,0.0,3.0,-41.0,-182.0,-14.0,63,1
44594,-3.1416,-0.9956,0.7118,0.2961,0.0,0.0,0.0,0.0,0.0,-41.0,-181.0,-14.0,66,1
44610,-3.1416,-0.9956,0.7118,0.2961,0.0,0.0,0.0,0.0,0.0,-41.0,-183.0,-12.0,68,1
44623,-3.1416,-0.9956,0.7118,0.2961,0.0,0.0,0.0,0.0,0.0,-41.0,-172.0,-14.0,67,1
44635,-3.1416,-0.9956,0.7118,0.2961,0.0,0.0,0.0,0.0,0.0,-41.0,-152.0,-14.0,69,1
44647,-3.1416,-0.9956,0.7102,0.2961,0.0,0.0,0.0,0.0,0.0,-39.0,-120.0,-14.0,65,1
44660,-3.1416,-0.9971,0.7072,0.2961,0.0,0.0,-0.024,0.0,0.0,-30.0,-100.0,-12.0,61,1
44672,-3.1416,-0.9971,0.7056,0.2961,0.0,0.0,-0.0479,0.0,0.0,-18.0,-94.0,-14.0,52,1
44684,-3.1416,-0.9971,0.7041,0.2961,0.0,0.0,-0.0719,0.0,0.0,-16.0,-87.0,-14.0,39,1
44697,-3.1416,-0.9986,0.701,0.2961,0.0,-0.024,-0.1198,0.0,0.0,-27.0,-94.0,-13.0,23,1
44709,-3.1416,-0.9971,0.701,0.2961,0.0,-0.024,-0.1198,0.0,0.0,-22.0,-94.0,-13.0,8,0
44717,-3.1416,-0.9971,0.701,0.2961,0.0,-0.024,-0.1198,0.0,0.0,-24.0,-104.0,-14.0,5,0
44729,-3.1416,-0.9971,0.701,0.2961,0.0,-0.024,-0.1198,0.0,0.0,-26.0,-103.0,-14.0,0,0
44742,-3.1416,-0.9986,0.701,0.2961,0.0,-0.024,-0.0959,0.0,0.0,-28.0,-108.0,-14.0,0,0
44754,-3.1401,-0.9971,0.701,0.2961,0.0,0.0,-0.0719,0.0,0.0,-28.0,-111.0,-14.0,0,0
44767,-3.1401,-0.9986,0.701,0.2961,0.0,0.0,-0.024,0.0,0.0,-27.0,-108.0,-14.0,0,0
44774,-3.1401,-0.9986,0.701,0.2961,0.0,0.0,-0.024,0.0,0.0,-27.0,-108.0,-14.0,0,0
44787,-3.1401,-0.9986,0.6995,0.2961,0.0,0.0,0.0,0.0,0.0,-26.0,-103.0,-14.0,0,0
44799,-3.1401,-0.9971,0.701,0.2961,0.0,0.0,0.0,0.0,0.0,-25.0,-102.0,-13.0,0,0
44811,-3.1401,-0.9971,0.701,0.2961,0.0,0.0,0.0,0.0,0.0,-23.0,-106.0,-14.0,0,0
44823,-3.1401,-0.9986,0.6995,0.2961,0.0,0.0,0.0,0.0,0.0,-20.0,-108.0,-14.0,0,0
44832,-3.1416,-0.9971,0.6995,0.2961,0.0,0.0,0.0,0.0,0.0,-21.0,-104.0,-14.0,0,0
44844,-3.1416,-0.9986,0.6995,0.2961,0.0,0.0,0.0,0.0,0.0,-21.0,-109.0,-14.0,0,0
44857,-3.1416,-0.9971,0.701,0.2961,0.0,0.0,0.0,0.0,0.0,-21.0,-110.0,-14.0,0,0
44868,-3.1416,-0.9986,0.701,0.2961,0.0,0.0,0.0,0.0,0.0,-20.0,-101.0,-14.0,0,0
44881,-3.1416,-0.9971,0.6995,0.2961,0.0,0.0,0.0,0.0,0.0,-22.0,-106.0,-14.0,0,0
44889,-3.1416,-0.9986,0.701,0.2961,0.0,0.0,0.0,0.0,0.0,-19.0,-102.0,-13.0,0,0
44901,-3.1416,-0.9971,0.6995,0.2961,0.0,0.0,0.0,0.0,0.0,-20.0,-102.0,-14.0,0,0
44914,-3.1416,-0.9971,0.701,0.2945,0.0,0.0,0.0,0.0,0.0,-18.0,-106.0,-14.0,0,0
44926,-3.1416,-0.9986,0.6995,0.2961,0.0,0.0,0.0,0.0,0.0,-21.0,-104.0,-14.0,0,0
44938,-3.1416,-0.9971,0.701,0.2961,0.0,0.0,0.0,0.0,0.0,-22.0,-103.0,-14.0,0,0
44947,-3.1416,-0.9986,0.701,0.2961,0.0,0.0,0.0,0.0,0.0,-21.0,-106.0,-14.0,0,0
44959,-3.1416,-0.9971,0.701,0.2961,0.0,0.0,0.0,0.0,0.0,-20.0,-111.0,-11.0,0,0
44971,-3.1401,-0.9986,0.701,0.2961,0.0,0.0,0.0,0.0,0.0,-20.0,-109.0,-14.0,0,0
44983,-3.1416,-0.9986,0.701,0.2961,0.0,0.0,0.0,0.0,0.0,-20.0,-104.0,-14.0,0,0
44995,-3.1416,-0.9986,0.701,0.2961,0.0,0.0,0.0,0.0,0.0,-17.0,-105.0,-14.0,0,0
45004,-3.1416,-0.9986,0.6995,0.2961,0.0,0.0,0.0,0.0,0.0,-17.0,-105.0,-14.0,0,0
45017,-3.1416,-0.9986,0.701,0.2961,0.0,0.0,0.0,0.0,0.0,-20.0,-105.0,-14.0,0,0
45028,-3.1416,-0.9971,0.6995,0.2961,0.0,0.0,0.0,0.0,0.0,-18.0,-104.0,-14.0,0,0
45040,-3.1416,-0.9986,0.701,0.2961,0.0,0.0,0.0,0.0,0.0,-18.0,-106.0,-14.0,0,0
45053,-3.1416,-0.9986,0.6995,0.2961,0.0,0.0,0.0,0.0,0.0,-14.0,-103.0,-14.0,0,0
45061,-3.1416,-0.9986,0.701,0.2961,0.0,0.0,0.0,0.0,0.0,-14.0,-109.0,-14.0,0,0
45073,-3.1416,-0.9986,0.701,0.2961,0.0,0.0,0.0,0.0,0.0,-22.0,-109.0,-14.0,0,0
45086,-3.1416,-0.9986,0.701,0.2961,0.0,0.0,0.0,0.0,0.0,-17.0,-105.0,-14.0,0,0
45098,-3.1416,-0.9986,0.701,0.2961,0.0,0.0,0.0,0.0,0.0,-18.0,-103.0,-14.0,0,0
45107,-3.1416,-0.9986,0.701,0.2961,0.0,0.0,0.0,0.0,0.0,-19.0,-107.0,-14.0,0,0
45118,-3.1416,-0.9986,0.701,0.2961,0.0,0.0,0.0,0.0,0.0,-18.0,-104.0,-14.0,0,0
45131,-3.1416,-0.9986,0.6995,0.2961,0.0,0.0,0.0,0.0,0.0,-14.0,-102.0,-14.0,0,0
45143,-3.1416,-0.9971,0.701,0.2961,0.0,0.0,0.0,0.0,0.0,-21.0,-108.0,-13.0,0,0
45155,-3.1416,-0.9986,0.701,0.2961,0.0,0.0,0.0,0.0,0.0,-17.0,-108.0,-14.0,0,0
45163,-3.1416,-0.9986,0.701,0.2961,0.0,0.0,0.0,0.0,0.0,-14.0,-107.0,-14.0,0,0
45176,-3.1416,-0.9986,0.701,0.2961,0.0,0.0,0.0,0.0,0.0,-17.0,-108.0,-14.0,0,0
45188,-3.1401,-0.9986,0.701,0.2961,0.0,0.0,0.0,0.0,0.0,-17.0,-108.0,-15.0,0,0
45200,-3.1416,-0.9971,0.701,0.2961,0.0,0.0,0.0,0.0,0.0,-16.0,-109.0,-15.0,0,0
45213,-3.1401,-0.9986,0.701,0.2961,0.0,0.0,0.0,0.0,0.0,-17.0,-104.0,-14.0,0,0
45221,-3.1416,-0.9971,0.6995,0.2961,0.0,0.0,0.0,0.0,0.0,-18.0,-103.0,-14.0,0,0
45233,-3.1401,-0.9986,0.701,0.2961,0.0,0.0,0.0,0.0,0.0,-18.0,-104.0,-14.0,0,0
45245,-3.1416,-0.9986,0.6995,0.2961,0.0,0.0,0.0,0.0,0.0,-23.0,-104.0,-15.0,0,0
45258,-3.1416,-0.9971,0.701,0.2961,0.0,0.0,0.0,0.0,0.0,-22.0,-108.0,-14.0,0,0
45270,-3.1416,-0.9986,0.701,0.2961,0.0,0.0,0.0,0.0,0.0,-15.0,-104.0,-14.0,0,0
45278,-3.1416,-0.9971,0.6995,0.2961,0.0,0.0,0.0,0.0,0.0,-21.0,-107.0,-13.0,0,0
45290,-3.1416,-0.9986,0.6995,0.2961,0.0,0.0,0.0,0.0,0.0,-17.0,-110.0,-14.0,0,0
45303,-3.1401,-0.9971,0.701,0.2961,0.0,0.0,0.0,0.0,0.0,-21.0,-110.0,-14.0,0,0
45315,-3.1401,-0.9986,0.701,0.2961,0.0,0.0,0.0,0.0,0.0,-19.0,-109.0,-13.0,0,0
45327,-3.1416,-0.9986,0.6995,0.2961,0.0,0.0,0.0,0.0,0.0,-16.0,-104.0,-12.0,0,0
45335,-3.1416,-0.9986,0.6995,0.2961,0.0,0.0,0.0,0.0,0.0,-16.0,-104.0,-12.0,0,0
45348,-3.1416,-0.9986,0.701,0.2961,0.0,0.0,0.0,0.0,0.0,-22.0,-115.0,-14.0,0,0
45361,-3.1416,-0.9986,0.701,0.2961,0.0,0.0,0.0,0.0,0.0,-20.0,-108.0,-14.0,0,0
45373,-3.1416,-0.9986,0.701,0.2961,0.0,0.0,0.0,0.0,0.0,-18.0,-112.0,-14.0,0,0
45385,-3.1416,-0.9971,0.701,0.2961,0.0,0.0,0.0,0.0,0.0,-18.0,-111.0,-14.0,0,0
45393,-3.1416,-0.9986,0.701,0.2961,0.0,0.0,0.0,0.0,0.0,-17.0,-108.0,-14.0,0,0
45406,-3.1416,-0.9971,0.6995,0.2961,0.0,0.0,0.0,0.0,0.0,-21.0,-114.0,-14.0,0,0
45417,-3.1416,-0.9986,0.701,0.2961,0.0,0.0,0.0,0.0,0.0,-20.0,-113.0,-14.0,0,0
45430,-3.1416,-0.9986,0.701,0.2961,0.0,0.0,0.0,0.0,0.0,-20.0,-107.0,-12.0,0,0
45442,-3.1416,-0.9971,0.6995,0.2961,0.0,0.0,0.0,0.0,0.0,-20.0,-109.0,-14.0,0,0
45451,-3.1416,-0.9986,0.701,0.2961,0.0,0.0,0.0,0.0,0.0,-17.0,-107.0,-14.0,0,0
45463,-3.1416,-0.9986,0.701,0.2961,0.0,0.0,0.0,0.0,0.0,-20.0,-108.0,-14.0,0,0
45475,-3.1416,-0.9986,0.6995,0.2961,0.0,0.0,0.0,0.0,0.0,-20.0,-106.0,-14.0,0,0
45487,-3.1416,-0.9986,0.701,0.2945,0.0,0.0,0.0,0.0,0.0,-23.0,-112.0,-13.0,0,0
45499,-3.1416,-0.9971,0.701,0.2961,0.0,0.0,0.0,0.0,0.0,-19.0,-104.0,-14.0,0,0
45507,-3.1416,-0.9986,0.701,0.2961,0.0,0.0,0.0,0.0,0.0,-20.0,-108.0,-14.0,0,0
45520,-3.1431,-0.9971,0.7026,0.2961,0.0,0.0,0.0,0.0,1.0,-19.0,-113.0,-14.0,0,0
45532,-3.1462,-0.9986,0.701,0.2961,0.0,0.0,0.0,0.0,44.0,-21.0,-116.0,-15.0,0,0
45544,-3.1477,-0.9986,0.701,0.2961,-0.0479,0.0,0.0,0.0,58.0,-20.0,-106.0,-15.0,0,0
45552,-3.1477,-0.9986,0.701,0.2961,-0.0479,0.0,0.0,0.0,47.0,-16.0,-111.0,-15.0,8,0
45569,-3.1477,-1.0002,0.6995,0.2961,-0.0719,0.0,0.0,0.0,37.0,0.0,-85.0,-13.0,18,1
45581,-3.1477,-1.0017,0.698,0.2961,-0.0719,0.0,0.0,0.0,39.0,0.0,-75.0,-13.0,32,1
45593,-3.1462,-1.0017,0.6964,0.2961,-0.0719,-0.024,-0.024,0.0,35.0,0.0,-88.0,-14.0,33,1
45606,-3.1462,-1.0017,0.6964,0.2945,-0.024,-0.024,-0.0479,0.0,22.0,0.0,-93.0,-13.0,41,1
45618,-3.1447,-1.0017,0.6964,0.2961,0.0,-0.024,-0.0479,0.0,9.0,0.0,-96.0,-14.0,38,1
45630,-3.1431,-0.9986,0.6964,0.2961,0.024,-0.024,-0.0479,0.0,9.0,-11.0,-94.0,-12.0,33,1
45643,-3.1431,-0.9986,0.698,0.2961,0.0479,0.0,-0.024,0.0,4.0,-10.0,-98.0,-14.0,24,1
45655,-3.1416,-0.9986,0.6964,0.2961,0.0479,0.0,0.0,0.0,-3.0,-10.0,-94.0,-16.0,9,0
45664,-3.1401,-1.0002,0.6964,0.2961,0.0719,0.024,0.0,0.0,0.0,-13.0,-94.0,-15.0,9,0
45675,-3.1385,-0.9986,0.6964,0.2961,0.0719,0.024,0.0,0.0,-9.0,-9.0,-96.0,-15.0,4,0
45688,-3.137,-0.9986,0.6964,0.2961,0.0959,0.024,0.0,0.0,-14.0,-11.0,-89.0,-14.0,6,0
45700,-3.137,-0.9986,0.6964,0.2961,0.0959,0.0,0.0,0.0,-5.0,-11.0,-89.0,-14.0,0,0
45712,-3.1401,-0.9986,0.6964,0.2961,0.0719,0.0,0.0,0.0,8.0,-7.0,-92.0,-14.0,0,0
45720,-3.1416,-0.9986,0.698,0.2961,0.0479,0.0,0.0,0.0,0.0,-7.0,-90.0,-14.0,0,0
45733,-3.1431,-0.9986,0.698,0.2961,0.0,0.0,0.0,0.0,7.0,-10.0,-99.0,-13.0,0,0
45746,-3.1447,-0.9986,0.6964,0.2961,0.0,0.0,0.0,0.0,8.0,-8.0,-98.0,-14.0,0,0
45758,-3.1447,-1.0002,0.698,0.2961,-0.0719,0.0,0.0,0.0,9.0,-7.0,-91.0,-14.0,0,0
45770,-3.1431,-0.9986,0.698,0.2961,-0.0719,0.0,0.0,0.0,0.0,-10.0,-92.0,-14.0,0,0
45778,-3.1416,-0.9986,0.698,0.2961,-0.0479,0.0,0.0,0.0,-3.0,-7.0,-93.0,-14.0,0,0
45791,-3.1401,-0.9986,0.698,0.2961,-0.024,0.0,0.0,0.0,0.0,-9.0,-94.0,-14.0,0,0
45803,-3.1385,-0.9986,0.6964,0.2961,0.0,0.0,0.0,0.0,-8.0,-9.0,-94.0,-14.0,0,0
45815,-3.1385,-1.0002,0.698,0.2961,0.024,0.0,0.0,0.0,-1.0,-9.0,-89.0,-14.0,0,0
45827,-3.1385,-0.9986,0.6964,0.2961,0.0719,0.0,0.0,0.0,0.0,-7.0,-94.0,-13.0,0,0
45836,-3.1385,-0.9986,0.6964,0.2961,0.0719,0.0,0.0,0.0,0.0,-7.0,-94.0,-13.0,0,0
45848,-3.1416,-0.9986,0.698,0.2961,0.024,0.0,0.0,0.0,0.0,-7.0,-94.0,-14.0,0,0
45860,-3.1431,-1.0002,0.6964,0.2961,0.0,0.0,0.0,0.0,3.0,-6.0,-91.0,-14.0,0,0
45873,-3.1431,-0.9986,0.6964,0.2961,-0.024,0.0,0.0,0.0,3.0,-6.0,-95.0,-15.0,0,0
45885,-3.1431,-0.9986,0.698,0.2961,-0.0479,0.0,0.0,0.0,6.0,-6.0,-96.0,-14.0,0,0
45893,-3.1431,-0.9986,0.6964,0.2961,-0.0479,0.0,0.0,0.0,3.0,-7.0,-91.0,-14.0,0,0
45905,-3.1416,-0.9986,0.6964,0.2961,-0.0479,0.0,0.0,0.0,1.0,-6.0,-99.0,-14.0,0,0
45918,-3.1401,-0.9986,0.6964,0.2961,0.0,0.0,0.0,0.0,0.0,-9.0,-94.0,-14.0,0,0
45930,-3.1401,-0.9986,0.698,0.2961,0.0,0.0,0.0,0.0,0.0,-7.0,-92.0,-14.0,0,0
45942,-3.1385,-0.9986,0.6964,0.2961,0.024,0.0,0.0,0.0,0.0,-7.0,-94.0,-14.0,0,0
45950,-3.1385,-0.9986,0.6964,0.2945,0.0479,0.0,0.0,0.0,0.0,-6.0,-95.0,-14.0,0,0
45962,-3.1401,-1.0002,0.6964,0.2961,0.0479,0.0,0.0,0.0,0.0,-8.0,-89.0,-14.0,0,0
45975,-3.1401,-1.0002,0.6964,0.2961,0.0479,0.0,0.0,0.0,2.0,-6.0,-95.0,-14.0,0,0
45987,-3.1416,-0.9986,0.6964,0.2961,0.0,0.0,0.0,0.0,0.0,-9.0,-91.0,-14.0,0,0
45995,-3.1416,-0.9986,0.6964,0.2961,0.0,0.0,0.0,0.0,0.0,-9.0,-91.0,-14.0,0,0
46008,-3.1431,-0.9986,0.698,0.2961,-0.024,0.0,0.0,0.0,0.0,-8.0,-91.0,-14.0,0,0
46020,-3.1431,-0.9986,0.6964,0.2961,-0.0479,0.0,0.0,0.0,4.0,-7.0,-92.0,-14.0,0,0
46032,-3.1416,-0.9986,0.6964,0.2961,-0.0479,0.0,0.0,0.0,0.0,-9.0,-92.0,-14.0,0,0
46045,-3.1416,-0.9986,0.698,0.2961,-0.024,0.0,0.0,0.0,0.0,-7.0,-95.0,-14.0,0,0
46053,-3.1416,-0.9986,0.6964,0.2961,-0.024,0.0,0.0,0.0,0.0,-10.0,-94.0,-15.0,0,0
46065,-3.1416,-1.0002,0.6964,0.2961,0.0,0.0,0.0,0.0,0.0,-9.0,-90.0,-14.0,0,0
46077,-3.1416,-0.9986,0.6964,0.2961,0.0,0.0,0.0,0.0,0.0,-7.0,-93.0,-14.0,0,0
46090,-3.1416,-1.0002,0.6964,0.2961,0.0,0.0,0.0,0.0,0.0,-8.0,-90.0,-14.0,0,0
46102,-3.1416,-0.9986,0.6964,0.2961,0.0,0.0,0.0,0.0,0.0,-5.0,-93.0,-14.0,0,0
46110,-3.1416,-0.9986,0.6964,0.2961,0.0,0.0,0.0,0.0,0.0,-7.0,-92.0,-14.0,0,0
46122,-3.1416,-0.9986,0.6964,0.2961,0.0,0.0,0.0,0.0,0.0,-7.0,-91.0,-14.0,0,0
46135,-3.1416,-0.9986,0.698,0.2961,0.0,0.0,0.0,0.0,0.0,-7.0,-91.0,-14.0,0,0
46147,-3.1416,-0.9986,0.6964,0.2961,0.0,0.0,0.0,0.0,0.0,-6.0,-92.0,-14.0,0,0
46159,-3.1416,-1.0002,0.6964,0.2961,0.0,0.0,0.0,0.0,0.0,-4.0,-89.0,-14.0,0,0
46167,-3.1416,-0.9986,0.698,0.2961,0.0,0.0,0.0,0.0,0.0,-5.0,-90.0,-14.0,0,0
46180,-3.1416,-0.9986,0.6964,0.2961,0.0,0.0,0.0,0.0,0.0,-5.0,-89.0,-14.0,0,0
46192,-3.1416,-0.9986,0.6964,0.2961,0.0,0.0,0.0,0.0,0.0,-4.0,-90.0,-14.0,0,0
46204,-3.1416,-0.9986,0.6964,0.2961,0.0,0.0,0.0,0.0,0.0,-5.0,-93.0,-14.0,0,0
46217,-3.1416,-0.9986,0.6964,0.2961,0.0,0.0,0.0,0.0,0.0,-5.0,-89.0,-14.0,0,0
46225,-3.1416,-0.9986,0.6964,0.2961,0.0,0.0,0.0,0.0,0.0,-5.0,-89.0,-14.0,0,0
46237,-3.1416,-0.9986,0.6964,0.2961,0.0,0.0,0.0,0.0,0.0,-6.0,-89.0,-14.0,0,0
46249,-3.1416,-0.9986,0.6964,0.2961,0.0,0.0,0.0,0.0,0.0,-5.0,-92.0,-14.0,0,0
46262,-3.1416,-0.9986,0.6964,0.2961,0.0,0.0,0.0,0.0,0.0,-6.0,-97.0,-14.0,0,0
46274,-3.1416,-0.9986,0.698,0.2961,0.0,0.0,0.0,0.0,0.0,-4.0,-92.0,-14.0,0,0
46282,-3.1416,-0.9986,0.6964,0.2961,0.0,0.0,0.0,0.0,0.0,-3.0,-92.0,-14.0,0,0
46294,-3.1416,-1.0002,0.6964,0.2961,0.0,0.0,0.0,0.0,0.0,-3.0,-93.0,-14.0,0,0
46307,-3.1416,-0.9986,0.698,0.2961,0.0,0.0,0.0,0.0,0.0,-2.0,-93.0,-14.0,0,0
46319,-3.1416,-0.9986,0.698,0.2961,0.0,0.0,0.0,0.0,0.0,-1.0,-95.0,-14.0,0,0
46331,-3.1416,-1.0002,0.6964,0.2961,0.0,0.0,0.0,0.0,0.0,-1.0,-94.0,-14.0,0,0
46339,-3.1416,-0.9986,0.6964,0.2961,0.0,0.0,0.0,0.0,0.0,-1.0,-91.0,-14.0,0,0
46352,-3.1416,-0.9986,0.698,0.2961,0.0,0.0,0.0,0.0,0.0,-1.0,-89.0,-14.0,0,0
46364,-3.1416,-0.9986,0.698,0.2961,0.0,0.0,0.0,0.0,0.0,-1.0,-95.0,-14.0,0,0
46376,-3.1416,-0.9986,0.698,0.2961,0.0,0.0,0.0,0.0,0.0,-1.0,-90.0,-14.0,0,0
46385,-3.1416,-0.9986,0.6964,0.2961,0.0,0.0,0.0,0.0,0.0,-1.0,-90.0,-14.0,0,0
46397,-3.1416,-0.9986,0.6964,0.2961,0.0,0.0,0.0,0.0,0.0,-1.0,-89.0,-14.0,0,0
46409,-3.1416,-0.9986,0.6964,0.2961,0.0,0.0,0.0,0.0,0.0,-1.0,-91.0,-14.0,0,0
46421,-3.1416,-0.9986,0.6964,0.2961,0.0,0.0,0.0,0.0,0.0,-1.0,-90.0,-14.0,0,0
46433,-3.1416,-0.9986,0.6964,0.2961,0.0,0.0,0.0,0.0,0.0,-1.0,-93.0,-13.0,0,0
46442,-3.1416,-0.9986,0.6964,0.2961,0.0,0.0,0.0,0.0,0.0,-1.0,-90.0,-14.0,0,0
46454,-3.1416,-0.9986,0.6964,0.2961,0.0,0.0,0.0,0.0,0.0,-1.0,-91.0,-14.0,0,0
46466,-3.1416,-0.9986,0.698,0.2961,0.0,0.0,0.0,0.0,0.0,-1.0,-95.0,-14.0,0,0
46479,-3.1416,-0.9986,0.6964,0.2961,0.0,0.0,0.0,0.0,0.0,-1.0,-94.0,-14.0,0,0
46491,-3.1401,-1.0002,0.6964,0.2961,0.0,0.0,0.0,0.0,0.0,-1.0,-89.0,-14.0,0,0
46499,-3.1416,-0.9986,0.6964,0.2961,0.0,0.0,0.0,0.0,0.0,-1.0,-97.0,-14.0,0,0
46512,-3.1416,-0.9986,0.6964,0.2961,0.0,0.0,0.0,0.0,0.0,-1.0,-91.0,-14.0,0,0
46524,-3.1416,-0.9986,0.6964,0.2961,0.0,0.0,0.0,0.0,0.0,-1.0,-96.0,-14.0,0,0
46536,-3.1416,-0.9986,0.6964,0.2961,0.0,0.0,0.0,0.0,0.0,-1.0,-89.0,-14.0,0,0
46548,-3.1416,-0.9986,0.6964,0.2961,0.0,0.0,0.0,0.0,0.0,-1.0,-89.0,-14.0,0,0
46557,-3.1416,-0.9986,0.6964,0.2961,0.0,0.0,0.0,0.0,0.0,-1.0,-89.0,-14.0,0,0
46569,-3.1416,-0.9986,0.6964,0.2961,0.0,0.0,0.0,0.0,0.0,-1.0,-89.0,-14.0,0,0
46581,-3.1416,-0.9986,0.6964,0.2961,0.0,0.0,0.0,0.0,0.0,-1.0,-90.0,-14.0,0,0
46593,-3.1416,-0.9986,0.6964,0.2961,0.0,0.0,0.0,0.0,0.0,-1.0,-96.0,-14.0,0,0
46605,-3.1416,-0.9986,0.6964,0.2961,0.0,0.0,0.0,0.0,0.0,-1.0,-93.0,-14.0,0,0
46614,-3.1416,-0.9986,0.6964,0.2961,0.0,0.0,0.0,0.0,0.0,0.0,-93.0,-11.0,0,0
46626,-3.1416,-0.9986,0.6964,0.2961,0.0,0.0,0.0,0.0,0.0,0.0,-91.0,-14.0,0,0
46638,-3.1416,-0.9986,0.6964,0.2961,0.0,0.0,0.0,0.0,0.0,0.0,-91.0,-14.0,0,0
46651,-3.1416,-0.9986,0.6964,0.2961,0.0,0.0,0.0,0.0,0.0,0.0,-89.0,-14.0,0,0
46663,-3.1416,-0.9986,0.6964,0.2961,0.0,0.0,0.0,0.0,0.0,0.0,-89.0,-14.0,0,0
46671,-3.1416,-0.9986,0.6964,0.2961,0.0,0.0,0.0,0.0,0.0,0.0,-90.0,-15.0,0,0
46684,-3.1416,-0.9986,0.698,0.2961,0.0,0.0,0.0,0.0,0.0,0.0,-90.0,-15.0,0,0
46696,-3.1416,-0.9986,0.6964,0.2961,0.0,0.0,0.0,0.0,2.0,0.0,-94.0,-14.0,0,0
46708,-3.1416,-0.9986,0.6964,0.2961,0.0,0.0,0.0,0.0,0.0,0.0,-92.0,-14.0,0,0
46720,-3.1416,-1.0002,0.6964,0.2961,0.0,0.0,0.0,0.0,0.0,0.0,-89.0,-14.0,0,0
46729,-3.1416,-0.9986,0.6964,0.2961,0.0,0.0,0.0,0.0,0.0,0.0,-93.0,-14.0,0,0
46741,-3.1416,-0.9986,0.6964,0.2961,0.0,0.0,0.0,0.0,0.0,0.0,-91.0,-14.0,0,0
46753,-3.1416,-0.9986,0.6964,0.2961,0.0,0.0,0.0,0.0,0.0,0.0,-90.0,-14.0,0,0
46765,-3.1416,-0.9986,0.6964,0.2961,0.0,0.0,0.0,0.0,0.0,0.0,-92.0,-14.0,0,0
46778,-3.1416,-0.9986,0.6964,0.2961,0.0,0.0,0.0,0.0,0.0,0.0,-91.0,-11.0,0,0
46786,-3.1416,-0.9986,0.6964,0.2961,0.0,0.0,0.0,0.0,0.0,0.0,-91.0,-11.0,0,0
46798,-3.1416,-0.9986,0.6964,0.2961,0.0,0.0,0.0,0.0,0.0,0.0,-93.0,-14.0,0,0
46811,-3.1416,-0.9986,0.6964,0.2961,0.0,0.0,0.0,0.0,0.0,0.0,-91.0,-14.0,0,0
46823,-3.1416,-0.9986,0.6964,0.2961,0.0,0.0,0.0,0.0,0.0,0.0,-90.0,-16.0,0,0
46831,-3.1416,-0.9986,0.6964,0.2961,0.0,0.0,0.0,0.0,0.0,0.0,-91.0,-15.0,0,0
46843,-3.1416,-0.9986,0.6964,0.2961,0.0,0.0,0.0,0.0,0.0,0.0,-89.0,-15.0,0,0
46856,-3.1416,-0.9986,0.6964,0.2961,0.0,0.0,0.0,0.0,0.0,0.0,-90.0,-15.0,0,0
46868,-3.1416,-0.9986,0.6964,0.2961,0.0,0.0,0.0,0.0,0.0,0.0,-93.0,-15.0,0,0
46880,-3.1416,-0.9986,0.6964,0.2961,0.0,0.0,0.0,0.0,0.0,0.0,-93.0,-15.0,0,0
46888,-3.1416,-0.9986,0.698,0.2961,0.0,0.0,0.0,0.0,0.0,0.0,-92.0,-15.0,0,0
46901,-3.1416,-0.9986,0.6964,0.2961,0.0,0.0,0.0,0.0,0.0,0.0,-90.0,-15.0,0,0
46913,-3.1416,-0.9986,0.6964,0.2961,0.0,0.0,0.0,0.0,0.0,0.0,-91.0,-12.0,0,0
46925,-3.1416,-0.9986,0.6964,0.2961,0.0,0.0,0.0,0.0,0.0,0.0,-90.0,-14.0,0,0
46937,-3.1416,-0.9986,0.6964,0.2961,0.0,0.0,0.0,0.0,0.0,0.0,-91.0,-14.0,0,0
46946,-3.1416,-0.9986,0.6964,0.2961,0.0,0.0,0.0,0.0,0.0,0.0,-91.0,-14.0,0,0
46958,-3.1416,-0.9986,0.6964,0.2961,0.0,0.0,0.0,0.0,0.0,0.0,-90.0,-14.0,0,0
46970,-3.1416,-0.9986,0.6964,0.2961,0.0,0.0,0.0,0.0,0.0,0.0,-90.0,-14.0,0,0
46983,-3.1416,-0.9986,0.6964,0.2961,0.0,0.0,0.0,0.0,0.0,0.0,-89.0,-14.0,0,0
46995,-3.1416,-0.9986,0.6964,0.2961,0.0,0.0,0.0,0.0,0.0,0.0,-92.0,-14.0,0,0
47003,-3.1416,-0.9986,0.6964,0.2961,0.0,0.0,0.0,0.0,0.0,0.0,-90.0,-14.0,0,0
47015,-3.1416,-0.9986,0.6964,0.2961,0.0,0.0,0.0,0.0,0.0,0.0,-89.0,-14.0,0,0
47028,-3.1416,-0.9986,0.698,0.2961,0.0,0.0,0.0,0.0,0.0,0.0,-90.0,-14.0,0,0
47040,-3.1416,-0.9986,0.698,0.2961,0.0,0.0,0.0,0.0,0.0,0.0,-89.0,-14.0,0,0
47052,-3.1416,-0.9986,0.6964,0.2961,0.0,0.0,0.0,0.0,0.0,0.0,-89.0,-14.0,0,0
47060,-3.1416,-0.9986,0.6964,0.2961,0.0,0.0,0.0,0.0,0.0,0.0,-91.0,-14.0,0,0
47073,-3.1416,-0.9986,0.6964,0.2961,0.0,0.0,0.0,0.0,0.0,0.0,-89.0,-14.0,0,0
47085,-3.1416,-0.9986,0.6964,0.2961,0.0,0.0,0.0,0.0,0.0,0.0,-88.0,-14.0,0,0
47097,-3.1416,-0.9986,0.6964,0.2961,0.0,0.0,0.0,0.0,0.0,0.0,-88.0,-14.0,0,0
47110,-3.1416,-0.9986,0.6964,0.2961,0.0,0.0,0.0,0.0,0.0,0.0,-91.0,-14.0,0,0
47118,-3.1416,-0.9986,0.698,0.2961,0.0,0.0,0.0,0.0,0.0,0.0,-88.0,-14.0,0,0
47130,-3.1416,-0.9986,0.6964,0.2961,0.0,0.0,0.0,0.0,0.0,0.0,-91.0,-14.0,0,0
47142,-3.1416,-0.9986,0.6964,0.2961,0.0,0.0,0.0,0.0,0.0,0.0,-92.0,-14.0,0,0
47155,-3.1416,-0.9986,0.6964,0.2961,0.0,0.0,0.0,0.0,0.0,0.0,-89.0,-14.0,0,0
47167,-3.1416,-0.9986,0.6964,0.2961,0.0,0.0,0.0,0.0,0.0,0.0,-89.0,-15.0,0,0
47175,-3.1416,-0.9986,0.6964,0.2961,0.0,0.0,0.0,0.0,0.0,0.0,-89.0,-15.0,0,0
47187,-3.1416,-0.9986,0.6964,0.2961,0.0,0.0,0.0,0.0,0.0,0.0,-90.0,-14.0,0,0
47200,-3.1416,-0.9986,0.698,0.2961,0.0,0.0,0.0,0.0,0.0,0.0,-90.0,-14.0,0,0
47212,-3.1416,-0.9986,0.6964,0.2961,0.0,0.0,0.0,0.0,0.0,0.0,-91.0,-14.0,0,0
47224,-3.1416,-0.9986,0.6964,0.2961,0.0,0.0,0.0,0.0,0.0,0.0,-89.0,-14.0,0,0
47232,-3.1416,-0.9986,0.6964,0.2961,0.0,0.0,0.0,0.0,0.0,0.0,-92.0,-14.0,0,0
47245,-3.1416,-1.0002,0.6964,0.2961,0.0,0.0,0.0,0.0,0.0,0.0,-89.0,-14.0,0,0
47257,-3.1416,-0.9986,0.6964,0.2961,0.0,0.0,0.0,0.0,0.0,0.0,-89.0,-14.0,0,0
47269,-3.1416,-0.9986,0.6964,0.2961,0.0,0.0,0.0,0.0,0.0,0.0,-92.0,-14.0,0,0
47277,-3.1416,-0.9986,0.698,0.2961,0.0,0.0,0.0,0.0,0.0,0.0,-89.0,-14.0,0,0
47290,-3.1416,-0.9986,0.6964,0.2961,0.0,0.0,0.0,0.0,0.0,0.0,-90.0,-14.0,0,0
47302,-3.1416,-0.9986,0.6964,0.2961,0.0,0.0,0.0,0.0,0.0,0.0,-89.0,-13.0,0,0
47314,-3.1416,-0.9986,0.6964,0.2961,0.0,0.0,0.0,0.0,0.0,0.0,-90.0,-14.0,0,0
47327,-3.1416,-0.9986,0.6964,0.2961,0.0,0.0,0.0,0.0,0.0,0.0,-90.0,-14.0,0,0
47335,-3.1416,-0.9986,0.6964,0.2961,0.0,0.0,0.0,0.0,0.0,0.0,-90.0,-14.0,5,0
47347,-3.1416,-0.9986,0.698,0.2961,0.0,0.0,0.0,0.0,0.0,0.0,-90.0,-14.0,5,0
47359,-3.1416,-0.9986,0.6964,0.2961,0.0,0.0,0.0,0.0,0.0,0.0,-91.0,-13.0,6,0
47372,-3.1416,-0.9986,0.6964,0.2961,0.0,0.0,0.0,0.0,0.0,0.0,-90.0,-14.0,5,0
47384,-3.1416,-0.9986,0.6964,0.2961,0.0,0.0,0.0,0.0,0.0,0.0,-90.0,-14.0,3,0
47392,-3.1416,-0.9986,0.6964,0.2961,0.0,0.0,0.0,0.0,0.0,0.0,-91.0,-14.0,0,0
47404,-3.1416,-0.9986,0.698,0.2961,0.0,0.0,0.0,0.0,0.0,0.0,-89.0,-14.0,0,0
47417,-3.1416,-0.9986,0.6964,0.2961,0.0,0.0,0.0,0.0,0.0,0.0,-89.0,-14.0,0,0
47429,-3.1416,-0.9986,0.6964,0.2961,0.0,0.0,0.0,0.0,0.0,0.0,-90.0,-14.0,0,0
47441,-3.1416,-0.9986,0.6964,0.2961,0.0,0.0,0.0,0.0,0.0,0.0,-89.0,-14.0,0,0
47449,-3.1416,-0.9986,0.6964,0.2961,0.0,0.0,0.0,0.0,0.0,0.0,-90.0,-14.0,0,0
47462,-3.1416,-0.9986,0.6964,0.2961,0.0,0.0,0.0,0.0,0.0,0.0,-89.0,-14.0,0,0
47474,-3.1416,-0.9986,0.6964,0.2961,0.0,0.0,0.0,0.0,0.0,0.0,-90.0,-14.0,0,0
47486,-3.1416,-0.9986,0.698,0.2961,0.0,0.0,0.0,0.0,0.0,0.0,-89.0,-13.0,0,0
47499,-3.1416,-0.9986,0.6964,0.2961,0.0,0.0,0.0,0.0,0.0,0.0,-87.0,-14.0,0,0
47507,-3.1416,-0.9986,0.6964,0.2961,0.0,0.0,0.0,0.0,0.0,0.0,-91.0,-14.0,0,0
47519,-3.1416,-0.9986,0.6964,0.2961,0.0,0.0,0.0,0.0,0.0,0.0,-90.0,-13.0,0,0
47531,-3.1401,-0.9986,0.698,0.2961,0.0,0.0,0.0,0.0,0.0,0.0,-89.0,-14.0,0,0
47544,-3.1416,-0.9986,0.6964,0.2961,0.0,0.0,0.0,0.0,0.0,0.0,-89.0,-14.0,0,0
47556,-3.1416,-0.9986,0.698,0.2961,0.0,0.0,0.0,0.0,0.0,0.0,-88.0,-14.0,0,0
47564,-3.1416,-0.9986,0.6964,0.2961,0.0,0.0,0.0,0.0,0.0,0.0,-88.0,-14.0,0,0
47576,-3.1431,-0.9986,0.6964,0.2961,0.0,0.0,0.0,0.0,4.0,0.0,-87.0,-15.0,0,0
47589,-3.1416,-0.9986,0.6964,0.2961,0.0,0.0,0.0,0.0,5.0,0.0,-90.0,-15.0,0,0
47601,-3.1431,-0.9986,0.6964,0.2961,0.0,0.0,0.0,0.0,3.0,0.0,-89.0,-15.0,0,0
47613,-3.1431,-0.9986,0.6964,0.2961,0.0,0.0,0.0,0.0,10.0,0.0,-90.0,-15.0,0,0
47621,-3.1431,-0.9986,0.6964,0.2961,0.0,0.0,0.0,0.0,3.0,0.0,-90.0,-14.0,0,0
47634,-3.1416,-0.9986,0.6964,0.2961,0.0,0.0,0.0,0.0,3.0,0.0,-89.0,-14.0,0,0
47646,-3.1416,-0.9986,0.698,0.2961,0.0,0.0,0.0,0.0,0.0,0.0,-90.0,-14.0,0,0
47658,-3.1416,-0.9986,0.6964,0.2961,0.0,0.0,0.0,0.0,3.0,0.0,-86.0,-14.0,0,0
47671,-3.1416,-0.9986,0.698,0.2961,0.0,0.0,0.0,0.0,0.0,0.0,-88.0,-14.0,0,0
47679,-3.1416,-0.9986,0.6964,0.2961,0.0,0.0,0.0,0.0,0.0,0.0,-90.0,-14.0,0,0
47691,-3.1416,-0.9986,0.6964,0.2961,0.0,0.0,0.0,0.0,0.0,0.0,-87.0,-14.0,0,0
47703,-3.1416,-0.9986,0.6964,0.2961,0.0,0.0,0.0,0.0,0.0,0.0,-90.0,-14.0,0,0
47716,-3.1416,-0.9986,0.698,0.2961,0.0,0.0,0.0,0.0,0.0,0.0,-88.0,-14.0,0,0
47724,-3.1416,-0.9986,0.6964,0.2961,0.0,0.0,0.0,0.0,0.0,0.0,-87.0,-14.0,0,0
47736,-3.1416,-0.9986,0.6964,0.2961,0.0,0.0,0.0,0.0,0.0,0.0,-89.0,-14.0,0,0
47748,-3.1416,-0.9986,0.698,0.2961,0.0,0.0,0.0,0.0,0.0,0.0,-89.0,-14.0,0,0
47761,-3.1416,-0.9986,0.6964,0.2961,0.0,0.0,0.0,0.0,0.0,0.0,-89.0,-14.0,0,0
47773,-3.1416,-0.9986,0.6964,0.2961,0.0,0.0,0.0,0.0,0.0,0.0,-90.0,-14.0,0,0
47781,-3.1416,-0.9986,0.6964,0.2961,0.0,0.0,0.0,0.0,0.0,0.0,-89.0,-15.0,0,0
47794,-3.1416,-0.9986,0.698,0.2961,0.0,0.0,0.0,0.0,0.0,0.0,-89.0,-15.0,0,0
47806,-3.1416,-1.0002,0.6964,0.2961,0.0,0.0,0.0,0.0,0.0,0.0,-89.0,-15.0,0,0
47818,-3.1416,-0.9986,0.698,0.2961,0.0,0.0,0.0,0.0,0.0,0.0,-89.0,-15.0,0,0
47830,-3.1416,-0.9986,0.6964,0.2961,0.0,0.0,0.0,0.0,0.0,0.0,-88.0,-15.0,0,0
47839,-3.1416,-0.9986,0.698,0.2961,0.0,0.0,0.0,0.0,0.0,0.0,-89.0,-15.0,0,0
47851,-3.1416,-0.9986,0.6964,0.2961,0.0,0.0,0.0,0.0,0.0,0.0,-89.0,-15.0,0,0
47863,-3.1416,-0.9986,0.6964,0.2961,0.0,0.0,0.0,0.0,0.0,0.0,-87.0,-14.0,0,0
47875,-3.1416,-0.9986,0.6964,0.2961,0.0,0.0,0.0,0.0,0.0,1.0,-88.0,-12.0,0,0
47888,-3.1416,-0.9986,0.6964,0.2961,0.0,0.0,0.0,0.0,0.0,0.0,-86.0,-14.0,0,0
47896,-3.1416,-0.9986,0.6964,0.2961,0.0,0.0,0.0,0.0,0.0,0.0,-86.0,-14.0,0,0
47908,-3.1416,-0.9986,0.698,0.2961,0.0,0.0,0.0,0.0,0.0,0.0,-90.0,-14.0,0,0
47920,-3.1416,-0.9986,0.6964,0.2961,0.0,0.0,0.0,0.0,0.0,0.0,-91.0,-14.0,0,0
47933,-3.1416,-0.9986,0.6964,0.2961,0.0,0.0,0.0,0.0,0.0,0.0,-87.0,-14.0,0,0
47945,-3.1416,-0.9986,0.6964,0.2961,0.0,0.0,0.0,0.0,0.0,0.0,-83.0,-14.0,0,0
47953,-3.1416,-0.9986,0.6964,0.2961,0.0,0.0,0.0,0.0,0.0,0.0,-87.0,-14.0,0,0
47966,-3.1416,-0.9986,0.6964,0.2961,0.0,0.0,0.0,0.0,0.0,0.0,-84.0,-15.0,0,0
47978,-3.1416,-0.9986,0.6964,0.2961,0.0,0.0,0.0,0.0,0.0,0.0,-89.0,-15.0,0,0
47990,-3.1416,-0.9986,0.6964,0.2961,0.0,0.0,0.0,0.0,0.0,0.0,-87.0,-14.0,0,0
48002,-3.1416,-0.9986,0.6964,0.2961,0.0,0.0,0.0,0.0,0.0,0.0,-88.0,-14.0,0,0
48011,-3.1416,-0.9986,0.6964,0.2961,0.0,0.0,0.0,0.0,0.0,0.0,-86.0,-14.0,0,0
48023,-3.1416,-0.9986,0.698,0.2961,0.0,0.0,0.0,0.0,0.0,0.0,-90.0,-14.0,1,0
48035,-3.1416,-0.9986,0.6964,0.2961,0.0,0.0,0.0,0.0,0.0,0.0,-85.0,-14.0,0,0
48047,-3.1416,-0.9986,0.6964,0.2961,0.0,0.0,0.0,0.0,0.0,0.0,-87.0,-14.0,1,0
48060,-3.1416,-0.9986,0.6964,0.2961,0.0,0.0,0.0,0.0,0.0,0.0,-86.0,-14.0,0,0
48068,-3.1416,-0.9986,0.6964,0.2961,0.0,0.0,0.0,0.0,0.0,0.0,-86.0,-14.0,1,0
48080,-3.1416,-0.9986,0.6964,0.2961,0.0,0.0,0.0,0.0,0.0,0.0,-86.0,-14.0,1,0
48093,-3.1416,-0.9986,0.6964,0.2961,0.0,0.0,0.0,0.0,0.0,0.0,-90.0,-14.0,1,0
48105,-3.1416,-0.9986,0.6964,0.2961,0.0,0.0,0.0,0.0,1.0,0.0,-87.0,-14.0,1,0
48117,-3.1416,-0.9986,0.698,0.2961,0.0,0.0,0.0,0.0,0.0,0.0,-88.0,-12.0,1,0
48125,-3.1416,-0.9986,0.698,0.2961,0.0,0.0,0.0,0.0,0.0,0.0,-88.0,-12.0,1,0
48138,-3.1416,-0.9986,0.698,0.2961,0.0,0.0,0.0,0.0,0.0,0.0,-90.0,-14.0,1,0
48150,-3.1416,-0.9986,0.698,0.2961,0.0,0.0,0.0,0.0,0.0,0.0,-87.0,-14.0,1,0
48162,-3.1416,-0.9986,0.6964,0.2961,0.0,0.0,0.0,0.0,0.0,0.0,-89.0,-14.0,1,0
48170,-3.1416,-0.9986,0.698,0.2961,0.0,0.0,0.0,0.0,0.0,0.0,-89.0,-15.0,0,0
48183,-3.1416,-0.9986,0.698,0.2961,0.0,0.0,0.0,0.0,0.0,0.0,-90.0,-15.0,1,0
48195,-3.1416,-0.9986,0.6964,0.2961,0.0,0.0,0.0,0.0,0.0,0.0,-88.0,-15.0,0,0
48207,-3.1401,-0.9986,0.698,0.2961,0.0,0.0,0.0,0.0,0.0,0.0,-88.0,-15.0,0,0
48219,-3.1339,-0.9986,0.6964,0.2961,0.024,0.0,0.0,0.0,-37.0,0.0,-90.0,-15.0,0,0
48228,-3.1324,-0.9986,0.6964,0.2961,0.0719,0.0,0.0,0.0,-87.0,0.0,-85.0,-15.0,1,0
48240,-3.1309,-0.9986,0.698,0.2961,0.0959,0.0,0.0,0.0,-78.0,0.0,-94.0,-14.0,0,0
48252,-3.1324,-0.9986,0.6964,0.2961,0.1198,0.0,0.0,0.0,-51.0,-1.0,-86.0,-14.0,0,0
48265,-3.1293,-0.9986,0.698,0.2961,0.1438,0.0,0.0,0.0,-88.0,-5.0,-89.0,-14.0,1,0
48277,-3.1263,-0.9986,0.698,0.2961,0.1678,0.0,0.0,0.0,-94.0,-1.0,-90.0,-14.0,2,0
48285,-3.1263,-0.9986,0.698,0.2961,0.1678,0.0,0.0,0.0,-94.0,-1.0,-90.0,-14.0,4,0
48297,-3.1247,-0.9986,0.6964,0.2961,0.1198,0.0,0.0,0.0,-105.0,-1.0,-76.0,-14.0,4,0
48310,-3.1247,-0.9986,0.6964,0.2961,0.1198,0.0,0.0,0.0,-103.0,-1.0,-80.0,-12.0,32,1
48322,-3.1247,-0.9986,0.6964,0.2961,0.1198,0.0,0.0,0.0,-112.0,-1.0,-84.0,-14.0,33,1
48334,-3.1247,-0.9986,0.6964,0.2961,0.0959,0.0,0.0,0.0,-106.0,-1.0,-83.0,-14.0,49,1
48346,-3.1247,-0.9986,0.6964,0.2961,0.0959,0.0,0.0,0.0,-101.0,-1.0,-87.0,-15.0,54,1
48359,-3.1232,-0.9986,0.6964,0.2961,0.0719,0.0,0.0,0.0,-105.0,-2.0,-80.0,-14.0,56,1
48375,-3.1232,-0.9971,0.6964,0.2961,0.0479,0.0,0.0,0.0,-132.0,-2.0,-90.0,-13.0,58,1
48387,-3.1201,-0.9986,0.6964,0.2961,0.0479,0.0,0.0,0.0,-151.0,-2.0,-87.0,-14.0,58,1
48400,-3.1201,-0.9986,0.6964,0.2961,0.0479,0.0,0.0,0.0,-132.0,-1.0,-81.0,-14.0,60,1
48412,-3.1201,-0.9971,0.6964,0.2961,0.0479,0.0,0.0,0.0,-141.0,-1.0,-87.0,-13.0,61,1
48424,-3.1186,-0.9971,0.6964,0.2961,0.0479,0.0,0.0,0.0,-125.0,-1.0,-85.0,-14.0,64,1
48437,-3.1201,-0.9971,0.6964,0.2961,0.0479,0.0,0.0,0.0,-120.0,-1.0,-89.0,-14.0,67,1
48449,-3.1201,-0.9971,0.6964,0.2961,0.024,0.0,0.0,0.0,-120.0,-1.0,-89.0,-14.0,69,1
48461,-3.1201,-0.9971,0.6964,0.2945,0.024,0.0,0.0,0.0,-122.0,-3.0,-84.0,-13.0,71,1
48473,-3.1217,-0.9971,0.6964,0.2961,0.0,0.0,0.0,0.0,-90.0,-3.0,-90.0,-14.0,71,1
48486,-3.1232,-0.9971,0.6964,0.2961,0.0,0.0,0.0,0.0,-71.0,-3.0,-80.0,-14.0,69,1
48498,-3.1278,-0.9971,0.6964,0.2961,-0.0719,0.0,0.0,0.0,-17.0,-1.0,-92.0,-12.0,64,1
48510,-3.1324,-0.9971,0.6964,0.2961,-0.1198,0.0,0.0,0.0,0.0,-1.0,-91.0,-14.0,57,1
48523,-3.1339,-0.9971,0.6964,0.2961,-0.1678,0.0,0.0,0.0,-5.0,-1.0,-83.0,-13.0,48,1
48535,-3.137,-0.9971,0.6964,0.2961,-0.1918,0.0,0.0,0.0,-4.0,-1.0,-84.0,-14.0,33,1
48547,-3.1401,-0.9971,0.6964,0.2961,-0.2397,0.0,0.0,0.0,2.0,-1.0,-83.0,-14.0,22,1
48559,-3.1416,-0.9971,0.6964,0.2961,-0.2397,0.0,0.0,0.0,2.0,-1.0,-89.0,-14.0,4,0
48572,-3.1431,-0.9971,0.6964,0.2961,-0.2157,0.0,0.0,0.0,3.0,-1.0,-82.0,-14.0,0,0
48584,-3.1447,-0.9971,0.6964,0.2961,-0.1918,0.0,0.0,0.0,5.0,-1.0,-82.0,-14.0,0,0
48592,-3.1477,-0.9956,0.6964,0.2945,-0.1918,0.0,0.0,0.0,15.0,-1.0,-83.0,-15.0,0,0
48604,-3.1477,-0.9971,0.6964,0.2961,-0.1678,0.0,0.0,0.0,11.0,-1.0,-85.0,-14.0,1,0
48617,-3.1431,-0.9971,0.6964,0.2961,-0.0959,0.0,0.0,0.0,-5.0,-1.0,-81.0,-14.0,2,0
48629,-3.1431,-0.9971,0.6964,0.2961,-0.0719,0.0,0.0,0.0,0.0,-1.0,-91.0,-14.0,2,0
48641,-3.1416,-0.9971,0.6964,0.2961,-0.024,0.0,0.0,0.0,-8.0,-1.0,-83.0,-14.0,2,0
48650,-3.1416,-0.9971,0.6964,0.2961,0.0,0.0,0.0,0.0,-1.0,0.0,-79.0,-14.0,2,0
48662,-3.1416,-0.9956,0.6964,0.2961,0.024,0.0,0.0,0.0,0.0,0.0,-89.0,-14.0,1,0
48674,-3.1431,-0.9971,0.6964,0.2961,0.0479,0.0,0.0,0.0,0.0,0.0,-88.0,-14.0,0,0
48686,-3.1431,-0.9971,0.6964,0.2961,0.0479,0.0,0.0,0.0,0.0,0.0,-91.0,-14.0,0,0
48699,-3.1431,-0.9956,0.6964,0.2961,0.0,0.0,0.0,0.0,0.0,0.0,-83.0,-14.0,0,0
48707,-3.1431,-0.9971,0.6964,0.2961,0.0,0.0,0.0,0.0,0.0,0.0,-91.0,-13.0,0,0
48719,-3.1447,-0.9971,0.6964,0.2961,0.0,0.0,0.0,0.0,0.0,0.0,-85.0,-13.0,0,0
48731,-3.1447,-0.9971,0.6964,0.2961,-0.024,0.0,0.0,0.0,0.0,0.0,-87.0,-14.0,0,0
48744,-3.1447,-0.9956,0.6964,0.2961,-0.024,0.0,0.0,0.0,0.0,0.0,-77.0,-14.0,0,0
48756,-3.1447,-0.9971,0.6964,0.2961,-0.024,0.0,0.0,0.0,0.0,0.0,-83.0,-14.0,0,0
48764,-3.1447,-0.9971,0.6964,0.2945,-0.024,0.0,0.0,0.0,0.0,0.0,-89.0,-14.0,0,0
48777,-3.1447,-0.9971,0.6964,0.2961,0.0,0.0,0.0,0.0,0.0,0.0,-78.0,-14.0,0,0
48789,-3.1447,-0.9971,0.6964,0.2961,0.0,0.0,0.0,0.0,0.0,0.0,-89.0,-14.0,0,0
48801,-3.1447,-0.9971,0.6964,0.2961,0.0,0.0,0.0,0.0,0.0,0.0,-88.0,-14.0,0,0
48813,-3.1431,-0.9971,0.6964,0.2961,0.0,0.0,0.0,0.0,0.0,0.0,-89.0,-14.0,0,0
48822,-3.1447,-0.9971,0.6964,0.2961,0.0,0.0,0.0,0.0,0.0,0.0,-79.0,-14.0,0,0
48834,-3.1447,-0.9956,0.6964,0.2961,0.0,0.0,0.0,0.0,0.0,0.0,-80.0,-14.0,0,0
48846,-3.1447,-0.9971,0.6964,0.2961,0.0,0.0,0.0,0.0,0.0,0.0,-91.0,-13.0,0,0
48858,-3.1447,-0.9971,0.6964,0.2961,0.0,0.0,0.0,0.0,0.0,0.0,-77.0,-14.0,0,0
48867,-3.1447,-0.9971,0.6964,0.2961,0.0,0.0,0.0,0.0,0.0,0.0,-87.0,-11.0,0,0
48879,-3.1447,-0.9971,0.6964,0.2961,0.0,0.0,0.0,0.0,0.0,0.0,-83.0,-13.0,0,0
48891,-3.1447,-0.9971,0.6964,0.2961,0.0,0.0,0.0,0.0,0.0,0.0,-87.0,-14.0,0,0
48903,-3.1431,-0.9956,0.6964,0.2961,0.0,0.0,0.0,0.0,0.0,0.0,-81.0,-14.0,0,0
48916,-3.1447,-0.9971,0.6964,0.2961,0.0,0.0,0.0,0.0,0.0,0.0,-88.0,-14.0,0,0
48924,-3.1447,-0.9971,0.6964,0.2961,0.0,0.0,0.0,0.0,0.0,0.0,-79.0,-14.0,0,0
48936,-3.1447,-0.9971,0.6964,0.2961,0.0,0.0,0.0,0.0,0.0,0.0,-80.0,-14.0,0,0
48949,-3.1431,-0.9971,0.6964,0.2961,0.0,0.0,0.0,0.0,0.0,0.0,-87.0,-13.0,0,0
48961,-3.1447,-0.9971,0.6964,0.2961,0.0,0.0,0.0,0.0,0.0,0.0,-77.0,-11.0,0,0
48973,-3.1431,-0.9956,0.6964,0.2961,0.0,0.0,0.0,0.0,0.0,0.0,-79.0,-14.0,0,0
48981,-3.1447,-0.9971,0.6964,0.2961,0.0,0.0,0.0,0.0,0.0,0.0,-88.0,-14.0,0,0
48994,-3.1431,-0.9971,0.6964,0.2961,0.0,0.0,0.0,0.0,0.0,0.0,-79.0,-14.0,0,0
49006,-3.1431,-0.9956,0.6964,0.2961,0.0,0.0,0.0,0.0,0.0,0.0,-89.0,-14.0,0,0
49018,-3.1431,-0.9971,0.6964,0.2961,0.0,0.0,0.0,0.0,0.0,0.0,-88.0,-14.0,0,0
49030,-3.1431,-0.9971,0.6964,0.2961,0.0,0.0,0.0,0.0,0.0,0.0,-75.0,-14.0,0,0
49039,-3.1431,-0.9971,0.6964,0.2961,0.0,0.0,0.0,0.0,0.0,0.0,-77.0,-13.0,0,0
49051,-3.1431,-0.9971,0.6964,0.2961,0.0,0.0,0.0,0.0,0.0,0.0,-85.0,-14.0,0,0
49063,-3.1431,-0.9956,0.6964,0.2961,0.0,0.0,0.0,0.0,0.0,0.0,-83.0,-14.0,0,0
49076,-3.1447,-0.9971,0.6964,0.2961,0.0,0.0,0.0,0.0,0.0,0.0,-79.0,-14.0,0,0
49088,-3.1447,-0.9971,0.6964,0.2961,0.0,0.0,0.0,0.0,0.0,0.0,-75.0,-14.0,0,0
49096,-3.1447,-0.9971,0.6964,0.2961,0.0,0.0,0.0,0.0,0.0,0.0,-75.0,-14.0,0,0
49108,-3.1431,-0.9971,0.6964,0.2961,0.0,0.0,0.0,0.0,0.0,0.0,-81.0,-14.0,0,0
49121,-3.1431,-0.9956,0.6964,0.2961,0.0,0.0,0.0,0.0,0.0,0.0,-89.0,-14.0,0,0
49133,-3.1431,-0.9971,0.6964,0.2961,0.0,0.0,0.0,0.0,0.0,0.0,-88.0,-14.0,0,0
49145,-3.1431,-0.9971,0.6964,0.2961,0.0,0.0,0.0,0.0,0.0,0.0,-85.0,-14.0,0,0
49153,-3.1431,-0.9971,0.6964,0.2961,0.0,0.0,0.0,0.0,0.0,0.0,-78.0,-14.0,0,0
49166,-3.1431,-0.9956,0.6964,0.2961,0.0,0.0,0.0,0.0,0.0,0.0,-87.0,-14.0,0,0
49178,-3.1431,-0.9971,0.6964,0.2961,0.0,0.0,0.0,0.0,0.0,0.0,-84.0,-14.0,0,0
49190,-3.1431,-0.9971,0.6964,0.2961,0.0,0.0,0.0,0.0,0.0,0.0,-84.0,-14.0,0,0
49202,-3.1431,-0.9971,0.6964,0.2961,0.0,0.0,0.0,0.0,0.0,0.0,-80.0,-14.0,0,0
49211,-3.1431,-0.9956,0.6964,0.2961,0.0,0.0,0.0,0.0,0.0,0.0,-80.0,-14.0,0,0
49223,-3.1447,-0.9971,0.6964,0.2961,0.0,0.0,0.0,0.0,0.0,0.0,-75.0,-14.0,0,0
49235,-3.1447,-0.9971,0.6964,0.2961,0.0,0.0,0.0,0.0,0.0,0.0,-76.0,-14.0,0,0
49248,-3.1431,-0.9971,0.6964,0.2961,0.0,0.0,0.0,0.0,0.0,0.0,-77.0,-12.0,0,0
49260,-3.1447,-0.9971,0.6964,0.2961,0.0,0.0,0.0,0.0,0.0,0.0,-75.0,-14.0,0,0
49268,-3.1431,-0.9971,0.6964,0.2961,0.0,0.0,0.0,0.0,0.0,0.0,-79.0,-14.0,0,0
49280,-3.1431,-0.9971,0.6964,0.2961,0.0,0.0,0.0,0.0,0.0,0.0,-87.0,-14.0,0,0
49293,-3.1431,-0.9971,0.6964,0.2961,0.0,0.0,0.0,0.0,0.0,0.0,-88.0,-14.0,0,0
49305,-3.1447,-0.9971,0.6964,0.2961,0.0,0.0,0.0,0.0,0.0,0.0,-83.0,-14.0,0,0
49313,-3.1431,-0.9956,0.6964,0.2961,0.0,0.0,0.0,0.0,0.0,0.0,-75.0,-14.0,0,0
49325,-3.1447,-0.9971,0.6964,0.2961,0.0,0.0,0.0,0.0,0.0,0.0,-75.0,-14.0,0,0
49338,-3.1431,-0.9956,0.6964,0.2961,0.0,0.0,0.0,0.0,0.0,0.0,-79.0,-14.0,0,0
49350,-3.1447,-0.9971,0.6964,0.2961,0.0,0.0,0.0,0.0,0.0,0.0,-88.0,-14.0,0,0
49362,-3.1431,-0.9971,0.6964,0.2961,0.0,0.0,0.0,0.0,0.0,0.0,-85.0,-14.0,0,0
49370,-3.1447,-0.9971,0.6964,0.2961,0.0,0.0,0.0,0.0,0.0,0.0,-88.0,-14.0,0,0
49383,-3.1447,-0.9956,0.6964,0.2961,0.0,0.0,0.0,0.0,0.0,0.0,-83.0,-14.0,0,0
49395,-3.1447,-0.9971,0.6964,0.2961,0.0,0.0,0.0,0.0,0.0,0.0,-75.0,-13.0,0,0
49407,-3.1447,-0.9971,0.6964,0.2961,0.0,0.0,0.0,0.0,0.0,0.0,-78.0,-14.0,0,0
49420,-3.1447,-0.9971,0.6964,0.2961,0.0,0.0,0.0,0.0,0.0,0.0,-75.0,-14.0,0,0
49428,-3.1447,-0.9971,0.6964,0.2961,0.0,0.0,0.0,0.0,0.0,0.0,-74.0,-14.0,0,0
49440,-3.1447,-0.9956,0.6964,0.2961,0.0,0.0,0.0,0.0,0.0,0.0,-77.0,-14.0,0,0
49452,-3.1462,-0.9956,0.6964,0.2961,0.0,0.0,0.0,0.0,2.0,0.0,-82.0,-14.0,1,0
49465,-3.1462,-0.9971,0.6964,0.2961,0.0,0.0,0.0,0.0,8.0,0.0,-77.0,-14.0,2,0
49477,-3.1462,-0.9971,0.6964,0.2961,0.0,0.0,0.0,0.0,9.0,0.0,-80.0,-14.0,1,0
49485,-3.1462,-0.9971,0.6964,0.2961,0.0,0.0,0.0,0.0,9.0,0.0,-80.0,-14.0,3,0
49497,-3.1462,-0.9956,0.6964,0.2961,0.0,0.0,0.0,0.0,20.0,-6.0,-88.0,-14.0,2,0
49510,-3.1462,-0.994,0.6964,0.2961,0.0,0.0,0.0,0.0,23.0,-15.0,-86.0,-14.0,5,0
49522,-3.1462,-0.994,0.6964,0.2961,0.0,0.024,0.0,0.0,31.0,-28.0,-79.0,-14.0,6,0
49534,-3.1477,-0.9925,0.6964,0.2945,0.0,0.024,0.0,0.0,29.0,-42.0,-88.0,-14.0,6,0
49547,-3.1477,-0.9894,0.6964,0.2961,0.0,0.0479,0.0,0.0,32.0,-59.0,-83.0,-14.0,12,1
49559,-3.1477,-0.9894,0.6964,0.2961,0.0,0.0719,0.0,0.0,32.0,-69.0,-85.0,-13.0,17,1
49571,-3.1477,-0.9879,0.6964,0.2961,0.0,0.0959,0.0,0.0,33.0,-79.0,-87.0,-14.0,23,1
49583,-3.1477,-0.9848,0.6964,0.2961,0.0,0.0959,0.0,0.0,33.0,-90.0,-87.0,-14.0,29,1
49596,-3.1477,-0.9848,0.6964,0.2961,0.0,0.1198,0.0,0.0,35.0,-78.0,-86.0,-14.0,23,1
49608,-3.1493,-0.9833,0.6964,0.2961,0.0,0.1198,0.0,0.0,42.0,-75.0,-74.0,-14.0,21,1
49620,-3.1493,-0.9833,0.6964,0.2961,0.0,0.0959,0.0,0.0,45.0,-75.0,-76.0,-14.0,21,1
49633,-3.1493,-0.9833,0.6964,0.2961,0.0,0.0959,0.0,0.0,46.0,-78.0,-82.0,-14.0,21,1
49645,-3.1493,-0.9833,0.6964,0.2961,0.0,0.0719,0.0,0.0,50.0,-79.0,-87.0,-14.0,22,1
49657,-3.1493,-0.9817,0.6964,0.2961,0.0,0.0479,0.0,0.0,48.0,-74.0,-84.0,-14.0,25,1
49669,-3.1493,-0.9833,0.6964,0.2961,0.0,0.024,0.0,0.0,51.0,-75.0,-84.0,-14.0,24,1
49682,-3.1493,-0.9817,0.6964,0.2961,0.0,0.024,0.0,0.0,49.0,-76.0,-87.0,-14.0,21,1
49694,-3.1493,-0.9817,0.6964,0.2961,0.0,0.024,0.0,0.0,50.0,-76.0,-73.0,-14.0,21,1
49706,-3.1493,-0.9817,0.6964,0.2961,0.0,0.024,0.0,0.0,49.0,-75.0,-82.0,-14.0,21,1
49719,-3.1493,-0.9833,0.6964,0.2961,0.0,0.0,0.0,0.0,51.0,-78.0,-81.0,-13.0,20,1
49731,-3.1477,-0.9817,0.6964,0.2961,0.0,0.0,0.0,0.0,52.0,-74.0,-76.0,-14.0,19,1
49743,-3.1493,-0.9833,0.6964,0.2961,0.0,0.0,0.0,0.0,49.0,-76.0,-83.0,-14.0,19,1
49755,-3.1493,-0.9833,0.6964,0.2961,0.0,0.0,0.0,0.0,35.0,-74.0,-84.0,-14.0,16,1
49772,-3.1477,-0.9833,0.6964,0.2961,0.0,0.0,0.0,0.0,26.0,-74.0,-85.0,-14.0,16,1
49784,-3.1462,-0.9833,0.6964,0.2961,0.0,0.0,0.0,0.0,16.0,-74.0,-84.0,-14.0,11,1
49792,-3.1462,-0.9833,0.6964,0.2961,0.024,0.0,0.0,0.0,10.0,-74.0,-78.0,-14.0,8,0
49805,-3.1447,-0.9833,0.6964,0.2961,0.024,0.0,0.0,0.0,3.0,-65.0,-81.0,-14.0,7,0
49817,-3.1431,-0.9848,0.6964,0.2961,0.0479,0.0,0.0,0.0,-3.0,-48.0,-77.0,-14.0,6,0
49829,-3.1431,-0.9863,0.6964,0.2961,0.0479,-0.024,0.0,0.0,0.0,-47.0,-87.0,-14.0,5,0
49841,-3.1431,-0.9863,0.6964,0.2961,0.0479,-0.024,0.0,0.0,0.0,-48.0,-85.0,-14.0,5,0
49850,-3.1431,-0.9879,0.6964,0.2961,0.0479,-0.0479,0.0,0.0,0.0,-46.0,-87.0,-14.0,4,0
49862,-3.1431,-0.9879,0.6964,0.2961,0.0479,-0.0479,0.0,0.0,0.0,-49.0,-84.0,-14.0,3,0
49874,-3.1431,-0.9879,0.6964,0.2961,0.024,-0.0479,0.0,0.0,0.0,-50.0,-86.0,-14.0,1,0
49886,-3.1431,-0.9894,0.6964,0.2961,0.024,-0.0479,0.0,0.0,0.0,-50.0,-81.0,-14.0,0,0
49899,-3.1431,-0.9894,0.6964,0.2961,0.0,-0.0479,0.0,0.0,0.0,-48.0,-84.0,-14.0,0,0
49907,-3.1431,-0.9894,0.6964,0.2961,0.0,-0.0479,0.0,0.0,0.0,-48.0,-80.0,-14.0,0,0
49919,-3.1431,-0.9894,0.6964,0.2961,0.0,-0.024,0.0,0.0,0.0,-48.0,-77.0,-13.0,0,0
49932,-3.1431,-0.9894,0.6964,0.2961,0.0,-0.024,0.0,0.0,0.0,-48.0,-86.0,-14.0,0,0
49944,-3.1431,-0.9894,0.6964,0.2961,0.0,0.0,0.0,0.0,0.0,-48.0,-86.0,-14.0,0,0
49952,-3.1431,-0.9894,0.6964,0.2961,0.0,0.0,0.0,0.0,0.0,-48.0,-82.0,-14.0,0,0
49964,-3.1431,-0.9894,0.6964,0.2961,0.0,0.0,0.0,0.0,0.0,-48.0,-83.0,-14.0,0,0
49977,-3.1431,-0.9894,0.6964,0.2961,0.0,0.0,0.0,0.0,0.0,-49.0,-86.0,-14.0,0,0
49989,-3.1431,-0.9894,0.6964,0.2961,0.0,0.0,0.0,0.0,0.0,-45.0,-79.0,-14.0,0,0
50001,-3.1431,-0.9894,0.6964,0.2961,0.0,0.0,0.0,0.0,0.0,-45.0,-81.0,-14.0,0,0
50009,-3.1431,-0.9894,0.6964,0.2961,0.0,0.0,0.0,0.0,0.0,-49.0,-86.0,-14.0,0,0
50022,-3.1431,-0.991,0.6964,0.2961,0.0,0.0,0.0,0.0,0.0,-48.0,-82.0,-14.0,0,0
50034,-3.1431,-0.9894,0.6964,0.2961,0.0,0.0,0.0,0.0,0.0,-46.0,-84.0,-14.0,0,0
50046,-3.1431,-0.9894,0.6964,0.2961,0.0,0.0,0.0,0.0,0.0,-46.0,-85.0,-14.0,0,0
50059,-3.1431,-0.9894,0.6964,0.2945,0.0,0.0,0.0,0.0,0.0,-48.0,-77.0,-14.0,0,0
50067,-3.1431,-0.9894,0.6964,0.2961,0.0,0.0,0.0,0.0,0.0,-47.0,-77.0,-14.0,0,0
50079,-3.1431,-0.9894,0.6964,0.2961,0.0,0.0,0.0,0.0,0.0,-48.0,-80.0,-14.0,0,0
50091,-3.1431,-0.9894,0.6964,0.2961,0.0,0.0,0.0,0.0,0.0,-48.0,-77.0,-14.0,0,0
50104,-3.1431,-0.9894,0.6964,0.2961,0.0,0.0,0.0,0.0,0.0,-49.0,-80.0,-13.0,0,0
50116,-3.1431,-0.9894,0.6964,0.2961,0.0,0.0,0.0,0.0,0.0,-49.0,-76.0,-14.0,0,0
50124,-3.1431,-0.9894,0.6964,0.2961,0.0,0.0,0.0,0.0,0.0,-50.0,-84.0,-14.0,0,0
50136,-3.1431,-0.9894,0.6964,0.2961,0.0,0.0,0.0,0.0,0.0,-50.0,-82.0,-14.0,0,0
50149,-3.1431,-0.991,0.6964,0.2961,0.0,0.0,0.0,0.0,0.0,-50.0,-75.0,-14.0,0,0
50161,-3.1431,-0.9894,0.6964,0.2961,0.0,0.0,0.0,0.0,0.0,-51.0,-79.0,-13.0,0,0
50173,-3.1431,-0.9894,0.6964,0.2961,0.0,0.0,0.0,0.0,0.0,-50.0,-81.0,-14.0,0,0
50181,-3.1431,-0.991,0.6964,0.2961,0.0,0.0,0.0,0.0,0.0,-53.0,-76.0,-14.0,0,0
50194,-3.1431,-0.9894,0.6964,0.2961,0.0,0.0,0.0,0.0,0.0,-51.0,-76.0,-14.0,0,0
50206,-3.1431,-0.9894,0.6964,0.2961,0.0,0.0,0.0,0.0,0.0,-50.0,-76.0,-14.0,0,0
50218,-3.1431,-0.991,0.6964,0.2961,0.0,0.0,0.0,0.0,0.0,-49.0,-78.0,-14.0,0,0
50231,-3.1431,-0.9894,0.6964,0.2961,0.0,0.0,0.0,0.0,0.0,-49.0,-78.0,-14.0,0,0
50239,-3.1431,-0.9894,0.6964,0.2961,0.0,0.0,0.0,0.0,0.0,-50.0,-85.0,-14.0,0,0
50251,-3.1431,-0.9894,0.6964,0.2961,0.0,0.0,0.0,0.0,0.0,-50.0,-81.0,-12.0,0,0
50263,-3.1431,-0.991,0.6964,0.2961,0.0,0.0,0.0,0.0,0.0,-50.0,-83.0,-14.0,0,0
50276,-3.1431,-0.9894,0.6964,0.2961,0.0,0.0,0.0,0.0,0.0,-50.0,-82.0,-14.0,0,0
50288,-3.1431,-0.9894,0.6964,0.2961,0.0,0.0,0.0,0.0,0.0,-50.0,-77.0,-14.0,0,0
50296,-3.1431,-0.9894,0.6964,0.2961,0.0,0.0,0.0,0.0,0.0,-50.0,-77.0,-14.0,0,0
50308,-3.1431,-0.991,0.6964,0.2961,0.0,0.0,0.0,0.0,0.0,-51.0,-83.0,-14.0,0,0
50321,-3.1431,-0.9894,0.6964,0.2961,0.0,0.0,0.0,0.0,0.0,-50.0,-82.0,-14.0,0,0
50333,-3.1431,-0.991,0.6964,0.2961,0.0,0.0,0.0,0.0,0.0,-50.0,-81.0,-14.0,0,0
50345,-3.1431,-0.991,0.6964,0.2961,0.0,0.0,0.0,0.0,0.0,-51.0,-76.0,-14.0,0,0
50353,-3.1431,-0.9894,0.6964,0.2961,0.0,0.0,0.0,0.0,0.0,-50.0,-82.0,-13.0,0,0
50366,-3.1431,-0.9894,0.6964,0.2961,0.0,0.0,0.0,0.0,0.0,-51.0,-81.0,-14.0,0,0
50378,-3.1431,-0.9894,0.6964,0.2961,0.0,0.0,0.0,0.0,7.0,-52.0,-77.0,-14.0,0,0
50390,-3.1431,-0.9894,0.6964,0.2961,0.0,0.0,0.0,0.0,3.0,-51.0,-83.0,-14.0,0,0
50398,-3.1416,-0.9894,0.6964,0.2961,0.0,0.0,0.0,0.0,0.0,-52.0,-76.0,-14.0,0,0
50411,-3.1416,-0.9894,0.6964,0.2961,0.0,0.0,0.0,0.0,0.0,-50.0,-83.0,-14.0,0,0
50423,-3.1416,-0.991,0.6964,0.2961,0.0,0.0,0.0,0.0,0.0,-52.0,-78.0,-14.0,0,0
50435,-3.1416,-0.991,0.6964,0.2961,0.0,0.0,0.0,0.0,0.0,-51.0,-77.0,-14.0,0,0
50448,-3.1416,-0.9894,0.6964,0.2961,0.0,0.0,0.0,0.0,0.0,-52.0,-76.0,-14.0,0,0
50456,-3.1416,-0.9894,0.6964,0.2961,0.0,0.0,0.0,0.0,0.0,-52.0,-76.0,-14.0,0,0
50468,-3.1416,-0.9894,0.6964,0.2961,0.0,0.0,0.0,0.0,0.0,-51.0,-81.0,-14.0,0,0
50480,-3.1416,-0.991,0.6964,0.2961,0.0,0.0,0.0,0.0,0.0,-50.0,-83.0,-14.0,0,0
50493,-3.1416,-0.9894,0.6964,0.2961,0.0,0.0,0.0,0.0,1.0,-54.0,-77.0,-14.0,0,0
50505,-3.1416,-0.991,0.6964,0.2961,0.0,0.0,0.0,0.0,0.0,-51.0,-80.0,-13.0,0,0
50513,-3.1416,-0.9894,0.6964,0.2961,0.0,0.0,0.0,0.0,1.0,-53.0,-78.0,-12.0,0,0
50525,-3.1416,-0.991,0.6964,0.2961,0.0,0.0,0.0,0.0,0.0,-49.0,-78.0,-14.0,0,0
50538,-3.1416,-0.991,0.6964,0.2961,0.0,0.0,0.0,0.0,0.0,-50.0,-75.0,-14.0,0,0
50550,-3.1416,-0.991,0.6964,0.2961,0.0,0.0,0.0,0.0,0.0,-49.0,-83.0,-14.0,0,0
50562,-3.1416,-0.991,0.6964,0.2961,0.0,0.0,0.0,0.0,2.0,-51.0,-76.0,-12.0,0,0
50571,-3.1416,-0.991,0.6964,0.2961,0.0,0.0,0.0,0.0,2.0,-52.0,-80.0,-14.0,0,0
50583,-3.1416,-0.9894,0.6964,0.2961,0.0,0.0,0.0,0.0,0.0,-50.0,-75.0,-14.0,0,0
50595,-3.1431,-0.991,0.6964,0.2961,0.0,0.0,0.0,0.0,0.0,-50.0,-76.0,-14.0,0,0
50607,-3.1416,-0.991,0.6964,0.2961,0.0,0.0,0.0,0.0,0.0,-51.0,-82.0,-14.0,0,0
50620,-3.1416,-0.991,0.6964,0.2961,0.0,0.0,0.0,0.0,0.0,-49.0,-78.0,-14.0,0,0
50628,-3.1416,-0.991,0.6964,0.2961,0.0,0.0,0.0,0.0,0.0,-48.0,-78.0,-14.0,0,0
50640,-3.1416,-0.991,0.6964,0.2961,0.0,0.0,0.0,0.0,0.0,-51.0,-79.0,-14.0,0,0
50652,-3.1416,-0.991,0.6964,0.2961,0.0,0.0,0.0,0.0,0.0,-50.0,-82.0,-14.0,0,0
50665,-3.1416,-0.991,0.6964,0.2961,0.0,0.0,0.0,0.0,0.0,-52.0,-81.0,-14.0,0,0
50677,-3.1416,-0.991,0.6964,0.2961,0.0,0.0,0.0,0.0,2.0,-49.0,-76.0,-14.0,0,0
50685,-3.1416,-0.991,0.6964,0.2961,0.0,0.0,0.0,0.0,2.0,-49.0,-76.0,-14.0,0,0
50697,-3.1416,-0.991,0.6964,0.2961,0.0,0.0,0.0,0.0,0.0,-49.0,-79.0,-14.0,0,0
50710,-3.1416,-0.991,0.6964,0.2961,0.0,0.0,0.0,0.0,0.0,-49.0,-77.0,-14.0,0,0
50722,-3.1416,-0.991,0.6964,0.2961,0.0,0.0,0.0,0.0,0.0,-51.0,-75.0,-13.0,0,0
50734,-3.1416,-0.991,0.6964,0.2961,0.0,0.0,0.0,0.0,0.0,-54.0,-81.0,-13.0,0,0
50743,-3.1431,-0.991,0.6964,0.2961,0.0,0.0,0.0,0.0,0.0,-54.0,-82.0,-14.0,0,0
50755,-3.1416,-0.991,0.6964,0.2961,0.0,0.0,0.0,0.0,0.0,-54.0,-80.0,-14.0,0,0
50767,-3.1416,-0.991,0.6964,0.2961,0.0,0.0,0.0,0.0,0.0,-52.0,-78.0,-14.0,0,0
50779,-3.1416,-0.991,0.6964,0.2961,0.0,0.0,0.0,0.0,0.0,-52.0,-75.0,-14.0,0,0
50792,-3.1416,-0.991,0.6964,0.2961,0.0,0.0,0.0,0.0,0.0,-55.0,-81.0,-14.0,0,0
50800,-3.1416,-0.991,0.6964,0.2961,0.0,0.0,0.0,0.0,0.0,-52.0,-82.0,-14.0,0,0
50812,-3.1416,-0.991,0.6964,0.2961,0.0,0.0,0.0,0.0,0.0,-52.0,-76.0,-14.0,0,0
50824,-3.1416,-0.991,0.6949,0.2961,0.0,0.0,0.0,0.0,0.0,-53.0,-75.0,-14.0,0,0
50837,-3.1416,-0.991,0.6964,0.2961,0.0,0.0,0.0,0.0,0.0,-53.0,-77.0,-14.0,0,0
50845,-3.1416,-0.991,0.6964,0.2961,0.0,0.0,0.0,0.0,0.0,-53.0,-77.0,-14.0,0,0
50857,-3.1416,-0.991,0.6964,0.2961,0.0,0.0,0.0,0.0,0.0,-54.0,-82.0,-14.0,0,0
50870,-3.1416,-0.9894,0.6964,0.2961,0.0,0.0,0.0,0.0,0.0,-52.0,-79.0,-14.0,0,0
50882,-3.1416,-0.991,0.6964,0.2961,0.0,0.0,0.0,0.0,0.0,-52.0,-80.0,-14.0,0,0
50894,-3.1416,-0.991,0.6964,0.2961,0.0,0.0,0.0,0.0,0.0,-55.0,-80.0,-14.0,0,0
50902,-3.1416,-0.991,0.6964,0.2961,0.0,0.0,0.0,0.0,0.0,-53.0,-80.0,-14.0,0,0
50915,-3.1416,-0.991,0.6964,0.2961,0.0,0.0,0.0,0.0,0.0,-52.0,-80.0,-14.0,0,0
50927,-3.1416,-0.991,0.6964,0.2961,0.0,0.0,0.0,0.0,0.0,-53.0,-76.0,-12.0,0,0
50939,-3.1416,-0.991,0.6964,0.2945,0.0,0.0,0.0,0.0,0.0,-54.0,-77.0,-14.0,0,0
50951,-3.1416,-0.991,0.6964,0.2961,0.0,0.0,0.0,0.0,0.0,-54.0,-77.0,-14.0,0,0
50960,-3.1416,-0.991,0.6964,0.2961,0.0,0.0,0.0,0.0,0.0,-55.0,-77.0,-13.0,0,0
50972,-3.1416,-0.991,0.6964,0.2961,0.0,0.0,0.0,0.0,0.0,-55.0,-76.0,-14.0,0,0
50984,-3.1416,-0.991,0.6964,0.2961,0.0,0.0,0.0,0.0,2.0,-55.0,-77.0,-14.0,0,0
50996,-3.1416,-0.991,0.6964,0.2961,0.0,0.0,0.0,0.0,0.0,-55.0,-77.0,-14.0,0,0
51009,-3.1416,-0.991,0.6964,0.2961,0.0,0.0,0.0,0.0,0.0,-55.0,-80.0,-14.0,0,0
51017,-3.1416,-0.991,0.6964,0.2961,0.0,0.0,0.0,0.0,0.0,-55.0,-77.0,-13.0,0,0
51029,-3.1416,-0.991,0.6964,0.2961,0.0,0.0,0.0,0.0,0.0,-55.0,-80.0,-14.0,0,0
51042,-3.1416,-0.991,0.6964,0.2961,0.0,0.0,0.0,0.0,0.0,-55.0,-77.0,-14.0,0,0
51054,-3.1416,-0.991,0.6964,0.2961,0.0,0.0,0.0,0.0,0.0,-56.0,-77.0,-14.0,0,0
51066,-3.1416,-0.991,0.6964,0.2961,0.0,0.0,0.0,0.0,0.0,-56.0,-77.0,-14.0,0,0
51074,-3.1416,-0.991,0.6964,0.2961,0.0,0.0,0.0,0.0,0.0,-56.0,-77.0,-14.0,0,0
51087,-3.1416,-0.991,0.6964,0.2961,0.0,0.0,0.0,0.0,0.0,-56.0,-77.0,-14.0,0,0
51099,-3.1416,-0.991,0.6964,0.2961,0.0,0.0,0.0,0.0,0.0,-55.0,-80.0,-14.0,0,0
51111,-3.1416,-0.991,0.6964,0.2961,0.0,0.0,0.0,0.0,0.0,-55.0,-80.0,-14.0,0,0
51123,-3.1416,-0.991,0.6964,0.2961,0.0,0.0,0.0,0.0,0.0,-56.0,-78.0,-14.0,0,0
51132,-3.1416,-0.991,0.6964,0.2961,0.0,0.0,0.0,0.0,0.0,-54.0,-79.0,-14.0,0,0
51144,-3.1431,-0.9925,0.6964,0.2961,0.0,0.0,0.0,0.0,0.0,-56.0,-78.0,-14.0,0,0
51156,-3.1416,-0.991,0.6964,0.2961,0.0,0.0,0.0,0.0,0.0,-56.0,-79.0,-14.0,0,0
51168,-3.1416,-0.991,0.6964,0.2961,0.0,0.0,0.0,0.0,0.0,-59.0,-79.0,-14.0,0,0
51181,-3.1416,-0.991,0.6964,0.2961,0.0,0.0,0.0,0.0,0.0,-59.0,-78.0,-14.0,0,0
51189,-3.1401,-0.9925,0.6964,0.2961,0.0,0.0,0.0,0.0,0.0,-57.0,-76.0,-14.0,0,0
51201,-3.1339,-0.991,0.6964,0.2961,0.024,0.0,0.0,0.0,-31.0,-49.0,-80.0,-14.0,0,0
51214,-3.1324,-0.9925,0.6964,0.2961,0.0719,0.0,0.0,0.0,-73.0,-37.0,-77.0,-14.0,0,0
51226,-3.1324,-0.994,0.6964,0.2961,0.0959,0.0,0.0,0.0,-73.0,-26.0,-77.0,-14.0,0,0
51238,-3.1309,-0.994,0.6964,0.2961,0.1438,-0.024,0.0,0.0,-58.0,-24.0,-79.0,-14.0,0,0
51246,-3.1309,-0.9956,0.6964,0.2961,0.1438,-0.0479,0.0,0.0,-56.0,-28.0,-77.0,-14.0,2,0
51259,-3.1309,-0.9956,0.6964,0.2961,0.1438,-0.0479,0.0,0.0,-58.0,-21.0,-77.0,-14.0,8,0
51271,-3.1309,-0.9971,0.6964,0.2961,0.0959,-0.0479,0.0,0.0,-64.0,-13.0,-77.0,-14.0,11,1
51283,-3.1293,-0.9971,0.6964,0.2961,0.0479,-0.0479,0.0,0.0,-80.0,-18.0,-77.0,-14.0,11,1
51295,-3.1278,-0.9971,0.6964,0.2961,0.0479,-0.0479,0.0,0.0,-94.0,-29.0,-77.0,-14.0,16,1
51308,-3.1263,-0.9971,0.698,0.2961,0.0479,-0.024,0.0,0.0,-96.0,-30.0,-79.0,-14.0,19,1
51320,-3.1263,-0.9971,0.6964,0.2961,0.0479,-0.024,0.0,0.0,-99.0,-30.0,-80.0,-14.0,24,1
51332,-3.1247,-0.9971,0.6964,0.2961,0.0479,-0.024,0.0,0.0,-94.0,-30.0,-76.0,-14.0,57,1
51345,-3.1247,-0.9971,0.6964,0.2961,0.0719,0.0,0.0,0.0,-99.0,-30.0,-77.0,-14.0,61,1
51357,-3.1247,-0.9971,0.6964,0.2961,0.0719,0.0,0.0,0.0,-114.0,-30.0,-77.0,-14.0,63,1
51373,-3.1232,-0.9971,0.6964,0.2961,0.0719,0.0,0.0,0.0,-104.0,-29.0,-77.0,-14.0,66,1
51386,-3.1247,-0.9971,0.6964,0.2961,0.0719,0.0,0.0,0.0,-103.0,-16.0,-77.0,-12.0,66,1
51398,-3.1247,-0.9986,0.6964,0.2961,0.0479,0.0,0.0,0.0,-99.0,-7.0,-75.0,-14.0,66,1
51410,-3.1247,-0.9986,0.6964,0.2961,0.024,0.0,0.0,0.0,-98.0,-4.0,-77.0,-14.0,66,1
51422,-3.1247,-1.0002,0.6964,0.2961,0.024,0.0,0.0,0.0,-100.0,-2.0,-77.0,-14.0,67,1
51435,-3.1247,-1.0002,0.6964,0.2961,0.0,-0.024,0.0,0.0,-99.0,-9.0,-77.0,-14.0,66,1
51447,-3.1247,-0.9986,0.6964,0.2961,0.0,-0.024,0.0,0.0,-70.0,-3.0,-77.0,-12.0,65,1
51459,-3.1263,-0.9986,0.6964,0.2961,-0.024,-0.024,0.0,0.0,-43.0,-5.0,-77.0,-14.0,64,1
51472,-3.1293,-0.9986,0.6964,0.2961,-0.024,-0.024,0.0,0.0,-20.0,-4.0,-77.0,-14.0,65,1
51484,-3.1324,-0.9986,0.6964,0.2961,-0.0719,0.0,0.0,0.0,-8.0,-3.0,-77.0,-14.0,62,1
51496,-3.137,-0.9986,0.6964,0.2961,-0.1438,0.0,0.0,0.0,0.0,-11.0,-77.0,-14.0,51,1
51508,-3.1385,-1.0002,0.6964,0.2961,-0.1678,0.0,0.0,0.0,0.0,-9.0,-77.0,-13.0,27,1
51521,-3.1401,-0.9986,0.6964,0.2961,-0.1918,0.0,0.0,0.0,1.0,-9.0,-77.0,-14.0,17,1
51533,-3.1416,-0.9986,0.6964,0.2961,-0.1918,0.0,0.0,0.0,0.0,-10.0,-78.0,-14.0,15,1
51545,-3.1416,-0.9986,0.6964,0.2961,-0.1918,0.0,0.0,0.0,0.0,-9.0,-77.0,-14.0,11,1
51558,-3.1447,-0.9986,0.6949,0.2961,-0.1438,0.0,0.0,0.0,0.0,-9.0,-77.0,-14.0,8,0
51570,-3.1447,-1.0002,0.6964,0.2961,-0.1198,0.0,0.0,0.0,0.0,-8.0,-77.0,-14.0,5,0
51582,-3.1462,-0.9986,0.6964,0.2961,-0.0959,0.0,0.0,0.0,12.0,-4.0,-76.0,-14.0,6,0
51590,-3.1462,-0.9986,0.6964,0.2961,-0.0959,0.0,0.0,0.0,4.0,-3.0,-76.0,-14.0,5,0
51603,-3.1447,-0.9986,0.6964,0.2961,-0.0719,0.0,0.0,0.0,-2.0,-4.0,-76.0,-14.0,3,0
51615,-3.1447,-0.9986,0.6964,0.2961,-0.0479,0.0,0.0,0.0,-2.0,-7.0,-76.0,-14.0,3,0
51627,-3.1431,-1.0002,0.6964,0.2961,0.0,0.0,0.0,0.0,0.0,-8.0,-76.0,-14.0,3,0
51640,-3.1431,-1.0002,0.6964,0.2961,0.0,0.0,0.0,0.0,0.0,-8.0,-76.0,-14.0,3,0
51648,-3.1416,-1.0002,0.6964,0.2961,0.024,0.0,0.0,0.0,-1.0,-8.0,-76.0,-14.0,3,0
51660,-3.1431,-0.9986,0.6964,0.2961,0.024,0.0,0.0,0.0,0.0,-9.0,-75.0,-14.0,3,0
51672,-3.1431,-0.9986,0.6964,0.2961,0.024,0.0,0.0,0.0,0.0,-5.0,-76.0,-14.0,3,0
51685,-3.1431,-1.0002,0.6964,0.2961,0.024,0.0,0.0,0.0,0.0,-8.0,-76.0,-14.0,2,0
51697,-3.1431,-0.9986,0.6964,0.2961,0.0,0.0,0.0,0.0,0.0,-7.0,-76.0,-14.0,2,0
51705,-3.1431,-0.9986,0.6964,0.2961,0.0,0.0,0.0,0.0,0.0,-7.0,-76.0,-14.0,1,0
51717,-3.1431,-0.9986,0.6964,0.2961,0.0,0.0,0.0,0.0,0.0,-7.0,-76.0,-14.0,1,0
51730,-3.1431,-0.9986,0.6964,0.2961,0.0,0.0,0.0,0.0,0.0,-6.0,-76.0,-14.0,1,0
51742,-3.1447,-0.9986,0.6964,0.2961,0.0,0.0,0.0,0.0,0.0,-7.0,-76.0,-14.0,1,0
51754,-3.1431,-0.9986,0.6964,0.2961,0.0,0.0,0.0,0.0,0.0,-6.0,-76.0,-14.0,1,0
51762,-3.1431,-0.9986,0.6964,0.2961,0.0,0.0,0.0,0.0,0.0,-5.0,-76.0,-14.0,1,0
51775,-3.1431,-0.9986,0.6964,0.2961,0.0,0.0,0.0,0.0,0.0,-8.0,-76.0,-13.0,1,0
51787,-3.1431,-1.0002,0.6964,0.2961,0.0,0.0,0.0,0.0,0.0,-6.0,-76.0,-14.0,1,0
51799,-3.1431,-1.0002,0.6964,0.2961,0.0,0.0,0.0,0.0,0.0,-6.0,-76.0,-14.0,0,0
51812,-3.1431,-0.9986,0.6964,0.2961,0.0,0.0,0.0,0.0,0.0,-7.0,-76.0,-14.0,0,0
51820,-3.1431,-0.9986,0.6964,0.2961,0.0,0.0,0.0,0.0,0.0,-5.0,-76.0,-14.0,1,0
51832,-3.1431,-0.9986,0.6964,0.2961,0.0,0.0,0.0,0.0,0.0,-8.0,-76.0,-14.0,0,0
51844,-3.1431,-1.0002,0.6964,0.2961,0.0,0.0,0.0,0.0,0.0,-7.0,-76.0,-14.0,1,0
51857,-3.1431,-0.9986,0.6964,0.2961,0.0,0.0,0.0,0.0,0.0,-8.0,-76.0,-13.0,1,0
51865,-3.1431,-0.9986,0.6964,0.2961,0.0,0.0,0.0,0.0,0.0,-8.0,-76.0,-13.0,1,0
51877,-3.1431,-1.0002,0.6964,0.2961,0.0,0.0,0.0,0.0,0.0,-7.0,-76.0,-14.0,1,0
51889,-3.1431,-0.9986,0.6964,0.2961,0.0,0.0,0.0,0.0,0.0,-7.0,-76.0,-14.0,1,0
51902,-3.1431,-1.0002,0.6964,0.2961,0.0,0.0,0.0,0.0,0.0,-5.0,-76.0,-14.0,0,0
51914,-3.1431,-0.9986,0.6964,0.2961,0.0,0.0,0.0,0.0,0.0,-8.0,-73.0,-14.0,0,0
51922,-3.1431,-0.9986,0.6964,0.2961,0.0,0.0,0.0,0.0,0.0,-8.0,-74.0,-14.0,0,0
51934,-3.1431,-0.9986,0.6964,0.2961,0.0,0.0,0.0,0.0,0.0,-6.0,-75.0,-14.0,0,0
51947,-3.1431,-0.9986,0.6964,0.2961,0.0,0.0,0.0,0.0,0.0,-8.0,-76.0,-14.0,1,0
51959,-3.1431,-0.9986,0.6964,0.2961,0.0,0.0,0.0,0.0,0.0,-7.0,-72.0,-14.0,0,0
51971,-3.1447,-1.0002,0.6964,0.2961,0.0,0.0,0.0,0.0,0.0,-5.0,-73.0,-14.0,0,0
51979,-3.1431,-1.0002,0.6964,0.2961,0.0,0.0,0.0,0.0,0.0,-7.0,-74.0,-14.0,0,0
51992,-3.1431,-0.9986,0.6964,0.2961,0.0,0.0,0.0,0.0,0.0,-4.0,-75.0,-14.0,0,0
52004,-3.1431,-0.9986,0.6964,0.2945,0.0,0.0,0.0,0.0,0.0,-4.0,-75.0,-14.0,0,0
52016,-3.1431,-0.9986,0.6964,0.2961,0.0,0.0,0.0,0.0,0.0,-3.0,-72.0,-14.0,0,0
52029,-3.1431,-0.9986,0.6964,0.2961,0.0,0.0,0.0,0.0,0.0,-5.0,-76.0,-14.0,0,0
52037,-3.1431,-1.0002,0.6964,0.2961,0.0,0.0,0.0,0.0,0.0,-7.0,-73.0,-14.0,0,0
52049,-3.1431,-1.0002,0.6964,0.2961,0.0,0.0,0.0,0.0,0.0,-4.0,-78.0,-14.0,0,0
52061,-3.1431,-0.9986,0.6964,0.2961,0.0,0.0,0.0,0.0,0.0,-5.0,-73.0,-14.0,0,0
52074,-3.1431,-0.9986,0.6964,0.2961,0.0,0.0,0.0,0.0,0.0,-7.0,-77.0,-14.0,0,0
52086,-3.1431,-0.9986,0.6964,0.2961,0.0,0.0,0.0,0.0,0.0,-6.0,-74.0,-14.0,0,0
52094,-3.1431,-0.9986,0.6964,0.2961,0.0,0.0,0.0,0.0,0.0,-3.0,-76.0,-14.0,0,0
52106,-3.1431,-0.9986,0.6964,0.2961,0.0,0.0,0.0,0.0,0.0,-6.0,-74.0,-14.0,0,0
52119,-3.1431,-1.0002,0.6964,0.2961,0.0,0.0,0.0,0.0,0.0,-3.0,-77.0,-15.0,0,0
52131,-3.1431,-0.9986,0.6964,0.2961,0.0,0.0,0.0,0.0,0.0,-3.0,-72.0,-14.0,0,0
52143,-3.1431,-0.9986,0.6964,0.2961,0.0,0.0,0.0,0.0,0.0,-2.0,-76.0,-14.0,0,0
52152,-3.1431,-0.9986,0.6964,0.2961,0.0,0.0,0.0,0.0,0.0,-1.0,-76.0,-13.0,0,0
52164,-3.1431,-0.9986,0.6964,0.2961,0.0,0.0,0.0,0.0,0.0,-1.0,-72.0,-14.0,0,0
52176,-3.1431,-0.9986,0.6964,0.2961,0.0,0.0,0.0,0.0,0.0,-1.0,-77.0,-14.0,0,0
52188,-3.1431,-0.9986,0.6964,0.2961,0.0,0.0,0.0,0.0,0.0,-1.0,-75.0,-14.0,0,0
52201,-3.1431,-0.9986,0.6964,0.2961,0.0,0.0,0.0,0.0,0.0,-1.0,-76.0,-14.0,0,0
52209,-3.1431,-0.9986,0.6964,0.2961,0.0,0.0,0.0,0.0,0.0,-1.0,-72.0,-14.0,0,0
52221,-3.1431,-0.9986,0.6964,0.2961,0.0,0.0,0.0,0.0,0.0,-1.0,-77.0,-12.0,0,0
52233,-3.1431,-0.9986,0.6964,0.2961,0.0,0.0,0.0,0.0,0.0,-1.0,-71.0,-14.0,0,0
52246,-3.1431,-0.9986,0.6964,0.2961,0.0,0.0,0.0,0.0,0.0,-1.0,-75.0,-14.0,0,0
52258,-3.1431,-0.9986,0.6964,0.2961,0.0,0.0,0.0,0.0,0.0,-1.0,-77.0,-14.0,0,0
52266,-3.1431,-1.0002,0.6964,0.2961,0.0,0.0,0.0,0.0,0.0,-1.0,-76.0,-14.0,0,0
52278,-3.1431,-0.9986,0.6964,0.2961,0.0,0.0,0.0,0.0,0.0,-1.0,-77.0,-14.0,0,0
52291,-3.1431,-0.9986,0.6964,0.2961,0.0,0.0,0.0,0.0,0.0,-1.0,-72.0,-14.0,0,0
52303,-3.1431,-0.9986,0.6964,0.2961,0.0,0.0,0.0,0.0,0.0,-1.0,-69.0,-14.0,0,0
52311,-3.1431,-0.9986,0.6964,0.2961,0.0,0.0,0.0,0.0,0.0,-1.0,-77.0,-14.0,0,0
52324,-3.1431,-0.9986,0.6964,0.2961,0.0,0.0,0.0,0.0,0.0,-1.0,-69.0,-14.0,1,0
52336,-3.1431,-0.9986,0.6964,0.2961,0.0,0.0,0.0,0.0,0.0,-1.0,-69.0,-14.0,1,0
52348,-3.1431,-0.9986,0.6964,0.2961,0.0,0.0,0.0,0.0,0.0,-1.0,-75.0,-14.0,1,0
52360,-3.1431,-0.9986,0.6964,0.2961,0.0,0.0,0.0,0.0,0.0,-1.0,-70.0,-14.0,1,0
52369,-3.1431,-0.9986,0.6964,0.2961,0.0,0.0,0.0,0.0,0.0,-1.0,-69.0,-14.0,1,0
52381,-3.1431,-0.9986,0.6964,0.2961,0.0,0.0,0.0,0.0,0.0,-1.0,-73.0,-14.0,1,0
52393,-3.1431,-0.9986,0.6964,0.2961,0.0,0.0,0.0,0.0,0.0,-1.0,-70.0,-14.0,1,0
52405,-3.1431,-0.9986,0.6964,0.2961,0.0,0.0,0.0,0.0,0.0,-1.0,-69.0,-14.0,1,0
52418,-3.1431,-0.9986,0.6964,0.2961,0.0,0.0,0.0,0.0,0.0,-1.0,-69.0,-14.0,1,0
52426,-3.1431,-0.9986,0.6964,0.2961,0.0,0.0,0.0,0.0,0.0,-1.0,-69.0,-14.0,1,0
52438,-3.1431,-0.9986,0.6964,0.2961,0.0,0.0,0.0,0.0,0.0,-1.0,-66.0,-14.0,1,0
52451,-3.1431,-0.9986,0.6964,0.2961,0.0,0.0,0.0,0.0,0.0,-1.0,-74.0,-12.0,1,0
52463,-3.1431,-0.9986,0.6964,0.2961,0.0,0.0,0.0,0.0,0.0,-1.0,-77.0,-14.0,1,0
52475,-3.1431,-0.9986,0.6964,0.2961,0.0,0.0,0.0,0.0,0.0,-1.0,-69.0,-14.0,1,0
52483,-3.1431,-0.9986,0.6964,0.2961,0.0,0.0,0.0,0.0,0.0,0.0,-78.0,-14.0,1,0
52496,-3.1431,-0.9986,0.6964,0.2961,0.0,0.0,0.0,0.0,0.0,0.0,-70.0,-14.0,1,0
52508,-3.1431,-0.9986,0.6964,0.2961,0.0,0.0,0.0,0.0,0.0,0.0,-69.0,-14.0,1,0
52520,-3.1431,-0.9986,0.6964,0.2961,0.0,0.0,0.0,0.0,0.0,0.0,-74.0,-14.0,0,0
52532,-3.1431,-0.9986,0.6964,0.2961,0.0,0.0,0.0,0.0,0.0,0.0,-77.0,-14.0,0,0
52541,-3.1431,-0.9986,0.6964,0.2961,0.0,0.0,0.0,0.0,0.0,0.0,-76.0,-14.0,0,0
52553,-3.1431,-0.9986,0.6964,0.2961,0.0,0.0,0.0,0.0,0.0,0.0,-78.0,-13.0,0,0
52565,-3.1431,-1.0002,0.6964,0.2961,0.0,0.0,0.0,0.0,0.0,0.0,-79.0,-14.0,0,0
52577,-3.1431,-0.9986,0.6964,0.2961,0.0,0.0,0.0,0.0,0.0,0.0,-66.0,-14.0,0,0
52590,-3.1431,-0.9986,0.6964,0.2961,0.0,0.0,0.0,0.0,0.0,0.0,-69.0,-14.0,0,0
52598,-3.1431,-0.9986,0.6964,0.2961,0.0,0.0,0.0,0.0,0.0,0.0,-66.0,-14.0,0,0
52610,-3.1431,-0.9986,0.6964,0.2961,0.0,0.0,0.0,0.0,0.0,0.0,-75.0,-14.0,0,0
52623,-3.1431,-0.9986,0.6964,0.2961,0.0,0.0,0.0,0.0,0.0,0.0,-78.0,-14.0,0,0
52635,-3.1431,-0.9986,0.6964,0.2961,0.0,0.0,0.0,0.0,0.0,0.0,-79.0,-12.0,0,0
52647,-3.1431,-1.0002,0.6964,0.2961,0.0,0.0,0.0,0.0,0.0,0.0,-76.0,-16.0,0,0
52655,-3.1431,-1.0002,0.6964,0.2961,0.0,0.0,0.0,0.0,0.0,0.0,-76.0,-16.0,0,0
52668,-3.1431,-0.9986,0.6964,0.2961,0.0,0.0,0.0,0.0,0.0,0.0,-71.0,-14.0,0,0
52680,-3.1431,-0.9986,0.6964,0.2961,0.0,0.0,0.0,0.0,0.0,0.0,-75.0,-14.0,0,0
52692,-3.1431,-0.9986,0.6964,0.2961,0.0,0.0,0.0,0.0,0.0,0.0,-75.0,-14.0,0,0
52704,-3.1431,-0.9986,0.6964,0.2961,0.0,0.0,0.0,0.0,0.0,0.0,-74.0,-14.0,0,0
52713,-3.1431,-0.9986,0.6964,0.2961,0.0,0.0,0.0,0.0,0.0,0.0,-78.0,-14.0,0,0
52725,-3.1431,-0.9986,0.6964,0.2961,0.0,0.0,0.0,0.0,0.0,0.0,-75.0,-14.0,0,0
52737,-3.1431,-0.9986,0.6964,0.2961,0.0,0.0,0.0,0.0,0.0,0.0,-77.0,-14.0,0,0
52750,-3.1431,-0.9986,0.6964,0.2961,0.0,0.0,0.0,0.0,0.0,0.0,-66.0,-14.0,0,0
52758,-3.1431,-0.9986,0.6964,0.2961,0.0,0.0,0.0,0.0,0.0,0.0,-73.0,-14.0,0,0
52770,-3.1431,-0.9986,0.6964,0.2961,0.0,0.0,0.0,0.0,0.0,0.0,-67.0,-14.0,0,0
52782,-3.1431,-0.9986,0.6964,0.2961,0.0,0.0,0.0,0.0,0.0,0.0,-67.0,-14.0,0,0
52795,-3.1431,-0.9986,0.6964,0.2961,0.0,0.0,0.0,0.0,0.0,0.0,-75.0,-14.0,0,0
52807,-3.1431,-0.9986,0.6964,0.2961,0.0,0.0,0.0,0.0,0.0,0.0,-77.0,-13.0,0,0
52815,-3.1431,-0.9986,0.6964,0.2961,0.0,0.0,0.0,0.0,0.0,0.0,-77.0,-13.0,0,0
52827,-3.1431,-0.9986,0.6964,0.2961,0.0,0.0,0.0,0.0,0.0,0.0,-76.0,-14.0,0,0
52840,-3.1431,-1.0002,0.6964,0.2961,0.0,0.0,0.0,0.0,0.0,0.0,-66.0,-14.0,0,0
52852,-3.1431,-0.9986,0.6964,0.2961,0.0,0.0,0.0,0.0,0.0,0.0,-67.0,-13.0,0,0
52864,-3.1431,-0.9986,0.6964,0.2961,0.0,0.0,0.0,0.0,0.0,0.0,-68.0,-14.0,0,0
52872,-3.1431,-0.9986,0.6964,0.2961,0.0,0.0,0.0,0.0,0.0,0.0,-72.0,-15.0,0,0
52885,-3.1416,-0.9986,0.6964,0.2961,0.0,0.0,0.0,0.0,0.0,0.0,-74.0,-15.0,0,0
52897,-3.137,-0.9986,0.6964,0.2961,0.024,0.0,0.0,0.0,-56.0,0.0,-75.0,-14.0,0,0
52909,-3.1355,-0.9986,0.698,0.2961,0.0479,0.0,0.0,0.0,-54.0,0.0,-68.0,-14.0,0,0
52922,-3.1355,-0.9986,0.6964,0.2961,0.0719,0.0,0.0,0.0,-40.0,0.0,-65.0,-14.0,0,0
52930,-3.1355,-0.9986,0.6964,0.2961,0.0959,0.0,0.0,0.0,-41.0,0.0,-68.0,-14.0,0,0
52942,-3.1355,-0.9986,0.6964,0.2961,0.0959,0.0,0.0,0.0,-42.0,0.0,-70.0,-14.0,0,0
52954,-3.1355,-0.9986,0.6964,0.2961,0.0959,0.0,0.0,0.0,-49.0,0.0,-78.0,-14.0,0,0
52967,-3.1339,-0.9986,0.6964,0.2961,0.0479,0.0,0.0,0.0,-47.0,0.0,-77.0,-14.0,0,0
52979,-3.1339,-0.9986,0.6964,0.2961,0.024,0.0,0.0,0.0,-50.0,0.0,-70.0,-12.0,4,0
52991,-3.1339,-0.9986,0.6964,0.2961,0.024,0.0,0.0,0.0,-52.0,0.0,-65.0,-14.0,10,0
53003,-3.1339,-1.0002,0.6964,0.2961,0.024,0.0,0.0,0.0,-52.0,0.0,-72.0,-14.0,13,1
53016,-3.1339,-0.9986,0.6964,0.2961,0.024,0.0,0.0,0.0,-55.0,0.0,-77.0,-14.0,19,1
53028,-3.1324,-0.9986,0.6964,0.2961,0.024,0.0,0.0,0.0,-66.0,0.0,-77.0,-14.0,21,1
53040,-3.1324,-0.9986,0.6964,0.2961,0.024,0.0,0.0,0.0,-70.0,0.0,-65.0,-14.0,23,1
53053,-3.1324,-0.9986,0.6964,0.2961,0.024,0.0,0.0,0.0,-73.0,0.0,-67.0,-14.0,26,1
53065,-3.1324,-0.9986,0.6964,0.2961,0.024,0.0,0.0,0.0,-68.0,0.0,-77.0,-14.0,47,1
53077,-3.1309,-0.9986,0.6964,0.2961,0.024,0.0,0.0,0.0,-72.0,0.0,-77.0,-15.0,66,1
53089,-3.1309,-1.0002,0.6964,0.2961,0.024,0.0,0.0,0.0,-66.0,0.0,-69.0,-13.0,77,1
53102,-3.1309,-0.9986,0.6964,0.2961,0.024,0.0,0.0,0.0,-66.0,0.0,-62.0,-14.0,78,1
53114,-3.1309,-0.9986,0.6964,0.2961,0.024,0.0,0.0,0.0,-65.0,0.0,-68.0,-14.0,79,1
53126,-3.1309,-0.9986,0.6964,0.2961,0.0,0.0,0.0,0.0,-67.0,0.0,-72.0,-14.0,78,1
53139,-3.1309,-0.9986,0.6964,0.2961,0.0,0.0,0.0,0.0,-65.0,0.0,-76.0,-14.0,78,1
53151,-3.1309,-0.9986,0.6964,0.2945,0.0,0.0,0.0,0.0,-65.0,0.0,-65.0,-14.0,77,1
53163,-3.1309,-0.9986,0.6964,0.2961,0.0,0.0,0.0,0.0,-65.0,0.0,-65.0,-14.0,75,1
53175,-3.1309,-0.9986,0.6964,0.2961,0.0,0.0,0.0,0.0,-67.0,0.0,-66.0,-14.0,71,1
53188,-3.1309,-0.9986,0.6964,0.2961,0.0,0.0,0.0,0.0,-61.0,0.0,-72.0,-14.0,67,1
53200,-3.1324,-0.9986,0.6964,0.2961,0.0,0.0,0.0,0.0,-47.0,0.0,-66.0,-14.0,62,1
53216,-3.1355,-0.9986,0.6964,0.2961,-0.024,0.0,0.0,0.0,-17.0,0.0,-66.0,-12.0,53,1
53229,-3.137,-0.9986,0.6964,0.2961,-0.0479,0.0,0.0,0.0,0.0,0.0,-77.0,-14.0,43,1
53241,-3.1385,-0.9986,0.6964,0.2961,-0.0719,0.0,0.0,0.0,4.0,0.0,-62.0,-15.0,23,1
53253,-3.1401,-0.9986,0.6964,0.2961,-0.0959,0.0,0.0,0.0,0.0,0.0,-65.0,-15.0,16,1
53266,-3.1416,-0.9986,0.6964,0.2961,-0.1198,0.0,0.0,0.0,0.0,0.0,-77.0,-15.0,13,1
53278,-3.1431,-0.9986,0.6964,0.2961,-0.1198,0.0,0.0,0.0,0.0,0.0,-74.0,-14.0,12,1
53290,-3.1431,-0.9986,0.6964,0.2961,-0.1198,0.0,0.0,0.0,0.0,0.0,-68.0,-14.0,11,1
53302,-3.1431,-0.9986,0.6964,0.2961,-0.0959,0.0,0.0,0.0,0.0,0.0,-78.0,-14.0,9,0
53311,-3.1447,-0.9986,0.6964,0.2961,-0.0959,0.0,0.0,0.0,0.0,0.0,-66.0,-14.0,8,0
53323,-3.1462,-0.9986,0.6964,0.2961,-0.0719,0.0,0.0,0.0,2.0,0.0,-76.0,-14.0,6,0
53335,-3.1462,-0.9986,0.6964,0.2961,-0.0719,0.0,0.0,0.0,7.0,0.0,-66.0,-14.0,6,0
53348,-3.1447,-0.9986,0.6964,0.2961,-0.0479,0.0,0.0,0.0,-3.0,0.0,-68.0,-14.0,7,0
53360,-3.1431,-0.9986,0.6964,0.2945,-0.024,0.0,0.0,0.0,0.0,0.0,-65.0,-14.0,5,0
53368,-3.1431,-0.9986,0.6964,0.2961,0.0,0.0,0.0,0.0,0.0,0.0,-68.0,-14.0,4,0
53380,-3.1431,-0.9986,0.6964,0.2961,0.0,0.0,0.0,0.0,0.0,0.0,-75.0,-14.0,4,0
53393,-3.1431,-0.9986,0.6964,0.2961,0.0,0.0,0.0,0.0,0.0,0.0,-76.0,-14.0,3,0
53405,-3.1416,-0.9986,0.6964,0.2961,0.024,0.0,0.0,0.0,0.0,0.0,-71.0,-14.0,3,0
53417,-3.1431,-0.9986,0.6964,0.2961,0.024,0.0,0.0,0.0,0.0,0.0,-64.0,-14.0,2,0
53425,-3.1431,-0.9986,0.6964,0.2961,0.024,0.0,0.0,0.0,0.0,0.0,-64.0,-14.0,2,0
53438,-3.1431,-0.9986,0.6964,0.2961,0.0,0.0,0.0,0.0,0.0,0.0,-77.0,-14.0,1,0
53450,-3.1431,-0.9986,0.6964,0.2961,0.0,0.0,0.0,0.0,0.0,0.0,-66.0,-14.0,1,0
53462,-3.1431,-0.9986,0.6964,0.2961,0.0,0.0,0.0,0.0,0.0,0.0,-62.0,-14.0,1,0
53474,-3.1431,-0.9986,0.6964,0.2961,0.0,0.0,0.0,0.0,0.0,0.0,-62.0,-14.0,0,0
53483,-3.1431,-0.9986,0.6964,0.2961,0.0,0.0,0.0,0.0,0.0,0.0,-76.0,-14.0,1,0
53495,-3.1431,-0.9986,0.6964,0.2945,0.0,0.0,0.0,0.0,0.0,0.0,-66.0,-14.0,1,0
53507,-3.1431,-0.9986,0.6964,0.2961,0.0,0.0,0.0,0.0,0.0,0.0,-62.0,-14.0,1,0
53520,-3.1431,-0.9986,0.6964,0.2961,0.0,0.0,0.0,0.0,0.0,0.0,-67.0,-14.0,1,0
53528,-3.1431,-0.9986,0.6964,0.2961,0.0,0.0,0.0,0.0,0.0,0.0,-72.0,-14.0,1,0
53540,-3.1431,-0.9986,0.6964,0.2961,0.0,0.0,0.0,0.0,0.0,0.0,-72.0,-14.0,1,0
53552,-3.1431,-0.9986,0.6964,0.2961,0.0,0.0,0.0,0.0,0.0,0.0,-77.0,-14.0,1,0
53565,-3.1431,-0.9986,0.6964,0.2961,0.0,0.0,0.0,0.0,0.0,0.0,-70.0,-14.0,0,0
53577,-3.1431,-0.9986,0.6964,0.2961,0.0,0.0,0.0,0.0,0.0,0.0,-77.0,-14.0,0,0
53585,-3.1431,-0.9986,0.6964,0.2961,0.0,0.0,0.0,0.0,0.0,0.0,-77.0,-14.0,0,0
53597,-3.1431,-0.9986,0.6964,0.2961,0.0,0.0,0.0,0.0,0.0,0.0,-72.0,-14.0,0,0
53610,-3.1431,-0.9986,0.6964,0.2961,0.0,0.0,0.0,0.0,0.0,0.0,-70.0,-14.0,0,0
53622,-3.1431,-0.9986,0.6964,0.2961,0.0,0.0,0.0,0.0,0.0,0.0,-78.0,-14.0,0,0
53634,-3.1431,-0.9986,0.6964,0.2961,0.0,0.0,0.0,0.0,0.0,0.0,-65.0,-14.0,0,0
53642,-3.1431,-0.9986,0.6964,0.2961,0.0,0.0,0.0,0.0,0.0,0.0,-66.0,-14.0,0,0
53655,-3.1431,-0.9986,0.6964,0.2961,0.0,0.0,0.0,0.0,0.0,0.0,-70.0,-14.0,0,0
53667,-3.1431,-0.9986,0.6964,0.2961,0.0,0.0,0.0,0.0,0.0,0.0,-74.0,-14.0,0,0
53679,-3.1431,-0.9986,0.6964,0.2961,0.0,0.0,0.0,0.0,0.0,0.0,-78.0,-13.0,0,0
53692,-3.1416,-0.9986,0.6964,0.2961,0.0,0.0,0.0,0.0,0.0,0.0,-66.0,-14.0,0,0
53700,-3.1431,-0.9986,0.6964,0.2961,0.0,0.0,0.0,0.0,0.0,0.0,-70.0,-14.0,0,0
53712,-3.1431,-0.9986,0.6964,0.2961,0.0,0.0,0.0,0.0,0.0,0.0,-70.0,-14.0,0,0
53724,-3.1431,-0.9986,0.6964,0.2961,0.0,0.0,0.0,0.0,0.0,0.0,-78.0,-14.0,0,0
53737,-3.1431,-0.9986,0.6964,0.2961,0.0,0.0,0.0,0.0,0.0,0.0,-66.0,-15.0,0,0
53749,-3.1431,-0.9986,0.6964,0.2961,0.0,0.0,0.0,0.0,0.0,0.0,-78.0,-14.0,0,0
53757,-3.1431,-0.9986,0.6964,0.2961,0.0,0.0,0.0,0.0,0.0,0.0,-76.0,-12.0,0,0
53769,-3.1431,-0.9986,0.6964,0.2961,0.0,0.0,0.0,0.0,0.0,0.0,-76.0,-14.0,0,0
53782,-3.1431,-0.9986,0.6964,0.2961,0.0,0.0,0.0,0.0,0.0,0.0,-63.0,-14.0,0,0
53794,-3.1431,-0.9986,0.6964,0.2961,0.0,0.0,0.0,0.0,0.0,0.0,-65.0,-14.0,0,0
53806,-3.1431,-0.9986,0.6964,0.2961,0.0,0.0,0.0,0.0,0.0,0.0,-77.0,-14.0,0,0
53814,-3.1431,-0.9986,0.6964,0.2961,0.0,0.0,0.0,0.0,0.0,0.0,-77.0,-14.0,0,0
53827,-3.1431,-0.9986,0.6964,0.2961,0.0,0.0,0.0,0.0,0.0,0.0,-69.0,-14.0,0,0
53839,-3.1431,-0.9986,0.6964,0.2961,0.0,0.0,0.0,0.0,0.0,0.0,-67.0,-14.0,0,0
53851,-3.1431,-0.9986,0.6964,0.2961,0.0,0.0,0.0,0.0,0.0,0.0,-67.0,-12.0,0,0
53864,-3.1431,-0.9986,0.6964,0.2961,0.0,0.0,0.0,0.0,0.0,0.0,-77.0,-14.0,0,0
53872,-3.1431,-0.9986,0.6964,0.2961,0.0,0.0,0.0,0.0,0.0,0.0,-65.0,-14.0,0,0
53884,-3.1431,-0.9986,0.6964,0.2961,0.0,0.0,0.0,0.0,0.0,0.0,-68.0,-14.0,0,0
53896,-3.1431,-0.9986,0.6964,0.2961,0.0,0.0,0.0,0.0,0.0,0.0,-76.0,-14.0,0,0
53909,-3.1431,-0.9986,0.6964,0.2961,0.0,0.0,0.0,0.0,0.0,0.0,-75.0,-14.0,1,0
53921,-3.1431,-0.9986,0.6964,0.2961,0.0,0.0,0.0,0.0,0.0,0.0,-73.0,-14.0,0,0
53929,-3.1431,-0.9986,0.6964,0.2961,0.0,0.0,0.0,0.0,0.0,0.0,-71.0,-14.0,0,0
53941,-3.1431,-0.9986,0.6964,0.2961,0.0,0.0,0.0,0.0,0.0,0.0,-69.0,-14.0,0,0
53954,-3.1431,-0.9986,0.6964,0.2961,0.0,0.0,0.0,0.0,0.0,0.0,-76.0,-13.0,0,0
53966,-3.1431,-0.9986,0.6964,0.2961,0.0,0.0,0.0,0.0,0.0,0.0,-76.0,-14.0,0,0
53974,-3.1431,-0.9986,0.6964,0.2961,0.0,0.0,0.0,0.0,0.0,0.0,-70.0,-14.0,0,0
53986,-3.1431,-0.9986,0.6964,0.2961,0.0,0.0,0.0,0.0,0.0,0.0,-63.0,-14.0,0,0
53999,-3.1431,-0.9986,0.6964,0.2961,0.0,0.0,0.0,0.0,0.0,0.0,-62.0,-14.0,0,0
54011,-3.1416,-0.9986,0.6964,0.2961,0.0,0.0,0.0,0.0,0.0,0.0,-65.0,-14.0,0,0
54023,-3.1401,-0.9986,0.6964,0.2961,0.0,0.0,0.0,0.0,-51.0,0.0,-65.0,-14.0,0,0
54032,-3.137,-0.9986,0.698,0.2961,0.024,0.0,0.0,0.0,-67.0,-12.0,-63.0,-14.0,0,0
54044,-3.1431,-0.9971,0.698,0.2961,0.0479,0.0,0.0,0.0,0.0,-21.0,-77.0,-14.0,0,0
54056,-3.1477,-0.9956,0.6964,0.2961,0.0,0.024,0.0,0.0,24.0,-17.0,-70.0,-14.0,10,0
54068,-3.1462,-0.9956,0.6964,0.2961,-0.024,0.024,0.0,0.0,20.0,-11.0,-77.0,-14.0,16,1
54081,-3.1462,-0.994,0.6964,0.2961,-0.0479,0.0479,0.0,0.0,15.0,-8.0,-77.0,-12.0,37,1
54093,-3.1462,-0.994,0.6964,0.2961,-0.0719,0.0479,0.0,0.0,5.0,-14.0,-77.0,-12.0,49,1
54109,-3.1462,-0.9925,0.698,0.2961,-0.0719,0.0479,0.0,0.0,13.0,-35.0,-79.0,-14.0,56,1
54122,-3.1447,-0.9925,0.698,0.2976,-0.024,0.0479,0.0,0.0,3.0,-44.0,-80.0,-15.0,72,1
54134,-3.1447,-0.991,0.6995,0.2961,0.0,0.0479,0.0,0.0,0.0,-42.0,-91.0,-16.0,74,1
54146,-3.1447,-0.991,0.698,0.2961,0.0,0.0479,0.024,0.0,0.0,-34.0,-80.0,-14.0,75,1
54158,-3.1447,-0.991,0.6995,0.2961,0.0,0.0479,0.024,0.0,0.0,-33.0,-76.0,-14.0,74,1
54171,-3.1447,-0.991,0.698,0.2961,0.0,0.024,0.0,0.0,0.0,-29.0,-76.0,-14.0,73,1
54183,-3.1447,-0.991,0.698,0.2961,0.0,0.024,0.0,0.0,0.0,-28.0,-76.0,-14.0,76,1
54195,-3.1447,-0.9925,0.698,0.2961,0.0,0.0,0.0,0.0,0.0,-24.0,-70.0,-14.0,80,1
54208,-3.1447,-0.9925,0.698,0.2961,0.0,0.0,0.0,0.0,1.0,-23.0,-73.0,-14.0,84,1
54220,-3.1447,-0.9925,0.6995,0.2961,0.0,0.0,0.0,0.0,1.0,-26.0,-77.0,-14.0,86,1
54232,-3.1447,-0.9925,0.6995,0.2961,0.0,0.0,0.0,0.0,1.0,-26.0,-76.0,-15.0,87,1
54244,-3.1447,-0.9925,0.698,0.2961,0.0,0.0,0.0,0.0,1.0,-29.0,-77.0,-15.0,86,1
54257,-3.1431,-0.9925,0.6995,0.2976,0.0,0.0,0.0,0.0,0.0,-30.0,-75.0,-14.0,83,1
54269,-3.1431,-0.9925,0.6995,0.2961,0.0,0.0,0.0,0.0,0.0,-31.0,-82.0,-15.0,78,1
54281,-3.1416,-0.991,0.698,0.2961,0.024,0.0,0.0,0.0,-2.0,-30.0,-76.0,-14.0,67,1
54294,-3.1385,-0.9925,0.698,0.2961,0.024,0.0,0.0,0.0,-8.0,-28.0,-75.0,-14.0,47,1
54306,-3.1385,-0.9925,0.698,0.2961,0.0479,0.0,0.0,0.0,-16.0,-28.0,-72.0,-14.0,28,1
54318,-3.1385,-0.9925,0.698,0.2961,0.0719,0.0,0.0,0.0,-11.0,-21.0,-76.0,-14.0,25,1
54331,-3.1416,-0.9925,0.698,0.2961,0.0479,0.0,0.0,0.0,3.0,-18.0,-73.0,-14.0,20,1
54343,-3.1416,-0.994,0.698,0.2961,0.024,0.0,0.0,0.0,1.0,-15.0,-76.0,-14.0,14,1
54355,-3.1431,-0.994,0.698,0.2961,0.0,0.0,0.0,0.0,0.0,-15.0,-72.0,-14.0,10,0
54367,-3.1462,-0.994,0.698,0.2961,-0.0719,0.0,0.0,0.0,19.0,-17.0,-75.0,-14.0,6,0
54380,-3.1462,-0.994,0.698,0.2961,-0.0959,0.0,0.0,0.0,13.0,-20.0,-75.0,-14.0,5,0
54392,-3.1447,-0.994,0.6995,0.2961,-0.0959,0.0,0.0,0.0,-4.0,-15.0,-78.0,-14.0,5,0
54404,-3.1431,-0.9925,0.6995,0.2961,-0.0719,0.0,0.0,0.0,-2.0,-18.0,-75.0,-14.0,5,0
54412,-3.1416,-0.994,0.6995,0.2961,-0.024,0.0,0.0,0.0,0.0,-16.0,-75.0,-15.0,4,0
54425,-3.1401,-0.994,0.698,0.2961,0.0,0.0,0.0,0.0,-3.0,-17.0,-74.0,-14.0,3,0
54437,-3.1401,-0.9925,0.698,0.2961,0.0719,0.0,0.0,0.0,-2.0,-23.0,-75.0,-11.0,3,0
54449,-3.1401,-0.994,0.698,0.2961,0.0719,0.0,0.0,0.0,2.0,-25.0,-72.0,-14.0,3,0
54462,-3.1416,-0.994,0.698,0.2961,0.0719,0.0,0.0,0.0,0.0,-26.0,-72.0,-14.0,2,0
54470,-3.1431,-0.994,0.698,0.2961,0.024,0.0,0.0,0.0,0.0,-26.0,-76.0,-14.0,2,0
54482,-3.1431,-0.994,0.698,0.2961,0.0,0.0,0.0,0.0,0.0,-23.0,-74.0,-14.0,1,0
54494,-3.1462,-0.994,0.698,0.2961,0.0,0.0,0.0,0.0,4.0,-25.0,-73.0,-14.0,2,0
54507,-3.1462,-0.994,0.698,0.2961,-0.0719,0.0,0.0,0.0,7.0,-26.0,-77.0,-14.0,2,0
54519,-3.1447,-0.994,0.698,0.2961,-0.0719,0.0,0.0,0.0,1.0,-26.0,-75.0,-14.0,2,0
54527,-3.1431,-0.994,0.698,0.2961,-0.0479,0.0,0.0,0.0,-8.0,-24.0,-73.0,-14.0,2,0
54539,-3.1416,-0.994,0.6995,0.2961,-0.024,0.0,0.0,0.0,0.0,-23.0,-72.0,-14.0,2,0
54552,-3.1401,-0.994,0.698,0.2961,0.0,0.0,0.0,0.0,-5.0,-24.0,-75.0,-14.0,1,0
54564,-3.1401,-0.994,0.698,0.2961,0.024,0.0,0.0,0.0,0.0,-23.0,-77.0,-14.0,1,0
54576,-3.1416,-0.994,0.698,0.2961,0.0719,0.0,0.0,0.0,0.0,-26.0,-76.0,-14.0,1,0
54584,-3.1416,-0.994,0.698,0.2961,0.0719,0.0,0.0,0.0,0.0,-26.0,-76.0,-14.0,1,0
54597,-3.1416,-0.994,0.698,0.2961,0.024,0.0,0.0,0.0,0.0,-24.0,-73.0,-14.0,1,0
54609,-3.1431,-0.994,0.698,0.2961,0.0,0.0,0.0,0.0,0.0,-26.0,-75.0,-13.0,1,0
54621,-3.1431,-0.994,0.698,0.2961,0.0,0.0,0.0,0.0,0.0,-26.0,-75.0,-14.0,1,0
54634,-3.1431,-0.994,0.698,0.2961,-0.024,0.0,0.0,0.0,0.0,-24.0,-75.0,-14.0,1,0
54642,-3.1447,-0.994,0.6995,0.2961,-0.024,0.0,0.0,0.0,1.0,-26.0,-73.0,-14.0,1,0
54654,-3.1447,-0.994,0.698,0.2961,-0.0479,0.0,0.0,0.0,0.0,-26.0,-77.0,-14.0,1,0
54666,-3.1431,-0.994,0.698,0.2961,-0.024,0.0,0.0,0.0,0.0,-24.0,-77.0,-14.0,1,0
54679,-3.1431,-0.994,0.698,0.2961,0.0,0.0,0.0,0.0,0.0,-24.0,-75.0,-14.0,1,0
54691,-3.1431,-0.994,0.698,0.2961,0.0,0.0,0.0,0.0,0.0,-24.0,-76.0,-14.0,0,0
54699,-3.1416,-0.994,0.698,0.2961,0.0,0.0,0.0,0.0,0.0,-23.0,-73.0,-14.0,0,0
54711,-3.1431,-0.994,0.698,0.2961,0.0,0.0,0.0,0.0,0.0,-24.0,-76.0,-14.0,0,0
54724,-3.1431,-0.994,0.698,0.2961,0.0,0.0,0.0,0.0,0.0,-24.0,-76.0,-12.0,0,0
54736,-3.1431,-0.994,0.698,0.2961,0.0,0.0,0.0,0.0,0.0,-24.0,-74.0,-14.0,0,0
54748,-3.1431,-0.994,0.698,0.2961,0.0,0.0,0.0,0.0,0.0,-31.0,-75.0,-14.0,0,0
54756,-3.1416,-0.9925,0.698,0.2961,0.0,0.0,0.0,0.0,0.0,-32.0,-75.0,-14.0,0,0
54769,-3.1431,-0.994,0.698,0.2961,0.0,0.0,0.0,0.0,0.0,-33.0,-76.0,-14.0,0,0
54781,-3.1431,-0.994,0.698,0.2961,0.0,0.0,0.0,0.0,0.0,-33.0,-75.0,-14.0,0,0
54793,-3.1431,-0.994,0.698,0.2961,0.0,0.0,0.0,0.0,0.0,-33.0,-76.0,-14.0,0,0
54802,-3.1431,-0.994,0.698,0.2961,0.0,0.0,0.0,0.0,0.0,-33.0,-74.0,-14.0,0,0
54814,-3.1431,-0.994,0.698,0.2961,0.0,0.0,0.0,0.0,0.0,-33.0,-74.0,-14.0,0,0
54826,-3.1431,-0.994,0.698,0.2945,0.0,0.0,0.0,0.0,0.0,-32.0,-75.0,-15.0,0,0
54838,-3.1431,-0.994,0.698,0.2961,0.0,0.0,0.0,0.0,0.0,-32.0,-76.0,-14.0,0,0
54851,-3.1431,-0.994,0.698,0.2961,0.0,0.0,0.0,0.0,0.0,-32.0,-76.0,-14.0,0,0
54859,-3.1431,-0.994,0.698,0.2961,0.0,0.0,0.0,0.0,0.0,-33.0,-76.0,-14.0,0,0
54871,-3.1431,-0.9925,0.698,0.2961,0.0,0.0,0.0,0.0,0.0,-32.0,-75.0,-14.0,0,0
54883,-3.1431,-0.994,0.698,0.2961,0.0,0.0,0.0,0.0,0.0,-33.0,-75.0,-14.0,0,0
54896,-3.1431,-0.994,0.698,0.2961,0.0,0.0,0.0,0.0,0.0,-33.0,-73.0,-14.0,0,0
54908,-3.1431,-0.9925,0.698,0.2961,0.0,0.0,0.0,0.0,0.0,-32.0,-75.0,-14.0,0,0
54916,-3.1431,-0.994,0.698,0.2961,0.0,0.0,0.0,0.0,0.0,-33.0,-74.0,-14.0,0,0
54929,-3.1431,-0.994,0.698,0.2961,0.0,0.0,0.0,0.0,0.0,-32.0,-73.0,-14.0,0,0
54941,-3.1431,-0.994,0.6995,0.2961,0.0,0.0,0.0,0.0,0.0,-33.0,-76.0,-14.0,0,0
54953,-3.1431,-0.994,0.698,0.2961,0.0,0.0,0.0,0.0,0.0,-33.0,-73.0,-14.0,0,0
54965,-3.1431,-0.994,0.698,0.2961,0.0,0.0,0.0,0.0,0.0,-33.0,-75.0,-14.0,0,0
54974,-3.1431,-0.9925,0.698,0.2961,0.0,0.0,0.0,0.0,0.0,-32.0,-77.0,-13.0,0,0
54986,-3.1431,-0.994,0.698,0.2961,0.0,0.0,0.0,0.0,0.0,-33.0,-76.0,-14.0,0,0
54998,-3.1431,-0.994,0.6995,0.2961,0.0,0.0,0.0,0.0,0.0,-33.0,-74.0,-14.0,0,0
55010,-3.1431,-0.994,0.698,0.2961,0.0,0.0,0.0,0.0,0.0,-33.0,-74.0,-14.0,0,0
55023,-3.1431,-0.994,0.698,0.2961,0.0,0.0,0.0,0.0,0.0,-33.0,-73.0,-14.0,0,0
55031,-3.1431,-0.994,0.698,0.2961,0.0,0.0,0.0,0.0,0.0,-33.0,-75.0,-14.0,0,0
55043,-3.1431,-0.994,0.6995,0.2961,0.0,0.0,0.0,0.0,0.0,-32.0,-74.0,-14.0,0,0
55055,-3.1431,-0.994,0.698,0.2961,0.0,0.0,0.0,0.0,0.0,-32.0,-76.0,-14.0,0,0
55068,-3.1431,-0.994,0.698,0.2961,0.0,0.0,0.0,0.0,0.0,-37.0,-74.0,-14.0,0,0
55080,-3.1431,-0.994,0.698,0.2961,0.0,0.0,0.0,0.0,0.0,-37.0,-76.0,-14.0,0,0
55088,-3.1431,-0.994,0.698,0.2961,0.0,0.0,0.0,0.0,0.0,-37.0,-73.0,-14.0,0,0
55101,-3.1431,-0.994,0.698,0.2961,0.0,0.0,0.0,0.0,0.0,-37.0,-74.0,-14.0,0,0
55113,-3.1431,-0.994,0.698,0.2961,0.0,0.0,0.0,0.0,0.0,-37.0,-74.0,-14.0,0,0
55125,-3.1431,-0.994,0.6995,0.2961,0.0,0.0,0.0,0.0,0.0,-37.0,-78.0,-14.0,0,0
55137,-3.1431,-0.994,0.698,0.2961,0.0,0.0,0.0,0.0,0.0,-37.0,-75.0,-14.0,0,0
55146,-3.1431,-0.994,0.698,0.2961,0.0,0.0,0.0,0.0,0.0,-37.0,-75.0,-14.0,0,0
55158,-3.1431,-0.994,0.698,0.2961,0.0,0.0,0.0,0.0,0.0,-37.0,-74.0,-14.0,0,0
55170,-3.1431,-0.994,0.698,0.2961,0.0,0.0,0.0,0.0,0.0,-37.0,-74.0,-14.0,0,0
55182,-3.1431,-0.994,0.698,0.2961,0.0,0.0,0.0,0.0,0.0,-37.0,-74.0,-14.0,0,0
55195,-3.1431,-0.994,0.698,0.2961,0.0,0.0,0.0,0.0,0.0,-37.0,-77.0,-14.0,0,0
55203,-3.1431,-0.994,0.698,0.2961,0.0,0.0,0.0,0.0,0.0,-37.0,-75.0,-14.0,0,0
55215,-3.1431,-0.994,0.6995,0.2961,0.0,0.0,0.0,0.0,0.0,-36.0,-73.0,-14.0,0,0
55228,-3.1431,-0.994,0.698,0.2961,0.0,0.0,0.0,0.0,0.0,-36.0,-76.0,-14.0,0,0
55240,-3.1431,-0.994,0.698,0.2961,0.0,0.0,0.0,0.0,0.0,-37.0,-74.0,-14.0,0,0
55248,-3.1431,-0.994,0.698,0.2961,0.0,0.0,0.0,0.0,0.0,-37.0,-75.0,-14.0,0,0
55260,-3.1431,-0.994,0.698,0.2945,0.0,0.0,0.0,0.0,0.0,-36.0,-74.0,-14.0,0,0
55273,-3.1431,-0.994,0.698,0.2961,0.0,0.0,0.0,0.0,0.0,-37.0,-74.0,-14.0,0,0
55285,-3.1431,-0.994,0.698,0.2961,0.0,0.0,0.0,0.0,3.0,-37.0,-74.0,-14.0,0,0
55297,-3.1462,-0.994,0.698,0.2961,-0.024,0.0,0.0,0.0,25.0,-37.0,-76.0,-14.0,0,0
55305,-3.1462,-0.994,0.698,0.2961,-0.024,0.0,0.0,0.0,25.0,-37.0,-76.0,-14.0,0,0
55318,-3.1462,-0.991,0.698,0.2961,-0.024,0.0,0.0,0.0,24.0,-69.0,-70.0,-14.0,0,0
55330,-3.1477,-0.9894,0.698,0.2961,-0.024,0.024,0.0,0.0,37.0,-90.0,-75.0,-14.0,8,0
55342,-3.1477,-0.9863,0.6995,0.2961,-0.0479,0.0479,0.0,0.0,45.0,-112.0,-73.0,-11.0,15,1
55354,-3.1477,-0.9833,0.6995,0.2961,-0.0479,0.0959,0.0,0.0,34.0,-126.0,-76.0,-14.0,19,1
55367,-3.1477,-0.9771,0.698,0.2961,-0.024,0.1678,0.0,0.0,34.0,-151.0,-83.0,-14.0,32,1
55379,-3.1477,-0.9756,0.6995,0.2961,-0.024,0.1918,0.0,0.0,35.0,-150.0,-79.0,-16.0,40,1
55391,-3.1493,-0.9741,0.698,0.2961,-0.024,0.2157,0.0,0.0,36.0,-140.0,-75.0,-15.0,55,1
55404,-3.1493,-0.9741,0.698,0.2961,0.0,0.2157,0.0,0.0,41.0,-139.0,-74.0,-15.0,63,1
55416,-3.1493,-0.9741,0.698,0.2961,0.0,0.1918,0.0,0.0,54.0,-122.0,-74.0,-15.0,62,1
55428,-3.1508,-0.9741,0.698,0.2961,-0.024,0.1198,0.0,0.0,62.0,-122.0,-75.0,-14.0,65,1
55440,-3.1523,-0.9741,0.698,0.2961,-0.024,0.0959,0.0,0.0,55.0,-122.0,-73.0,-14.0,67,1
55457,-3.1523,-0.9741,0.698,0.2961,-0.0479,0.024,0.0,0.0,51.0,-123.0,-76.0,-14.0,67,1
55469,-3.1523,-0.9741,0.698,0.2961,-0.0479,0.0,0.0,0.0,52.0,-124.0,-74.0,-14.0,64,1
55481,-3.1508,-0.9741,0.698,0.2961,-0.024,0.0,0.0,0.0,55.0,-124.0,-73.0,-14.0,60,1
55494,-3.1508,-0.9741,0.698,0.2961,-0.024,0.0,0.0,0.0,55.0,-124.0,-75.0,-14.0,54,1
55506,-3.1508,-0.9741,0.6995,0.2961,0.0,0.0,0.0,0.0,51.0,-123.0,-75.0,-14.0,49,1
55518,-3.1508,-0.9741,0.698,0.2961,0.0,0.0,0.0,0.0,42.0,-121.0,-75.0,-14.0,44,1
55531,-3.1493,-0.9741,0.698,0.2961,0.0,0.0,0.0,0.0,32.0,-118.0,-76.0,-14.0,41,1
55543,-3.1493,-0.9756,0.698,0.2961,0.024,0.0,0.0,0.0,33.0,-115.0,-72.0,-14.0,34,1
55555,-3.1477,-0.9756,0.698,0.2961,0.024,0.0,0.0,0.0,26.0,-107.0,-76.0,-14.0,30,1
55567,-3.1462,-0.9787,0.698,0.2961,0.0479,-0.024,0.0,0.0,16.0,-87.0,-73.0,-14.0,28,1
55580,-3.1447,-0.9802,0.698,0.2961,0.0479,-0.0479,0.0,0.0,9.0,-88.0,-74.0,-14.0,16,1
55592,-3.1447,-0.9817,0.698,0.2961,0.0719,-0.0479,0.0,0.0,7.0,-82.0,-78.0,-14.0,13,1
55604,-3.1431,-0.9817,0.698,0.2961,0.0719,-0.0719,0.0,0.0,1.0,-72.0,-76.0,-14.0,14,1
55617,-3.1416,-0.9848,0.698,0.2961,0.0719,-0.0959,0.0,0.0,-5.0,-59.0,-76.0,-14.0,12,1
55629,-3.1416,-0.9863,0.698,0.2961,0.0719,-0.0959,0.0,0.0,0.0,-50.0,-77.0,-14.0,9,0
55641,-3.1401,-0.9879,0.698,0.2961,0.0719,-0.1198,0.0,0.0,0.0,-40.0,-73.0,-14.0,10,0
55653,-3.1416,-0.9894,0.698,0.2961,0.0479,-0.1198,0.0,0.0,0.0,-33.0,-75.0,-13.0,8,0
55666,-3.1416,-0.991,0.698,0.2961,0.0479,-0.1198,0.0,0.0,0.0,-34.0,-73.0,-14.0,5,0
55674,-3.1416,-0.9925,0.698,0.2961,0.024,-0.1198,0.0,0.0,0.0,-29.0,-75.0,-14.0,6,0
55686,-3.1416,-0.9925,0.698,0.2961,0.0,-0.1198,0.0,0.0,0.0,-37.0,-76.0,-14.0,7,0
55699,-3.1416,-0.994,0.698,0.2961,0.0,-0.1198,0.0,0.0,0.0,-36.0,-75.0,-14.0,7,0
55711,-3.1416,-0.994,0.698,0.2961,0.0,-0.0959,0.0,0.0,0.0,-39.0,-75.0,-14.0,6,0
55723,-3.1401,-0.994,0.698,0.2961,0.0,-0.0959,0.0,0.0,0.0,-41.0,-72.0,-14.0,7,0
55731,-3.1416,-0.994,0.698,0.2961,0.0,-0.0719,0.0,0.0,0.0,-41.0,-74.0,-14.0,6,0
55744,-3.1416,-0.994,0.698,0.2961,0.0,-0.0479,0.0,0.0,0.0,-41.0,-76.0,-14.0,6,0
55756,-3.1416,-0.994,0.698,0.2961,0.0,-0.024,0.0,0.0,0.0,-41.0,-77.0,-14.0,6,0
55768,-3.1416,-0.994,0.698,0.2961,0.0,0.0,0.0,0.0,0.0,-41.0,-76.0,-14.0,6,0
55780,-3.1416,-0.994,0.698,0.2961,0.0,0.0,0.0,0.0,0.0,-41.0,-77.0,-14.0,6,0
55789,-3.1416,-0.994,0.698,0.2961,0.0,0.0,0.0,0.0,0.0,-41.0,-77.0,-14.0,5,0
55801,-3.1416,-0.994,0.698,0.2961,0.0,0.0,0.0,0.0,0.0,-41.0,-73.0,-14.0,5,0
55813,-3.1416,-0.994,0.698,0.2961,0.0,0.0,0.0,0.0,0.0,-41.0,-74.0,-14.0,5,0
55825,-3.1416,-0.994,0.698,0.2961,0.0,0.0,0.0,0.0,0.0,-41.0,-73.0,-14.0,4,0
55838,-3.1416,-0.994,0.698,0.2961,0.0,0.0,0.0,0.0,0.0,-41.0,-75.0,-14.0,4,0
55846,-3.1416,-0.994,0.698,0.2961,0.0,0.0,0.0,0.0,0.0,-41.0,-75.0,-14.0,4,0
55858,-3.1416,-0.994,0.698,0.2961,0.0,0.0,0.0,0.0,0.0,-43.0,-76.0,-14.0,4,0
55871,-3.1416,-0.994,0.698,0.2961,0.0,0.0,0.0,0.0,0.0,-43.0,-76.0,-14.0,4,0
55883,-3.1416,-0.994,0.698,0.2961,0.0,0.0,0.0,0.0,0.0,-43.0,-76.0,-14.0,4,0
55895,-3.1416,-0.994,0.698,0.2961,0.0,0.0,0.0,0.0,0.0,-43.0,-72.0,-14.0,4,0
55903,-3.1416,-0.994,0.6995,0.2961,0.0,0.0,0.0,0.0,0.0,-43.0,-73.0,-13.0,4,0
55916,-3.1416,-0.994,0.698,0.2961,0.0,0.0,0.0,0.0,0.0,-43.0,-76.0,-14.0,4,0
55928,-3.1416,-0.994,0.698,0.2961,0.0,0.0,0.0,0.0,0.0,-43.0,-76.0,-14.0,4,0
55940,-3.1416,-0.994,0.698,0.2961,0.0,0.0,0.0,0.0,0.0,-43.0,-75.0,-14.0,4,0
55948,-3.1416,-0.994,0.698,0.2961,0.0,0.0,0.0,0.0,0.0,-43.0,-77.0,-14.0,4,0
55961,-3.1416,-0.994,0.698,0.2961,0.0,0.0,0.0,0.0,0.0,-42.0,-77.0,-14.0,4,0
55973,-3.1416,-0.994,0.698,0.2945,0.0,0.0,0.0,0.0,0.0,-43.0,-77.0,-14.0,4,0
55985,-3.1401,-0.994,0.698,0.2961,0.0,0.0,0.0,0.0,0.0,-43.0,-77.0,-14.0,4,0
55998,-3.1416,-0.994,0.698,0.2961,0.0,0.0,0.0,0.0,0.0,-43.0,-75.0,-14.0,4,0
56006,-3.1416,-0.994,0.698,0.2961,0.0,0.0,0.0,0.0,0.0,-43.0,-75.0,-14.0,4,0
56018,-3.1416,-0.994,0.698,0.2961,0.0,0.0,0.0,0.0,0.0,-43.0,-77.0,-14.0,4,0
56030,-3.1416,-0.994,0.698,0.2961,0.0,0.0,0.0,0.0,0.0,-43.0,-77.0,-14.0,4,0
56043,-3.1416,-0.994,0.698,0.2961,0.0,0.0,0.0,0.0,0.0,-43.0,-76.0,-14.0,3,0
56055,-3.1416,-0.994,0.698,0.2961,0.0,0.0,0.0,0.0,0.0,-43.0,-76.0,-14.0,3,0
56063,-3.1416,-0.994,0.6995,0.2961,0.0,0.0,0.0,0.0,0.0,-43.0,-77.0,-14.0,3,0
56075,-3.1416,-0.994,0.698,0.2961,0.0,0.0,0.0,0.0,0.0,-43.0,-76.0,-14.0,3,0
56088,-3.1416,-0.994,0.698,0.2961,0.0,0.0,0.0,0.0,0.0,-43.0,-77.0,-14.0,3,0
56100,-3.1416,-0.994,0.698,0.2961,0.0,0.0,0.0,0.0,0.0,-43.0,-76.0,-14.0,3,0
56112,-3.1416,-0.994,0.698,0.2961,0.0,0.0,0.0,0.0,0.0,-43.0,-75.0,-14.0,3,0
56120,-3.1416,-0.994,0.698,0.2961,0.0,0.0,0.0,0.0,0.0,-43.0,-79.0,-14.0,3,0
56133,-3.1416,-0.994,0.698,0.2961,0.0,0.0,0.0,0.0,0.0,-43.0,-77.0,-12.0,4,0
56145,-3.1416,-0.994,0.698,0.2961,0.0,0.0,0.0,0.0,0.0,-43.0,-75.0,-14.0,4,0
56157,-3.1416,-0.994,0.698,0.2961,0.0,0.0,0.0,0.0,0.0,-43.0,-77.0,-14.0,4,0
56170,-3.1416,-0.994,0.698,0.2961,0.0,0.0,0.0,0.0,0.0,-49.0,-77.0,-15.0,5,0
56178,-3.1416,-0.994,0.698,0.2961,0.0,0.0,0.0,0.0,0.0,-49.0,-77.0,-14.0,5,0
56190,-3.1416,-0.994,0.698,0.2961,0.0,0.0,0.0,0.0,0.0,-49.0,-77.0,-14.0,5,0
56202,-3.1416,-0.994,0.698,0.2961,0.0,0.0,0.0,0.0,0.0,-48.0,-77.0,-15.0,5,0
56215,-3.1416,-0.994,0.698,0.2961,0.0,0.0,0.0,0.0,0.0,-48.0,-76.0,-14.0,5,0
56227,-3.1416,-0.994,0.698,0.2961,0.0,0.0,0.0,0.0,0.0,-48.0,-77.0,-14.0,5,0
56235,-3.1416,-0.994,0.698,0.2961,0.0,0.0,0.0,0.0,0.0,-48.0,-77.0,-14.0,5,0
56247,-3.1416,-0.994,0.698,0.2961,0.0,0.0,0.0,0.0,0.0,-48.0,-75.0,-14.0,5,0
56260,-3.1416,-0.994,0.6995,0.2961,0.0,0.0,0.0,0.0,0.0,-48.0,-76.0,-14.0,5,0
56272,-3.1416,-0.994,0.698,0.2961,0.0,0.0,0.0,0.0,0.0,-48.0,-76.0,-14.0,5,0
56284,-3.1401,-0.994,0.698,0.2961,0.0,0.0,0.0,0.0,0.0,-48.0,-77.0,-15.0,5,0
56292,-3.1416,-0.994,0.698,0.2961,0.0,0.0,0.0,0.0,0.0,-48.0,-76.0,-14.0,6,0
56305,-3.1416,-0.994,0.698,0.2961,0.0,0.0,0.0,0.0,0.0,-48.0,-76.0,-14.0,6,0
56317,-3.1416,-0.994,0.698,0.2961,0.0,0.0,0.0,0.0,0.0,-48.0,-77.0,-14.0,6,0
56329,-3.1401,-0.994,0.698,0.2961,0.0,0.0,0.0,0.0,0.0,-48.0,-74.0,-14.0,6,0
56342,-3.1416,-0.994,0.698,0.2961,0.0,0.0,0.0,0.0,0.0,-48.0,-78.0,-14.0,6,0
56350,-3.1416,-0.994,0.698,0.2961,0.0,0.0,0.0,0.0,0.0,-48.0,-76.0,-14.0,6,0
56362,-3.1416,-0.994,0.698,0.2961,0.0,0.0,0.0,0.0,0.0,-48.0,-76.0,-14.0,6,0
56374,-3.1416,-0.994,0.698,0.2961,0.0,0.0,0.0,0.0,0.0,-48.0,-78.0,-14.0,7,0
56387,-3.1416,-0.994,0.698,0.2961,0.0,0.0,0.0,0.0,0.0,-48.0,-75.0,-14.0,7,0
56395,-3.1416,-0.994,0.698,0.2961,0.0,0.0,0.0,0.0,0.0,-48.0,-75.0,-14.0,6,0
56407,-3.1416,-0.994,0.698,0.2961,0.0,0.0,0.0,0.0,0.0,-48.0,-78.0,-14.0,6,0
56419,-3.1401,-0.9956,0.698,0.2961,0.0,0.0,0.0,0.0,0.0,-30.0,-76.0,-14.0,7,0
56432,-3.1355,-1.0017,0.6995,0.2961,0.0,-0.024,0.0,0.0,-21.0,21.0,-77.0,-14.0,7,0
56444,-3.1339,-1.0032,0.6995,0.2961,0.0479,-0.0719,0.0,0.0,-40.0,35.0,-81.0,-21.0,9,0
56456,-3.1355,-1.0094,0.6995,0.2961,0.0959,-0.1438,0.0,0.0,-32.0,78.0,-80.0,-16.0,10,0
56469,-3.1355,-1.0109,0.6964,0.2961,0.0959,-0.1918,0.0,0.0,-9.0,82.0,-59.0,-13.0,10,0
56481,-3.1401,-1.0124,0.6934,0.2945,0.0719,-0.2157,0.0,0.0,12.0,82.0,-10.0,0.0,11,1
56493,-3.1431,-1.014,0.6903,0.293,0.024,-0.2397,-0.024,0.0,3.0,84.0,-1.0,0.0,77,1
56505,-3.1447,-1.0155,0.6888,0.2945,-0.024,-0.2157,-0.0719,0.0,16.0,74.0,2.0,-1.0,79,1
56518,-3.1431,-1.0124,0.6888,0.2945,-0.1198,-0.1438,-0.1198,0.0,-1.0,55.0,-37.0,-11.0,83,1
56530,-3.1431,-1.0109,0.6903,0.2961,-0.1198,-0.0959,-0.1198,0.0,0.0,30.0,-66.0,-14.0,71,1
56542,-3.1416,-1.0063,0.6918,0.2961,-0.0959,-0.0479,-0.0959,0.0,0.0,-2.0,-69.0,-15.0,55,1
56555,-3.1431,-1.0032,0.6949,0.2961,-0.0479,0.0,-0.0479,0.0,0.0,-24.0,-99.0,-17.0,46,1
56567,-3.1416,-0.9971,0.6964,0.2961,0.0,0.1678,0.024,0.0,0.0,-42.0,-93.0,-15.0,28,1
56579,-3.1416,-0.9971,0.698,0.2961,0.024,0.1918,0.0719,0.0,0.0,-35.0,-82.0,-17.0,17,1
56591,-3.1401,-0.9971,0.698,0.2961,0.024,0.2157,0.0959,0.0,0.0,-23.0,-74.0,-14.0,15,1
56604,-3.1401,-0.9971,0.698,0.2961,0.024,0.2157,0.0959,0.0,0.0,-18.0,-71.0,-14.0,14,1
56616,-3.1401,-0.9971,0.6964,0.2961,0.024,0.1918,0.0719,0.0,0.0,-17.0,-61.0,-14.0,12,1
56628,-3.1431,-0.9986,0.6964,0.2961,0.0,0.0719,0.024,0.0,0.0,0.0,-52.0,-13.0,7,0
56641,-3.1431,-0.9986,0.6964,0.2961,0.0,0.024,0.0,0.0,1.0,0.0,-56.0,-13.0,2,0
56653,-3.1431,-1.0002,0.6964,0.2961,0.0,0.0,0.0,0.0,0.0,0.0,-65.0,-14.0,2,0
56665,-3.1431,-1.0002,0.6964,0.2961,-0.024,0.0,0.0,0.0,0.0,-1.0,-76.0,-14.0,1,0
56673,-3.1431,-1.0002,0.6964,0.2961,-0.024,-0.024,0.0,0.0,0.0,-3.0,-76.0,-14.0,1,0
56686,-3.1431,-1.0002,0.6964,0.2961,-0.024,-0.024,0.0,0.0,3.0,-6.0,-69.0,-14.0,1,0
56698,-3.1416,-0.9986,0.6964,0.2961,0.0,0.0,0.0,0.0,0.0,-9.0,-73.0,-14.0,1,0
56710,-3.1416,-0.9986,0.6964,0.2961,0.0,0.0,0.0,0.0,0.0,-9.0,-65.0,-14.0,1,0
56722,-3.1401,-0.9986,0.6964,0.2961,0.0,0.0,0.0,0.0,0.0,-9.0,-71.0,-14.0,1,0
56731,-3.1401,-0.9986,0.6964,0.2961,0.024,0.0,0.0,0.0,0.0,-9.0,-61.0,-14.0,1,0
56743,-3.1401,-0.9986,0.6964,0.2961,0.024,0.0,0.0,0.0,0.0,-8.0,-75.0,-14.0,1,0
56755,-3.1401,-0.9986,0.6964,0.2961,0.024,0.0,0.0,0.0,-1.0,-9.0,-61.0,-14.0,1,0
56768,-3.1401,-1.0002,0.6964,0.2961,0.024,0.0,0.0,0.0,0.0,-9.0,-60.0,-14.0,1,0
56776,-3.1401,-1.0002,0.6964,0.2961,0.024,0.0,0.0,0.0,0.0,-9.0,-60.0,-14.0,1,0
56788,-3.1416,-0.9986,0.6964,0.2961,0.0,0.0,0.0,0.0,0.0,-9.0,-75.0,-14.0,1,0
56800,-3.1416,-0.9986,0.6964,0.2961,0.0,0.0,0.0,0.0,0.0,-9.0,-76.0,-14.0,1,0
56813,-3.1416,-0.9986,0.6964,0.2961,0.0,0.0,0.0,0.0,0.0,-7.0,-62.0,-14.0,1,0
56825,-3.1416,-0.9986,0.6964,0.2961,0.0,0.0,0.0,0.0,0.0,-10.0,-71.0,-14.0,1,0
56833,-3.1416,-0.9986,0.6964,0.2961,0.0,0.0,0.0,0.0,0.0,-5.0,-62.0,-14.0,2,0
56845,-3.1416,-1.0002,0.6964,0.2961,0.0,0.0,0.0,0.0,0.0,-8.0,-62.0,-14.0,2,0
56858,-3.1401,-0.9986,0.6964,0.2961,0.0,0.0,0.0,0.0,0.0,-10.0,-63.0,-14.0,2,0
56870,-3.1401,-0.9986,0.6964,0.2961,0.0,0.0,0.0,0.0,0.0,-6.0,-74.0,-14.0,2,0
56882,-3.1401,-1.0002,0.6964,0.2961,0.0,0.0,0.0,0.0,0.0,-7.0,-76.0,-14.0,2,0
56890,-3.1401,-0.9986,0.6964,0.2961,0.0,0.0,0.0,0.0,0.0,-9.0,-62.0,-14.0,2,0
56903,-3.1416,-1.0002,0.6964,0.2961,0.0,0.0,0.0,0.0,0.0,-4.0,-75.0,-14.0,2,0
56915,-3.1416,-0.9986,0.6964,0.2961,0.0,0.0,0.0,0.0,0.0,-5.0,-65.0,-14.0,2,0
56927,-3.1416,-0.9986,0.6964,0.2961,0.0,0.0,0.0,0.0,0.0,-5.0,-60.0,-14.0,2,0
56940,-3.1416,-0.9986,0.6964,0.2961,0.0,0.0,0.0,0.0,0.0,-5.0,-73.0,-14.0,2,0
56948,-3.1416,-0.9986,0.6964,0.2961,0.0,0.0,0.0,0.0,0.0,-5.0,-61.0,-14.0,2,0
56960,-3.1416,-0.9986,0.6964,0.2961,0.0,0.0,0.0,0.0,0.0,-4.0,-70.0,-14.0,2,0
56972,-3.1416,-0.9986,0.6964,0.2961,0.0,0.0,0.0,0.0,0.0,-4.0,-64.0,-14.0,2,0
56985,-3.1416,-0.9986,0.6964,0.2961,0.0,0.0,0.0,0.0,0.0,-4.0,-65.0,-14.0,2,0
56997,-3.1416,-0.9986,0.6964,0.2961,0.0,0.0,0.0,0.0,0.0,-6.0,-59.0,-14.0,2,0
57005,-3.1416,-0.9986,0.6964,0.2961,0.0,0.0,0.0,0.0,0.0,-6.0,-59.0,-14.0,3,0
57017,-3.1416,-0.9986,0.6964,0.2961,0.0,0.0,0.0,0.0,0.0,-5.0,-61.0,-14.0,3,0
57030,-3.1416,-0.9986,0.6964,0.2961,0.0,0.0,0.0,0.0,0.0,-7.0,-60.0,-14.0,3,0
57042,-3.1416,-0.9986,0.6964,0.2961,0.0,0.0,0.0,0.0,0.0,-6.0,-63.0,-14.0,3,0
57054,-3.1416,-0.9986,0.6964,0.2961,0.0,0.0,0.0,0.0,0.0,-3.0,-72.0,-14.0,3,0
57062,-3.1416,-0.9986,0.6964,0.2961,0.0,0.0,0.0,0.0,0.0,-3.0,-72.0,-14.0,3,0
57075,-3.1416,-0.9986,0.6964,0.2961,0.0,0.0,0.0,0.0,0.0,-3.0,-68.0,-14.0,3,0
57087,-3.1416,-0.9986,0.6964,0.2961,0.0,0.0,0.0,0.0,0.0,-1.0,-68.0,-14.0,4,0
57099,-3.1416,-0.9986,0.6964,0.2961,0.0,0.0,0.0,0.0,0.0,-1.0,-69.0,-14.0,3,0
57112,-3.1416,-0.9986,0.6964,0.2961,0.0,0.0,0.0,0.0,0.0,-1.0,-73.0,-14.0,3,0
57120,-3.1416,-0.9986,0.6964,0.2961,0.0,0.0,0.0,0.0,0.0,-1.0,-68.0,-14.0,3,0
57132,-3.1416,-0.9986,0.6964,0.2961,0.0,0.0,0.0,0.0,0.0,-1.0,-73.0,-14.0,3,0
57144,-3.1431,-0.9986,0.6964,0.2961,0.0,0.0,0.0,0.0,0.0,-1.0,-62.0,-14.0,3,0
57157,-3.1416,-0.9986,0.6964,0.2961,0.0,0.0,0.0,0.0,0.0,-1.0,-72.0,-14.0,3,0
57165,-3.1416,-0.9986,0.6964,0.2961,0.0,0.0,0.0,0.0,0.0,-1.0,-72.0,-14.0,3,0
57177,-3.1416,-0.9986,0.6964,0.2961,0.0,0.0,0.0,0.0,0.0,-1.0,-74.0,-14.0,3,0
57189,-3.1416,-0.9986,0.6964,0.2961,0.0,0.0,0.0,0.0,0.0,-1.0,-65.0,-14.0,3,0
57202,-3.1416,-0.9986,0.6964,0.2961,0.0,0.0,0.0,0.0,0.0,-1.0,-63.0,-14.0,3,0
57214,-3.1416,-0.9986,0.6964,0.2961,0.0,0.0,0.0,0.0,0.0,-1.0,-61.0,-14.0,3,0
57222,-3.1416,-0.9986,0.6964,0.2961,0.0,0.0,0.0,0.0,0.0,-1.0,-69.0,-14.0,3,0
57234,-3.1416,-0.9986,0.6964,0.2961,0.0,0.0,0.0,0.0,0.0,-1.0,-70.0,-14.0,3,0
57247,-3.1416,-0.9986,0.6964,0.2961,0.0,0.0,0.0,0.0,0.0,-1.0,-73.0,-14.0,3,0
57259,-3.1431,-0.9986,0.6964,0.2961,0.0,0.0,0.0,0.0,0.0,-1.0,-65.0,-14.0,3,0
57271,-3.1416,-0.9986,0.6964,0.2961,0.0,0.0,0.0,0.0,0.0,-1.0,-62.0,-14.0,2,0
57280,-3.1416,-0.9986,0.6964,0.2961,0.0,0.0,0.0,0.0,0.0,-1.0,-70.0,-14.0,2,0
57292,-3.1416,-0.9986,0.6964,0.2961,0.0,0.0,0.0,0.0,0.0,-1.0,-69.0,-14.0,2,0
57304,-3.1416,-0.9986,0.6964,0.2961,0.0,0.0,0.0,0.0,0.0,-1.0,-67.0,-14.0,3,0
57316,-3.1416,-0.9986,0.6964,0.2961,0.0,0.0,0.0,0.0,0.0,-1.0,-66.0,-14.0,3,0
57329,-3.1416,-0.9986,0.6964,0.2961,0.0,0.0,0.0,0.0,0.0,-1.0,-70.0,-14.0,3,0
57337,-3.1416,-0.9986,0.6964,0.2961,0.0,0.0,0.0,0.0,0.0,-1.0,-70.0,-14.0,3,0
57349,-3.1416,-0.9986,0.6964,0.2961,0.0,0.0,0.0,0.0,0.0,-1.0,-71.0,-14.0,4,0
57361,-3.1416,-0.9986,0.6964,0.2961,0.0,0.0,0.0,0.0,0.0,-1.0,-71.0,-14.0,4,0
57374,-3.1416,-0.9986,0.6964,0.2961,0.0,0.0,0.0,0.0,0.0,-1.0,-69.0,-14.0,3,0
57386,-3.1416,-0.9986,0.6964,0.2961,0.0,0.0,0.0,0.0,0.0,-1.0,-70.0,-14.0,3,0
57394,-3.1416,-0.9986,0.6964,0.2961,0.0,0.0,0.0,0.0,0.0,-1.0,-70.0,-14.0,3,0
57407,-3.1416,-0.9986,0.6964,0.2961,0.0,0.0,0.0,0.0,0.0,-1.0,-71.0,-14.0,3,0
57419,-3.1416,-0.9986,0.6964,0.2961,0.0,0.0,0.0,0.0,0.0,-1.0,-71.0,-14.0,3,0
57431,-3.1416,-0.9986,0.6964,0.2961,0.0,0.0,0.0,0.0,0.0,-1.0,-68.0,-14.0,3,0
57443,-3.1416,-0.9986,0.6964,0.2961,0.0,0.0,0.0,0.0,0.0,-1.0,-63.0,-14.0,3,0
57452,-3.1416,-0.9986,0.6964,0.2961,0.0,0.0,0.0,0.0,0.0,-1.0,-70.0,-14.0,3,0
57464,-3.1416,-0.9986,0.6964,0.2961,0.0,0.0,0.0,0.0,0.0,-1.0,-62.0,-14.0,3,0
57476,-3.1416,-0.9986,0.6964,0.2961,0.0,0.0,0.0,0.0,0.0,0.0,-71.0,-14.0,3,0
57488,-3.1416,-0.9986,0.6964,0.2961,0.0,0.0,0.0,0.0,0.0,0.0,-61.0,-14.0,3,0
57501,-3.1416,-0.9986,0.6964,0.2961,0.0,0.0,0.0,0.0,0.0,0.0,-63.0,-14.0,3,0
57509,-3.1416,-0.9986,0.6964,0.2961,0.0,0.0,0.0,0.0,0.0,0.0,-71.0,-14.0,3,0
57521,-3.1416,-0.9986,0.6964,0.2961,0.0,0.0,0.0,0.0,0.0,0.0,-69.0,-14.0,3,0
57533,-3.1416,-0.9986,0.6964,0.2961,0.0,0.0,0.0,0.0,0.0,0.0,-63.0,-14.0,3,0
57546,-3.1416,-0.9986,0.6964,0.2961,0.0,0.0,0.0,0.0,0.0,0.0,-69.0,-14.0,3,0
57558,-3.1416,-0.9986,0.6964,0.2961,0.0,0.0,0.0,0.0,0.0,0.0,-71.0,-14.0,3,0
57566,-3.1416,-0.9986,0.6964,0.2961,0.0,0.0,0.0,0.0,0.0,0.0,-71.0,-14.0,3,0
57579,-3.1416,-0.9986,0.6964,0.2961,0.0,0.0,0.0,0.0,0.0,0.0,-61.0,-14.0,3,0
57591,-3.1431,-0.9986,0.6964,0.2961,0.0,0.0,0.0,0.0,0.0,0.0,-68.0,-14.0,2,0
57603,-3.1416,-0.9986,0.6964,0.2961,0.0,0.0,0.0,0.0,0.0,0.0,-63.0,-14.0,2,0
57611,-3.1416,-0.9986,0.6964,0.2961,0.0,0.0,0.0,0.0,0.0,0.0,-68.0,-14.0,2,0
57624,-3.1416,-0.9986,0.6964,0.2961,0.0,0.0,0.0,0.0,0.0,0.0,-61.0,-14.0,2,0
57636,-3.1416,-0.9986,0.6964,0.2961,0.0,0.0,0.0,0.0,0.0,0.0,-66.0,-14.0,2,0
57648,-3.1416,-0.9986,0.6964,0.2961,0.0,0.0,0.0,0.0,0.0,0.0,-67.0,-14.0,2,0
57660,-3.1416,-0.9986,0.6964,0.2961,0.0,0.0,0.0,0.0,0.0,0.0,-67.0,-14.0,2,0
57669,-3.1431,-0.9986,0.6964,0.2961,0.0,0.0,0.0,0.0,0.0,0.0,-64.0,-14.0,3,0
57681,-3.1416,-0.9986,0.6964,0.2961,0.0,0.0,0.0,0.0,0.0,0.0,-67.0,-14.0,3,0
57693,-3.1416,-0.9986,0.6964,0.2961,0.0,0.0,0.0,0.0,0.0,0.0,-68.0,-14.0,3,0
57706,-3.1416,-0.9986,0.6964,0.2961,0.0,0.0,0.0,0.0,0.0,0.0,-62.0,-15.0,4,0
57718,-3.1416,-0.9986,0.6964,0.2961,0.0,0.0,0.0,0.0,0.0,0.0,-62.0,-15.0,4,0
57726,-3.1431,-0.9986,0.6964,0.2961,0.0,0.0,0.0,0.0,0.0,0.0,-65.0,-14.0,5,0
57738,-3.1431,-0.9986,0.6964,0.2961,0.0,0.0,0.0,0.0,1.0,-10.0,-65.0,-14.0,7,0
57751,-3.1431,-0.9971,0.6964,0.2961,0.0,0.0,0.0,0.0,1.0,-22.0,-66.0,-14.0,7,0
57763,-3.1431,-0.9971,0.698,0.2961,0.0,0.0,0.0,0.0,1.0,-25.0,-69.0,-14.0,9,0
57775,-3.1416,-0.9956,0.698,0.2961,0.0,0.024,0.0,0.0,0.0,-20.0,-87.0,-15.0,10,0
57787,-3.1324,-0.9956,0.6995,0.2961,0.0479,0.024,0.024,0.0,-106.0,-16.0,-80.0,-14.0,11,1
57800,-3.1309,-0.9971,0.698,0.2961,0.0959,0.024,0.024,0.0,-94.0,-16.0,-74.0,-14.0,12,1
57812,-3.1309,-0.9971,0.698,0.2961,0.1438,0.024,0.024,0.0,-57.0,-16.0,-74.0,-14.0,12,1
57824,-3.1309,-0.9956,0.6995,0.2961,0.1678,0.024,0.024,0.0,-60.0,-16.0,-69.0,-13.0,19,1
57837,-3.1324,-0.9956,0.6995,0.2961,0.1438,0.0,0.0,0.0,-42.0,-16.0,-76.0,-14.0,27,1
57849,-3.1309,-0.9956,0.698,0.2961,0.0959,0.0,0.0,0.0,-48.0,-17.0,-72.0,-14.0,73,1
57861,-3.1324,-0.9956,0.698,0.2961,0.0479,0.0,0.0,0.0,-55.0,-19.0,-72.0,-14.0,90,1
57873,-3.1324,-0.9956,0.6995,0.2961,0.0,0.0,0.0,0.0,-55.0,-20.0,-77.0,-14.0,78,1
57886,-3.1324,-0.9956,0.6995,0.2961,0.0,0.0,0.0,0.0,-59.0,-19.0,-79.0,-14.0,79,1
57898,-3.1324,-0.9956,0.6995,0.2961,0.0,0.0,0.0,0.0,-43.0,-17.0,-76.0,-14.0,77,1
57910,-3.1339,-0.9956,0.6995,0.2961,0.0,0.0,0.0,0.0,-32.0,-13.0,-80.0,-14.0,79,1
57923,-3.1339,-0.9956,0.6995,0.2961,0.0,0.0,0.0,0.0,-25.0,-14.0,-75.0,-14.0,74,1
57939,-3.137,-0.9971,0.698,0.2961,-0.024,0.0,0.0,0.0,0.0,0.0,-72.0,-14.0,69,1
57951,-3.1401,-0.9986,0.698,0.2961,-0.0719,0.0,0.0,0.0,5.0,4.0,-66.0,-13.0,55,1
57964,-3.1416,-1.0002,0.698,0.2961,-0.0959,-0.024,0.0,0.0,5.0,0.0,-61.0,-14.0,44,1
57976,-3.1401,-1.0002,0.698,0.2961,-0.1198,-0.0479,-0.024,0.0,-3.0,4.0,-70.0,-14.0,40,1
57988,-3.1401,-1.0002,0.698,0.2961,-0.0959,-0.0479,-0.024,0.0,-5.0,0.0,-65.0,-14.0,38,1
58000,-3.1401,-1.0002,0.698,0.2961,-0.0719,-0.0479,0.0,0.0,-10.0,-1.0,-78.0,-14.0,29,1
58013,-3.1401,-0.9971,0.698,0.2961,-0.0479,-0.024,0.0,0.0,-12.0,-9.0,-65.0,-14.0,25,1
58025,-3.1416,-0.9971,0.698,0.2961,-0.024,0.0,0.0,0.0,-10.0,-6.0,-60.0,-14.0,25,1
58037,-3.1416,-0.9971,0.698,0.2961,0.0,0.024,0.0,0.0,0.0,-8.0,-60.0,-14.0,23,1
58050,-3.1431,-0.9971,0.698,0.2961,0.0,0.024,0.0,0.0,0.0,-8.0,-70.0,-14.0,22,1
58062,-3.1447,-0.9971,0.698,0.2961,-0.024,0.024,0.0,0.0,7.0,-7.0,-62.0,-14.0,22,1
58074,-3.1477,-0.9971,0.698,0.2961,-0.0479,0.024,0.0,0.0,13.0,-7.0,-76.0,-14.0,18,1
58086,-3.1462,-0.9971,0.698,0.2961,-0.0719,0.0,0.0,0.0,7.0,-8.0,-73.0,-14.0,19,1
58099,-3.1431,-0.9971,0.6964,0.2961,-0.0719,0.0,0.0,0.0,-9.0,-7.0,-68.0,-14.0,20,1
58111,-3.1416,-0.9971,0.698,0.2961,-0.024,0.0,0.0,0.0,0.0,-7.0,-69.0,-14.0,19,1
58123,-3.1401,-0.9971,0.698,0.2961,0.0,0.0,0.0,0.0,-8.0,-7.0,-77.0,-14.0,19,1
58136,-3.1401,-0.9956,0.698,0.2961,0.0479,0.0,0.0,0.0,0.0,-7.0,-64.0,-14.0,19,1
58148,-3.1401,-0.9971,0.698,0.2961,0.0719,0.0,0.0,0.0,0.0,-9.0,-69.0,-14.0,19,1
58160,-3.1416,-0.9971,0.698,0.2961,0.0719,0.0,0.0,0.0,1.0,-9.0,-66.0,-14.0,18,1
58172,-3.1416,-0.9971,0.698,0.2961,0.0479,0.0,0.0,0.0,0.0,-9.0,-77.0,-14.0,18,1
58189,-3.1431,-0.9971,0.698,0.2961,0.0,0.0,0.0,0.0,0.0,-9.0,-74.0,-14.0,17,1
58201,-3.1431,-0.9971,0.698,0.2961,0.0,0.0,0.0,0.0,0.0,-10.0,-78.0,-14.0,16,1
58213,-3.1431,-0.9971,0.698,0.2961,-0.024,0.0,0.0,0.0,0.0,-9.0,-71.0,-14.0,14,1
58226,-3.1447,-0.9971,0.698,0.2961,-0.024,0.0,0.0,0.0,2.0,-9.0,-62.0,-14.0,14,1
58238,-3.1431,-0.9971,0.698,0.2961,-0.024,0.0,0.0,0.0,2.0,-9.0,-64.0,-14.0,13,1
58250,-3.1431,-0.9971,0.698,0.2961,-0.024,0.0,0.0,0.0,0.0,-9.0,-78.0,-14.0,12,1
58263,-3.1431,-0.9971,0.698,0.2961,0.0,0.0,0.0,0.0,0.0,-10.0,-74.0,-14.0,12,1
58275,-3.1431,-0.9971,0.698,0.2961,0.0,0.0,0.0,0.0,0.0,-10.0,-63.0,-15.0,11,1
58287,-3.1431,-0.9971,0.698,0.2961,0.0,0.0,0.0,0.0,0.0,-9.0,-75.0,-14.0,10,0
58299,-3.1431,-0.9971,0.698,0.2961,0.0,0.0,0.0,0.0,0.0,-9.0,-68.0,-14.0,9,0
58308,-3.1431,-0.9971,0.698,0.2961,0.0,0.0,0.0,0.0,0.0,-9.0,-70.0,-14.0,8,0
58320,-3.1431,-0.9971,0.698,0.2961,0.0,0.0,0.0,0.0,0.0,-8.0,-69.0,-14.0,5,0
58332,-3.1431,-0.9971,0.698,0.2961,0.0,0.0,0.0,0.0,0.0,-9.0,-68.0,-14.0,4,0
58344,-3.1431,-0.9956,0.698,0.2961,0.0,0.0,0.0,0.0,0.0,-9.0,-61.0,-14.0,2,0
58357,-3.1431,-0.9971,0.698,0.2961,0.0,0.0,0.0,0.0,0.0,-9.0,-72.0,-14.0,1,0
58365,-3.1431,-0.9971,0.698,0.2961,0.0,0.0,0.0,0.0,0.0,-9.0,-72.0,-14.0,0,0
58377,-3.1431,-0.9971,0.6995,0.2961,0.0,0.0,0.0,0.0,0.0,-4.0,-68.0,-14.0,0,0
58390,-3.1431,-0.9971,0.698,0.2961,0.0,0.0,0.0,0.0,0.0,-2.0,-66.0,-14.0,0,0
58402,-3.1431,-0.9956,0.698,0.2961,0.0,0.0,0.0,0.0,0.0,-5.0,-76.0,-14.0,0,0
58414,-3.1431,-0.9956,0.698,0.2961,0.0,0.0,0.0,0.0,0.0,-6.0,-61.0,-14.0,0,0
58422,-3.1431,-0.9971,0.698,0.2961,0.0,0.0,0.0,0.0,0.0,-5.0,-66.0,-14.0,1,0
58435,-3.1431,-0.9956,0.698,0.2961,0.0,0.0,0.0,0.0,0.0,-3.0,-76.0,-14.0,2,0
58447,-3.1431,-0.9971,0.698,0.2961,0.0,0.0,0.0,0.0,0.0,-7.0,-75.0,-14.0,3,0
58459,-3.1431,-0.9956,0.698,0.2961,0.0,0.0,0.0,0.0,0.0,-5.0,-77.0,-14.0,3,0
58471,-3.1431,-0.9956,0.698,0.2961,0.0,0.0,0.0,0.0,0.0,-2.0,-70.0,-15.0,3,0
58480,-3.1431,-0.9971,0.698,0.2961,0.0,0.0,0.0,0.0,0.0,-5.0,-68.0,-15.0,2,0
58492,-3.1431,-0.9971,0.698,0.2961,0.0,0.0,0.0,0.0,0.0,-7.0,-63.0,-15.0,2,0
58504,-3.1431,-0.9971,0.698,0.2961,0.0,0.0,0.0,0.0,0.0,-2.0,-61.0,-15.0,2,0
58516,-3.1431,-0.9971,0.698,0.2961,0.0,0.0,0.0,0.0,0.0,-7.0,-77.0,-15.0,2,0
58529,-3.1431,-0.9956,0.698,0.2961,0.0,0.0,0.0,0.0,0.0,-5.0,-67.0,-15.0,2,0
58537,-3.1431,-0.9971,0.698,0.2961,0.0,0.0,0.0,0.0,0.0,-4.0,-78.0,-15.0,2,0
58549,-3.1431,-0.9971,0.698,0.2961,0.0,0.0,0.0,0.0,0.0,-4.0,-74.0,-15.0,2,0
58562,-3.1431,-0.9971,0.698,0.2961,0.0,0.0,0.0,0.0,0.0,-2.0,-76.0,-14.0,2,0
58574,-3.1431,-0.9971,0.698,0.2961,0.0,0.0,0.0,0.0,0.0,-3.0,-64.0,-14.0,3,0
58586,-3.1431,-0.9971,0.698,0.2961,0.0,0.0,0.0,0.0,0.0,-4.0,-76.0,-14.0,3,0
58594,-3.1431,-0.9971,0.698,0.2961,0.0,0.0,0.0,0.0,0.0,-4.0,-76.0,-14.0,3,0
58607,-3.1431,-0.9971,0.698,0.2961,0.0,0.0,0.0,0.0,0.0,-6.0,-67.0,-14.0,3,0
58619,-3.1431,-0.9956,0.698,0.2961,0.0,0.0,0.0,0.0,0.0,-9.0,-77.0,-14.0,3,0
58631,-3.1431,-0.9971,0.698,0.2961,0.0,0.0,0.0,0.0,0.0,-6.0,-70.0,-14.0,3,0
58643,-3.1431,-0.9971,0.698,0.2961,0.0,0.0,0.0,0.0,0.0,-6.0,-61.0,-14.0,3,0
58652,-3.1431,-0.9956,0.698,0.2961,0.0,0.0,0.0,0.0,0.0,-2.0,-61.0,-14.0,3,0
58664,-3.1431,-0.9971,0.698,0.2961,0.0,0.0,0.0,0.0,0.0,-2.0,-68.0,-14.0,4,0
58676,-3.1431,-0.9971,0.698,0.2961,0.0,0.0,0.0,0.0,0.0,-3.0,-64.0,-14.0,4,0
58689,-3.1431,-0.9971,0.698,0.2961,0.0,0.0,0.0,0.0,0.0,-5.0,-76.0,-14.0,4,0
58701,-3.1431,-0.9971,0.698,0.2961,0.0,0.0,0.0,0.0,0.0,-5.0,-68.0,-14.0,4,0
58709,-3.1431,-0.9971,0.698,0.2961,0.0,0.0,0.0,0.0,0.0,-4.0,-77.0,-14.0,4,0
58721,-3.1431,-0.9971,0.698,0.2961,0.0,0.0,0.0,0.0,0.0,-3.0,-79.0,-14.0,4,0
58734,-3.1431,-0.9956,0.698,0.2961,0.0,0.0,0.0,0.0,0.0,-8.0,-65.0,-14.0,4,0
58746,-3.1431,-0.9971,0.698,0.2961,0.0,0.0,0.0,0.0,0.0,-5.0,-77.0,-14.0,4,0
58754,-3.1431,-0.9971,0.698,0.2961,0.0,0.0,0.0,0.0,0.0,-5.0,-77.0,-14.0,4,0
58766,-3.1431,-0.9956,0.698,0.2961,0.0,0.0,0.0,0.0,0.0,-2.0,-62.0,-14.0,4,0
58779,-3.1431,-0.9971,0.698,0.2961,0.0,0.0,0.0,0.0,0.0,-8.0,-77.0,-14.0,4,0
58791,-3.1431,-0.9956,0.698,0.2961,0.0,0.0,0.0,0.0,0.0,-2.0,-79.0,-14.0,4,0
58803,-3.1431,-0.9971,0.698,0.2961,0.0,0.0,0.0,0.0,0.0,-2.0,-74.0,-14.0,4,0
58811,-3.1431,-0.9971,0.698,0.2961,0.0,0.0,0.0,0.0,0.0,-7.0,-63.0,-14.0,5,0
58824,-3.1431,-0.9971,0.698,0.2961,0.0,0.0,0.0,0.0,5.0,-2.0,-64.0,-15.0,4,0
58836,-3.1385,-0.9956,0.698,0.2961,0.0,0.0,0.0,0.0,-31.0,-11.0,-72.0,-14.0,4,0
58848,-3.1355,-0.9956,0.698,0.2961,0.024,0.0,0.0,0.0,-86.0,-35.0,-70.0,-14.0,3,0
58861,-3.1401,-0.994,0.6995,0.2961,0.0479,0.0,0.0,0.0,-12.0,-41.0,-79.0,-14.0,3,0
58869,-3.1447,-0.994,0.6995,0.2961,0.024,0.024,0.0,0.0,21.0,-33.0,-83.0,-15.0,5,0
58881,-3.1477,-0.994,0.698,0.2961,0.0,0.024,0.0,0.0,33.0,-27.0,-73.0,-15.0,8,0
58893,-3.1462,-0.994,0.698,0.2961,0.0,0.024,0.0,0.0,32.0,-27.0,-61.0,-14.0,23,1
58906,-3.1447,-0.994,0.6964,0.2945,-0.0479,0.024,0.0,0.0,17.0,-28.0,-50.0,-2.0,41,1
58918,-3.1447,-0.994,0.6964,0.2945,-0.0959,0.024,0.0,0.0,27.0,-28.0,-60.0,-7.0,50,1
58930,-3.1447,-0.994,0.698,0.2961,-0.0719,0.0,-0.024,0.0,22.0,-31.0,-63.0,-11.0,58,1
58942,-3.1447,-0.9925,0.698,0.2961,-0.0479,0.0,-0.024,0.0,24.0,-37.0,-84.0,-15.0,67,1
58959,-3.1447,-0.9925,0.6995,0.2961,0.0,0.0,0.0,0.0,20.0,-31.0,-87.0,-15.0,69,1
58971,-3.1447,-0.9925,0.6995,0.2961,0.0,0.0,0.0,0.0,19.0,-31.0,-76.0,-15.0,67,1
58983,-3.1447,-0.994,0.6995,0.2961,0.0,0.0,0.024,0.0,19.0,-31.0,-76.0,-14.0,63,1
58996,-3.1447,-0.994,0.698,0.2945,0.0,0.0,0.0,0.0,16.0,-23.0,-76.0,-13.0,59,1
59008,-3.1431,-0.9956,0.698,0.2961,0.0,0.0,0.0,0.0,6.0,-10.0,-77.0,-13.0,53,1
59020,-3.1431,-0.9956,0.698,0.2961,0.0,0.0,0.0,0.0,1.0,0.0,-74.0,-14.0,50,1
59033,-3.1431,-0.9956,0.698,0.2961,0.0,-0.024,0.0,0.0,1.0,-3.0,-78.0,-14.0,46,1
59045,-3.1431,-0.9956,0.698,0.2961,0.0,-0.024,0.0,0.0,0.0,-4.0,-76.0,-12.0,40,1
59057,-3.1401,-0.9956,0.698,0.2961,0.024,-0.024,0.0,0.0,0.0,-11.0,-65.0,-13.0,34,1
59069,-3.1385,-0.9956,0.698,0.2961,0.024,-0.024,0.0,0.0,-6.0,-14.0,-67.0,-12.0,27,1
59082,-3.137,-0.9956,0.698,0.2961,0.0479,-0.024,0.0,0.0,-14.0,-14.0,-73.0,-14.0,23,1
59094,-3.137,-0.9956,0.698,0.2945,0.0719,0.0,0.0,0.0,-16.0,-15.0,-73.0,-13.0,16,1
59106,-3.1401,-0.9956,0.698,0.2961,0.0719,0.0,0.0,0.0,6.0,-11.0,-64.0,-14.0,11,1
59119,-3.1416,-0.9956,0.698,0.2961,0.024,0.0,0.0,0.0,0.0,-10.0,-71.0,-14.0,9,0
59131,-3.1431,-0.9956,0.698,0.2961,0.0,0.0,0.0,0.0,0.0,-8.0,-78.0,-14.0,8,0
59139,-3.1447,-0.9956,0.698,0.2961,-0.024,0.0,0.0,0.0,11.0,-8.0,-72.0,-12.0,8,0
59151,-3.1447,-0.9956,0.698,0.2961,-0.0479,0.0,0.0,0.0,12.0,-13.0,-67.0,-14.0,8,0
59164,-3.1447,-0.9956,0.698,0.2961,-0.0719,0.0,0.0,0.0,9.0,-12.0,-68.0,-14.0,8,0
59176,-3.1431,-0.9956,0.698,0.2961,-0.0479,0.0,0.0,0.0,0.0,-12.0,-69.0,-14.0,8,0
59188,-3.1431,-0.9971,0.698,0.2961,-0.024,0.0,0.0,0.0,0.0,-11.0,-66.0,-15.0,8,0
59196,-3.1416,-0.9956,0.6995,0.2961,0.0,0.0,0.0,0.0,0.0,-16.0,-78.0,-14.0,8,0
59209,-3.1401,-0.9956,0.698,0.2961,0.0,0.0,0.0,0.0,0.0,-12.0,-74.0,-11.0,9,0
59221,-3.1385,-0.9956,0.6995,0.2961,0.024,0.0,0.0,0.0,-7.0,-16.0,-76.0,-12.0,9,0
59233,-3.1385,-0.9956,0.6995,0.2961,0.0479,0.0,0.0,0.0,0.0,-17.0,-69.0,-14.0,9,0
59246,-3.1401,-0.9956,0.698,0.2961,0.0479,0.0,0.0,0.0,3.0,-12.0,-65.0,-14.0,9,0
59254,-3.1401,-0.9956,0.698,0.2961,0.0479,0.0,0.0,0.0,3.0,-12.0,-65.0,-14.0,8,0
59266,-3.1431,-0.9956,0.698,0.2961,0.024,0.0,0.0,0.0,0.0,-11.0,-76.0,-11.0,8,0
59278,-3.1431,-0.9956,0.698,0.2961,0.0,0.0,0.0,0.0,0.0,-10.0,-79.0,-14.0,8,0
59291,-3.1431,-0.9956,0.698,0.2961,-0.024,0.0,0.0,0.0,0.0,-13.0,-73.0,-13.0,8,0
59303,-3.1447,-0.9971,0.698,0.2961,-0.0479,0.0,0.0,0.0,9.0,-11.0,-78.0,-14.0,7,0
59311,-3.1447,-0.9956,0.698,0.2961,-0.0479,0.0,0.0,0.0,5.0,-11.0,-69.0,-13.0,7,0
59323,-3.1431,-0.9956,0.6995,0.2961,-0.0479,0.0,0.0,0.0,0.0,-11.0,-79.0,-14.0,7,0
59336,-3.1431,-0.9956,0.698,0.2961,-0.024,0.0,0.0,0.0,0.0,-13.0,-77.0,-14.0,7,0
59348,-3.1431,-0.9956,0.698,0.2961,0.0,0.0,0.0,0.0,0.0,-10.0,-75.0,-12.0,7,0
59360,-3.1431,-0.9956,0.698,0.2961,0.0,0.0,0.0,0.0,0.0,-10.0,-79.0,-14.0,7,0
59368,-3.1416,-0.9956,0.698,0.2961,0.0,0.0,0.0,0.0,0.0,-13.0,-80.0,-12.0,7,0
59381,-3.1416,-0.9971,0.698,0.2961,0.0,0.0,0.0,0.0,0.0,-14.0,-73.0,-13.0,7,0
59393,-3.1416,-0.9971,0.698,0.2961,0.0,0.0,0.0,0.0,0.0,-13.0,-63.0,-14.0,7,0
59405,-3.1416,-0.9956,0.698,0.2961,0.0,0.0,0.0,0.0,0.0,-13.0,-79.0,-14.0,7,0
59418,-3.1416,-0.9971,0.698,0.2961,0.0,0.0,0.0,0.0,0.0,-9.0,-62.0,-14.0,7,0
59426,-3.1416,-0.9971,0.698,0.2961,0.0,0.0,0.0,0.0,0.0,-7.0,-73.0,-14.0,7,0
59438,-3.1431,-0.9956,0.6995,0.2961,0.0,0.0,0.0,0.0,0.0,-15.0,-77.0,-14.0,7,0
59450,-3.1416,-0.9971,0.698,0.2961,0.0,0.0,0.0,0.0,0.0,-14.0,-77.0,-14.0,7,0
59463,-3.1431,-0.9956,0.698,0.2961,0.0,0.0,0.0,0.0,0.0,-16.0,-67.0,-14.0,7,0
59475,-3.1431,-0.9956,0.698,0.2961,0.0,0.0,0.0,0.0,0.0,-10.0,-72.0,-12.0,7,0
59483,-3.1416,-0.9956,0.698,0.2961,0.0,0.0,0.0,0.0,0.0,-7.0,-73.0,-14.0,6,0
59495,-3.1416,-0.9956,0.698,0.2961,0.0,0.0,0.0,0.0,0.0,-14.0,-65.0,-11.0,6,0
59508,-3.1431,-0.9956,0.698,0.2961,0.0,0.0,0.0,0.0,0.0,-10.0,-74.0,-14.0,6,0
59520,-3.1416,-0.9956,0.698,0.2961,0.0,0.0,0.0,0.0,0.0,-12.0,-70.0,-14.0,6,0
59532,-3.1416,-0.9956,0.698,0.2945,0.0,0.0,0.0,0.0,0.0,-10.0,-64.0,-14.0,6,0
59540,-3.1416,-0.9956,0.698,0.2945,0.0,0.0,0.0,0.0,0.0,-14.0,-76.0,-13.0,6,0
59553,-3.1416,-0.9956,0.6995,0.2961,0.0,0.0,0.0,0.0,0.0,-11.0,-76.0,-14.0,7,0
59565,-3.1431,-0.9956,0.698,0.2961,0.0,0.0,0.0,0.0,0.0,-14.0,-68.0,-14.0,7,0
59577,-3.1431,-0.9956,0.698,0.2961,0.0,0.0,0.0,0.0,0.0,-10.0,-72.0,-14.0,7,0
59586,-3.1416,-0.9956,0.698,0.2961,0.0,0.0,0.0,0.0,0.0,-14.0,-69.0,-13.0,7,0
59598,-3.1416,-0.9956,0.698,0.2961,0.0,0.0,0.0,0.0,4.0,-13.0,-62.0,-14.0,7,0
59610,-3.1416,-0.9956,0.698,0.2961,0.0,0.0,0.0,0.0,1.0,-11.0,-75.0,-12.0,7,0
59622,-3.1416,-0.9971,0.698,0.2961,0.0,0.0,0.0,0.0,2.0,-14.0,-66.0,-14.0,6,0
59635,-3.1416,-0.9971,0.698,0.2961,0.0,0.0,0.0,0.0,3.0,-14.0,-71.0,-14.0,5,0
59643,-3.1416,-0.9956,0.698,0.2961,0.0,0.0,0.0,0.0,-1.0,-10.0,-76.0,-14.0,6,0
59655,-3.1416,-0.9956,0.698,0.2961,0.0,0.0,0.0,0.0,4.0,-9.0,-79.0,-14.0,6,0
59667,-3.1416,-0.9956,0.698,0.2961,0.0,0.0,0.0,0.0,0.0,-12.0,-66.0,-14.0,6,0
59680,-3.1416,-0.9971,0.698,0.2961,0.0,0.0,0.0,0.0,0.0,-9.0,-78.0,-14.0,6,0
59692,-3.1416,-0.9956,0.698,0.2961,0.0,0.0,0.0,0.0,0.0,-10.0,-62.0,-14.0,6,0
59700,-3.1416,-0.9956,0.698,0.2961,0.0,0.0,0.0,0.0,0.0,-10.0,-76.0,-14.0,7,0
59712,-3.1416,-0.9971,0.6995,0.2961,0.0,0.0,0.0,0.0,0.0,-15.0,-74.0,-14.0,7,0
59725,-3.1416,-0.9956,0.698,0.2961,0.0,0.0,0.0,0.0,0.0,-15.0,-68.0,-14.0,7,0
59737,-3.1416,-0.9956,0.698,0.2961,0.0,0.0,0.0,0.0,1.0,-11.0,-78.0,-14.0,3,0
59749,-3.1416,-0.9971,0.698,0.2961,0.0,0.0,0.0,0.0,0.0,-15.0,-72.0,-14.0,2,0
59758,-3.1416,-0.9956,0.698,0.2961,0.0,0.0,0.0,0.0,0.0,-14.0,-77.0,-14.0,1,0
59770,-3.1416,-0.9956,0.6995,0.2961,0.0,0.0,0.0,0.0,0.0,-12.0,-72.0,-14.0,1,0
59782,-3.1416,-0.9956,0.698,0.2961,0.0,0.0,0.0,0.0,0.0,-11.0,-64.0,-14.0,1,0
59794,-3.1416,-0.9971,0.698,0.2961,0.0,0.0,0.0,0.0,0.0,-13.0,-77.0,-12.0,1,0
59807,-3.1416,-0.9971,0.698,0.2945,0.0,0.0,0.0,0.0,0.0,-11.0,-72.0,-14.0,0,0
59815,-3.1416,-0.9971,0.698,0.2945,0.0,0.0,0.0,0.0,0.0,-11.0,-72.0,-14.0,0,0
59827,-3.1416,-0.9956,0.698,0.2961,0.0,0.0,0.0,0.0,0.0,-12.0,-75.0,-13.0,0,0
59839,-3.1416,-0.9956,0.698,0.2961,0.0,0.0,0.0,0.0,0.0,-10.0,-73.0,-13.0,0,0
59852,-3.1416,-0.9956,0.698,0.2961,0.0,0.0,0.0,0.0,0.0,-12.0,-74.0,-13.0,0,0
59864,-3.1416,-0.9956,0.698,0.2961,0.0,0.0,0.0,0.0,0.0,-13.0,-76.0,-14.0,0,0
59872,-3.1416,-0.9956,0.698,0.2961,0.0,0.0,0.0,0.0,0.0,-8.0,-76.0,-14.0,0,0
59885,-3.1416,-0.9956,0.698,0.2961,0.0,0.0,0.0,0.0,0.0,-17.0,-74.0,-15.0,0,0
59897,-3.1416,-0.9956,0.698,0.2961,0.0,0.0,0.0,0.0,0.0,-12.0,-64.0,-13.0,0,0
59909,-3.1416,-0.9956,0.698,0.2961,0.0,0.0,0.0,0.0,0.0,-12.0,-70.0,-12.0,0,0
59921,-3.1416,-0.9956,0.6995,0.2961,0.0,0.0,0.0,0.0,0.0,-10.0,-75.0,-14.0,0,0
59930,-3.1416,-0.9956,0.698,0.2961,0.0,0.0,0.0,0.0,0.0,-10.0,-70.0,-13.0,0,0
59942,-3.1416,-0.9956,0.698,0.2961,0.0,0.0,0.0,0.0,0.0,-12.0,-70.0,-14.0,0,0
59954,-3.1416,-0.9971,0.698,0.2961,0.0,0.0,0.0,0.0,0.0,-9.0,-64.0,-14.0,0,0
59966,-3.1431,-0.9971,0.6995,0.2961,0.0,0.0,0.0,0.0,2.0,-12.0,-74.0,-14.0,0,0
59979,-3.1416,-0.9956,0.698,0.2961,0.0,0.0,0.0,0.0,0.0,-13.0,-75.0,-13.0,0,0
59987,-3.1416,-0.9971,0.698,0.2961,0.0,0.0,0.0,0.0,0.0,-10.0,-71.0,-12.0,0,0
59999,-3.1416,-0.9956,0.6995,0.2961,0.0,0.0,0.0,0.0,0.0,-12.0,-73.0,-14.0,0,0
60011,-3.1416,-0.9956,0.698,0.2961,0.0,0.0,0.0,0.0,0.0,-10.0,-73.0,-12.0,0,0
60024,-3.1416,-0.9956,0.698,0.2961,0.0,0.0,0.0,0.0,0.0,-10.0,-74.0,-12.0,0,0
60032,-3.1416,-0.9956,0.698,0.2961,0.0,0.0,0.0,0.0,0.0,-10.0,-74.0,-14.0,0,0
60044,-3.137,-0.9956,0.698,0.2961,0.0,0.0,0.0,0.0,-10.0,-12.0,-62.0,-14.0,0,0
60057,-3.1293,-0.9971,0.6995,0.2961,0.0719,0.0,0.0,0.0,-138.0,-1.0,-75.0,-14.0,0,0
60069,-3.1278,-0.9986,0.6995,0.2961,0.1438,-0.024,0.0,0.0,-103.0,0.0,-76.0,-14.0,0,0
60081,-3.1278,-1.0002,0.698,0.2961,0.1678,-0.024,0.0,0.0,-74.0,0.0,-65.0,-14.0,0,0
60089,-3.1263,-0.9986,0.698,0.2961,0.1918,-0.024,0.0,0.0,-84.0,0.0,-55.0,-12.0,0,0
60102,-3.1278,-0.9971,0.6964,0.2961,0.1918,-0.024,0.0,0.0,-75.0,-2.0,-50.0,-9.0,1,0
60114,-3.1278,-0.9971,0.6964,0.2961,0.1678,-0.024,0.0,0.0,-76.0,-1.0,-64.0,-11.0,19,1
60126,-3.1263,-0.9956,0.698,0.2961,0.0959,0.0,0.0,0.0,-79.0,-13.0,-62.0,-13.0,27,1
60138,-3.1263,-0.9956,0.698,0.2961,0.0479,0.024,0.0,0.0,-76.0,-16.0,-67.0,-14.0,35,1
60151,-3.1263,-0.9956,0.698,0.2961,0.024,0.024,0.0,0.0,-78.0,-17.0,-83.0,-13.0,64,1
60167,-3.1278,-0.9956,0.698,0.2961,0.0,0.024,0.0,0.0,-73.0,-14.0,-66.0,-13.0,74,1
60179,-3.1278,-0.9956,0.698,0.2961,0.0,0.024,0.0,0.0,-64.0,-14.0,-64.0,-13.0,79,1
60192,-3.1293,-0.9956,0.698,0.2961,0.0,0.0,0.0,0.0,-45.0,-12.0,-63.0,-12.0,80,1
60204,-3.1309,-0.9971,0.698,0.2961,-0.024,0.0,0.0,0.0,-37.0,0.0,-62.0,-12.0,71,1
60216,-3.1339,-0.9986,0.6964,0.2961,-0.0479,0.0,0.0,0.0,-22.0,0.0,-61.0,-13.0,57,1
60229,-3.1339,-0.9986,0.698,0.2961,-0.0719,-0.024,0.0,0.0,-22.0,0.0,-76.0,-11.0,39,1
60241,-3.1355,-0.9986,0.698,0.2961,-0.0959,-0.024,0.0,0.0,-6.0,0.0,-79.0,-13.0,28,1
60253,-3.1385,-0.9986,0.698,0.2961,-0.0959,-0.024,0.0,0.0,0.0,0.0,-65.0,-13.0,15,1
60265,-3.1401,-0.9971,0.698,0.2961,-0.1198,-0.024,0.0,0.0,4.0,-1.0,-72.0,-13.0,9,0
60274,-3.1401,-0.9971,0.698,0.2961,-0.1198,-0.024,0.0,0.0,0.0,-6.0,-65.0,-11.0,6,0
60286,-3.1416,-0.9956,0.698,0.2961,-0.1198,0.0,0.0,0.0,-1.0,-13.0,-69.0,-13.0,2,0
60298,-3.1416,-0.9956,0.698,0.2961,-0.0959,0.024,0.0,0.0,0.0,-14.0,-66.0,-13.0,0,0
60310,-3.1416,-0.9956,0.698,0.2961,-0.0959,0.024,0.0,0.0,0.0,-14.0,-64.0,-13.0,0,0
60323,-3.1416,-0.9956,0.698,0.2961,-0.0719,0.024,0.0,0.0,0.0,-10.0,-62.0,-11.0,0,0
60331,-3.1416,-0.9956,0.698,0.2961,-0.0479,0.024,0.0,0.0,0.0,-10.0,-75.0,-13.0,0,0
60343,-3.1431,-0.9971,0.698,0.2961,-0.024,0.0,0.0,0.0,0.0,-9.0,-75.0,-12.0,0,0
60356,-3.1447,-0.9956,0.698,0.2961,-0.024,0.0,0.0,0.0,6.0,-6.0,-63.0,-13.0,0,0
60368,-3.1447,-0.9971,0.698,0.2961,-0.024,0.0,0.0,0.0,3.0,-11.0,-79.0,-13.0,0,0
60380,-3.1431,-0.9956,0.698,0.2961,-0.024,0.0,0.0,0.0,-3.0,-7.0,-73.0,-13.0,0,0
60388,-3.1431,-0.9971,0.698,0.2961,-0.024,0.0,0.0,0.0,-1.0,-5.0,-62.0,-13.0,0,0
60401,-3.1431,-0.9956,0.698,0.2961,-0.024,0.0,0.0,0.0,0.0,-12.0,-73.0,-13.0,0,0
60413,-3.1416,-0.9971,0.698,0.2961,0.0,0.0,0.0,0.0,0.0,-12.0,-76.0,-13.0,0,0
60425,-3.1416,-0.9956,0.698,0.2961,0.0,0.0,0.0,0.0,0.0,-8.0,-64.0,-13.0,0,0
60437,-3.1416,-0.9956,0.698,0.2961,0.024,0.0,0.0,0.0,0.0,-11.0,-62.0,-14.0,0,0
60446,-3.1416,-0.9956,0.698,0.2961,0.024,0.0,0.0,0.0,0.0,-8.0,-66.0,-14.0,0,0
60458,-3.1401,-0.9971,0.698,0.2961,0.024,0.0,0.0,0.0,0.0,-8.0,-76.0,-13.0,0,0
60470,-3.1416,-0.9956,0.6964,0.2961,0.024,0.0,0.0,0.0,-2.0,-9.0,-78.0,-13.0,0,0
60482,-3.1416,-0.9956,0.698,0.2961,0.0,0.0,0.0,0.0,0.0,-10.0,-72.0,-13.0,0,0
60495,-3.1416,-0.9971,0.698,0.2961,0.0,0.0,0.0,0.0,0.0,-8.0,-78.0,-13.0,0,0
60503,-3.1416,-0.9956,0.698,0.2961,0.0,0.0,0.0,0.0,0.0,-7.0,-77.0,-13.0,0,0
60515,-3.1431,-0.9956,0.698,0.2961,0.0,0.0,0.0,0.0,0.0,-11.0,-73.0,-13.0,0,0
60528,-3.1431,-0.9956,0.698,0.2961,0.0,0.0,0.0,0.0,0.0,-6.0,-71.0,-13.0,0,0
60540,-3.1431,-0.9956,0.698,0.2961,0.0,0.0,0.0,0.0,0.0,-9.0,-64.0,-13.0,0,0
60552,-3.1431,-0.9971,0.698,0.2961,0.0,0.0,0.0,0.0,0.0,-9.0,-63.0,-13.0,0,0
60560,-3.1431,-0.9956,0.698,0.2961,0.0,0.0,0.0,0.0,0.0,-8.0,-61.0,-13.0,0,0
60573,-3.1431,-0.9956,0.698,0.2945,0.0,0.0,0.0,0.0,0.0,-10.0,-63.0,-13.0,0,0
60585,-3.1431,-0.9971,0.698,0.2961,0.0,0.0,0.0,0.0,0.0,-6.0,-73.0,-13.0,0,0
60597,-3.1431,-0.9956,0.698,0.2961,0.0,0.0,0.0,0.0,0.0,-7.0,-66.0,-13.0,0,0
60605,-3.1431,-0.9956,0.698,0.2961,0.0,0.0,0.0,0.0,0.0,-7.0,-66.0,-13.0,0,0
60618,-3.1431,-0.9956,0.698,0.2961,0.0,0.0,0.0,0.0,0.0,-8.0,-79.0,-13.0,0,0
60630,-3.1431,-0.9956,0.698,0.2961,0.0,0.0,0.0,0.0,0.0,-5.0,-79.0,-13.0,0,0
60642,-3.1431,-0.9956,0.698,0.2961,0.0,0.0,0.0,0.0,0.0,-7.0,-74.0,-13.0,0,0
60655,-3.1431,-0.9971,0.698,0.2961,0.0,0.0,0.0,0.0,0.0,-6.0,-78.0,-13.0,0,0
60663,-3.1431,-0.9971,0.698,0.2961,0.0,0.0,0.0,0.0,0.0,-9.0,-77.0,-13.0,0,0
60675,-3.1431,-0.9956,0.698,0.2961,0.0,0.0,0.0,0.0,0.0,-5.0,-69.0,-13.0,0,0
60687,-3.1431,-0.9956,0.698,0.2961,0.0,0.0,0.0,0.0,0.0,-8.0,-72.0,-13.0,0,0
60700,-3.1431,-0.9956,0.698,0.2961,0.0,0.0,0.0,0.0,0.0,-4.0,-63.0,-13.0,0,0
60712,-3.1431,-0.9956,0.698,0.2961,0.0,0.0,0.0,0.0,0.0,-5.0,-70.0,-13.0,0,0
60720,-3.1431,-0.9971,0.698,0.2961,0.0,0.0,0.0,0.0,0.0,-8.0,-65.0,-13.0,0,0
60732,-3.1431,-0.9971,0.698,0.2961,0.0,0.0,0.0,0.0,0.0,-6.0,-75.0,-13.0,0,0
60745,-3.1431,-0.9956,0.698,0.2961,0.0,0.0,0.0,0.0,0.0,-7.0,-78.0,-13.0,0,0
60757,-3.1431,-0.9956,0.698,0.2961,0.0,0.0,0.0,0.0,0.0,-3.0,-77.0,-13.0,0,0
60769,-3.1431,-0.9956,0.698,0.2961,0.0,0.0,0.0,0.0,0.0,-9.0,-78.0,-14.0,0,0
60777,-3.1431,-0.9956,0.698,0.2961,0.0,0.0,0.0,0.0,0.0,-10.0,-76.0,-13.0,0,0
60790,-3.1431,-0.9956,0.698,0.2961,0.0,0.0,0.0,0.0,0.0,-8.0,-72.0,-13.0,0,0
60802,-3.1431,-0.9956,0.698,0.2961,0.0,0.0,0.0,0.0,0.0,-11.0,-70.0,-13.0,0,0
60814,-3.1431,-0.9956,0.698,0.2961,0.0,0.0,0.0,0.0,0.0,-6.0,-68.0,-13.0,0,0
60827,-3.1431,-0.9956,0.698,0.2961,0.0,0.0,0.0,0.0,0.0,-7.0,-78.0,-13.0,0,0
60835,-3.1431,-0.9956,0.698,0.2961,0.0,0.0,0.0,0.0,0.0,-7.0,-78.0,-13.0,1,0
60847,-3.1431,-0.9971,0.698,0.2961,0.0,0.0,0.0,0.0,0.0,-7.0,-62.0,-13.0,2,0
60859,-3.1431,-0.9956,0.698,0.2961,0.0,0.0,0.0,0.0,0.0,-8.0,-71.0,-13.0,3,0
60872,-3.1431,-0.9956,0.698,0.2961,0.0,0.0,0.0,0.0,0.0,-9.0,-78.0,-13.0,3,0
60884,-3.1431,-0.9956,0.698,0.2961,0.0,0.0,0.0,0.0,0.0,-9.0,-75.0,-13.0,4,0
60892,-3.1431,-0.9956,0.698,0.2961,0.0,0.0,0.0,0.0,0.0,-9.0,-74.0,-12.0,4,0
60904,-3.1431,-0.9956,0.698,0.2961,0.0,0.0,0.0,0.0,0.0,-9.0,-76.0,-13.0,5,0
60917,-3.1431,-0.9956,0.698,0.2961,0.0,0.0,0.0,0.0,0.0,-6.0,-66.0,-13.0,5,0
60929,-3.1431,-0.9971,0.698,0.2961,0.0,0.0,0.0,0.0,0.0,-5.0,-70.0,-13.0,5,0
60941,-3.1431,-0.9971,0.698,0.2961,0.0,0.0,0.0,0.0,0.0,-10.0,-69.0,-13.0,5,0
60949,-3.1431,-0.9956,0.698,0.2961,0.0,0.0,0.0,0.0,0.0,-7.0,-68.0,-13.0,5,0
60962,-3.1431,-0.9956,0.698,0.2961,0.0,0.0,0.0,0.0,0.0,-5.0,-76.0,-13.0,5,0
60974,-3.1431,-0.9971,0.698,0.2961,0.0,0.0,0.0,0.0,0.0,-6.0,-63.0,-13.0,5,0
60986,-3.1431,-0.9956,0.698,0.2961,0.0,0.0,0.0,0.0,0.0,-8.0,-75.0,-13.0,5,0
60999,-3.1431,-0.9956,0.698,0.2961,0.0,0.0,0.0,0.0,0.0,-5.0,-68.0,-13.0,5,0
61007,-3.1431,-0.9956,0.698,0.2961,0.0,0.0,0.0,0.0,0.0,-6.0,-70.0,-12.0,5,0
61019,-3.1431,-0.9956,0.698,0.2961,0.0,0.0,0.0,0.0,0.0,-7.0,-76.0,-13.0,5,0
61031,-3.1431,-0.9956,0.698,0.2961,0.0,0.0,0.0,0.0,0.0,-8.0,-77.0,-13.0,5,0
61044,-3.1431,-0.9971,0.698,0.2961,0.0,0.0,0.0,0.0,0.0,-5.0,-70.0,-13.0,5,0
61052,-3.1431,-0.9971,0.698,0.2961,0.0,0.0,0.0,0.0,0.0,-6.0,-60.0,-13.0,5,0
61064,-3.1431,-0.9956,0.698,0.2961,0.0,0.0,0.0,0.0,0.0,-9.0,-60.0,-13.0,5,0
61076,-3.1431,-0.9956,0.698,0.2961,0.0,0.0,0.0,0.0,0.0,-6.0,-66.0,-13.0,5,0
61089,-3.1431,-0.9971,0.698,0.2961,0.0,0.0,0.0,0.0,0.0,-10.0,-69.0,-13.0,5,0
61101,-3.1431,-0.9956,0.698,0.2961,0.0,0.0,0.0,0.0,0.0,-6.0,-62.0,-13.0,5,0
61109,-3.1431,-0.9971,0.698,0.2961,0.0,0.0,0.0,0.0,0.0,-9.0,-65.0,-16.0,5,0
61121,-3.1431,-0.9971,0.698,0.2961,0.0,0.0,0.0,0.0,0.0,-8.0,-60.0,-18.0,5,0
61134,-3.1431,-0.9956,0.698,0.2961,0.0,0.0,0.0,0.0,0.0,-9.0,-69.0,-14.0,5,0
61146,-3.1431,-0.9956,0.698,0.2961,0.0,0.0,0.0,0.0,0.0,-5.0,-77.0,-14.0,5,0
61158,-3.1431,-0.9956,0.698,0.2961,0.0,0.0,0.0,0.0,0.0,-6.0,-65.0,-13.0,6,0
61167,-3.1431,-0.9971,0.698,0.2961,0.0,0.0,0.0,0.0,0.0,-6.0,-66.0,-13.0,6,0
61179,-3.1431,-0.9956,0.698,0.2961,0.0,0.0,0.0,0.0,0.0,-10.0,-76.0,-13.0,6,0
61191,-3.1431,-0.9956,0.698,0.2961,0.0,0.0,0.0,0.0,0.0,-4.0,-65.0,-13.0,6,0
61203,-3.1431,-0.9956,0.698,0.2961,0.0,0.0,0.0,0.0,0.0,-7.0,-78.0,-13.0,6,0
61216,-3.1431,-0.9956,0.698,0.2961,0.0,0.0,0.0,0.0,0.0,-10.0,-60.0,-13.0,6,0
61224,-3.1431,-0.9956,0.698,0.2961,0.0,0.0,0.0,0.0,0.0,-10.0,-60.0,-13.0,6,0
61236,-3.1431,-0.9971,0.698,0.2961,0.0,0.0,0.0,0.0,0.0,-8.0,-77.0,-13.0,7,0
61248,-3.1431,-0.9956,0.698,0.2961,0.0,0.0,0.0,0.0,0.0,-9.0,-67.0,-13.0,6,0
61261,-3.1431,-0.9971,0.698,0.2961,0.0,0.0,0.0,0.0,0.0,-8.0,-76.0,-11.0,6,0
61273,-3.1431,-0.9956,0.698,0.2961,0.0,0.0,0.0,0.0,0.0,-9.0,-79.0,-13.0,6,0
61281,-3.1431,-0.9956,0.698,0.2961,0.0,0.0,0.0,0.0,0.0,-6.0,-71.0,-13.0,6,0
61293,-3.1431,-0.9956,0.698,0.2961,0.0,0.0,0.0,0.0,0.0,-10.0,-78.0,-13.0,6,0
61306,-3.1431,-0.9956,0.698,0.2961,0.0,0.0,0.0,0.0,0.0,-9.0,-60.0,-13.0,6,0
61318,-3.1431,-0.9971,0.698,0.2961,0.0,0.0,0.0,0.0,0.0,-6.0,-67.0,-13.0,6,0
61330,-3.1431,-0.9971,0.698,0.2945,0.0,0.0,0.0,0.0,0.0,-4.0,-64.0,-13.0,7,0
61339,-3.1431,-0.9956,0.698,0.2961,0.0,0.0,0.0,0.0,0.0,-9.0,-78.0,-13.0,7,0
61351,-3.1431,-0.9956,0.6964,0.2961,0.0,0.0,0.0,0.0,0.0,-7.0,-61.0,-13.0,7,0
61363,-3.1431,-0.9956,0.698,0.2961,0.0,0.0,0.0,0.0,0.0,-8.0,-76.0,-13.0,7,0
61375,-3.1431,-0.9956,0.698,0.2961,0.0,0.0,0.0,0.0,0.0,-9.0,-61.0,-13.0,7,0
61388,-3.1431,-0.9956,0.698,0.2961,0.0,0.0,0.0,0.0,0.0,-9.0,-75.0,-13.0,7,0
61396,-3.1447,-0.9956,0.698,0.2961,0.0,0.0,0.0,0.0,0.0,-8.0,-61.0,-13.0,7,0
61408,-3.1447,-0.9956,0.6964,0.2961,0.0,0.0,0.0,0.0,14.0,-10.0,-74.0,-11.0,7,0
61420,-3.1462,-0.9956,0.6964,0.2961,0.0,0.0,0.0,0.0,29.0,-25.0,-63.0,-13.0,7,0
61433,-3.1462,-0.9925,0.6949,0.2961,-0.024,0.0,0.0,0.0,34.0,-71.0,-42.0,-9.0,8,0
61445,-3.1477,-0.9879,0.6934,0.2945,-0.0479,0.024,-0.024,0.0,32.0,-141.0,-11.0,-1.0,11,1
61457,-3.1462,-0.9771,0.6934,0.2961,-0.0479,0.1438,-0.0479,0.0,28.0,-201.0,-68.0,-15.0,13,1
61470,-3.1462,-0.9725,0.6964,0.2961,-0.0479,0.2157,-0.0479,0.0,20.0,-217.0,-106.0,-18.0,18,1
61482,-3.1462,-0.9679,0.6995,0.2961,-0.024,0.2876,-0.024,0.0,23.0,-230.0,-116.0,-25.0,44,1
61494,-3.1462,-0.9633,0.701,0.2976,0.0,0.3595,0.0,0.0,31.0,-225.0,-109.0,-27.0,52,1
61506,-3.1462,-0.9603,0.701,0.2976,0.0,0.4075,0.0719,0.024,31.0,-191.0,-89.0,-23.0,55,1
61519,-3.1447,-0.9603,0.701,0.2961,0.0,0.3595,0.0959,0.024,32.0,-208.0,-90.0,-15.0,65,1
61531,-3.1447,-0.9618,0.6995,0.2961,0.0,0.3116,0.0959,0.0,32.0,-179.0,-68.0,-14.0,68,1
61543,-3.1462,-0.9618,0.6995,0.2961,0.0,0.2397,0.0719,0.0,32.0,-178.0,-56.0,-12.0,68,1
61556,-3.1447,-0.9618,0.698,0.2961,0.0,0.0959,0.0,0.0,30.0,-173.0,-77.0,-13.0,67,1
61568,-3.1462,-0.9633,0.6995,0.2961,0.0,0.0479,-0.024,0.0,29.0,-172.0,-62.0,-13.0,68,1
61580,-3.1447,-0.9633,0.698,0.2961,0.0,0.0,-0.024,0.0,28.0,-172.0,-74.0,-13.0,68,1
61592,-3.1462,-0.9633,0.6995,0.2961,0.0,0.0,-0.024,0.0,23.0,-175.0,-79.0,-13.0,67,1
61605,-3.1447,-0.9633,0.6995,0.2961,0.0,0.0,0.0,0.0,22.0,-174.0,-75.0,-13.0,63,1
61617,-3.1447,-0.9633,0.6995,0.2961,0.0,0.0,0.0,0.0,15.0,-147.0,-83.0,-14.0,57,1
61633,-3.1447,-0.9664,0.6995,0.2961,0.0,0.0,0.0,0.0,7.0,-120.0,-77.0,-13.0,47,1
61646,-3.1431,-0.9725,0.698,0.2961,0.024,-0.0719,0.0,0.0,3.0,-72.0,-68.0,-14.0,35,1
61658,-3.1431,-0.9756,0.698,0.2961,0.024,-0.0959,0.0,0.0,1.0,-61.0,-77.0,-13.0,27,1
61670,-3.1416,-0.9802,0.698,0.2961,0.024,-0.1438,0.0,0.0,-2.0,-48.0,-67.0,-14.0,23,1
61683,-3.1416,-0.9833,0.698,0.2961,0.024,-0.1918,0.0,0.0,0.0,-30.0,-77.0,-14.0,18,1
61695,-3.1416,-0.9863,0.6995,0.2961,0.024,-0.2397,0.0,0.0,0.0,-24.0,-71.0,-14.0,13,1
61707,-3.1416,-0.991,0.698,0.2961,0.024,-0.2876,0.0,0.0,0.0,-14.0,-71.0,-14.0,13,1
61719,-3.1416,-0.9925,0.698,0.2961,0.024,-0.2876,0.0,0.0,0.0,-17.0,-70.0,-14.0,12,1
61732,-3.1401,-0.994,0.698,0.2961,0.024,-0.2876,0.0,0.0,0.0,-23.0,-76.0,-14.0,11,1
61744,-3.1401,-0.9956,0.698,0.2961,0.024,-0.2637,0.0,0.0,0.0,-28.0,-73.0,-14.0,7,0
61752,-3.1401,-0.9956,0.6995,0.2961,0.0,-0.2157,0.0,0.0,0.0,-34.0,-74.0,-14.0,7,0
61765,-3.1401,-0.994,0.6995,0.2961,0.0,-0.1918,0.0,0.0,0.0,-37.0,-76.0,-13.0,7,0
61777,-3.1401,-0.9956,0.6995,0.2961,0.0,-0.0959,0.0,0.0,0.0,-36.0,-77.0,-17.0,6,0
61789,-3.1401,-0.9956,0.6995,0.2961,0.0,-0.0719,0.0,0.0,0.0,-38.0,-71.0,-14.0,6,0
61801,-3.1401,-0.994,0.698,0.2961,0.0,-0.0479,0.0,0.0,0.0,-37.0,-77.0,-14.0,6,0
61810,-3.1401,-0.9956,0.6995,0.2961,0.0,-0.024,0.0,0.0,0.0,-35.0,-70.0,-14.0,6,0
61822,-3.1401,-0.9956,0.698,0.2961,0.0,0.0,0.0,0.0,0.0,-36.0,-75.0,-14.0,6,0
61834,-3.1416,-0.9956,0.6995,0.2961,0.0,0.0,0.0,0.0,0.0,-35.0,-70.0,-13.0,6,0
61846,-3.1401,-0.9956,0.6995,0.2961,0.0,0.0,0.0,0.0,0.0,-36.0,-66.0,-13.0,6,0
61859,-3.1401,-0.9956,0.6995,0.2961,0.0,0.0,0.0,0.0,0.0,-37.0,-77.0,-13.0,6,0
61867,-3.1416,-0.9956,0.6995,0.2961,0.0,0.0,0.0,0.0,0.0,-36.0,-72.0,-14.0,6,0
61879,-3.1416,-0.9956,0.698,0.2961,0.0,0.0,0.0,0.0,0.0,-35.0,-76.0,-14.0,6,0
61891,-3.1401,-0.9956,0.6995,0.2961,0.0,0.0,0.0,0.0,0.0,-35.0,-75.0,-14.0,6,0
61904,-3.1401,-0.9956,0.6995,0.2961,0.0,0.0,0.0,0.0,0.0,-35.0,-72.0,-14.0,6,0
61916,-3.1401,-0.9956,0.6995,0.2961,0.0,0.0,0.0,0.0,0.0,-35.0,-75.0,-13.0,6,0
61924,-3.1401,-0.9956,0.6995,0.2961,0.0,0.0,0.0,0.0,0.0,-35.0,-75.0,-13.0,6,0
61937,-3.1416,-0.9956,0.698,0.2961,0.0,0.0,0.0,0.0,0.0,-35.0,-76.0,-14.0,6,0
61949,-3.1416,-0.9956,0.698,0.2961,0.0,0.0,0.0,0.0,0.0,-36.0,-77.0,-14.0,6,0
61961,-3.1416,-0.9956,0.6995,0.2961,0.0,0.0,0.0,0.0,0.0,-35.0,-77.0,-14.0,6,0
61973,-3.1416,-0.9956,0.6995,0.2961,0.0,0.0,0.0,0.0,0.0,-36.0,-76.0,-14.0,6,0
61982,-3.1416,-0.9956,0.698,0.2961,0.0,0.0,0.0,0.0,0.0,-35.0,-69.0,-17.0,6,0
61994,-3.1416,-0.9956,0.698,0.2961,0.0,0.0,0.0,0.0,0.0,-35.0,-77.0,-14.0,6,0
62006,-3.1401,-0.9956,0.6995,0.2961,0.0,0.0,0.0,0.0,0.0,-35.0,-77.0,-14.0,6,0
62018,-3.1416,-0.9956,0.698,0.2961,0.0,0.0,0.0,0.0,0.0,-35.0,-76.0,-14.0,6,0
62031,-3.1401,-0.9956,0.6995,0.2961,0.0,0.0,0.0,0.0,0.0,-35.0,-76.0,-14.0,6,0
62039,-3.1416,-0.994,0.698,0.2961,0.0,0.0,0.0,0.0,0.0,-35.0,-76.0,-14.0,6,0
62051,-3.1416,-0.9956,0.698,0.2961,0.0,0.0,0.0,0.0,0.0,-35.0,-64.0,-14.0,6,0
62064,-3.1401,-0.9956,0.698,0.2961,0.0,0.0,0.0,0.0,0.0,-35.0,-75.0,-14.0,6,0
62076,-3.1416,-0.9956,0.698,0.2961,0.0,0.0,0.0,0.0,0.0,-35.0,-74.0,-13.0,6,0
62088,-3.1401,-0.9956,0.698,0.2961,0.0,0.0,0.0,0.0,0.0,-36.0,-75.0,-16.0,6,0
62096,-3.1416,-0.9956,0.698,0.2961,0.0,0.0,0.0,0.0,0.0,-36.0,-73.0,-14.0,6,0
62109,-3.1401,-0.9956,0.698,0.2961,0.0,0.0,0.0,0.0,0.0,-35.0,-71.0,-14.0,6,0
62121,-3.1416,-0.9956,0.6995,0.2961,0.0,0.0,0.0,0.0,0.0,-35.0,-76.0,-14.0,6,0
62133,-3.1416,-0.9956,0.6995,0.2961,0.0,0.0,0.0,0.0,0.0,-35.0,-75.0,-14.0,6,0
62145,-3.1416,-0.994,0.6995,0.2961,0.0,0.0,0.0,0.0,0.0,-35.0,-77.0,-14.0,6,0
62154,-3.1401,-0.9956,0.698,0.2961,0.0,0.0,0.0,0.0,0.0,-36.0,-76.0,-13.0,6,0
62166,-3.1416,-0.9956,0.698,0.2961,0.0,0.0,0.0,0.0,0.0,-35.0,-75.0,-13.0,6,0
62178,-3.1416,-0.9956,0.6995,0.2961,0.0,0.0,0.0,0.0,0.0,-36.0,-77.0,-14.0,6,0
62190,-3.1416,-0.9956,0.698,0.2961,0.0,0.0,0.0,0.0,0.0,-37.0,-75.0,-15.0,6,0
62199,-3.1401,-0.9956,0.698,0.2961,0.0,0.0,0.0,0.0,0.0,-36.0,-77.0,-14.0,6,0
62211,-3.1416,-0.9956,0.698,0.2961,0.0,0.0,0.0,0.0,0.0,-35.0,-76.0,-13.0,5,0
62223,-3.1401,-0.9956,0.6995,0.2961,0.0,0.0,0.0,0.0,0.0,-36.0,-73.0,-13.0,5,0
62236,-3.1401,-0.9956,0.6995,0.2961,0.0,0.0,0.0,0.0,0.0,-35.0,-74.0,-14.0,5,0
62248,-3.1401,-0.9956,0.698,0.2961,0.0,0.0,0.0,0.0,0.0,-35.0,-76.0,-17.0,5,0
62256,-3.1416,-0.9956,0.6995,0.2961,0.0,0.0,0.0,0.0,0.0,-35.0,-74.0,-14.0,5,0
62268,-3.1416,-0.9956,0.6995,0.2961,0.0,0.0,0.0,0.0,0.0,-35.0,-69.0,-14.0,6,0
62281,-3.1416,-0.9956,0.6995,0.2961,0.0,0.0,0.0,0.0,0.0,-35.0,-73.0,-14.0,6,0
62293,-3.1401,-0.9956,0.698,0.2961,0.0,0.0,0.0,0.0,0.0,-36.0,-76.0,-14.0,5,0
62305,-3.1401,-0.9956,0.6995,0.2961,0.0,0.0,0.0,0.0,0.0,-36.0,-70.0,-14.0,5,0
62313,-3.1416,-0.9956,0.6995,0.2961,0.0,0.0,0.0,0.0,0.0,-35.0,-75.0,-15.0,5,0
62326,-3.1416,-0.9956,0.6995,0.2961,0.0,0.0,0.0,0.0,0.0,-35.0,-74.0,-14.0,5,0
62338,-3.1401,-0.9956,0.6995,0.2961,0.0,0.0,0.0,0.0,0.0,-35.0,-74.0,-14.0,5,0
62350,-3.1416,-0.9956,0.6995,0.2961,0.0,0.0,0.0,0.0,0.0,-35.0,-71.0,-18.0,5,0
62363,-3.1401,-0.9956,0.698,0.2961,0.0,0.0,0.0,0.0,0.0,-35.0,-76.0,-14.0,5,0
62371,-3.1416,-0.9956,0.698,0.2961,0.0,0.0,0.0,0.0,0.0,-34.0,-78.0,-14.0,5,0
62383,-3.1401,-0.9956,0.698,0.2961,0.0,0.0,0.0,0.0,0.0,-36.0,-75.0,-14.0,5,0
62395,-3.1416,-0.9956,0.698,0.2961,0.0,0.0,0.0,0.0,0.0,-36.0,-78.0,-14.0,5,0
62408,-3.1416,-0.9956,0.6995,0.2961,0.0,0.0,0.0,0.0,0.0,-35.0,-82.0,-14.0,5,0
62420,-3.1401,-0.9956,0.698,0.2961,0.0,0.0,0.0,0.0,0.0,-34.0,-81.0,-14.0,5,0
62428,-3.1416,-0.9956,0.698,0.2961,0.0,0.0,0.0,0.0,0.0,-35.0,-67.0,-14.0,5,0
62440,-3.1416,-0.9956,0.698,0.2961,0.0,0.0,0.0,0.0,0.0,-35.0,-75.0,-13.0,5,0
62453,-3.1416,-0.9956,0.698,0.2961,0.0,0.0,0.0,0.0,0.0,-36.0,-74.0,-13.0,6,0
62465,-3.1416,-0.9956,0.698,0.2961,0.0,0.0,0.0,0.0,0.0,-36.0,-75.0,-17.0,6,0
62477,-3.1462,-0.9956,0.698,0.2961,-0.024,0.0,0.0,0.0,71.0,-35.0,-76.0,-16.0,5,0
62485,-3.1462,-0.9956,0.698,0.2961,-0.024,0.0,0.0,0.0,71.0,-35.0,-76.0,-16.0,5,0
62498,-3.1508,-0.994,0.698,0.2961,-0.0959,0.0,0.0,0.0,85.0,-40.0,-70.0,-14.0,5,0
62510,-3.1539,-0.994,0.698,0.2961,-0.1198,0.0,0.0,0.0,95.0,-42.0,-74.0,-14.0,5,0
62522,-3.1539,-0.994,0.6995,0.2961,-0.1438,0.0,0.0,0.0,84.0,-41.0,-78.0,-17.0,5,0
62535,-3.1554,-0.994,0.6995,0.2961,-0.1678,0.0,0.0,0.0,84.0,-41.0,-80.0,-14.0,10,0
62547,-3.1569,-0.994,0.6995,0.2961,-0.1438,0.0,0.0,0.0,107.0,-44.0,-80.0,-16.0,15,1
62559,-3.1585,-0.994,0.6995,0.2961,-0.1438,0.0,0.0,0.0,111.0,-44.0,-79.0,-15.0,16,1
62571,-3.16,-0.994,0.698,0.2976,-0.1198,0.0,0.0,0.0,118.0,-42.0,-76.0,-14.0,15,1
62584,-3.1615,-0.994,0.698,0.2961,-0.1198,0.0,0.0,0.0,133.0,-41.0,-71.0,-14.0,16,1
62596,-3.1631,-0.994,0.698,0.2961,-0.1198,0.0,0.0,0.0,136.0,-43.0,-79.0,-14.0,17,1
62608,-3.1646,-0.994,0.698,0.2976,-0.1198,0.0,0.0,0.0,125.0,-41.0,-79.0,-14.0,23,1
62621,-3.1646,-0.994,0.6995,0.2961,-0.0959,0.0,0.0,0.0,121.0,-40.0,-76.0,-14.0,27,1
62633,-3.1646,-0.994,0.6995,0.2961,-0.0959,0.0,0.0,0.0,132.0,-42.0,-76.0,-14.0,30,1
62645,-3.1661,-0.994,0.698,0.2961,-0.0719,0.0,0.0,0.0,140.0,-43.0,-74.0,-17.0,32,1
62657,-3.1661,-0.994,0.6995,0.2961,-0.0479,0.0,0.0,0.0,127.0,-42.0,-76.0,-16.0,34,1
62670,-3.1661,-0.994,0.6995,0.2961,-0.0479,0.0,0.0,0.0,127.0,-41.0,-76.0,-14.0,41,1
62682,-3.1661,-0.994,0.698,0.2961,-0.024,0.0,0.0,0.0,124.0,-41.0,-77.0,-14.0,47,1
62694,-3.1646,-0.994,0.698,0.2961,-0.024,0.0,0.0,0.0,120.0,-39.0,-77.0,-19.0,48,1
62707,-3.1631,-0.994,0.698,0.2961,0.0,0.0,0.0,0.0,99.0,-42.0,-74.0,-14.0,48,1
62723,-3.1615,-0.994,0.698,0.2961,0.024,0.0,0.0,0.0,71.0,-36.0,-74.0,-14.0,48,1
62735,-3.1585,-0.994,0.698,0.2961,0.0479,0.0,0.0,0.0,44.0,-37.0,-75.0,-14.0,44,1
62748,-3.1508,-0.9956,0.698,0.2961,0.1198,0.0,0.0,0.0,1.0,-35.0,-79.0,-16.0,35,1
62760,-3.1477,-0.9956,0.6995,0.2961,0.1678,0.0,0.0,0.0,-2.0,-34.0,-74.0,-14.0,24,1
62772,-3.1462,-0.994,0.6995,0.2961,0.2157,0.0,0.0,0.0,0.0,-36.0,-73.0,-14.0,21,1
62784,-3.1447,-0.9956,0.698,0.2961,0.2397,0.0,0.0,0.0,2.0,-35.0,-78.0,-13.0,16,1
62797,-3.1401,-0.9956,0.6995,0.2961,0.2637,0.0,0.0,0.0,-10.0,-31.0,-77.0,-14.0,10,0
62809,-3.137,-0.9956,0.6995,0.2961,0.2397,0.0,0.0,0.0,-4.0,-31.0,-74.0,-15.0,8,0
62817,-3.137,-0.9956,0.698,0.2961,0.2157,0.0,0.0,0.0,-1.0,-30.0,-70.0,-14.0,5,0
62829,-3.1355,-0.9956,0.698,0.2961,0.2157,0.0,0.0,0.0,0.0,-31.0,-68.0,-14.0,5,0
62842,-3.137,-0.9956,0.698,0.2961,0.1678,0.0,0.0,0.0,0.0,-31.0,-75.0,-14.0,5,0
62854,-3.1385,-0.9956,0.698,0.2961,0.1438,0.0,0.0,0.0,1.0,-31.0,-76.0,-14.0,6,0
62866,-3.1401,-0.9956,0.6995,0.2961,0.0479,0.0,0.0,0.0,0.0,-31.0,-77.0,-14.0,6,0
62874,-3.1401,-0.9956,0.6995,0.2961,0.0479,0.0,0.0,0.0,0.0,-31.0,-77.0,-14.0,6,0
62887,-3.1416,-0.9956,0.698,0.2961,-0.024,0.0,0.0,0.0,6.0,-31.0,-76.0,-14.0,6,0
62899,-3.1416,-0.9956,0.698,0.2961,-0.0479,0.0,0.0,0.0,2.0,-31.0,-74.0,-14.0,6,0
62911,-3.1416,-0.9956,0.6995,0.2961,-0.0479,0.0,0.0,0.0,1.0,-31.0,-77.0,-14.0,6,0
62924,-3.1401,-0.9956,0.698,0.2961,-0.0479,0.0,0.0,0.0,-3.0,-31.0,-72.0,-14.0,6,0
62932,-3.1401,-0.9956,0.698,0.2961,-0.024,0.0,0.0,0.0,0.0,-31.0,-76.0,-14.0,6,0
62944,-3.1401,-0.9956,0.698,0.2961,0.0,0.0,0.0,0.0,0.0,-31.0,-74.0,-14.0,6,0
62956,-3.1401,-0.9956,0.698,0.2961,0.0,0.0,0.0,0.0,0.0,-31.0,-70.0,-14.0,6,0
62969,-3.1385,-0.9956,0.6995,0.2961,0.0,0.0,0.0,0.0,0.0,-31.0,-71.0,-14.0,6,0
62981,-3.1401,-0.9956,0.698,0.2961,0.0,0.0,0.0,0.0,0.0,-31.0,-79.0,-14.0,6,0
62989,-3.1401,-0.9956,0.698,0.2961,0.0,0.0,0.0,0.0,0.0,-31.0,-76.0,-13.0,6,0
63001,-3.1401,-0.9956,0.6995,0.2961,0.0,0.0,0.0,0.0,0.0,-31.0,-78.0,-13.0,6,0
63014,-3.1385,-0.9956,0.6995,0.2961,0.0,0.0,0.0,0.0,0.0,-31.0,-77.0,-17.0,5,0
63026,-3.1401,-0.9956,0.698,0.2961,0.0,0.0,0.0,0.0,0.0,-31.0,-72.0,-14.0,5,0
63038,-3.1401,-0.9956,0.698,0.2961,0.0,0.0,0.0,0.0,0.0,-31.0,-71.0,-14.0,6,0
63047,-3.1401,-0.9956,0.6995,0.2961,0.0,0.0,0.0,0.0,0.0,-31.0,-79.0,-14.0,6,0
63059,-3.1401,-0.9956,0.698,0.2961,0.0,0.0,0.0,0.0,0.0,-31.0,-78.0,-14.0,5,0
63071,-3.1401,-0.9956,0.698,0.2961,0.0,0.0,0.0,0.0,0.0,-31.0,-76.0,-14.0,5,0
63083,-3.1401,-0.9956,0.698,0.2961,0.0,0.0,0.0,0.0,0.0,-31.0,-78.0,-14.0,5,0
63092,-3.1401,-0.9956,0.698,0.2961,0.0,0.0,0.0,0.0,0.0,-31.0,-78.0,-15.0,5,0
63104,-3.1385,-0.9956,0.6995,0.2961,0.0,0.0,0.0,0.0,0.0,-31.0,-71.0,-14.0,5,0
63116,-3.1385,-0.9956,0.698,0.2961,0.0,0.0,0.0,0.0,0.0,-31.0,-77.0,-18.0,6,0
63128,-3.1401,-0.9956,0.6995,0.2961,0.0,0.0,0.0,0.0,0.0,-31.0,-77.0,-15.0,6,0
63141,-3.1385,-0.9956,0.698,0.2961,0.0,0.0,0.0,0.0,0.0,-31.0,-76.0,-15.0,6,0
63149,-3.1401,-0.9956,0.698,0.2961,0.0,0.0,0.0,0.0,0.0,-31.0,-72.0,-18.0,6,0
63161,-3.1401,-0.9956,0.698,0.2961,0.0,0.0,0.0,0.0,0.0,-31.0,-70.0,-14.0,6,0
63173,-3.1401,-0.9956,0.6995,0.2961,0.0,0.0,0.0,0.0,0.0,-31.0,-75.0,-14.0,6,0
63186,-3.1401,-0.9956,0.6995,0.2961,0.0,0.0,0.0,0.0,0.0,-31.0,-74.0,-14.0,6,0
63198,-3.1401,-0.9956,0.6995,0.2961,0.0,0.0,0.0,0.0,0.0,-31.0,-76.0,-14.0,6,0
63206,-3.1401,-0.9956,0.698,0.2961,0.0,0.0,0.0,0.0,0.0,-33.0,-75.0,-14.0,7,0
63219,-3.1401,-0.9956,0.6995,0.2961,0.0,0.0,0.0,0.0,0.0,-31.0,-76.0,-14.0,7,0
63231,-3.1401,-0.9956,0.698,0.2961,0.0,0.0,0.0,0.0,0.0,-31.0,-72.0,-17.0,7,0
63243,-3.1401,-0.9956,0.698,0.2961,0.0,0.0,0.0,0.0,0.0,-31.0,-74.0,-15.0,7,0
63255,-3.1401,-0.9956,0.698,0.2961,0.0,0.0,0.0,0.0,0.0,-31.0,-76.0,-15.0,7,0
63264,-3.1401,-0.9956,0.6995,0.2961,0.0,0.0,0.0,0.0,0.0,-31.0,-76.0,-15.0,7,0
63276,-3.1401,-0.9956,0.698,0.2961,0.0,0.0,0.0,0.0,0.0,-31.0,-74.0,-14.0,7,0
63288,-3.1401,-0.9956,0.698,0.2961,0.0,0.0,0.0,0.0,0.0,-31.0,-76.0,-15.0,7,0
63300,-3.1401,-0.9956,0.698,0.2961,0.0,0.0,0.0,0.0,0.0,-31.0,-71.0,-14.0,7,0
63313,-3.1401,-0.9956,0.6995,0.2961,0.0,0.0,0.0,0.0,0.0,-31.0,-81.0,-14.0,8,0
63321,-3.1401,-0.9956,0.698,0.2961,0.0,0.0,0.0,0.0,0.0,-31.0,-75.0,-14.0,8,0
63333,-3.1401,-0.9956,0.698,0.2961,0.0,0.0,0.0,0.0,0.0,-31.0,-82.0,-14.0,7,0
63346,-3.1401,-0.9956,0.6995,0.2961,0.0,0.0,0.0,0.0,0.0,-31.0,-79.0,-14.0,8,0
63358,-3.1401,-0.9956,0.698,0.2961,0.0,0.0,0.0,0.0,0.0,-31.0,-73.0,-14.0,8,0
63370,-3.1401,-0.9956,0.698,0.2961,0.0,0.0,0.0,0.0,0.0,-31.0,-76.0,-15.0,8,0
63378,-3.1385,-0.9956,0.698,0.2961,0.0,0.0,0.0,0.0,0.0,-31.0,-75.0,-14.0,8,0
63391,-3.1401,-0.9956,0.6995,0.2961,0.0,0.0,0.0,0.0,0.0,-31.0,-72.0,-14.0,8,0
63403,-3.1401,-0.9956,0.698,0.2961,0.0,0.0,0.0,0.0,0.0,-31.0,-78.0,-20.0,8,0
63415,-3.1401,-0.9956,0.698,0.2961,0.0,0.0,0.0,0.0,0.0,-31.0,-75.0,-15.0,7,0
63427,-3.1401,-0.9956,0.698,0.2961,0.0,0.0,0.0,0.0,0.0,-31.0,-78.0,-15.0,7,0
63436,-3.1401,-0.9956,0.698,0.2961,0.0,0.0,0.0,0.0,0.0,-31.0,-71.0,-14.0,7,0
63448,-3.1401,-0.9956,0.698,0.2961,0.0,0.0,0.0,0.0,0.0,-31.0,-74.0,-16.0,7,0
63460,-3.1401,-0.9956,0.698,0.2961,0.0,0.0,0.0,0.0,0.0,-31.0,-79.0,-14.0,7,0
63472,-3.1401,-0.9956,0.698,0.2961,0.0,0.0,0.0,0.0,0.0,-31.0,-75.0,-14.0,7,0
63485,-3.1401,-0.9956,0.698,0.2961,0.0,0.0,0.0,0.0,0.0,-31.0,-77.0,-15.0,7,0
63493,-3.1401,-0.9956,0.698,0.2961,0.0,0.0,0.0,0.0,0.0,-31.0,-75.0,-15.0,7,0
63505,-3.1401,-0.9956,0.698,0.2961,0.0,0.0,0.0,0.0,0.0,-31.0,-73.0,-15.0,7,0
63518,-3.1401,-0.9956,0.6995,0.2961,0.0,0.0,0.0,0.0,0.0,-31.0,-77.0,-15.0,7,0
63530,-3.1401,-0.9956,0.698,0.2961,0.0,0.0,0.0,0.0,0.0,-31.0,-72.0,-15.0,6,0
63538,-3.1401,-0.9956,0.6995,0.2961,0.0,0.0,0.0,0.0,0.0,-31.0,-73.0,-15.0,6,0
63550,-3.1401,-0.9956,0.698,0.2961,0.0,0.0,0.0,0.0,0.0,-31.0,-74.0,-14.0,6,0
63563,-3.1401,-0.9956,0.698,0.2961,0.0,0.0,0.0,0.0,0.0,-31.0,-75.0,-17.0,6,0
63575,-3.1385,-0.9956,0.698,0.2961,0.0,0.0,0.0,0.0,0.0,-31.0,-79.0,-14.0,6,0
63587,-3.1401,-0.9956,0.698,0.2961,0.0,0.0,0.0,0.0,0.0,-31.0,-76.0,-15.0,6,0
63595,-3.1401,-0.9956,0.698,0.2961,0.0,0.0,0.0,0.0,0.0,-31.0,-76.0,-15.0,6,0
63608,-3.1416,-0.9956,0.698,0.2961,0.0,0.0,0.0,0.0,6.0,-31.0,-79.0,-14.0,5,0
63620,-3.1431,-0.9956,0.6995,0.2961,0.0,0.0,0.0,0.0,9.0,-31.0,-84.0,-14.0,5,0
63632,-3.1401,-0.9956,0.6995,0.2961,0.0,0.0,0.0,0.0,-2.0,-31.0,-76.0,-14.0,4,0
63645,-3.1339,-0.9956,0.6995,0.2961,0.0,0.0,0.0,0.0,-26.0,-33.0,-87.0,-17.0,5,0
63653,-3.1339,-0.9956,0.701,0.2961,0.0479,0.0,0.0,0.0,-27.0,-34.0,-91.0,-18.0,7,0
63665,-3.1385,-0.9956,0.7026,0.2961,0.0479,0.0,0.024,0.0,8.0,-32.0,-104.0,-16.0,7,0
63677,-3.1447,-0.9956,0.701,0.2961,0.0,0.0,0.024,0.0,47.0,-32.0,-90.0,-15.0,13,1
63690,-3.1447,-0.9956,0.701,0.2961,-0.024,0.0,0.024,0.0,38.0,-32.0,-84.0,-15.0,45,1
63702,-3.1431,-0.9956,0.701,0.2961,-0.0479,0.0,0.024,0.0,25.0,-32.0,-88.0,-14.0,53,1
63714,-3.1431,-0.9956,0.701,0.2961,-0.0959,0.0,0.024,0.0,30.0,-32.0,-85.0,-17.0,71,1
63726,-3.1385,-0.994,0.701,0.2961,-0.0719,0.0,0.0,0.0,-5.0,-42.0,-90.0,-18.0,73,1
63743,-3.1355,-0.994,0.7026,0.2976,0.0,0.0,0.0,0.0,-14.0,-43.0,-89.0,-17.0,69,1
63755,-3.1355,-0.994,0.7026,0.2961,0.0719,0.0,0.0,0.0,-20.0,-46.0,-90.0,-16.0,66,1
63767,-3.137,-0.994,0.7026,0.2961,0.0959,0.0,0.0,0.0,0.0,-45.0,-92.0,-21.0,43,1
63780,-3.1385,-0.994,0.7026,0.2976,0.0959,0.0,0.0,0.0,5.0,-44.0,-101.0,-16.0,42,1
63792,-3.1416,-0.994,0.7026,0.2961,0.0719,0.0,0.0,0.0,4.0,-41.0,-94.0,-16.0,43,1
63804,-3.1447,-0.9956,0.7026,0.2961,0.0,0.0,0.0,0.0,14.0,-43.0,-92.0,-20.0,44,1
63817,-3.1447,-0.9956,0.701,0.2961,-0.0959,0.0,0.0,0.0,24.0,-39.0,-88.0,-15.0,40,1
63829,-3.1447,-0.9956,0.701,0.2961,-0.1198,0.0,0.0,0.0,24.0,-26.0,-88.0,-15.0,40,1
63841,-3.1431,-0.9956,0.7026,0.2976,-0.0959,0.0,0.0,0.0,18.0,-15.0,-88.0,-15.0,41,1
63853,-3.1416,-0.9971,0.7026,0.2961,-0.0719,-0.024,0.0,0.0,2.0,-12.0,-89.0,-15.0,44,1
63866,-3.137,-0.9971,0.701,0.2961,0.024,-0.024,0.0,0.0,-3.0,-29.0,-89.0,-15.0,46,1
63878,-3.1355,-0.9971,0.701,0.2961,0.0719,-0.024,0.0,0.0,-15.0,-30.0,-89.0,-15.0,44,1
63890,-3.1355,-0.9971,0.701,0.2961,0.0959,-0.024,0.0,0.0,-30.0,-30.0,-89.0,-17.0,40,1
63903,-3.1339,-0.9971,0.701,0.2961,0.1198,-0.024,0.0,0.0,-29.0,-30.0,-89.0,-15.0,28,1
63915,-3.1355,-0.9971,0.701,0.2961,0.1198,-0.024,0.0,0.0,-16.0,-30.0,-90.0,-14.0,11,1
63927,-3.1401,-0.9971,0.701,0.2961,0.0479,0.0,0.0,0.0,1.0,-30.0,-89.0,-17.0,11,1
63939,-3.1447,-0.9971,0.701,0.2961,0.0,0.0,0.0,0.0,12.0,-26.0,-89.0,-14.0,8,0
63952,-3.1462,-0.9971,0.701,0.2961,-0.0479,0.0,0.0,0.0,33.0,-27.0,-89.0,-16.0,6,0
63964,-3.1447,-0.9971,0.701,0.2961,-0.0959,0.0,0.0,0.0,28.0,-23.0,-89.0,-15.0,4,0
63972,-3.1431,-0.9971,0.701,0.2961,-0.1198,0.0,0.0,0.0,2.0,-18.0,-89.0,-15.0,5,0
63984,-3.1416,-0.9986,0.701,0.2961,-0.0959,0.0,0.0,0.0,-5.0,-19.0,-89.0,-15.0,4,0
63997,-3.1385,-0.9986,0.701,0.2961,-0.024,0.0,0.0,0.0,-1.0,-21.0,-88.0,-14.0,3,0
64009,-3.1355,-0.9986,0.701,0.2961,0.024,0.0,0.0,0.0,-5.0,-21.0,-89.0,-14.0,4,0
64021,-3.1355,-0.9971,0.701,0.2961,0.0719,0.0,0.0,0.0,-25.0,-19.0,-89.0,-14.0,4,0
64030,-3.137,-0.9986,0.701,0.2961,0.0959,0.0,0.0,0.0,-19.0,-21.0,-90.0,-15.0,3,0
64042,-3.1385,-0.9971,0.701,0.2961,0.0959,0.0,0.0,0.0,3.0,-20.0,-90.0,-15.0,3,0
64054,-3.1401,-0.9986,0.701,0.2961,0.0719,0.0,0.0,0.0,0.0,-21.0,-91.0,-15.0,4,0
64066,-3.1431,-0.9986,0.701,0.2961,0.0,0.0,0.0,0.0,10.0,-24.0,-90.0,-15.0,4,0
64079,-3.1447,-0.9971,0.701,0.2961,-0.0479,0.0,0.0,0.0,18.0,-16.0,-90.0,-15.0,4,0
64087,-3.1431,-0.9971,0.701,0.2961,-0.0719,0.0,0.0,0.0,13.0,-20.0,-90.0,-15.0,3,0
64099,-3.1431,-0.9986,0.701,0.2961,-0.0959,0.0,0.0,0.0,-1.0,-20.0,-90.0,-15.0,4,0
64111,-3.1416,-0.9986,0.701,0.2961,-0.0719,0.0,0.0,0.0,0.0,-19.0,-90.0,-17.0,4,0
64124,-3.1401,-0.9986,0.701,0.2961,-0.0479,0.0,0.0,0.0,0.0,-19.0,-90.0,-17.0,4,0
64136,-3.137,-0.9986,0.701,0.2961,0.024,0.0,0.0,0.0,-9.0,-19.0,-90.0,-15.0,4,0
64144,-3.137,-0.9986,0.701,0.2961,0.024,0.0,0.0,0.0,-9.0,-19.0,-90.0,-15.0,4,0
64156,-3.1355,-0.9986,0.701,0.2961,0.0719,0.0,0.0,0.0,-15.0,-23.0,-90.0,-15.0,4,0
64169,-3.1385,-0.9971,0.701,0.2961,0.0719,0.0,0.0,0.0,2.0,-18.0,-90.0,-15.0,4,0
64181,-3.1401,-0.9986,0.701,0.2961,0.0479,0.0,0.0,0.0,1.0,-18.0,-91.0,-15.0,4,0
64193,-3.1416,-0.9971,0.701,0.2961,0.024,0.0,0.0,0.0,0.0,-17.0,-90.0,-17.0,4,0
64202,-3.1431,-0.9986,0.701,0.2976,0.0,0.0,0.0,0.0,13.0,-20.0,-91.0,-19.0,4,0
64214,-3.1431,-0.9986,0.701,0.2961,-0.024,0.0,0.0,0.0,10.0,-21.0,-90.0,-18.0,4,0
64226,-3.1416,-0.9971,0.701,0.2961,-0.0719,0.0,0.0,0.0,2.0,-17.0,-89.0,-15.0,4,0
64238,-3.1416,-0.9986,0.701,0.2961,-0.0719,0.0,0.0,0.0,-4.0,-21.0,-90.0,-15.0,4,0
64251,-3.1401,-0.9986,0.701,0.2961,-0.0479,0.0,0.0,0.0,0.0,-19.0,-90.0,-14.0,4,0
64259,-3.1401,-0.9971,0.701,0.2961,-0.024,0.0,0.0,0.0,0.0,-17.0,-90.0,-14.0,4,0
64271,-3.1401,-0.9986,0.701,0.2961,0.0,0.0,0.0,0.0,0.0,-24.0,-90.0,-14.0,4,0
64283,-3.1385,-0.9986,0.701,0.2961,0.024,0.0,0.0,0.0,-1.0,-21.0,-93.0,-14.0,4,0
64296,-3.137,-0.9986,0.701,0.2961,0.0479,0.0,0.0,0.0,0.0,-17.0,-89.0,-14.0,5,0
64304,-3.137,-0.9986,0.701,0.2961,0.0479,0.0,0.0,0.0,0.0,-17.0,-89.0,-14.0,4,0
64316,-3.1385,-0.9986,0.701,0.2961,0.0479,0.0,0.0,0.0,0.0,-15.0,-89.0,-15.0,5,0
64329,-3.1401,-0.9986,0.701,0.2961,0.024,0.0,0.0,0.0,0.0,-19.0,-91.0,-14.0,5,0
64341,-3.1401,-0.9986,0.701,0.2961,0.0,0.0,0.0,0.0,0.0,-19.0,-89.0,-15.0,5,0
64353,-3.1416,-0.9986,0.701,0.2961,0.0,0.0,0.0,0.0,0.0,-16.0,-89.0,-17.0,5,0
64361,-3.1416,-0.9986,0.701,0.2961,-0.024,0.0,0.0,0.0,0.0,-18.0,-90.0,-17.0,5,0
64374,-3.1416,-0.9986,0.701,0.2961,-0.024,0.0,0.0,0.0,0.0,-14.0,-91.0,-15.0,5,0
64386,-3.1416,-0.9986,0.701,0.2961,-0.0479,0.0,0.0,0.0,0.0,-14.0,-93.0,-14.0,5,0
64398,-3.1416,-0.9986,0.701,0.2961,-0.024,0.0,0.0,0.0,0.0,-17.0,-93.0,-14.0,5,0
64410,-3.1416,-0.9986,0.701,0.2961,-0.024,0.0,0.0,0.0,0.0,-18.0,-93.0,-14.0,5,0
64419,-3.1416,-0.9986,0.701,0.2961,0.0,0.0,0.0,0.0,0.0,-17.0,-90.0,-14.0,5,0
64431,-3.1416,-0.9986,0.701,0.2961,0.0,0.0,0.0,0.0,0.0,-17.0,-91.0,-14.0,5,0
64443,-3.1416,-0.9971,0.701,0.2961,0.0,0.0,0.0,0.0,0.0,-16.0,-90.0,-15.0,5,0
64455,-3.1416,-0.9986,0.701,0.2961,0.0,0.0,0.0,0.0,0.0,-15.0,-94.0,-16.0,5,0
64468,-3.1416,-0.9986,0.701,0.2961,0.0,0.0,0.0,0.0,0.0,-13.0,-90.0,-15.0,5,0
64476,-3.1416,-0.9971,0.701,0.2961,0.0,0.0,0.0,0.0,0.0,-13.0,-92.0,-15.0,5,0
64488,-3.1416,-0.9986,0.7026,0.2961,0.0,0.0,0.0,0.0,0.0,-17.0,-96.0,-15.0,5,0
64501,-3.1416,-0.9971,0.701,0.2961,0.0,0.0,0.0,0.0,0.0,-15.0,-95.0,-14.0,5,0
64513,-3.1416,-0.9986,0.701,0.2961,0.0,0.0,0.0,0.0,0.0,-15.0,-96.0,-15.0,5,0
64525,-3.1416,-0.9971,0.701,0.2961,0.0,0.0,0.0,0.0,0.0,-15.0,-94.0,-15.0,5,0
64533,-3.1416,-0.9971,0.701,0.2961,0.0,0.0,0.0,0.0,0.0,-13.0,-95.0,-14.0,5,0
64546,-3.1416,-0.9986,0.701,0.2961,0.0,0.0,0.0,0.0,0.0,-12.0,-93.0,-15.0,5,0
64558,-3.1416,-0.9986,0.701,0.2961,0.0,0.0,0.0,0.0,0.0,-13.0,-89.0,-15.0,5,0
64570,-3.1416,-0.9986,0.701,0.2961,0.0,0.0,0.0,0.0,0.0,-12.0,-92.0,-16.0,5,0
64582,-3.1416,-0.9986,0.701,0.2961,0.0,0.0,0.0,0.0,0.0,-11.0,-95.0,-15.0,5,0
64591,-3.1416,-0.9986,0.701,0.2961,0.0,0.0,0.0,0.0,0.0,-12.0,-94.0,-16.0,4,0
64603,-3.1416,-0.9986,0.7026,0.2961,0.0,0.0,0.0,0.0,0.0,-12.0,-92.0,-15.0,5,0
64615,-3.1416,-0.9971,0.701,0.2961,0.0,0.0,0.0,0.0,0.0,-12.0,-97.0,-16.0,5,0
64628,-3.1416,-0.9971,0.701,0.2961,0.0,0.0,0.0,0.0,0.0,-15.0,-90.0,-15.0,5,0
64640,-3.1416,-0.9971,0.701,0.2961,0.0,0.0,0.0,0.0,0.0,-13.0,-88.0,-14.0,5,0
64648,-3.1416,-0.9986,0.701,0.2961,0.0,0.0,0.0,0.0,0.0,-12.0,-91.0,-14.0,5,0
64660,-3.1416,-0.9986,0.701,0.2976,0.0,0.0,0.0,0.0,0.0,-11.0,-89.0,-14.0,5,0
64673,-3.1416,-0.9986,0.701,0.2961,0.0,0.0,0.0,0.0,0.0,-11.0,-91.0,-14.0,5,0
64685,-3.1416,-0.9971,0.701,0.2976,0.0,0.0,0.0,0.0,0.0,-12.0,-90.0,-16.0,5,0
64697,-3.1416,-0.9986,0.701,0.2961,0.0,0.0,0.0,0.0,0.0,-12.0,-97.0,-16.0,5,0
64705,-3.1416,-0.9986,0.701,0.2961,0.0,0.0,0.0,0.0,0.0,-12.0,-97.0,-16.0,5,0
64718,-3.1416,-0.9986,0.701,0.2961,0.0,0.0,0.0,0.0,0.0,-12.0,-90.0,-17.0,5,0
64730,-3.1416,-0.9986,0.701,0.2961,0.0,0.0,0.0,0.0,0.0,-12.0,-89.0,-16.0,5,0
64742,-3.1416,-0.9971,0.701,0.2961,0.0,0.0,0.0,0.0,0.0,-11.0,-89.0,-15.0,5,0
64750,-3.1416,-0.9986,0.701,0.2961,0.0,0.0,0.0,0.0,0.0,-12.0,-91.0,-14.0,6,0
64763,-3.1401,-0.9986,0.701,0.2961,0.0,0.0,0.0,0.0,0.0,-12.0,-91.0,-20.0,5,0
64775,-3.137,-0.9986,0.701,0.2961,0.0,0.0,0.0,0.0,-11.0,-11.0,-98.0,-15.0,6,0
64787,-3.1324,-0.9986,0.701,0.2961,0.0719,0.0,0.0,0.0,-98.0,-11.0,-91.0,-15.0,6,0
64800,-3.1309,-0.9986,0.7026,0.2961,0.0959,0.0,0.0,0.0,-62.0,-11.0,-99.0,-17.0,6,0
64808,-3.1309,-0.9986,0.7026,0.2961,0.1198,0.0,0.0,0.0,-60.0,-11.0,-96.0,-15.0,7,0
64820,-3.1293,-0.9986,0.701,0.2961,0.1438,0.0,0.0,0.0,-68.0,-11.0,-96.0,-16.0,7,0
64832,-3.1293,-0.9971,0.701,0.2961,0.1438,0.0,0.0,0.0,-58.0,-11.0,-99.0,-15.0,7,0
64845,-3.1309,-0.9986,0.701,0.2961,0.1198,0.0,0.0,0.0,-59.0,-10.0,-88.0,-14.0,9,0
64857,-3.1293,-0.9971,0.701,0.2961,0.0719,0.0,0.0,0.0,-65.0,-18.0,-98.0,-14.0,22,1
64869,-3.1293,-0.9971,0.701,0.2961,0.0479,0.0,0.0,0.0,-68.0,-19.0,-99.0,-14.0,31,1
64881,-3.1293,-0.9971,0.7026,0.2961,0.024,0.0,0.0,0.0,-67.0,-22.0,-97.0,-17.0,37,1
64894,-3.1278,-0.9971,0.7026,0.2961,0.024,0.0,0.0,0.0,-68.0,-18.0,-102.0,-16.0,52,1
64906,-3.1293,-0.9971,0.701,0.2961,0.0,0.0,0.0,0.0,-63.0,-13.0,-99.0,-16.0,63,1
64918,-3.1293,-0.9971,0.701,0.2961,0.0,0.0,0.0,0.0,-62.0,-13.0,-86.0,-14.0,71,1
64931,-3.1309,-0.9971,0.6995,0.2961,0.0,0.0,0.0,0.0,-58.0,-12.0,-82.0,-14.0,75,1
64943,-3.1309,-0.9986,0.6995,0.2961,0.0,0.0,0.0,0.0,-50.0,-1.0,-77.0,-15.0,75,1
64955,-3.1309,-0.9986,0.6995,0.2961,0.0,0.0,0.0,0.0,-48.0,0.0,-81.0,-15.0,72,1
64967,-3.1324,-1.0002,0.6995,0.2961,-0.024,-0.024,-0.024,0.0,-25.0,0.0,-89.0,-14.0,72,1
64980,-3.1339,-1.0002,0.6995,0.2961,-0.0479,-0.024,-0.024,0.0,-15.0,-3.0,-87.0,-15.0,61,1
64992,-3.1355,-0.9986,0.6995,0.2961,-0.0479,-0.024,-0.024,0.0,-8.0,-1.0,-90.0,-15.0,48,1
65004,-3.137,-0.9986,0.6995,0.2961,-0.0719,-0.024,0.0,0.0,-12.0,-3.0,-88.0,-15.0,34,1
65021,-3.1385,-0.9986,0.6995,0.2961,-0.0959,0.0,0.0,0.0,0.0,-10.0,-89.0,-18.0,29,1
65033,-3.1401,-0.9986,0.6995,0.2961,-0.0959,0.0,0.0,0.0,3.0,-7.0,-90.0,-14.0,23,1
65045,-3.1416,-0.9986,0.6995,0.2961,-0.0959,0.0,0.0,0.0,0.0,-7.0,-90.0,-18.0,16,1
65058,-3.1447,-0.9986,0.6995,0.2961,-0.0959,0.0,0.0,0.0,11.0,-7.0,-90.0,-15.0,10,0
65070,-3.1447,-0.9986,0.6995,0.2961,-0.1198,0.0,0.0,0.0,13.0,-7.0,-90.0,-15.0,10,0
65082,-3.1447,-0.9986,0.698,0.2961,-0.0959,0.0,0.0,0.0,6.0,-7.0,-89.0,-17.0,10,0
65094,-3.1431,-0.9986,0.6995,0.2961,-0.0959,0.0,0.0,0.0,-6.0,-3.0,-86.0,-15.0,9,0
65103,-3.1416,-0.9986,0.6995,0.2961,-0.0719,0.0,0.0,0.0,-2.0,-3.0,-89.0,-15.0,9,0
65115,-3.1401,-0.9986,0.698,0.2961,-0.024,0.0,0.0,0.0,0.0,-1.0,-90.0,-17.0,9,0
65127,-3.1385,-0.9986,0.6995,0.2961,0.024,0.0,0.0,0.0,-2.0,-3.0,-90.0,-16.0,9,0
65139,-3.1385,-0.9986,0.6995,0.2961,0.0479,0.0,0.0,0.0,0.0,-5.0,-90.0,-15.0,9,0
65152,-3.1385,-0.9986,0.6995,0.2961,0.0719,0.0,0.0,0.0,0.0,-4.0,-90.0,-18.0,9,0
65160,-3.1401,-0.9986,0.6995,0.2961,0.0479,0.0,0.0,0.0,0.0,-7.0,-90.0,-14.0,9,0
65172,-3.1401,-0.9986,0.6995,0.2961,0.0479,0.0,0.0,0.0,0.0,-5.0,-90.0,-14.0,8,0
65185,-3.1401,-0.9986,0.6995,0.2961,0.024,0.0,0.0,0.0,0.0,-6.0,-89.0,-14.0,8,0
65197,-3.1416,-0.9986,0.698,0.2961,0.0,0.0,0.0,0.0,0.0,-8.0,-84.0,-17.0,8,0
65209,-3.1416,-0.9971,0.6995,0.2961,-0.024,0.0,0.0,0.0,0.0,-3.0,-89.0,-14.0,7,0
65217,-3.1431,-0.9986,0.6995,0.2961,-0.024,0.0,0.0,0.0,0.0,-5.0,-89.0,-14.0,7,0
65230,-3.1431,-0.9986,0.6995,0.2961,-0.024,0.0,0.0,0.0,0.0,-2.0,-89.0,-16.0,7,0
65242,-3.1431,-0.9986,0.6995,0.2961,-0.024,0.0,0.0,0.0,0.0,-3.0,-87.0,-15.0,7,0
65254,-3.1431,-0.9971,0.6995,0.2961,-0.024,0.0,0.0,0.0,0.0,-4.0,-89.0,-16.0,7,0
65262,-3.1431,-0.9971,0.6995,0.2976,-0.024,0.0,0.0,0.0,0.0,-3.0,-89.0,-15.0,7,0
65275,-3.1431,-0.9971,0.6995,0.2961,-0.024,0.0,0.0,0.0,0.0,-7.0,-90.0,-15.0,7,0
65287,-3.1416,-0.9971,0.6995,0.2976,0.0,0.0,0.0,0.0,0.0,-5.0,-90.0,-15.0,7,0
65299,-3.1431,-0.9986,0.6995,0.2961,0.0,0.0,0.0,0.0,0.0,-3.0,-89.0,-15.0,7,0
65312,-3.1416,-0.9986,0.6995,0.2961,0.0,0.0,0.0,0.0,0.0,-6.0,-89.0,-15.0,6,0
65320,-3.1416,-0.9971,0.6995,0.2961,0.0,0.0,0.0,0.0,0.0,-8.0,-90.0,-16.0,6,0
65332,-3.1416,-0.9971,0.6995,0.2961,0.0,0.0,0.0,0.0,0.0,-4.0,-89.0,-14.0,7,0
65344,-3.1431,-0.9986,0.6995,0.2961,0.0,0.0,0.0,0.0,0.0,-5.0,-89.0,-20.0,6,0
65357,-3.1431,-0.9971,0.6995,0.2961,0.0,0.0,0.0,0.0,0.0,-7.0,-89.0,-15.0,7,0
65369,-3.1431,-0.9971,0.6995,0.2961,0.0,0.0,0.0,0.0,0.0,-5.0,-89.0,-15.0,7,0
65377,-3.1431,-0.9986,0.6995,0.2961,0.0,0.0,0.0,0.0,0.0,-4.0,-89.0,-16.0,6,0
65389,-3.1431,-0.9986,0.6995,0.2961,0.0,0.0,0.0,0.0,0.0,-6.0,-89.0,-14.0,6,0
65402,-3.1431,-0.9971,0.6995,0.2961,0.0,0.0,0.0,0.0,0.0,-5.0,-90.0,-15.0,6,0
65414,-3.1431,-0.9971,0.6995,0.2961,0.0,0.0,0.0,0.0,0.0,-5.0,-89.0,-16.0,6,0
65426,-3.1416,-0.9986,0.6995,0.2961,0.0,0.0,0.0,0.0,0.0,-4.0,-89.0,-17.0,6,0
65434,-3.1416,-0.9986,0.6995,0.2961,0.0,0.0,0.0,0.0,0.0,-4.0,-89.0,-17.0,6,0
65447,-3.1416,-0.9986,0.6995,0.2961,0.0,0.0,0.0,0.0,0.0,-2.0,-90.0,-15.0,5,0
65459,-3.1416,-0.9986,0.6995,0.2961,0.0,0.0,0.0,0.0,0.0,-8.0,-93.0,-14.0,5,0
65471,-3.1431,-0.9986,0.6995,0.2961,0.0,0.0,0.0,0.0,0.0,-4.0,-92.0,-17.0,5,0
65484,-3.1431,-0.9986,0.6995,0.2961,0.0,0.0,0.0,0.0,0.0,-4.0,-89.0,-14.0,5,0
65492,-3.1416,-0.9971,0.6995,0.2961,0.0,0.0,0.0,0.0,0.0,-4.0,-90.0,-14.0,5,0
65504,-3.1431,-0.9971,0.6995,0.2961,0.0,0.0,0.0,0.0,0.0,-6.0,-92.0,-14.0,5,0
65516,-3.1431,-0.9986,0.6995,0.2961,0.0,0.0,0.0,0.0,0.0,-5.0,-91.0,-14.0,5,0
65529,-3.1431,-0.9971,0.698,0.2961,0.0,0.0,0.0,0.0,0.0,-4.0,-91.0,-15.0,4,0
65541,-3.1416,-0.9986,0.6995,0.2961,0.0,0.0,0.0,0.0,0.0,-4.0,-90.0,-18.0,4,0
65549,-3.1416,-0.9986,0.6995,0.2961,0.0,0.0,0.0,0.0,0.0,-8.0,-91.0,-15.0,4,0
65561,-3.1431,-0.9986,0.6995,0.2961,0.0,0.0,0.0,0.0,0.0,-6.0,-91.0,-14.0,4,0
65574,-3.1416,-0.9986,0.6995,0.2961,0.0,0.0,0.0,0.0,0.0,-7.0,-92.0,-14.0,4,0
65586,-3.1431,-0.9986,0.6995,0.2961,0.0,0.0,0.0,0.0,0.0,-3.0,-92.0,-14.0,4,0
65598,-3.1416,-0.9971,0.6995,0.2961,0.0,0.0,0.0,0.0,0.0,-3.0,-91.0,-18.0,4,0
65606,-3.1416,-0.9986,0.6995,0.2961,0.0,0.0,0.0,0.0,0.0,-2.0,-91.0,-15.0,4,0
65619,-3.1416,-0.9986,0.6995,0.2961,0.0,0.0,0.0,0.0,0.0,-7.0,-91.0,-14.0,4,0
65631,-3.1431,-0.9986,0.6995,0.2961,0.0,0.0,0.0,0.0,0.0,-4.0,-91.0,-15.0,4,0
65643,-3.1416,-0.9971,0.6995,0.2961,0.0,0.0,0.0,0.0,0.0,-4.0,-91.0,-16.0,4,0
65656,-3.1431,-0.9971,0.6995,0.2961,0.0,0.0,0.0,0.0,0.0,-4.0,-90.0,-15.0,4,0
65664,-3.1431,-0.9971,0.6995,0.2961,0.0,0.0,0.0,0.0,0.0,-4.0,-90.0,-15.0,3,0
65676,-3.1416,-0.9986,0.6995,0.2961,0.0,0.0,0.0,0.0,1.0,-3.0,-91.0,-14.0,3,0
65688,-3.1431,-0.9986,0.6995,0.2961,0.0,0.0,0.0,0.0,4.0,-2.0,-92.0,-16.0,3,0
65701,-3.1431,-0.9986,0.6995,0.2961,0.0,0.0,0.0,0.0,0.0,-5.0,-92.0,-17.0,3,0
65709,-3.1416,-0.9986,0.6995,0.2976,0.0,0.0,0.0,0.0,0.0,-3.0,-90.0,-16.0,3,0
65721,-3.1416,-0.9986,0.6995,0.2961,0.0,0.0,0.0,0.0,0.0,-3.0,-93.0,-18.0,2,0
65733,-3.1416,-0.9986,0.6995,0.2976,0.0,0.0,0.0,0.0,3.0,-3.0,-89.0,-15.0,3,0
65746,-3.1416,-0.9986,0.6995,0.2961,0.0,0.0,0.0,0.0,0.0,-2.0,-90.0,-17.0,3,0
65758,-3.1416,-0.9986,0.6995,0.2961,0.0,0.0,0.0,0.0,0.0,-6.0,-89.0,-16.0,2,0
65766,-3.1416,-0.9971,0.6995,0.2961,0.0,0.0,0.0,0.0,0.0,-3.0,-91.0,-15.0,2,0
65778,-3.1416,-0.9971,0.6995,0.2961,0.0,0.0,0.0,0.0,0.0,-3.0,-90.0,-18.0,2,0
65791,-3.1416,-0.9971,0.6995,0.2961,0.0,0.0,0.0,0.0,0.0,-5.0,-91.0,-15.0,2,0
65803,-3.1416,-0.9986,0.6995,0.2961,0.0,0.0,0.0,0.0,0.0,-6.0,-92.0,-16.0,2,0
65815,-3.1416,-0.9986,0.6995,0.2961,0.0,0.0,0.0,0.0,0.0,-4.0,-92.0,-14.0,2,0
65824,-3.1431,-0.9971,0.6995,0.2961,0.0,0.0,0.0,0.0,0.0,-4.0,-90.0,-16.0,2,0
65836,-3.1416,-0.9986,0.6995,0.2961,0.0,0.0,0.0,0.0,0.0,-4.0,-90.0,-15.0,2,0
65848,-3.1416,-0.9971,0.6995,0.2961,0.0,0.0,0.0,0.0,0.0,-5.0,-89.0,-15.0,2,0
65860,-3.1416,-0.9986,0.6995,0.2961,0.0,0.0,0.0,0.0,0.0,-2.0,-91.0,-15.0,2,0
65873,-3.1416,-0.9986,0.6995,0.2961,0.0,0.0,0.0,0.0,1.0,-3.0,-91.0,-14.0,2,0
65881,-3.1416,-0.9986,0.6995,0.2961,0.0,0.0,0.0,0.0,0.0,-6.0,-91.0,-14.0,2,0
65893,-3.1431,-0.9986,0.6995,0.2961,0.0,0.0,0.0,0.0,3.0,-4.0,-90.0,-15.0,2,0
65905,-3.1431,-0.9971,0.6995,0.2961,0.0,0.0,0.0,0.0,9.0,-8.0,-92.0,-14.0,2,0
65918,-3.1447,-0.994,0.6964,0.2961,-0.024,0.0,0.0,0.0,17.0,-67.0,-48.0,-13.0,2,0
65930,-3.1431,-0.991,0.6949,0.2945,-0.024,0.0479,-0.024,0.0,16.0,-109.0,-47.0,-10.0,2,0
65938,-3.1447,-0.9848,0.6949,0.2961,-0.024,0.0719,-0.0479,0.0,20.0,-155.0,-67.0,-14.0,3,0
65950,-3.1447,-0.9817,0.6949,0.2961,-0.024,0.1438,-0.0479,0.0,18.0,-178.0,-71.0,-14.0,10,0
65963,-3.1447,-0.9756,0.6964,0.2961,-0.024,0.2157,-0.0479,0.0,14.0,-206.0,-91.0,-15.0,26,1
65979,-3.1431,-0.9679,0.698,0.2976,0.0,0.3356,-0.024,0.0,0.0,-217.0,-100.0,-18.0,42,1
65991,-3.1431,-0.9649,0.6995,0.2976,0.0,0.3595,0.0,0.0,7.0,-201.0,-91.0,-18.0,56,1
66004,-3.1431,-0.9649,0.698,0.2961,0.0,0.3835,0.024,0.0,13.0,-177.0,-87.0,-22.0,55,1
66016,-3.1431,-0.9649,0.698,0.2961,0.0,0.2876,0.024,0.0,13.0,-166.0,-78.0,-15.0,62,1
66028,-3.1431,-0.9664,0.6964,0.2961,0.0,0.2397,0.024,0.0,11.0,-163.0,-73.0,-14.0,67,1
66041,-3.1431,-0.9664,0.6964,0.2961,0.0,0.1678,0.0,0.0,11.0,-158.0,-62.0,-17.0,69,1
66053,-3.1431,-0.9679,0.6964,0.2961,0.0,0.0959,0.0,0.0,16.0,-141.0,-67.0,-15.0,68,1
66065,-3.1431,-0.9679,0.6949,0.2961,0.0,0.024,-0.024,0.0,14.0,-135.0,-76.0,-14.0,68,1
66077,-3.1431,-0.971,0.6964,0.2961,0.0,-0.024,-0.024,0.0,14.0,-113.0,-81.0,-14.0,64,1
66090,-3.1431,-0.9725,0.6964,0.2961,0.0,-0.0719,-0.024,0.0,12.0,-121.0,-78.0,-14.0,57,1
66102,-3.1431,-0.9725,0.6964,0.2961,0.0,-0.0719,0.0,0.0,7.0,-117.0,-80.0,-17.0,48,1
66114,-3.1416,-0.9741,0.6964,0.2961,0.0,-0.0959,0.0,0.0,5.0,-108.0,-76.0,-16.0,41,1
66127,-3.1416,-0.9787,0.6964,0.2961,0.0,-0.0959,0.0,0.0,0.0,-72.0,-79.0,-16.0,31,1
66139,-3.1431,-0.9817,0.6964,0.2961,0.0,-0.1198,0.0,0.0,0.0,-50.0,-80.0,-17.0,27,1
66151,-3.1416,-0.9833,0.6964,0.2961,0.0,-0.1438,0.0,0.0,0.0,-42.0,-79.0,-16.0,18,1
66163,-3.1416,-0.9863,0.6964,0.2961,0.0,-0.1678,0.0,0.0,0.0,-28.0,-78.0,-18.0,13,1
66176,-3.1416,-0.9925,0.6964,0.2961,0.0,-0.2157,0.0,0.0,0.0,-15.0,-77.0,-15.0,9,0
66188,-3.1416,-0.994,0.6964,0.2961,0.0,-0.2397,0.0,0.0,0.0,-17.0,-77.0,-14.0,8,0
66200,-3.1416,-0.9956,0.6964,0.2961,0.0,-0.2397,0.0,0.0,0.0,-26.0,-79.0,-15.0,5,0
66209,-3.1416,-0.9956,0.6964,0.2961,0.0,-0.2157,0.0,0.0,0.0,-21.0,-80.0,-15.0,5,0
66221,-3.1401,-0.9956,0.6964,0.2961,0.0,-0.1918,0.0,0.0,0.0,-27.0,-76.0,-17.0,4,0
66233,-3.1401,-0.9956,0.6964,0.2961,0.0,-0.1678,0.0,0.0,0.0,-30.0,-78.0,-15.0,3,0
66245,-3.1401,-0.9956,0.6964,0.2961,0.0,-0.1198,0.0,0.0,0.0,-31.0,-76.0,-16.0,3,0
66258,-3.1401,-0.9956,0.6964,0.2961,0.0,-0.0479,0.0,0.0,0.0,-31.0,-77.0,-15.0,3,0
66266,-3.1401,-0.9956,0.6964,0.2961,0.0,-0.024,0.0,0.0,0.0,-31.0,-77.0,-14.0,3,0
66278,-3.1401,-0.9956,0.6964,0.2961,0.0,0.0,0.0,0.0,0.0,-31.0,-77.0,-16.0,2,0
66290,-3.1401,-0.9956,0.6964,0.2961,0.0,0.0,0.0,0.0,0.0,-31.0,-77.0,-15.0,2,0
66303,-3.1401,-0.9956,0.6964,0.2961,0.0,0.0,0.0,0.0,0.0,-31.0,-78.0,-14.0,2,0
66315,-3.1401,-0.9956,0.6964,0.2961,0.0,0.0,0.0,0.0,0.0,-30.0,-77.0,-14.0,2,0
66323,-3.1416,-0.9956,0.6964,0.2961,0.0,0.0,0.0,0.0,0.0,-30.0,-80.0,-14.0,2,0
66335,-3.1401,-0.9956,0.6964,0.2961,0.0,0.0,0.0,0.0,0.0,-30.0,-78.0,-15.0,2,0
66348,-3.1401,-0.9956,0.6964,0.2961,0.0,0.0,0.0,0.0,0.0,-31.0,-80.0,-19.0,2,0
66360,-3.1416,-0.9956,0.6964,0.2961,0.0,0.0,0.0,0.0,0.0,-31.0,-78.0,-15.0,2,0
66372,-3.1401,-0.9956,0.6964,0.2961,0.0,0.0,0.0,0.0,0.0,-31.0,-77.0,-15.0,2,0
66381,-3.1401,-0.9956,0.6964,0.2961,0.0,0.0,0.0,0.0,0.0,-31.0,-79.0,-15.0,2,0
66393,-3.1401,-0.9956,0.6964,0.2961,0.0,0.0,0.0,0.0,0.0,-31.0,-78.0,-15.0,2,0
66406,-3.1401,-0.9956,0.6964,0.2961,0.0,0.0,0.0,0.0,0.0,-31.0,-78.0,-18.0,2,0
66417,-3.1416,-0.9956,0.6964,0.2961,0.0,0.0,0.0,0.0,0.0,-31.0,-79.0,-14.0,2,0
66430,-3.1416,-0.9956,0.6964,0.2961,0.0,0.0,0.0,0.0,0.0,-31.0,-79.0,-14.0,2,0
66438,-3.1401,-0.9956,0.6964,0.2961,0.0,0.0,0.0,0.0,0.0,-31.0,-80.0,-14.0,2,0
66450,-3.1401,-0.9956,0.6964,0.2961,0.0,0.0,0.0,0.0,0.0,-32.0,-78.0,-16.0,2,0
66462,-3.1416,-0.9956,0.6964,0.2961,0.0,0.0,0.0,0.0,0.0,-32.0,-77.0,-15.0,2,0
66475,-3.1416,-0.9956,0.6964,0.2961,0.0,0.0,0.0,0.0,0.0,-30.0,-80.0,-17.0,2,0
66487,-3.1401,-0.9956,0.6964,0.2961,0.0,0.0,0.0,0.0,0.0,-31.0,-77.0,-17.0,2,0
66495,-3.1401,-0.9956,0.6964,0.2961,0.0,0.0,0.0,0.0,0.0,-31.0,-77.0,-17.0,2,0
66508,-3.1401,-0.9956,0.6964,0.2961,0.0,0.0,0.0,0.0,0.0,-31.0,-77.0,-14.0,2,0
66520,-3.1416,-0.9956,0.6964,0.2961,0.0,0.0,0.0,0.0,0.0,-31.0,-77.0,-14.0,2,0
66532,-3.1416,-0.9956,0.6964,0.2961,0.0,0.0,0.0,0.0,0.0,-32.0,-77.0,-15.0,2,0
66540,-3.1416,-0.9956,0.6964,0.2961,0.0,0.0,0.0,0.0,0.0,-31.0,-77.0,-16.0,2,0
66553,-3.1416,-0.9956,0.6964,0.2961,0.0,0.0,0.0,0.0,0.0,-31.0,-77.0,-17.0,2,0
66565,-3.1416,-0.9956,0.6964,0.2961,0.0,0.0,0.0,0.0,0.0,-31.0,-77.0,-15.0,2,0
66577,-3.1416,-0.9956,0.6964,0.2976,0.0,0.0,0.0,0.0,0.0,-31.0,-77.0,-14.0,2,0
66589,-3.1416,-0.9956,0.6964,0.2961,0.0,0.0,0.0,0.0,0.0,-31.0,-77.0,-14.0,2,0
66598,-3.1401,-0.9956,0.6964,0.2961,0.0,0.0,0.0,0.0,0.0,-31.0,-77.0,-15.0,2,0
66610,-3.1416,-0.9956,0.6964,0.2976,0.0,0.0,0.0,0.0,0.0,-31.0,-77.0,-14.0,2,0
66622,-3.1416,-0.9956,0.6964,0.2961,0.0,0.0,0.0,0.0,0.0,-31.0,-76.0,-15.0,2,0
66634,-3.1401,-0.9956,0.6964,0.2961,0.0,0.0,0.0,0.0,0.0,-31.0,-77.0,-18.0,2,0
66647,-3.1416,-0.9956,0.6964,0.2961,0.0,0.0,0.0,0.0,0.0,-31.0,-78.0,-15.0,2,0
66655,-3.1416,-0.9956,0.6964,0.2961,0.0,0.0,0.0,0.0,0.0,-31.0,-78.0,-15.0,2,0
66667,-3.1416,-0.9956,0.6964,0.2961,0.0,0.0,0.0,0.0,0.0,-31.0,-77.0,-18.0,2,0
66680,-3.1416,-0.9956,0.6964,0.2961,0.0,0.0,0.0,0.0,0.0,-31.0,-77.0,-17.0,2,0
66692,-3.1416,-0.9956,0.6964,0.2961,0.0,0.0,0.0,0.0,0.0,-31.0,-78.0,-15.0,2,0
66704,-3.1401,-0.9956,0.6964,0.2961,0.0,0.0,0.0,0.0,0.0,-31.0,-77.0,-14.0,2,0
66712,-3.1416,-0.9956,0.6964,0.2961,0.0,0.0,0.0,0.0,0.0,-31.0,-78.0,-14.0,2,0
66725,-3.1416,-0.9956,0.6964,0.2961,0.0,0.0,0.0,0.0,0.0,-31.0,-78.0,-14.0,2,0
66737,-3.1401,-0.9956,0.6964,0.2961,0.0,0.0,0.0,0.0,0.0,-31.0,-77.0,-15.0,2,0
66749,-3.1416,-0.9956,0.6964,0.2961,0.0,0.0,0.0,0.0,0.0,-31.0,-78.0,-15.0,2,0
66761,-3.1416,-0.9956,0.6964,0.2961,0.0,0.0,0.0,0.0,0.0,-31.0,-77.0,-15.0,2,0
66770,-3.1416,-0.9956,0.6964,0.2961,0.0,0.0,0.0,0.0,0.0,-31.0,-77.0,-15.0,2,0
66782,-3.1416,-0.9956,0.6964,0.2961,0.0,0.0,0.0,0.0,0.0,-31.0,-76.0,-15.0,2,0
66794,-3.1401,-0.9956,0.6964,0.2961,0.0,0.0,0.0,0.0,0.0,-31.0,-77.0,-14.0,2,0
66807,-3.1416,-0.9956,0.6964,0.2961,0.0,0.0,0.0,0.0,0.0,-31.0,-77.0,-15.0,2,0
66819,-3.1416,-0.9956,0.6964,0.2961,0.0,0.0,0.0,0.0,0.0,-31.0,-76.0,-14.0,2,0
66827,-3.1416,-0.9956,0.6964,0.2961,0.0,0.0,0.0,0.0,0.0,-31.0,-76.0,-14.0,2,0
66839,-3.1401,-0.9956,0.6964,0.2961,0.0,0.0,0.0,0.0,0.0,-31.0,-76.0,-14.0,2,0
66852,-3.1416,-0.9956,0.6964,0.2961,0.0,0.0,0.0,0.0,0.0,-31.0,-76.0,-18.0,2,0
66864,-3.1401,-0.9956,0.6964,0.2961,0.0,0.0,0.0,0.0,0.0,-32.0,-76.0,-16.0,2,0
66877,-3.1416,-0.9956,0.6964,0.2961,0.0,0.0,0.0,0.0,0.0,-32.0,-76.0,-15.0,2,0
66884,-3.1416,-0.9956,0.6964,0.2961,0.0,0.0,0.0,0.0,0.0,-32.0,-76.0,-15.0,2,0
66897,-3.1416,-0.9956,0.6964,0.2961,0.0,0.0,0.0,0.0,0.0,-31.0,-76.0,-14.0,2,0
66909,-3.1416,-0.9956,0.6964,0.2961,0.0,0.0,0.0,0.0,0.0,-31.0,-76.0,-15.0,2,0
66921,-3.1416,-0.9956,0.6964,0.2961,0.0,0.0,0.0,0.0,0.0,-31.0,-76.0,-15.0,2,0
66933,-3.1416,-0.9956,0.6964,0.2961,0.0,0.0,0.0,0.0,0.0,-31.0,-76.0,-14.0,2,0
66942,-3.1401,-0.9956,0.6964,0.2961,0.0,0.0,0.0,0.0,0.0,-31.0,-76.0,-15.0,2,0
66954,-3.1416,-0.9956,0.6964,0.2961,0.0,0.0,0.0,0.0,0.0,-31.0,-76.0,-15.0,2,0
66967,-3.1416,-0.9956,0.6964,0.2961,0.0,0.0,0.0,0.0,0.0,-30.0,-76.0,-14.0,2,0
66979,-3.1401,-0.9956,0.6964,0.2961,0.0,0.0,0.0,0.0,0.0,-31.0,-76.0,-14.0,2,0
66987,-3.1416,-0.9956,0.6964,0.2961,0.0,0.0,0.0,0.0,0.0,-31.0,-76.0,-14.0,2,0
66999,-3.1416,-0.9956,0.6964,0.2961,0.0,0.0,0.0,0.0,0.0,-32.0,-76.0,-15.0,2,0
67011,-3.1401,-0.9956,0.6964,0.2961,0.0,0.0,0.0,0.0,0.0,-32.0,-76.0,-14.0,2,0
67024,-3.1339,-0.9956,0.6964,0.2961,0.024,0.0,0.0,0.0,-33.0,-31.0,-76.0,-14.0,3,0
67036,-3.1324,-0.9956,0.6964,0.2961,0.0719,0.0,0.0,0.0,-84.0,-29.0,-76.0,-16.0,3,0
67044,-3.1324,-0.9971,0.6964,0.2961,0.0959,0.0,0.0,0.0,-71.0,-22.0,-76.0,-17.0,8,0
67060,-3.1309,-0.9971,0.6964,0.2961,0.1198,0.0,0.0,0.0,-56.0,-25.0,-76.0,-16.0,13,1
67073,-3.1309,-0.9971,0.6964,0.2961,0.1438,0.0,0.0,0.0,-54.0,-30.0,-76.0,-16.0,27,1
67085,-3.1309,-0.9971,0.6964,0.2961,0.1198,0.0,0.0,0.0,-49.0,-29.0,-72.0,-18.0,40,1
67097,-3.1309,-0.9971,0.6964,0.2961,0.0479,0.0,0.0,0.0,-59.0,-29.0,-76.0,-15.0,42,1
67110,-3.1309,-0.9971,0.6964,0.2961,0.024,0.0,0.0,0.0,-58.0,-30.0,-77.0,-15.0,47,1
67122,-3.1309,-0.9971,0.6964,0.2961,0.0,0.0,0.0,0.0,-59.0,-29.0,-76.0,-14.0,50,1
67134,-3.1309,-0.9971,0.6964,0.2961,0.0,0.0,0.0,0.0,-59.0,-30.0,-73.0,-14.0,47,1
67147,-3.1324,-0.9971,0.6964,0.2961,0.0,0.0,0.0,0.0,-56.0,-29.0,-76.0,-15.0,44,1
67159,-3.1309,-0.9971,0.6964,0.2961,0.0,0.0,0.0,0.0,-55.0,-29.0,-77.0,-15.0,45,1
67171,-3.1324,-0.9971,0.6964,0.2961,0.0,0.0,0.0,0.0,-50.0,-22.0,-75.0,-16.0,43,1
67183,-3.1324,-0.9986,0.6964,0.2961,0.0,0.0,0.0,0.0,-38.0,-10.0,-77.0,-15.0,40,1
67196,-3.1324,-0.9986,0.6964,0.2961,0.0,0.0,0.0,0.0,-26.0,-4.0,-68.0,-16.0,38,1
67208,-3.1355,-1.0002,0.6964,0.2961,-0.024,0.0,0.0,0.0,-2.0,-4.0,-76.0,-14.0,37,1
67220,-3.1385,-1.0002,0.6964,0.2961,-0.0479,0.0,0.0,0.0,0.0,-10.0,-72.0,-14.0,35,1
67232,-3.1401,-1.0002,0.6964,0.2961,-0.0719,0.0,0.0,0.0,0.0,-10.0,-77.0,-16.0,27,1
67245,-3.1401,-0.9986,0.6964,0.2961,-0.0959,0.0,0.0,0.0,0.0,-12.0,-72.0,-15.0,19,1
67257,-3.1401,-0.9986,0.6964,0.2961,-0.0959,0.0,0.0,0.0,-6.0,-12.0,-75.0,-14.0,14,1
67269,-3.1416,-0.9986,0.6964,0.2961,-0.0959,0.0,0.0,0.0,0.0,-16.0,-73.0,-14.0,10,0
67282,-3.1416,-0.9986,0.6964,0.2961,-0.0719,0.0,0.0,0.0,0.0,-17.0,-74.0,-15.0,11,1
67294,-3.1431,-0.9986,0.6964,0.2961,-0.0719,0.0,0.0,0.0,0.0,-11.0,-74.0,-15.0,8,0
67307,-3.1447,-0.9986,0.6964,0.2961,-0.0479,0.0,0.0,0.0,10.0,-14.0,-75.0,-17.0,6,0
67319,-3.1462,-0.9986,0.6964,0.2961,-0.0719,0.0,0.0,0.0,9.0,-8.0,-75.0,-16.0,5,0
67331,-3.1462,-0.9986,0.6964,0.2961,-0.0719,0.0,0.0,0.0,9.0,-11.0,-73.0,-15.0,3,0
67339,-3.1447,-0.9986,0.6964,0.2961,-0.0719,0.0,0.0,0.0,-2.0,-13.0,-72.0,-14.0,3,0
67351,-3.1416,-0.9986,0.6964,0.2961,-0.0479,0.0,0.0,0.0,-3.0,-13.0,-74.0,-15.0,3,0
67364,-3.1416,-0.9986,0.6964,0.2961,-0.024,0.0,0.0,0.0,-1.0,-12.0,-75.0,-15.0,2,0
67376,-3.1401,-0.9986,0.6964,0.2961,0.0,0.0,0.0,0.0,-4.0,-12.0,-76.0,-15.0,3,0
67388,-3.1401,-0.9986,0.6964,0.2961,0.0479,0.0,0.0,0.0,0.0,-13.0,-75.0,-16.0,3,0
67397,-3.1401,-0.9986,0.6964,0.2976,0.0719,0.0,0.0,0.0,0.0,-10.0,-73.0,-14.0,3,0
67409,-3.1416,-0.9986,0.6964,0.2961,0.0479,0.0,0.0,0.0,0.0,-12.0,-73.0,-15.0,3,0
67421,-3.1416,-0.9986,0.6964,0.2961,0.024,0.0,0.0,0.0,0.0,-10.0,-75.0,-15.0,3,0
67433,-3.1416,-1.0002,0.6964,0.2961,0.0,0.0,0.0,0.0,0.0,-9.0,-72.0,-14.0,3,0
67445,-3.1416,-1.0002,0.6964,0.2961,0.0,0.0,0.0,0.0,0.0,-10.0,-76.0,-14.0,3,0
67454,-3.1431,-1.0002,0.6964,0.2961,0.0,0.0,0.0,0.0,0.0,-9.0,-73.0,-14.0,3,0
67466,-3.1431,-0.9986,0.6964,0.2961,-0.024,0.0,0.0,0.0,0.0,-9.0,-69.0,-17.0,3,0
67478,-3.1431,-0.9986,0.6964,0.2961,-0.024,0.0,0.0,0.0,8.0,-8.0,-77.0,-14.0,3,0
67491,-3.1431,-0.9986,0.6964,0.2961,-0.024,0.0,0.0,0.0,2.0,-14.0,-75.0,-14.0,3,0
67503,-3.1431,-0.9986,0.6964,0.2961,-0.024,0.0,0.0,0.0,1.0,-6.0,-69.0,-15.0,3,0
67511,-3.1431,-0.9986,0.6964,0.2961,-0.024,0.0,0.0,0.0,-2.0,-9.0,-78.0,-14.0,4,0
67523,-3.1431,-0.9986,0.6964,0.2961,0.0,0.0,0.0,0.0,0.0,-8.0,-75.0,-14.0,4,0
67536,-3.1431,-0.9986,0.6964,0.2961,0.0,0.0,0.0,0.0,0.0,-9.0,-73.0,-15.0,3,0
67548,-3.1431,-0.9986,0.6964,0.2961,0.0,0.0,0.0,0.0,0.0,-11.0,-77.0,-18.0,3,0
67556,-3.1431,-0.9986,0.6964,0.2961,0.0,0.0,0.0,0.0,0.0,-11.0,-77.0,-18.0,3,0
67568,-3.1416,-0.9986,0.6964,0.2961,0.0,0.0,0.0,0.0,0.0,-10.0,-70.0,-15.0,3,0
67581,-3.1416,-0.9986,0.6964,0.2961,0.0,0.0,0.0,0.0,0.0,-9.0,-74.0,-15.0,3,0
67593,-3.1416,-0.9986,0.6964,0.2961,0.0,0.0,0.0,0.0,0.0,-12.0,-75.0,-14.0,3,0
67605,-3.1431,-0.9986,0.6964,0.2961,0.0,0.0,0.0,0.0,0.0,-6.0,-70.0,-14.0,3,0
67613,-3.1431,-0.9986,0.6964,0.2976,0.0,0.0,0.0,0.0,0.0,-9.0,-71.0,-18.0,3,0
67626,-3.1431,-0.9986,0.6964,0.2961,0.0,0.0,0.0,0.0,0.0,-12.0,-77.0,-15.0,3,0
67638,-3.1416,-0.9986,0.6964,0.2961,0.0,0.0,0.0,0.0,0.0,-9.0,-73.0,-17.0,3,0
67650,-3.1431,-0.9986,0.6964,0.2961,0.0,0.0,0.0,0.0,0.0,-9.0,-77.0,-15.0,3,0
67663,-3.1416,-1.0002,0.6964,0.2961,0.0,0.0,0.0,0.0,0.0,-11.0,-69.0,-15.0,3,0
67671,-3.1431,-0.9986,0.6964,0.2961,0.0,0.0,0.0,0.0,0.0,-7.0,-69.0,-15.0,3,0
67683,-3.1431,-0.9986,0.6964,0.2961,0.0,0.0,0.0,0.0,0.0,-9.0,-74.0,-14.0,3,0
67695,-3.1431,-0.9986,0.6964,0.2961,0.0,0.0,0.0,0.0,0.0,-8.0,-77.0,-15.0,3,0
67708,-3.1431,-0.9986,0.6964,0.2961,0.0,0.0,0.0,0.0,0.0,-7.0,-76.0,-15.0,3,0
67720,-3.1431,-0.9986,0.6964,0.2961,0.0,0.0,0.0,0.0,0.0,-8.0,-76.0,-18.0,3,0
67728,-3.1416,-0.9986,0.6964,0.2961,0.0,0.0,0.0,0.0,0.0,-9.0,-69.0,-16.0,3,0
67740,-3.1431,-0.9986,0.6964,0.2976,0.0,0.0,0.0,0.0,0.0,-9.0,-69.0,-15.0,3,0
67753,-3.1431,-0.9986,0.6964,0.2961,0.0,0.0,0.0,0.0,0.0,-8.0,-76.0,-15.0,3,0
67765,-3.1431,-0.9986,0.6964,0.2961,0.0,0.0,0.0,0.0,0.0,-8.0,-77.0,-15.0,3,0
67777,-3.1431,-0.9986,0.6964,0.2961,0.0,0.0,0.0,0.0,0.0,-7.0,-76.0,-16.0,3,0
67785,-3.1431,-0.9986,0.6964,0.2961,0.0,0.0,0.0,0.0,0.0,-7.0,-76.0,-16.0,3,0
67798,-3.1431,-0.9986,0.6964,0.2961,0.0,0.0,0.0,0.0,0.0,-9.0,-66.0,-14.0,3,0
67810,-3.1431,-0.9986,0.6964,0.2961,0.0,0.0,0.0,0.0,0.0,-6.0,-69.0,-15.0,3,0
67822,-3.1431,-1.0002,0.6964,0.2976,0.0,0.0,0.0,0.0,0.0,-9.0,-74.0,-17.0,3,0
67835,-3.1431,-0.9986,0.6964,0.2961,0.0,0.0,0.0,0.0,0.0,-8.0,-73.0,-14.0,3,0
67843,-3.1431,-0.9986,0.6964,0.2961,0.0,0.0,0.0,0.0,0.0,-9.0,-71.0,-14.0,3,0
67855,-3.1431,-0.9986,0.6964,0.2961,0.0,0.0,0.0,0.0,0.0,-7.0,-73.0,-14.0,3,0
67867,-3.1431,-0.9986,0.6964,0.2961,0.0,0.0,0.0,0.0,0.0,-10.0,-76.0,-14.0,3,0
67880,-3.1431,-0.9986,0.6964,0.2961,0.0,0.0,0.0,0.0,0.0,-10.0,-75.0,-15.0,4,0
67892,-3.1431,-0.9986,0.6964,0.2961,0.0,0.0,0.0,0.0,0.0,-10.0,-67.0,-15.0,4,0
67900,-3.1431,-0.9986,0.6964,0.2961,0.0,0.0,0.0,0.0,0.0,-7.0,-73.0,-15.0,4,0
67912,-3.1431,-0.9986,0.6964,0.2961,0.0,0.0,0.0,0.0,0.0,-10.0,-68.0,-14.0,4,0
67925,-3.1431,-0.9986,0.6964,0.2961,0.0,0.0,0.0,0.0,0.0,-10.0,-68.0,-14.0,3,0
67937,-3.1431,-1.0002,0.6964,0.2961,0.0,0.0,0.0,0.0,0.0,-11.0,-73.0,-16.0,4,0
67949,-3.1416,-1.0002,0.6964,0.2961,0.0,0.0,0.0,0.0,0.0,-8.0,-65.0,-14.0,3,0
67957,-3.1431,-0.9986,0.6964,0.2961,0.0,0.0,0.0,0.0,0.0,-8.0,-73.0,-19.0,4,0
67970,-3.1431,-1.0002,0.6964,0.2961,0.0,0.0,0.0,0.0,0.0,-7.0,-74.0,-14.0,3,0
67982,-3.1416,-0.9986,0.6964,0.2961,0.0,0.0,0.0,0.0,0.0,-7.0,-77.0,-14.0,3,0
67994,-3.1416,-0.9986,0.6964,0.2961,0.0,0.0,0.0,0.0,0.0,-4.0,-66.0,-14.0,3,0
68003,-3.1416,-0.9986,0.6964,0.2961,0.0,0.0,0.0,0.0,0.0,-5.0,-73.0,-14.0,4,0
68015,-3.1401,-0.9986,0.6964,0.2961,0.0,0.0,0.0,0.0,-8.0,-5.0,-69.0,-14.0,4,0
68027,-3.1324,-1.0017,0.698,0.2976,0.0719,0.0,0.0,0.0,-119.0,2.0,-92.0,-22.0,4,0
68039,-3.1324,-1.0048,0.6995,0.2976,0.1198,-0.024,0.024,0.0,-61.0,15.0,-104.0,-21.0,3,0
68052,-3.1324,-1.0048,0.6995,0.2961,0.1198,-0.0479,0.024,0.0,-49.0,20.0,-86.0,-15.0,12,1
68064,-3.1324,-1.0048,0.698,0.2961,0.1438,-0.0719,0.024,0.0,-52.0,11.0,-75.0,-13.0,12,1
68077,-3.1324,-1.0048,0.698,0.2961,0.1198,-0.0719,0.024,0.0,-53.0,20.0,-76.0,-6.0,25,1
68089,-3.1324,-1.0032,0.698,0.2945,0.0719,-0.0479,0.0,0.0,-60.0,6.0,-84.0,-11.0,29,1
68101,-3.1324,-0.9986,0.6995,0.2961,0.0479,-0.024,0.0,0.0,-63.0,-7.0,-89.0,-13.0,29,1
68113,-3.1324,-0.9971,0.6995,0.2961,0.024,0.024,0.0,0.0,-65.0,-31.0,-85.0,-14.0,37,1
68125,-3.1324,-0.994,0.6995,0.2961,0.0,0.0719,0.0,0.0,-64.0,-54.0,-86.0,-14.0,58,1
68138,-3.1324,-0.9925,0.6995,0.2961,0.0,0.1198,0.0,0.0,-63.0,-59.0,-87.0,-15.0,60,1
68150,-3.1324,-0.9925,0.6995,0.2961,0.0,0.1438,0.0,0.0,-59.0,-50.0,-90.0,-15.0,61,1
68162,-3.1324,-0.9925,0.698,0.2945,0.0,0.1438,0.0,0.0,-54.0,-50.0,-85.0,-14.0,59,1
68175,-3.1324,-0.9925,0.698,0.2961,0.0,0.1198,0.0,0.0,-52.0,-51.0,-80.0,-14.0,52,1
68187,-3.1339,-0.9925,0.698,0.2961,0.0,0.0479,0.0,0.0,-26.0,-26.0,-78.0,-14.0,46,1
68199,-3.1355,-0.994,0.698,0.2961,-0.024,0.024,0.0,0.0,-6.0,-11.0,-76.0,-14.0,42,1
68215,-3.1385,-0.9956,0.698,0.2961,-0.024,0.0,0.0,0.0,0.0,-6.0,-75.0,-13.0,34,1
68228,-3.1431,-0.9971,0.698,0.2961,-0.0959,-0.024,0.0,0.0,0.0,-6.0,-81.0,-13.0,25,1
68240,-3.1447,-0.9971,0.6995,0.2961,-0.1198,-0.0479,0.0,0.0,5.0,-12.0,-80.0,-14.0,19,1
68252,-3.1431,-0.9971,0.698,0.2961,-0.1438,-0.0479,0.0,0.0,1.0,-14.0,-82.0,-13.0,16,1
68265,-3.1416,-0.9971,0.698,0.2961,-0.1198,-0.0479,0.0,0.0,-2.0,-15.0,-77.0,-13.0,13,1
68277,-3.1401,-0.9971,0.6995,0.2961,-0.0479,-0.024,0.0,0.0,-12.0,-15.0,-81.0,-14.0,10,0
68289,-3.1401,-0.9971,0.6995,0.2961,-0.024,0.0,0.0,0.0,-3.0,-15.0,-75.0,-13.0,10,0
68302,-3.1416,-0.9971,0.698,0.2961,0.0,0.0,0.0,0.0,3.0,-15.0,-86.0,-14.0,9,0
68310,-3.1431,-0.9971,0.698,0.2961,0.0,0.0,0.0,0.0,0.0,-15.0,-76.0,-14.0,7,0
68322,-3.1447,-0.9971,0.698,0.2961,0.0,0.0,0.0,0.0,6.0,-15.0,-78.0,-14.0,7,0
68335,-3.1462,-0.9971,0.698,0.2961,0.0,0.0,0.0,0.0,4.0,-15.0,-83.0,-14.0,7,0
68347,-3.1447,-0.9971,0.698,0.2961,-0.0479,0.0,0.0,0.0,3.0,-15.0,-76.0,-14.0,7,0
68359,-3.1447,-0.9971,0.698,0.2961,-0.0479,0.0,0.0,0.0,0.0,-15.0,-78.0,-14.0,6,0
68367,-3.1431,-0.9971,0.698,0.2961,-0.0479,0.0,0.0,0.0,-1.0,-15.0,-82.0,-14.0,6,0
68379,-3.1431,-0.9971,0.698,0.2961,-0.024,0.0,0.0,0.0,0.0,-15.0,-76.0,-14.0,6,0
68392,-3.1431,-0.9971,0.698,0.2961,0.0,0.0,0.0,0.0,0.0,-15.0,-86.0,-14.0,6,0
68404,-3.1416,-0.9971,0.698,0.2961,0.0,0.0,0.0,0.0,0.0,-15.0,-85.0,-14.0,6,0
68416,-3.1401,-0.9971,0.698,0.2961,0.0479,0.0,0.0,0.0,0.0,-15.0,-79.0,-14.0,6,0
68425,-3.1401,-0.9971,0.698,0.2961,0.0479,0.0,0.0,0.0,0.0,-15.0,-79.0,-14.0,5,0
68437,-3.1401,-0.9971,0.698,0.2961,0.0479,0.0,0.0,0.0,1.0,-15.0,-82.0,-14.0,6,0
68449,-3.1416,-0.9971,0.698,0.2961,0.024,0.0,0.0,0.0,1.0,-15.0,-79.0,-14.0,6,0
68461,-3.1416,-0.9971,0.698,0.2961,0.024,0.0,0.0,0.0,0.0,-15.0,-75.0,-14.0,6,0
68474,-3.1431,-0.9971,0.698,0.2961,0.0,0.0,0.0,0.0,0.0,-15.0,-75.0,-14.0,5,0
68482,-3.1431,-0.9971,0.698,0.2961,0.0,0.0,0.0,0.0,0.0,-15.0,-81.0,-14.0,6,0
68494,-3.1431,-0.9971,0.698,0.2961,-0.024,0.0,0.0,0.0,0.0,-15.0,-79.0,-14.0,5,0
68507,-3.1447,-0.9971,0.6995,0.2961,-0.024,0.0,0.0,0.0,3.0,-14.0,-84.0,-14.0,5,0
68519,-3.1447,-0.9971,0.698,0.2961,-0.024,0.0,0.0,0.0,1.0,-14.0,-86.0,-15.0,5,0
68531,-3.1431,-0.9971,0.6995,0.2961,-0.024,0.0,0.0,0.0,-4.0,-14.0,-77.0,-15.0,5,0
68539,-3.1431,-0.9971,0.698,0.2961,0.0,0.0,0.0,0.0,0.0,-14.0,-78.0,-15.0,5,0
68552,-3.1431,-0.9971,0.698,0.2961,0.0,0.0,0.0,0.0,0.0,-14.0,-79.0,-14.0,5,0
68564,-3.1431,-0.9971,0.698,0.2961,0.0,0.0,0.0,0.0,0.0,-14.0,-76.0,-14.0,5,0
68576,-3.1416,-0.9971,0.698,0.2961,0.0,0.0,0.0,0.0,0.0,-13.0,-82.0,-14.0,5,0
68588,-3.1431,-0.9971,0.698,0.2961,0.0,0.0,0.0,0.0,0.0,-13.0,-77.0,-14.0,5,0
68596,-3.1431,-0.9971,0.698,0.2961,0.0,0.0,0.0,0.0,0.0,-13.0,-80.0,-14.0,5,0
68609,-3.1431,-0.9971,0.698,0.2961,0.0,0.0,0.0,0.0,0.0,-13.0,-75.0,-14.0,5,0
68621,-3.1416,-0.9971,0.698,0.2961,0.0,0.0,0.0,0.0,0.0,-13.0,-76.0,-14.0,5,0
68633,-3.1431,-0.9971,0.698,0.2961,0.0,0.0,0.0,0.0,0.0,-13.0,-79.0,-14.0,5,0
68641,-3.1431,-0.9971,0.698,0.2961,0.0,0.0,0.0,0.0,0.0,-13.0,-77.0,-14.0,5,0
68654,-3.1431,-0.9971,0.698,0.2961,0.0,0.0,0.0,0.0,0.0,-10.0,-75.0,-14.0,5,0
68666,-3.1416,-0.9971,0.698,0.2961,0.0,0.0,0.0,0.0,0.0,-12.0,-86.0,-14.0,5,0
68678,-3.1431,-0.9971,0.698,0.2961,0.0,0.0,0.0,0.0,0.0,-13.0,-79.0,-15.0,5,0
68691,-3.1431,-0.9971,0.698,0.2961,0.0,0.0,0.0,0.0,0.0,-16.0,-82.0,-14.0,5,0
68699,-3.1431,-0.9971,0.698,0.2961,0.0,0.0,0.0,0.0,0.0,-16.0,-81.0,-14.0,5,0
68711,-3.1431,-0.9971,0.698,0.2961,0.0,0.0,0.0,0.0,0.0,-15.0,-82.0,-14.0,5,0
68723,-3.1431,-0.9971,0.698,0.2961,0.0,0.0,0.0,0.0,0.0,-15.0,-77.0,-14.0,5,0
68736,-3.1431,-0.9971,0.6995,0.2961,0.0,0.0,0.0,0.0,0.0,-15.0,-85.0,-14.0,5,0
68748,-3.1431,-0.9971,0.698,0.2961,0.0,0.0,0.0,0.0,0.0,-15.0,-81.0,-14.0,5,0
68756,-3.1431,-0.9971,0.698,0.2961,0.0,0.0,0.0,0.0,0.0,-15.0,-82.0,-14.0,5,0
68768,-3.1431,-0.9971,0.698,0.2961,0.0,0.0,0.0,0.0,0.0,-15.0,-80.0,-14.0,5,0
68781,-3.1431,-0.9971,0.698,0.2961,0.0,0.0,0.0,0.0,0.0,-11.0,-82.0,-14.0,5,0
68793,-3.1431,-0.9971,0.698,0.2961,0.0,0.0,0.0,0.0,0.0,-12.0,-78.0,-14.0,5,0
68805,-3.1431,-0.9971,0.698,0.2961,0.0,0.0,0.0,0.0,0.0,-12.0,-81.0,-15.0,5,0
68813,-3.1431,-0.9971,0.698,0.2961,0.0,0.0,0.0,0.0,0.0,-12.0,-77.0,-15.0,5,0
68826,-3.1431,-0.9971,0.698,0.2961,0.0,0.0,0.0,0.0,0.0,-12.0,-81.0,-15.0,5,0
68838,-3.1431,-0.9971,0.698,0.2961,0.0,0.0,0.0,0.0,0.0,-12.0,-84.0,-14.0,6,0
68850,-3.1431,-0.9971,0.698,0.2961,0.0,0.0,0.0,0.0,0.0,-12.0,-78.0,-14.0,6,0
68863,-3.1431,-0.9971,0.698,0.2961,0.0,0.0,0.0,0.0,0.0,-12.0,-77.0,-14.0,6,0
68871,-3.1431,-0.9971,0.6995,0.2961,0.0,0.0,0.0,0.0,0.0,-12.0,-81.0,-14.0,6,0
68883,-3.1431,-0.9971,0.6995,0.2961,0.0,0.0,0.0,0.0,0.0,-12.0,-81.0,-14.0,6,0
68895,-3.1431,-0.9971,0.698,0.2961,0.0,0.0,0.0,0.0,0.0,-12.0,-81.0,-14.0,6,0
68908,-3.1431,-0.9971,0.698,0.2961,0.0,0.0,0.0,0.0,0.0,-12.0,-84.0,-14.0,6,0
68920,-3.1431,-0.9971,0.698,0.2961,0.0,0.0,0.0,0.0,0.0,-12.0,-78.0,-14.0,6,0
68928,-3.1431,-0.9971,0.698,0.2961,0.0,0.0,0.0,0.0,0.0,-12.0,-82.0,-14.0,7,0
68940,-3.1431,-0.9971,0.698,0.2961,0.0,0.0,0.0,0.0,0.0,-12.0,-79.0,-14.0,7,0
68953,-3.1431,-0.9971,0.698,0.2961,0.0,0.0,0.0,0.0,0.0,-12.0,-79.0,-13.0,7,0
68965,-3.1431,-0.9971,0.698,0.2961,0.0,0.0,0.0,0.0,0.0,-12.0,-81.0,-14.0,7,0
68977,-3.1431,-0.9971,0.698,0.2961,0.0,0.0,0.0,0.0,0.0,-12.0,-77.0,-14.0,6,0
68986,-3.1431,-0.9971,0.698,0.2961,0.0,0.0,0.0,0.0,0.0,-12.0,-77.0,-14.0,6,0
68998,-3.1431,-0.9971,0.6995,0.2961,0.0,0.0,0.0,0.0,0.0,-12.0,-79.0,-11.0,6,0
69010,-3.1431,-0.9971,0.698,0.2961,0.0,0.0,0.0,0.0,0.0,-12.0,-78.0,-14.0,6,0
69022,-3.1431,-0.9971,0.6995,0.2961,0.0,0.0,0.0,0.0,0.0,-12.0,-78.0,-14.0,6,0
69035,-3.1431,-0.9971,0.6995,0.2961,0.0,0.0,0.0,0.0,0.0,-12.0,-76.0,-14.0,6,0
69043,-3.1431,-0.9971,0.698,0.2961,0.0,0.0,0.0,0.0,0.0,-12.0,-86.0,-14.0,6,0
69055,-3.1431,-0.9971,0.698,0.2961,0.0,0.0,0.0,0.0,0.0,-12.0,-81.0,-14.0,6,0
69067,-3.1431,-0.9971,0.698,0.2961,0.0,0.0,0.0,0.0,0.0,-12.0,-80.0,-14.0,6,0
69080,-3.1431,-0.9971,0.698,0.2961,0.0,0.0,0.0,0.0,0.0,-12.0,-80.0,-14.0,6,0
69088,-3.1431,-0.9971,0.698,0.2961,0.0,0.0,0.0,0.0,0.0,-12.0,-79.0,-14.0,6,0
69100,-3.1431,-0.9971,0.698,0.2961,0.0,0.0,0.0,0.0,0.0,-12.0,-82.0,-14.0,5,0
69112,-3.1431,-0.9971,0.698,0.2961,0.0,0.0,0.0,0.0,0.0,-12.0,-83.0,-14.0,5,0
69125,-3.1431,-0.9971,0.698,0.2961,0.0,0.0,0.0,0.0,0.0,-12.0,-85.0,-14.0,5,0
69137,-3.1431,-0.9971,0.698,0.2961,0.0,0.0,0.0,0.0,0.0,-12.0,-76.0,-14.0,5,0
69145,-3.1431,-0.9971,0.698,0.2961,0.0,0.0,0.0,0.0,0.0,-12.0,-76.0,-14.0,4,0
69158,-3.1431,-0.9971,0.698,0.2961,0.0,0.0,0.0,0.0,0.0,-11.0,-83.0,-14.0,5,0
69170,-3.1431,-0.9971,0.698,0.2961,0.0,0.0,0.0,0.0,0.0,-11.0,-82.0,-14.0,5,0
69182,-3.1431,-0.9971,0.698,0.2961,0.0,0.0,0.0,0.0,0.0,-11.0,-81.0,-14.0,4,0
69194,-3.1431,-0.9971,0.698,0.2961,0.0,0.0,0.0,0.0,0.0,-11.0,-78.0,-14.0,4,0
69203,-3.1431,-0.9971,0.698,0.2961,0.0,0.0,0.0,0.0,0.0,-11.0,-82.0,-14.0,4,0
69215,-3.1431,-0.9971,0.698,0.2961,0.0,0.0,0.0,0.0,0.0,-11.0,-80.0,-14.0,4,0
69227,-3.1431,-0.9971,0.698,0.2961,0.0,0.0,0.0,0.0,0.0,-11.0,-82.0,-14.0,4,0
69239,-3.1431,-0.9971,0.698,0.2961,0.0,0.0,0.0,0.0,0.0,-11.0,-78.0,-12.0,4,0
69252,-3.1431,-0.9971,0.698,0.2961,0.0,0.0,0.0,0.0,0.0,-11.0,-77.0,-14.0,4,0
69260,-3.1431,-0.9971,0.698,0.2961,0.0,0.0,0.0,0.0,0.0,-11.0,-77.0,-14.0,4,0
69272,-3.1431,-0.9971,0.698,0.2961,0.0,0.0,0.0,0.0,0.0,-11.0,-76.0,-14.0,4,0
69285,-3.1431,-0.9971,0.698,0.2961,0.0,0.0,0.0,0.0,0.0,-11.0,-82.0,-14.0,4,0
69297,-3.1431,-0.9971,0.698,0.2961,0.0,0.0,0.0,0.0,0.0,-11.0,-77.0,-14.0,4,0
69309,-3.1416,-0.9971,0.698,0.2961,0.0,0.0,0.0,0.0,0.0,-11.0,-79.0,-11.0,4,0
69317,-3.1431,-0.9971,0.698,0.2961,0.0,0.0,0.0,0.0,0.0,-11.0,-85.0,-13.0,4,0
69330,-3.1431,-0.9971,0.6995,0.2961,0.0,0.0,0.0,0.0,0.0,-11.0,-75.0,-14.0,4,0
69342,-3.1431,-0.9971,0.698,0.2961,0.0,0.0,0.0,0.0,0.0,-11.0,-78.0,-14.0,4,0
69354,-3.1431,-0.9971,0.698,0.2961,0.0,0.0,0.0,0.0,0.0,-11.0,-83.0,-14.0,5,0
69366,-3.1431,-0.9971,0.698,0.2961,0.0,0.0,0.0,0.0,0.0,-11.0,-81.0,-14.0,5,0
69375,-3.1431,-0.9971,0.698,0.2961,0.0,0.0,0.0,0.0,0.0,-11.0,-81.0,-14.0,5,0
69387,-3.1431,-0.9971,0.698,0.2961,0.0,0.0,0.0,0.0,0.0,-11.0,-84.0,-14.0,5,0
69399,-3.1431,-0.9971,0.698,0.2961,0.0,0.0,0.0,0.0,0.0,-11.0,-77.0,-14.0,6,0
69411,-3.1431,-0.9971,0.698,0.2961,0.0,0.0,0.0,0.0,0.0,-11.0,-85.0,-14.0,6,0
69424,-3.1431,-0.9971,0.698,0.2961,0.0,0.0,0.0,0.0,0.0,-11.0,-78.0,-14.0,6,0
69432,-3.1431,-0.9971,0.698,0.2961,0.0,0.0,0.0,0.0,0.0,-11.0,-80.0,-14.0,6,0
69444,-3.1431,-0.9971,0.698,0.2961,0.0,0.0,0.0,0.0,0.0,-11.0,-82.0,-14.0,6,0
69457,-3.1431,-0.9971,0.698,0.2961,0.0,0.0,0.0,0.0,0.0,-11.0,-84.0,-14.0,6,0
69469,-3.1416,-0.9971,0.698,0.2961,0.0,0.0,0.0,0.0,0.0,-11.0,-79.0,-14.0,6,0
69481,-3.1431,-0.9971,0.698,0.2961,0.0,0.0,0.0,0.0,0.0,-11.0,-77.0,-14.0,6,0
69489,-3.1431,-0.9971,0.698,0.2961,0.0,0.0,0.0,0.0,0.0,-11.0,-81.0,-14.0,6,0
69502,-3.1416,-0.9971,0.698,0.2961,0.0,0.0,0.0,0.0,0.0,-11.0,-80.0,-14.0,6,0
69514,-3.1431,-0.9971,0.698,0.2961,0.0,0.0,0.0,0.0,0.0,-11.0,-84.0,-13.0,6,0
69526,-3.1431,-0.9971,0.698,0.2961,0.0,0.0,0.0,0.0,0.0,-11.0,-82.0,-13.0,6,0
69534,-3.1431,-0.9971,0.698,0.2961,0.0,0.0,0.0,0.0,0.0,-11.0,-82.0,-13.0,6,0
69547,-3.1431,-0.9971,0.698,0.2961,0.0,0.0,0.0,0.0,0.0,-11.0,-76.0,-14.0,6,0
69559,-3.1416,-0.9956,0.698,0.2961,0.0,0.0,0.0,0.0,0.0,-11.0,-83.0,-14.0,5,0
69571,-3.1431,-0.9971,0.698,0.2961,0.0,0.0,0.0,0.0,0.0,-10.0,-78.0,-14.0,4,0
69584,-3.1416,-0.9971,0.698,0.2961,0.0,0.0,0.0,0.0,0.0,-10.0,-81.0,-14.0,4,0
69592,-3.1416,-0.9971,0.698,0.2961,0.0,0.0,0.0,0.0,0.0,-10.0,-85.0,-14.0,4,0
69604,-3.1431,-0.9971,0.698,0.2961,0.0,0.0,0.0,0.0,0.0,-10.0,-88.0,-14.0,4,0
69617,-3.1431,-0.9971,0.698,0.2961,0.0,0.0,0.0,0.0,0.0,-10.0,-78.0,-14.0,4,0
69629,-3.1431,-0.9971,0.698,0.2961,0.0,0.0,0.0,0.0,0.0,-10.0,-79.0,-14.0,4,0
69641,-3.1431,-0.9971,0.698,0.2961,0.0,0.0,0.0,0.0,0.0,-10.0,-77.0,-14.0,4,0
69649,-3.1431,-0.9971,0.698,0.2961,0.0,0.0,0.0,0.0,0.0,-10.0,-84.0,-14.0,4,0
69661,-3.1431,-0.9971,0.698,0.2961,0.0,0.0,0.0,0.0,0.0,-10.0,-80.0,-14.0,4,0
69674,-3.1431,-0.9971,0.6995,0.2961,0.0,0.0,0.0,0.0,0.0,-10.0,-79.0,-14.0,4,0
69686,-3.1431,-0.9971,0.698,0.2961,0.0,0.0,0.0,0.0,0.0,-10.0,-82.0,-14.0,4,0
69698,-3.1431,-0.9971,0.698,0.2961,0.0,0.0,0.0,0.0,0.0,-10.0,-87.0,-14.0,4,0
69706,-3.1431,-0.9971,0.698,0.2961,0.0,0.0,0.0,0.0,0.0,-10.0,-89.0,-14.0,4,0
69719,-3.1431,-0.9971,0.6995,0.2961,0.0,0.0,0.0,0.0,0.0,-10.0,-79.0,-14.0,4,0
69731,-3.1431,-0.9971,0.6995,0.2961,0.0,0.0,0.0,0.0,0.0,-10.0,-77.0,-12.0,4,0
69743,-3.1431,-0.9971,0.698,0.2961,0.0,0.0,0.0,0.0,0.0,-10.0,-81.0,-14.0,4,0
69756,-3.1431,-0.9971,0.698,0.2961,0.0,0.0,0.0,0.0,0.0,-10.0,-79.0,-14.0,4,0
69764,-3.1431,-0.9971,0.698,0.2961,0.0,0.0,0.0,0.0,0.0,-10.0,-84.0,-14.0,4,0
69776,-3.1431,-0.9971,0.698,0.2961,0.0,0.0,0.0,0.0,0.0,-10.0,-79.0,-13.0,4,0
69788,-3.1416,-0.9971,0.698,0.2961,0.0,0.0,0.0,0.0,0.0,-10.0,-84.0,-13.0,4,0
69801,-3.1431,-0.9971,0.698,0.2961,0.0,0.0,0.0,0.0,0.0,-10.0,-82.0,-14.0,4,0
69813,-3.1431,-0.9971,0.698,0.2961,0.0,0.0,0.0,0.0,0.0,-7.0,-81.0,-14.0,4,0
69821,-3.1431,-0.9971,0.6995,0.2961,0.0,0.0,0.0,0.0,0.0,-7.0,-82.0,-14.0,3,0
69833,-3.1416,-0.9971,0.6995,0.2961,0.0,0.0,0.0,0.0,0.0,-7.0,-81.0,-14.0,4,0
69846,-3.1431,-0.9971,0.698,0.2961,0.0,0.0,0.0,0.0,0.0,-7.0,-78.0,-13.0,4,0
69858,-3.1431,-0.9971,0.698,0.2961,0.0,0.0,0.0,0.0,0.0,-7.0,-85.0,-14.0,4,0
69870,-3.1416,-0.9971,0.698,0.2961,0.0,0.0,0.0,0.0,0.0,-7.0,-81.0,-14.0,4,0
69878,-3.1431,-0.9971,0.6995,0.2961,0.0,0.0,0.0,0.0,0.0,-7.0,-81.0,-14.0,4,0
69891,-3.1431,-0.9971,0.698,0.2961,0.0,0.0,0.0,0.0,0.0,-7.0,-84.0,-14.0,4,0
69903,-3.1431,-0.9971,0.698,0.2961,0.0,0.0,0.0,0.0,0.0,-7.0,-85.0,-14.0,4,0
69915,-3.1431,-0.9971,0.698,0.2961,0.0,0.0,0.0,0.0,0.0,-7.0,-78.0,-14.0,4,0
69928,-3.1431,-0.9971,0.698,0.2961,0.0,0.0,0.0,0.0,0.0,-7.0,-84.0,-15.0,4,0
69936,-3.1431,-0.9971,0.698,0.2961,0.0,0.0,0.0,0.0,0.0,-7.0,-84.0,-15.0,4,0
69948,-3.1431,-0.9971,0.698,0.2961,0.0,0.0,0.0,0.0,0.0,-7.0,-83.0,-14.0,4,0
69960,-3.1431,-0.9971,0.698,0.2961,0.0,0.0,0.0,0.0,0.0,-7.0,-77.0,-14.0,4,0
69973,-3.1431,-0.9971,0.698,0.2961,0.0,0.0,0.0,0.0,0.0,-7.0,-78.0,-11.0,4,0
69981,-3.1431,-0.9971,0.698,0.2961,0.0,0.0,0.0,0.0,0.0,-7.0,-76.0,-14.0,4,0
69993,-3.1431,-0.9971,0.6995,0.2961,0.0,0.0,0.0,0.0,0.0,-7.0,-81.0,-14.0,4,0
70005,-3.1431,-0.9971,0.698,0.2961,0.0,0.0,0.0,0.0,0.0,-7.0,-81.0,-13.0,4,0
70018,-3.1431,-0.9971,0.698,0.2961,0.0,0.0,0.0,0.0,0.0,-7.0,-79.0,-14.0,4,0
70030,-3.1431,-0.9971,0.698,0.2961,0.0,0.0,0.0,0.0,0.0,-7.0,-76.0,-14.0,4,0
70038,-3.1431,-0.9971,0.698,0.2961,0.0,0.0,0.0,0.0,0.0,-7.0,-75.0,-14.0,4,0
70050,-3.1431,-0.9971,0.698,0.2961,0.0,0.0,0.0,0.0,0.0,-7.0,-79.0,-14.0,4,0
70063,-3.1431,-0.9971,0.6995,0.2961,0.0,0.0,0.0,0.0,0.0,-7.0,-80.0,-14.0,4,0
70075,-3.1431,-0.9971,0.698,0.2961,0.0,0.0,0.0,0.0,0.0,-7.0,-80.0,-14.0,4,0
70087,-3.1431,-0.9971,0.698,0.2961,0.0,0.0,0.0,0.0,0.0,-7.0,-84.0,-14.0,4,0
70096,-3.1431,-0.9971,0.698,0.2961,0.0,0.0,0.0,0.0,0.0,-7.0,-84.0,-14.0,4,0
70108,-3.1431,-0.9971,0.698,0.2961,0.0,0.0,0.0,0.0,0.0,-7.0,-77.0,-14.0,4,0
70120,-3.1431,-0.9971,0.698,0.2945,0.0,0.0,0.0,0.0,0.0,-7.0,-82.0,-14.0,4,0
70132,-3.1431,-0.9971,0.698,0.2961,0.0,0.0,0.0,0.0,0.0,-7.0,-80.0,-14.0,4,0
70145,-3.1431,-0.9971,0.698,0.2961,0.0,0.0,0.0,0.0,0.0,-4.0,-78.0,-14.0,4,0
70153,-3.1431,-0.9971,0.698,0.2961,0.0,0.0,0.0,0.0,0.0,-4.0,-84.0,-15.0,4,0
70165,-3.1431,-0.9971,0.6995,0.2961,0.0,0.0,0.0,0.0,0.0,-3.0,-82.0,-15.0,4,0
70177,-3.1431,-0.9971,0.6995,0.2961,0.0,0.0,0.0,0.0,0.0,-3.0,-84.0,-13.0,4,0
70190,-3.1416,-0.9971,0.698,0.2961,0.0,0.0,0.0,0.0,0.0,-2.0,-75.0,-14.0,4,0
70202,-3.1431,-0.9971,0.698,0.2961,0.0,0.0,0.0,0.0,0.0,-1.0,-81.0,-13.0,4,0
70210,-3.1431,-0.9971,0.698,0.2961,0.0,0.0,0.0,0.0,0.0,-5.0,-81.0,-14.0,4,0
70222,-3.1416,-0.9971,0.6995,0.2961,0.0,0.0,0.0,0.0,0.0,-1.0,-78.0,-14.0,4,0
70235,-3.1416,-0.9971,0.698,0.2961,0.0,0.0,0.0,0.0,0.0,-1.0,-80.0,-14.0,4,0
70247,-3.1431,-0.9971,0.698,0.2961,0.0,0.0,0.0,0.0,0.0,-5.0,-84.0,-14.0,4,0
70259,-3.1431,-0.9971,0.698,0.2961,0.0,0.0,0.0,0.0,0.0,-2.0,-78.0,-13.0,4,0
70268,-3.1431,-0.9971,0.698,0.2961,0.0,0.0,0.0,0.0,0.0,-3.0,-83.0,-14.0,4,0
70280,-3.1431,-0.9971,0.698,0.2961,0.0,0.0,0.0,0.0,0.0,-1.0,-76.0,-14.0,4,0
70292,-3.1431,-0.9971,0.698,0.2961,0.0,0.0,0.0,0.0,0.0,-1.0,-82.0,-14.0,4,0
70304,-3.1431,-0.9971,0.698,0.2961,0.0,0.0,0.0,0.0,0.0,-2.0,-78.0,-14.0,4,0
70317,-3.1431,-0.9971,0.698,0.2961,0.0,0.0,0.0,0.0,0.0,-1.0,-84.0,-14.0,4,0
70325,-3.1431,-0.9971,0.698,0.2961,0.0,0.0,0.0,0.0,0.0,-1.0,-84.0,-14.0,4,0
70337,-3.1416,-0.9971,0.698,0.2961,0.0,0.0,0.0,0.0,0.0,-3.0,-84.0,-14.0,4,0
70349,-3.1431,-0.9971,0.698,0.2961,0.0,0.0,0.0,0.0,0.0,-4.0,-83.0,-14.0,4,0
70362,-3.1416,-0.9971,0.698,0.2961,0.0,0.0,0.0,0.0,0.0,-2.0,-83.0,-14.0,4,0
70374,-3.1416,-0.9971,0.6995,0.2961,0.0,0.0,0.0,0.0,0.0,-5.0,-80.0,-14.0,4,0
70382,-3.1431,-0.9956,0.698,0.2961,0.0,0.0,0.0,0.0,0.0,-1.0,-79.0,-14.0,4,0
70395,-3.1431,-0.9971,0.698,0.2961,0.0,0.0,0.0,0.0,0.0,-2.0,-78.0,-14.0,4,0
70407,-3.1431,-0.9971,0.698,0.2961,0.0,0.0,0.0,0.0,0.0,-1.0,-80.0,-14.0,4,0
70419,-3.1431,-0.9971,0.698,0.2961,0.0,0.0,0.0,0.0,0.0,-3.0,-76.0,-14.0,4,0
70427,-3.1431,-0.9971,0.698,0.2961,0.0,0.0,0.0,0.0,0.0,-3.0,-78.0,-14.0,5,0
70440,-3.1431,-0.9971,0.6995,0.2961,0.0,0.0,0.0,0.0,0.0,-1.0,-77.0,-15.0,5,0
70452,-3.1416,-0.9971,0.698,0.2961,0.0,0.0,0.0,0.0,0.0,-1.0,-86.0,-14.0,5,0
70464,-3.1431,-0.9971,0.6995,0.2961,0.0,0.0,0.0,0.0,4.0,-1.0,-83.0,-14.0,5,0
70476,-3.1416,-0.9971,0.698,0.2961,0.0,0.0,0.0,0.0,2.0,-2.0,-80.0,-14.0,5,0
70485,-3.1416,-0.9971,0.698,0.2961,0.0,0.0,0.0,0.0,2.0,-2.0,-80.0,-14.0,5,0
70497,-3.1431,-0.9971,0.698,0.2961,0.0,0.0,0.0,0.0,0.0,-1.0,-79.0,-15.0,5,0
70509,-3.1416,-0.9971,0.698,0.2961,0.0,0.0,0.0,0.0,0.0,-1.0,-79.0,-15.0,5,0
70521,-3.1416,-0.9971,0.698,0.2961,0.0,0.0,0.0,0.0,0.0,-3.0,-85.0,-14.0,5,0
70534,-3.1416,-0.9971,0.698,0.2961,0.0,0.0,0.0,0.0,0.0,-1.0,-83.0,-14.0,5,0
70542,-3.1416,-0.9971,0.698,0.2961,0.0,0.0,0.0,0.0,0.0,-1.0,-83.0,-14.0,5,0
70554,-3.1416,-0.9971,0.698,0.2961,0.0,0.0,0.0,0.0,0.0,-1.0,-79.0,-14.0,5,0
70567,-3.1416,-0.9971,0.6995,0.2961,0.0,0.0,0.0,0.0,0.0,-2.0,-80.0,-14.0,5,0
70579,-3.1416,-0.9971,0.6995,0.2961,0.0,0.0,0.0,0.0,1.0,-1.0,-83.0,-13.0,5,0
70591,-3.1416,-0.9971,0.698,0.2961,0.0,0.0,0.0,0.0,0.0,-2.0,-82.0,-14.0,5,0
70599,-3.1416,-0.9971,0.6995,0.2961,0.0,0.0,0.0,0.0,2.0,-1.0,-80.0,-14.0,5,0
70612,-3.1416,-0.9971,0.698,0.2961,0.0,0.0,0.0,0.0,0.0,-1.0,-76.0,-14.0,5,0
70624,-3.1416,-0.9971,0.698,0.2961,0.0,0.0,0.0,0.0,2.0,-1.0,-83.0,-14.0,5,0
70636,-3.1416,-0.9971,0.698,0.2961,0.0,0.0,0.0,0.0,0.0,-2.0,-76.0,-14.0,5,0
70648,-3.1416,-0.9971,0.698,0.2961,0.0,0.0,0.0,0.0,0.0,-3.0,-79.0,-14.0,5,0
70657,-3.1416,-0.9971,0.698,0.2961,0.0,0.0,0.0,0.0,0.0,-1.0,-84.0,-14.0,5,0
70669,-3.1416,-0.9971,0.698,0.2961,0.0,0.0,0.0,0.0,0.0,-7.0,-78.0,-15.0,5,0
70681,-3.1416,-0.9971,0.698,0.2961,0.0,0.0,0.0,0.0,0.0,-2.0,-85.0,-15.0,5,0
70693,-3.1416,-0.9971,0.698,0.2961,0.0,0.0,0.0,0.0,0.0,-5.0,-82.0,-14.0,5,0
70706,-3.1416,-0.9971,0.698,0.2961,0.0,0.0,0.0,0.0,0.0,-2.0,-82.0,-14.0,5,0
70714,-3.1416,-0.9971,0.698,0.2961,0.0,0.0,0.0,0.0,0.0,-4.0,-76.0,-14.0,5,0
70727,-3.1416,-0.9971,0.698,0.2961,0.0,0.0,0.0,0.0,0.0,-1.0,-75.0,-14.0,5,0
70739,-3.1416,-0.9971,0.698,0.2961,0.0,0.0,0.0,0.0,0.0,-1.0,-78.0,-14.0,5,0
70751,-3.1416,-0.9971,0.698,0.2961,0.0,0.0,0.0,0.0,0.0,-1.0,-75.0,-14.0,5,0
70763,-3.1416,-0.9971,0.698,0.2961,0.0,0.0,0.0,0.0,0.0,-1.0,-81.0,-14.0,5,0
70771,-3.1416,-0.9971,0.698,0.2961,0.0,0.0,0.0,0.0,0.0,-1.0,-84.0,-15.0,5,0
70784,-3.1416,-0.9971,0.698,0.2961,0.0,0.0,0.0,0.0,0.0,-2.0,-79.0,-14.0,5,0
70796,-3.1416,-0.9971,0.6995,0.2961,0.0,0.0,0.0,0.0,0.0,-1.0,-83.0,-14.0,5,0
70808,-3.1416,-0.9971,0.698,0.2961,0.0,0.0,0.0,0.0,0.0,-1.0,-82.0,-14.0,5,0
70820,-3.1416,-0.9956,0.6995,0.2961,0.0,0.0,0.0,0.0,0.0,-1.0,-79.0,-14.0,5,0
70829,-3.1416,-0.9971,0.698,0.2961,0.0,0.0,0.0,0.0,0.0,-3.0,-83.0,-14.0,5,0
70841,-3.1416,-0.9971,0.698,0.2961,0.0,0.0,0.0,0.0,0.0,-2.0,-83.0,-14.0,5,0
70853,-3.1416,-0.9971,0.698,0.2961,0.0,0.0,0.0,0.0,0.0,-3.0,-77.0,-15.0,5,0
70866,-3.1416,-0.9971,0.698,0.2961,0.0,0.0,0.0,0.0,0.0,-2.0,-84.0,-14.0,5,0
70874,-3.1416,-0.9971,0.698,0.2961,0.0,0.0,0.0,0.0,2.0,-2.0,-83.0,-14.0,5,0
70886,-3.1416,-0.9971,0.698,0.2961,0.0,0.0,0.0,0.0,0.0,-6.0,-84.0,-14.0,5,0
70898,-3.1416,-0.9971,0.698,0.2961,0.0,0.0,0.0,0.0,0.0,-1.0,-86.0,-14.0,5,0
70911,-3.1416,-0.9971,0.698,0.2961,0.0,0.0,0.0,0.0,0.0,-2.0,-80.0,-14.0,5,0
70923,-3.1416,-0.9971,0.698,0.2961,0.0,0.0,0.0,0.0,0.0,-2.0,-83.0,-14.0,5,0
70931,-3.1416,-0.9956,0.698,0.2961,0.0,0.0,0.0,0.0,0.0,-1.0,-76.0,-14.0,5,0
70943,-3.1416,-0.9971,0.698,0.2961,0.0,0.0,0.0,0.0,0.0,-2.0,-84.0,-14.0,5,0
70956,-3.1416,-0.9971,0.698,0.2961,0.0,0.0,0.0,0.0,0.0,-1.0,-79.0,-14.0,5,0
70968,-3.1416,-0.9971,0.698,0.2961,0.0,0.0,0.0,0.0,0.0,-2.0,-81.0,-13.0,5,0
70980,-3.1416,-0.9971,0.698,0.2961,0.0,0.0,0.0,0.0,0.0,-1.0,-81.0,-14.0,5,0
70988,-3.1416,-0.9971,0.698,0.2945,0.0,0.0,0.0,0.0,0.0,-2.0,-81.0,-11.0,4,0
71001,-3.1416,-0.9971,0.698,0.2961,0.0,0.0,0.0,0.0,0.0,-2.0,-83.0,-14.0,5,0
71013,-3.1416,-0.9971,0.698,0.2961,0.0,0.0,0.0,0.0,0.0,-1.0,-82.0,-14.0,5,0
71025,-3.1431,-0.9971,0.698,0.2961,0.0,0.0,0.0,0.0,0.0,-2.0,-81.0,-14.0,5,0
71038,-3.1416,-0.9971,0.698,0.2961,0.0,0.0,0.0,0.0,0.0,-2.0,-83.0,-14.0,5,0
71046,-3.1416,-0.9971,0.698,0.2961,0.0,0.0,0.0,0.0,0.0,-2.0,-83.0,-14.0,5,0
71058,-3.1416,-0.9971,0.698,0.2961,0.0,0.0,0.0,0.0,0.0,-1.0,-75.0,-14.0,5,0
71070,-3.1416,-0.9971,0.698,0.2961,0.0,0.0,0.0,0.0,2.0,-2.0,-83.0,-14.0,5,0
71083,-3.1416,-0.9971,0.698,0.2961,0.0,0.0,0.0,0.0,0.0,-1.0,-79.0,-14.0,5,0
71095,-3.1416,-0.9971,0.698,0.2961,0.0,0.0,0.0,0.0,0.0,-1.0,-78.0,-14.0,5,0
71103,-3.1416,-0.9971,0.6995,0.2961,0.0,0.0,0.0,0.0,0.0,-1.0,-83.0,-14.0,5,0
71115,-3.1416,-0.9971,0.698,0.2961,0.0,0.0,0.0,0.0,0.0,-1.0,-76.0,-13.0,5,0
71128,-3.1416,-0.9971,0.698,0.2961,0.0,0.0,0.0,0.0,0.0,-2.0,-81.0,-14.0,5,0
71140,-3.1416,-0.9971,0.698,0.2961,0.0,0.0,0.0,0.0,0.0,-1.0,-83.0,-14.0,5,0
71152,-3.1416,-0.9956,0.698,0.2961,0.0,0.0,0.0,0.0,0.0,-1.0,-77.0,-13.0,5,0
71160,-3.1416,-0.9971,0.698,0.2961,0.0,0.0,0.0,0.0,0.0,-1.0,-84.0,-14.0,5,0
71173,-3.1416,-0.9971,0.698,0.2961,0.0,0.0,0.0,0.0,0.0,-3.0,-83.0,-14.0,5,0
71185,-3.1416,-0.9971,0.698,0.2961,0.0,0.0,0.0,0.0,0.0,-2.0,-78.0,-15.0,5,0
71197,-3.1416,-0.9971,0.6995,0.2961,0.0,0.0,0.0,0.0,0.0,-1.0,-85.0,-15.0,5,0
71210,-3.1416,-0.9971,0.698,0.2961,0.0,0.0,0.0,0.0,0.0,-2.0,-82.0,-12.0,5,0
71218,-3.1416,-0.9971,0.698,0.2961,0.0,0.0,0.0,0.0,0.0,-2.0,-83.0,-14.0,5,0
71230,-3.1416,-0.9971,0.698,0.2961,0.0,0.0,0.0,0.0,0.0,-2.0,-83.0,-14.0,5,0
71242,-3.1416,-0.9956,0.698,0.2961,0.0,0.0,0.0,0.0,0.0,-1.0,-78.0,-14.0,5,0
71255,-3.1416,-0.9971,0.698,0.2961,0.0,0.0,0.0,0.0,0.0,-1.0,-83.0,-13.0,5,0
71267,-3.1431,-0.9971,0.698,0.2961,0.0,0.0,0.0,0.0,0.0,-3.0,-82.0,-14.0,5,0
71275,-3.1431,-0.9971,0.698,0.2961,0.0,0.0,0.0,0.0,0.0,-3.0,-82.0,-14.0,5,0
71287,-3.1416,-0.9956,0.698,0.2961,0.0,0.0,0.0,0.0,0.0,-1.0,-78.0,-14.0,5,0
71300,-3.1416,-0.9971,0.698,0.2961,0.0,0.0,0.0,0.0,0.0,-3.0,-78.0,-14.0,5,0
71312,-3.1416,-0.9971,0.698,0.2961,0.0,0.0,0.0,0.0,0.0,-3.0,-82.0,-14.0,5,0
71320,-3.1416,-0.9971,0.698,0.2961,0.0,0.0,0.0,0.0,0.0,-1.0,-81.0,-15.0,5,0
71332,-3.1416,-0.9971,0.698,0.2961,0.0,0.0,0.0,0.0,0.0,-1.0,-76.0,-14.0,5,0
71345,-3.1416,-0.9971,0.698,0.2961,0.0,0.0,0.0,0.0,0.0,-1.0,-79.0,-14.0,5,0
71357,-3.1416,-0.9971,0.698,0.2961,0.0,0.0,0.0,0.0,0.0,-1.0,-75.0,-14.0,5,0
71369,-3.1416,-0.9971,0.6995,0.2961,0.0,0.0,0.0,0.0,0.0,-1.0,-87.0,-15.0,5,0
71378,-3.1416,-0.9971,0.698,0.2961,0.0,0.0,0.0,0.0,0.0,-1.0,-77.0,-12.0,5,0
71390,-3.1416,-0.9971,0.698,0.2961,0.0,0.0,0.0,0.0,0.0,-4.0,-76.0,-14.0,5,0
71402,-3.1416,-0.9971,0.6995,0.2961,0.0,0.0,0.0,0.0,0.0,-1.0,-78.0,-14.0,5,0
71414,-3.1416,-0.9956,0.698,0.2961,0.0,0.0,0.0,0.0,0.0,-1.0,-76.0,-14.0,5,0
71427,-3.1416,-0.9971,0.698,0.2961,0.0,0.0,0.0,0.0,2.0,-2.0,-81.0,-14.0,5,0
71435,-3.1416,-0.9971,0.698,0.2961,0.0,0.0,0.0,0.0,2.0,-2.0,-81.0,-14.0,5,0
71447,-3.1416,-0.9956,0.698,0.2961,0.0,0.0,0.0,0.0,0.0,-3.0,-77.0,-14.0,5,0
71459,-3.1416,-0.9971,0.698,0.2961,0.0,0.0,0.0,0.0,0.0,-1.0,-83.0,-14.0,5,0
71472,-3.1416,-0.9956,0.698,0.2961,0.0,0.0,0.0,0.0,0.0,-2.0,-81.0,-14.0,5,0
71484,-3.1416,-0.9971,0.698,0.2961,0.0,0.0,0.0,0.0,0.0,-1.0,-80.0,-14.0,5,0
71493,-3.1416,-0.9971,0.698,0.2961,0.0,0.0,0.0,0.0,0.0,-3.0,-87.0,-14.0,5,0
71504,-3.1416,-0.9971,0.6995,0.2961,0.0,0.0,0.0,0.0,0.0,-1.0,-77.0,-14.0,5,0
71517,-3.1416,-0.9971,0.698,0.2961,0.0,0.0,0.0,0.0,0.0,-1.0,-78.0,-14.0,5,0
71529,-3.1416,-0.9971,0.698,0.2961,0.0,0.0,0.0,0.0,2.0,-1.0,-83.0,-14.0,5,0
71541,-3.1416,-0.9971,0.6995,0.2961,0.0,0.0,0.0,0.0,0.0,-1.0,-82.0,-14.0,5,0
71550,-3.1416,-0.9971,0.698,0.2961,0.0,0.0,0.0,0.0,0.0,-1.0,-76.0,-14.0,5,0
71562,-3.1416,-0.9971,0.698,0.2961,0.0,0.0,0.0,0.0,0.0,-1.0,-81.0,-14.0,5,0
71574,-3.1416,-0.9971,0.698,0.2961,0.0,0.0,0.0,0.0,0.0,-1.0,-83.0,-15.0,5,0
71586,-3.1416,-0.9971,0.698,0.2961,0.0,0.0,0.0,0.0,3.0,-1.0,-83.0,-14.0,5,0
71599,-3.1416,-0.9956,0.698,0.2961,0.0,0.0,0.0,0.0,0.0,-3.0,-76.0,-14.0,5,0
71607,-3.1416,-0.9971,0.698,0.2961,0.0,0.0,0.0,0.0,0.0,-2.0,-79.0,-14.0,5,0
71619,-3.1416,-0.9971,0.698,0.2961,0.0,0.0,0.0,0.0,0.0,-3.0,-82.0,-14.0,5,0
71631,-3.1416,-0.9971,0.698,0.2961,0.0,0.0,0.0,0.0,0.0,-1.0,-79.0,-14.0,5,0
71644,-3.1416,-0.9971,0.6995,0.2961,0.0,0.0,0.0,0.0,0.0,-1.0,-82.0,-14.0,5,0
71656,-3.1416,-0.9971,0.698,0.2961,0.0,0.0,0.0,0.0,0.0,-3.0,-75.0,-14.0,5,0
71665,-3.1416,-0.9971,0.698,0.2961,0.0,0.0,0.0,0.0,0.0,-3.0,-77.0,-14.0,5,0
71677,-3.1416,-0.9971,0.698,0.2961,0.0,0.0,0.0,0.0,0.0,-1.0,-77.0,-14.0,5,0
71689,-3.1416,-0.9971,0.6995,0.2961,0.0,0.0,0.0,0.0,0.0,-1.0,-75.0,-14.0,5,0
71701,-3.1416,-0.9971,0.698,0.2961,0.0,0.0,0.0,0.0,0.0,-1.0,-77.0,-14.0,5,0
71713,-3.1416,-0.9971,0.698,0.2961,0.0,0.0,0.0,0.0,0.0,-2.0,-76.0,-15.0,5,0
71722,-3.1416,-0.9956,0.698,0.2961,0.0,0.0,0.0,0.0,0.0,-1.0,-77.0,-14.0,5,0
71734,-3.1416,-0.9971,0.698,0.2961,0.0,0.0,0.0,0.0,0.0,-3.0,-83.0,-14.0,5,0
71746,-3.1416,-0.9971,0.698,0.2961,0.0,0.0,0.0,0.0,0.0,-4.0,-82.0,-14.0,5,0
71758,-3.1416,-0.9971,0.698,0.2961,0.0,0.0,0.0,0.0,0.0,-2.0,-81.0,-14.0,5,0
71767,-3.1416,-0.9971,0.698,0.2961,0.0,0.0,0.0,0.0,0.0,-1.0,-77.0,-14.0,5,0
71779,-3.1416,-0.9971,0.698,0.2961,0.0,0.0,0.0,0.0,0.0,-1.0,-86.0,-14.0,5,0
71792,-3.1416,-0.9971,0.698,0.2961,0.0,0.0,0.0,0.0,0.0,-1.0,-79.0,-14.0,5,0
71803,-3.1416,-0.9971,0.698,0.2961,0.0,0.0,0.0,0.0,0.0,-5.0,-78.0,-14.0,5,0
71816,-3.1416,-0.9971,0.6995,0.2961,0.0,0.0,0.0,0.0,0.0,-2.0,-79.0,-14.0,5,0
71824,-3.1431,-0.9971,0.698,0.2961,0.0,0.0,0.0,0.0,0.0,-1.0,-79.0,-14.0,5,0
71836,-3.1416,-0.9971,0.698,0.2961,0.0,0.0,0.0,0.0,0.0,-1.0,-79.0,-14.0,5,0
71849,-3.1416,-0.9971,0.698,0.2961,0.0,0.0,0.0,0.0,0.0,-4.0,-83.0,-14.0,5,0
71861,-3.1416,-0.9956,0.698,0.2961,0.0,0.0,0.0,0.0,0.0,-2.0,-78.0,-14.0,5,0
71873,-3.1416,-0.9971,0.698,0.2961,0.0,0.0,0.0,0.0,0.0,-1.0,-77.0,-14.0,5,0
71882,-3.1416,-0.9971,0.698,0.2961,0.0,0.0,0.0,0.0,0.0,-3.0,-78.0,-14.0,5,0
71894,-3.1416,-0.9971,0.698,0.2961,0.0,0.0,0.0,0.0,0.0,-1.0,-86.0,-14.0,5,0
71906,-3.1416,-0.9971,0.698,0.2961,0.0,0.0,0.0,0.0,0.0,-1.0,-84.0,-14.0,5,0
71919,-3.1416,-0.9971,0.698,0.2961,0.0,0.0,0.0,0.0,0.0,-1.0,-84.0,-14.0,5,0
71930,-3.1416,-0.9971,0.698,0.2961,0.0,0.0,0.0,0.0,0.0,-1.0,-84.0,-14.0,5,0
71939,-3.1416,-0.9956,0.698,0.2961,0.0,0.0,0.0,0.0,0.0,-1.0,-81.0,-14.0,5,0
71951,-3.1416,-0.9971,0.698,0.2961,0.0,0.0,0.0,0.0,0.0,-1.0,-83.0,-14.0,5,0
71963,-3.1416,-0.9971,0.6995,0.2961,0.0,0.0,0.0,0.0,0.0,-1.0,-78.0,-15.0,5,0
71976,-3.1416,-0.9971,0.698,0.2961,0.0,0.0,0.0,0.0,0.0,-1.0,-85.0,-15.0,5,0
71988,-3.1416,-0.9971,0.6995,0.2961,0.0,0.0,0.0,0.0,0.0,-1.0,-78.0,-14.0,5,0
71996,-3.1416,-0.9971,0.6995,0.2961,0.0,0.0,0.0,0.0,0.0,-1.0,-78.0,-14.0,5,0
72008,-3.1416,-0.9971,0.698,0.2961,0.0,0.0,0.0,0.0,1.0,-2.0,-77.0,-12.0,5,0
72021,-3.1416,-0.9971,0.698,0.2961,0.0,0.0,0.0,0.0,0.0,-1.0,-78.0,-14.0,5,0
72033,-3.1431,-0.9971,0.698,0.2961,0.0,0.0,0.0,0.0,0.0,-1.0,-85.0,-14.0,5,0
72045,-3.1416,-0.9971,0.698,0.2961,0.0,0.0,0.0,0.0,0.0,-1.0,-78.0,-14.0,5,0
72054,-3.1416,-0.9971,0.6995,0.2961,0.0,0.0,0.0,0.0,0.0,-1.0,-87.0,-14.0,5,0
72066,-3.1416,-0.9971,0.6995,0.2961,0.0,0.0,0.0,0.0,0.0,-1.0,-86.0,-14.0,5,0
